# Blender v2.80 (sub 75) OBJ File: 'flame_new_uv_map.blend'
# www.blender.org
mtllib template.mtl
v 0.05969703570008278 -0.010195394977927208 -0.04816816374659538
v 0.06362421065568924 -0.01120020356029272 -0.04726845398545265
v 0.06433194875717163 -0.009672869928181171 -0.047162022441625595
v 0.06012387201189995 -0.008737841621041298 -0.04791843518614769
v 0.07241623103618622 -0.008728429675102234 -0.05763723701238632
v 0.07176394015550613 -0.005304750986397266 -0.05435523763298988
v 0.0711992159485817 -0.0021881945431232452 -0.054222483187913895
v 0.07141174376010895 -0.0026476869825273752 -0.056938134133815765
v 0.026127060875296593 -0.04613986238837242 -0.11044005304574966
v 0.011627161875367165 -0.04605230316519737 -0.11493479460477829
v 0.011493788100779057 -0.05826278403401375 -0.11217197775840759
v 0.024842914193868637 -0.05998556315898895 -0.10653287172317505
v 0.04323052242398262 -0.08315005153417587 -0.08703820407390594
v 0.03824930265545845 -0.07518301159143448 -0.09257781505584717
v 0.036930691450834274 -0.08809597045183182 -0.09659462422132492
v 0.045220620930194855 -0.09072038531303406 -0.08653487265110016
v 0.0388893261551857 0.048364415764808655 0.040014173835515976
v 0.04592585936188698 0.04724616929888725 0.034267358481884
v 0.04498516395688057 0.04105336219072342 0.03770523518323898
v -0.0602632611989975 -0.00979311391711235 -0.04985462501645088
v -0.06416522711515427 -0.010818530805408955 -0.04900527745485306
v -0.06482483446598053 -0.009416112676262856 -0.04893266782164574
v -0.06040327623486519 -0.00834859162569046 -0.049634288996458054
v -0.07262831926345825 -0.008451762609183788 -0.059754256159067154
v -0.07171741127967834 -0.00509148882701993 -0.05638981610536575
v -0.07134554535150528 -0.002042722189798951 -0.05617813020944595
v -0.07163512706756592 -0.002356146229431033 -0.0588904544711113
v 0.038054559379816055 0.04150710999965668 0.04211900383234024
v 0.0917453020811081 0.013406604528427124 -0.06826277822256088
v 0.09158441424369812 0.010823029093444347 -0.06964529305696487
v 0.09163251519203186 0.009422771632671356 -0.06787960976362228
v 0.09163331240415573 0.011746441945433617 -0.06686374545097351
v 0.08743954449892044 -0.0054024504497647285 -0.06684409826993942
v 0.08747954666614532 0.00223263050429523 -0.0683503970503807
v 0.08891019970178604 0.004755642730742693 -0.06871362775564194
v 0.0887070894241333 0.002732536755502224 -0.0682666003704071
v 0.08676610887050629 -0.015893878415226936 -0.0641234740614891
v 0.08581817150115967 -0.015171436592936516 -0.0635916218161583
v 0.08771941810846329 -0.01057126559317112 -0.06521900743246078
v 0.08849284052848816 -0.010916609317064285 -0.06608618795871735
v 0.0714104026556015 -0.03556309640407562 -0.041236937046051025
v 0.07411850988864899 -0.03376602381467819 -0.043062806129455566
v 0.07466083765029907 -0.03558964282274246 -0.04414783790707588
v 0.06999332457780838 -0.03700120374560356 -0.04254966601729393
v 0.06708130240440369 -0.03555716574192047 -0.04338521882891655
v 0.0719449445605278 -0.03635186329483986 -0.04731903225183487
v 0.07125838100910187 -0.033106349408626556 -0.048234470188617706
v 0.06738400459289551 -0.03302733972668648 -0.044982023537158966
v 0.0871453806757927 0.023241719231009483 -0.05307209864258766
v 0.08733277022838593 0.020047131925821304 -0.05284213274717331
v 0.0857151448726654 0.019372722133994102 -0.05032207444310188
v 0.08552005887031555 0.022677985951304436 -0.05029292032122612
v 0.0721244364976883 -0.009740171022713184 -0.06385213881731033
v 0.07007266581058502 -0.01625135727226734 -0.061552584171295166
v 0.07590394467115402 -0.011051050387322903 -0.06389030814170837
v 0.07638860493898392 -0.008342954330146313 -0.06439820677042007
v 0.08526373654603958 0.012479222379624844 -0.06070644408464432
v 0.08610235154628754 0.01358870044350624 -0.0641920194029808
v 0.08627516031265259 0.011517695151269436 -0.06546712666749954
v 0.08534401655197144 0.0098530612885952 -0.06291279941797256
v 0.08770736306905746 0.015375157818198204 -0.06918926537036896
v 0.08781835436820984 0.01250499114394188 -0.07063213735818863
v 0.06997392326593399 -0.02650463581085205 -0.03911496326327324
v 0.06914099305868149 -0.02276536263525486 -0.03834638372063637
v 0.06990870088338852 -0.021195050328969955 -0.039585232734680176
v 0.0704379752278328 -0.022237805649638176 -0.040776051580905914
v 0.07064792513847351 -0.00895873736590147 -0.05459314584732056
v 0.07208944857120514 -0.0048084380105137825 -0.05281146615743637
v 0.08280753344297409 -0.026538291946053505 -0.05870264768600464
v 0.08255632221698761 -0.024614715948700905 -0.05798111855983734
v 0.08455779403448105 -0.020455047488212585 -0.061551496386528015
v 0.08483342826366425 -0.021738193929195404 -0.06231895461678505
v 0.07981925457715988 -0.021902116015553474 -0.05625449866056442
v 0.08207117021083832 -0.019365055486559868 -0.0598338358104229
v 0.0832260400056839 -0.0186687633395195 -0.06154295802116394
v 0.08192917704582214 -0.02085687965154648 -0.05959281325340271
v 0.08821586519479752 0.015869304537773132 -0.05958825722336769
v 0.08602292835712433 0.01787288300693035 -0.055216435343027115
v 0.08667347580194473 0.017935756593942642 -0.055581871420145035
v 0.08850261569023132 0.01573091372847557 -0.060602497309446335
v 0.07898510992527008 0.0035452842712402344 -0.06381416320800781
v 0.07794090360403061 0.00844992883503437 -0.06196196377277374
v 0.07657396793365479 0.007959938608109951 -0.062095388770103455
v 0.07771383225917816 0.003687915625050664 -0.0637175515294075
v 0.08831242471933365 0.01243662554770708 -0.06695671379566193
v 0.08860774338245392 0.009756484068930149 -0.06806091219186783
v 0.08674577623605728 0.008927357383072376 -0.06706597656011581
v 0.07457631826400757 0.010544277727603912 -0.050057727843523026
v 0.07462815940380096 0.011237881146371365 -0.050861820578575134
v 0.07524930685758591 0.009564590640366077 -0.051303621381521225
v 0.0746791735291481 0.008354399353265762 -0.050058431923389435
v 0.07447753101587296 -0.03689577803015709 -0.04737072438001633
v 0.06725171208381653 -0.024518609046936035 -0.055039942264556885
v 0.06914909929037094 -0.023673905059695244 -0.05630183964967728
v 0.0719456672668457 -0.01977628655731678 -0.059340253472328186
v 0.07069529592990875 -0.018648706376552582 -0.05957920104265213
v 0.06710932403802872 -0.03376832231879234 -0.03960833698511124
v 0.07000278681516647 -0.03364533558487892 -0.03920566290616989
v 0.07091838121414185 -0.035012222826480865 -0.04034079238772392
v 0.0677984356880188 -0.03551851212978363 -0.04065926745533943
v 0.07783745229244232 0.014686801470816135 -0.050837352871894836
v 0.08041238784790039 0.014061172492802143 -0.053165726363658905
v 0.07860006392002106 0.013072466477751732 -0.0524539053440094
v 0.07671775668859482 0.013438720256090164 -0.05065006762742996
v 0.08611976355314255 0.0003253214235883206 -0.06689640134572983
v 0.08541794121265411 0.007110992446541786 -0.06478273868560791
v 0.08502013981342316 -0.009062032215297222 -0.061501309275627136
v 0.08546333014965057 -0.008982754312455654 -0.06456373631954193
v 0.08449137955904007 -0.01304579246789217 -0.06341386586427689
v -0.028651783242821693 -0.04631126672029495 -0.11050945520401001
v -0.014182860031723976 -0.04611201956868172 -0.11495865881443024
v -0.014080464839935303 -0.05836429446935654 -0.11221035569906235
v -0.02743471786379814 -0.06021348759531975 -0.10659303516149521
v 0.08440155535936356 -0.013116421177983284 -0.06040586531162262
v 0.08491532504558563 -0.0008881622925400734 -0.061391495168209076
v 0.08556907624006271 -0.0007916788454167545 -0.0648508369922638
v 0.08918792009353638 0.00847263541072607 -0.06641652435064316
v 0.08893341571092606 0.002409008564427495 -0.06692899763584137
v 0.08909334242343903 0.008945456705987453 -0.06718514114618301
v 0.07552748173475266 0.011764862574636936 -0.059978459030389786
v 0.07542792707681656 0.014872489497065544 -0.06411048769950867
v 0.0745345801115036 0.008487478829920292 -0.06574448943138123
v 0.07553495466709137 0.00946451723575592 -0.06149863824248314
v 0.07062766700983047 -0.017217028886079788 -0.03996819257736206
v 0.07204245030879974 -0.015053614042699337 -0.04108117148280144
v 0.07099702954292297 -0.01734228990972042 -0.042581599205732346
v 0.07039002329111099 -0.019448405131697655 -0.04236332327127457
v 0.07265658676624298 -0.0217415913939476 -0.0581192784011364
v 0.07003060728311539 -0.024780096486210823 -0.055547140538692474
v 0.07064151018857956 -0.025261398404836655 -0.05488545075058937
v 0.07339613884687424 -0.023571452125906944 -0.056590739637613297
v 0.08299248665571213 0.015414195135235786 -0.05516026169061661
v 0.08287550508975983 0.009860697202384472 -0.055900782346725464
v 0.08119908720254898 0.009765391238033772 -0.05451280251145363
v 0.07621654123067856 -0.020507825538516045 -0.04770861938595772
v 0.0768507793545723 -0.019131788983941078 -0.04969612509012222
v 0.07808230072259903 -0.022312192246317863 -0.05157694220542908
v 0.07717852294445038 -0.02441422827541828 -0.049894195050001144
v 0.07892493903636932 -0.03308796137571335 -0.05282937362790108
v 0.07661192119121552 -0.03299207240343094 -0.05318007990717888
v 0.07422016561031342 -0.03511255607008934 -0.05011637881398201
v 0.07675474137067795 -0.03563458099961281 -0.04992513358592987
v 0.07020489871501923 -0.020567968487739563 -0.04144151508808136
v 0.07014943659305573 -0.01981394737958908 -0.03983129560947418
v 0.08127599209547043 0.0038413063157349825 -0.06553443521261215
v 0.08023840934038162 0.009889532811939716 -0.06347974389791489
v 0.08448925614356995 0.00813646987080574 -0.06075812876224518
v 0.08460545539855957 0.005739015992730856 -0.06227683275938034
v 0.07342284172773361 -0.0044963303953409195 -0.04557649791240692
v 0.0707898661494255 -0.003818042576313019 -0.0466676764190197
v 0.07058683037757874 -0.004503144416958094 -0.04686596989631653
v 0.07382308691740036 -0.006112199742347002 -0.045465197414159775
v 0.07393652945756912 -0.0044055236503481865 -0.04406176134943962
v 0.07437165826559067 -0.00595642626285553 -0.04396814480423927
v 0.07407881319522858 -0.00631289416924119 -0.04245581477880478
v 0.0737035945057869 -0.00539526529610157 -0.042362384498119354
v 0.07004764676094055 -0.0034621439408510923 -0.04761682450771332
v 0.07018282264471054 -0.003751955460757017 -0.04710526019334793
v 0.07068566232919693 -0.003316601738333702 -0.047491930425167084
v 0.07472393661737442 -0.0012381854467093945 -0.058637458831071854
v 0.0761517733335495 -0.009099673479795456 -0.06107400730252266
v 0.07387115061283112 -0.008803294971585274 -0.05987877771258354
v 0.07100033760070801 -0.0013287898618727922 -0.058136455714702606
v 0.08627618104219437 -0.007798756472766399 -0.0662391260266304
v 0.08190124481916428 0.018836963921785355 -0.046159904450178146
v 0.08004452288150787 0.02072073519229889 -0.046201400458812714
v 0.08265464007854462 0.024495813995599747 -0.05082041397690773
v 0.07160521298646927 -0.017470669001340866 -0.05205700173974037
v 0.07393360882997513 -0.016885289922356606 -0.04896535351872444
v 0.07212886959314346 -0.01705624721944332 -0.04741618037223816
v 0.07072380930185318 -0.018173718824982643 -0.050410740077495575
v 0.06998834758996964 -0.012993533164262772 -0.045227326452732086
v 0.06804873049259186 -0.01647235080599785 -0.04440952092409134
v 0.07242324203252792 -0.014562180265784264 -0.04397819936275482
v 0.07399669289588928 0.0012434986419975758 -0.043707411736249924
v 0.07235080003738403 -0.0024279686622321606 -0.046874068677425385
v 0.07321098446846008 -0.00338400318287313 -0.045251715928316116
v 0.07360433787107468 -0.00311140064150095 -0.04380074143409729
v 0.08682186156511307 -0.01660330593585968 -0.06517334282398224
v 0.08860697597265244 -0.011456391774117947 -0.06753034889698029
v 0.08681869506835938 -0.011377333663403988 -0.06857851892709732
v 0.08510138094425201 -0.016889845952391624 -0.06626013666391373
v 0.06768855452537537 -0.030146336182951927 -0.03797655180096626
v 0.06533101946115494 -0.0327460840344429 -0.04084015265107155
v 0.06750238686800003 -0.026934746652841568 -0.036863282322883606
v 0.09117069840431213 0.019973035901784897 -0.06259166449308395
v 0.08708537369966507 0.02247573807835579 -0.06308697164058685
v 0.08735416829586029 0.02053397335112095 -0.06551309674978256
v 0.09147294610738754 0.018027324229478836 -0.06479726731777191
v 0.07004782557487488 0.002778192050755024 -0.05281936004757881
v 0.07043192535638809 0.0006987004308030009 -0.05254688858985901
v 0.0709332525730133 0.0022678845562040806 -0.05080999433994293
v 0.07063479721546173 0.00408769678324461 -0.050804924219846725
v 0.04997768625617027 -0.0322149395942688 -0.09372030198574066
v 0.05811068043112755 -0.03231852129101753 -0.07491956651210785
v 0.061917103826999664 -0.01846601627767086 -0.08339167386293411
v 0.054953157901763916 -0.018680812790989876 -0.09931904822587967
v 0.07979565113782883 -0.03052801825106144 -0.05251505598425865
v 0.07856232672929764 -0.032768744975328445 -0.04983329772949219
v 0.07516417652368546 0.008932285942137241 -0.04250110313296318
v 0.07434368133544922 0.010972768999636173 -0.04152026027441025
v 0.07563518732786179 0.016278592869639397 -0.0429624542593956
v 0.07647787779569626 0.012909939512610435 -0.042749255895614624
v 0.08829138427972794 0.004200107883661985 -0.07164107263088226
v 0.09132564067840576 0.003392172511667013 -0.07037156075239182
v 0.07731159776449203 0.015260057523846626 -0.048978645354509354
v 0.08159945160150528 0.01883997954428196 -0.05189523845911026
v 0.07919739186763763 0.016372134909033775 -0.051081664860248566
v 0.07705613970756531 0.014998028054833412 -0.04951046034693718
v 0.07618939876556396 0.006771640386432409 -0.047499220818281174
v 0.07704675197601318 0.008109841495752335 -0.04707029089331627
v 0.07560702413320541 0.009029120206832886 -0.04732163995504379
v 0.07445931434631348 0.007618226110935211 -0.04743955284357071
v 0.0742337629199028 0.015650175511837006 -0.04037771373987198
v 0.07599694281816483 0.0204484760761261 -0.04349810257554054
v 0.06603296101093292 -0.0253166314214468 -0.05448544770479202
v 0.0769624337553978 0.007777982857078314 -0.04500097036361694
v 0.07788212597370148 0.010385420173406601 -0.04448122903704643
v 0.07830271124839783 0.009605593979358673 -0.046821948140859604
v -0.04596405103802681 -0.08360560238361359 -0.0868716835975647
v -0.040950141847133636 -0.07558382302522659 -0.09246890246868134
v -0.03947537764906883 -0.08853160589933395 -0.09664106369018555
v -0.04789728298783302 -0.09122713655233383 -0.08645370602607727
v 0.06851285696029663 -0.021831156685948372 -0.03625880554318428
v 0.06949903070926666 -0.020147079601883888 -0.03823777660727501
v 0.07621841132640839 0.013788189738988876 -0.049501631408929825
v 0.07550353556871414 0.012705005705356598 -0.04953974857926369
v 0.07385101169347763 0.009143517352640629 -0.04925919696688652
v 0.0741560161113739 0.006652001291513443 -0.050455186516046524
v 0.08109132200479507 -0.00017152813961729407 -0.057542670518159866
v 0.08279482275247574 -0.008564021438360214 -0.05948890000581741
v 0.06564221531152725 -0.01800641044974327 -0.06968341022729874
v 0.06279082596302032 -0.03201102465391159 -0.0550595186650753
v 0.07445182651281357 0.009448666125535965 -0.04737570881843567
v 0.07426778972148895 0.00977968517690897 -0.04767526313662529
v 0.07315877825021744 0.008887240663170815 -0.04840583726763725
v 0.07340940088033676 0.008376069366931915 -0.047564394772052765
v 0.07719392329454422 -0.03432190790772438 -0.047325219959020615
v 0.07972560822963715 0.006229523569345474 -0.054875027388334274
v 0.07622982561588287 0.004600094631314278 -0.053046923130750656
v 0.07679597288370132 0.006815351080149412 -0.05207609385251999
v 0.08866794407367706 -0.005852456670254469 -0.06614384055137634
v 0.08969418704509735 0.002467053709551692 -0.06698236614465714
v 0.0911485105752945 0.0029667646158486605 -0.06850119680166245
v 0.08998705446720123 -0.006052756682038307 -0.0674128606915474
v 0.06575655192136765 -0.03396712988615036 -0.04166535660624504
v 0.07036072760820389 -5.871409666724503e-05 -0.053534433245658875
v 0.07175226509571075 -0.00188210338819772 -0.052743446081876755
v 0.07106080651283264 0.005540132988244295 -0.0508180633187294
v 0.07197923958301544 0.007337947841733694 -0.04921049624681473
v 0.06986894458532333 -0.01717785745859146 -0.037886232137680054
v 0.08752988278865814 0.016437886282801628 -0.06412947922945023
v 0.08794212341308594 0.014550339430570602 -0.06556250154972076
v 0.08587155491113663 0.015174012631177902 -0.0628175213932991
v 0.08549533784389496 0.016381314024329185 -0.06120815500617027
v 0.08457954972982407 0.017572106793522835 -0.05739998444914818
v 0.08506229519844055 0.019044190645217896 -0.05698312446475029
v 0.08686255663633347 0.017911260947585106 -0.06199799105525017
v 0.07496104389429092 0.00535169942304492 -0.051915768533945084
v 0.07589894533157349 0.007329645566642284 -0.05096788704395294
v 0.07530207186937332 -0.021779049187898636 -0.04616274684667587
v 0.0759393498301506 -0.027941757813096046 -0.047231439501047134
v 0.08316060900688171 -0.01650901883840561 -0.06118236109614372
v 0.0827910378575325 -0.015781503170728683 -0.05832959711551666
v 0.08411653339862823 -0.005448334850370884 -0.06929966062307358
v 0.08396335691213608 0.003902707016095519 -0.06999137252569199
v 0.08233529329299927 0.00380550604313612 -0.06771183758974075
v 0.0827038586139679 -0.004967786837369204 -0.06787055730819702
v 0.07652861624956131 -0.0025425259955227375 -0.06434124708175659
v 0.07359422743320465 -0.0017078740056604147 -0.06486539542675018
v 0.07324852794408798 -0.004276363644748926 -0.04185828939080238
v 0.07252959907054901 -0.0006125644431449473 -0.04006185010075569
v 0.07099776715040207 0.00495776766911149 -0.05120565742254257
v 0.0714355856180191 0.006495891138911247 -0.0490507110953331
v 0.07715698331594467 -0.019157957285642624 -0.06055790185928345
v 0.07315041869878769 -0.02670985832810402 -0.053367722779512405
v 0.07732274383306503 -0.02157452329993248 -0.05892248451709747
v 0.06887323409318924 -0.0272824726998806 -0.05130286142230034
v 0.06860626488924026 -0.028435897082090378 -0.04904591292142868
v 0.07133034616708755 -0.028509289026260376 -0.05064474046230316
v 0.0798683911561966 -0.019951727241277695 -0.05541257560253143
v 0.08164814114570618 -0.018732422962784767 -0.058176323771476746
v 0.0692054033279419 -0.003693897742778063 -0.04839641600847244
v 0.0678168460726738 -0.005297796800732613 -0.04959704354405403
v 0.06884836405515671 -0.004223595838993788 -0.047747768461704254
v 0.08390557765960693 -0.0007563595427200198 -0.05895699933171272
v 0.08441798388957977 -0.008757446892559528 -0.05976276844739914
v 0.07728803902864456 0.01024711038917303 -0.04725276678800583
v 0.07478204369544983 0.0001496075710747391 -0.04892728105187416
v 0.07605548948049545 0.0035100202076137066 -0.04654937610030174
v 0.0805949866771698 0.013733445666730404 -0.04670216888189316
v 0.07895496487617493 0.011974714696407318 -0.04743047431111336
v 0.07839975506067276 0.011115307919681072 -0.04724883288145065
v 0.07944994419813156 0.011572464369237423 -0.046505849808454514
v 0.062306445091962814 -0.014010310173034668 -0.04776247590780258
v 0.06595109403133392 -0.01547791063785553 -0.04651346430182457
v 0.06741613894701004 -0.01218061987310648 -0.046342264860868454
v 0.08409786224365234 0.0193683709949255 -0.05580922216176987
v 0.08448463678359985 0.017311017960309982 -0.05698389559984207
v 0.08159045875072479 0.010552504099905491 -0.06534989178180695
v 0.07560963183641434 0.01146930642426014 -0.05200637876987457
v 0.07647347450256348 0.009786141104996204 -0.052779436111450195
v 0.07784130424261093 0.02318735234439373 -0.058822982013225555
v 0.0773783028125763 0.02118956856429577 -0.05544944480061531
v 0.07763374596834183 0.02132415398955345 -0.054188597947359085
v 0.07811055332422256 0.025360936298966408 -0.05425053834915161
v 0.06794163584709167 -0.03136464208364487 -0.04595411196351051
v 0.07079552859067917 -0.031011873856186867 -0.04860648885369301
v 0.07053613662719727 -0.02965656854212284 -0.04905904456973076
v 0.06826495379209518 -0.029874397441744804 -0.04716378077864647
v 0.0714501440525055 -0.017286162823438644 -0.04669938236474991
v 0.07041732966899872 -0.018473463132977486 -0.049415189772844315
v 0.08465167880058289 -0.015090529806911945 -0.06378089636564255
v 0.08384273946285248 -0.015978051349520683 -0.06280180811882019
v 0.08522196859121323 -0.012007642537355423 -0.06485802680253983
v 0.08641987293958664 -0.010783014819025993 -0.06554754823446274
v 0.0713101327419281 0.0034468560479581356 -0.05442371219396591
v 0.07003537565469742 0.0023184006568044424 -0.054990049451589584
v 0.07794448733329773 0.015319783240556717 -0.05627525597810745
v 0.0802699625492096 0.01769973896443844 -0.05775202065706253
v 0.07916883379220963 0.020605003461241722 -0.05410762503743172
v 0.07742039114236832 0.018445907160639763 -0.053985595703125
v 0.0829208493232727 0.01130526140332222 -0.06784963607788086
v 0.07633601874113083 0.008426220156252384 -0.05251698940992355
v 0.0770186260342598 0.008623357862234116 -0.05358337238430977
v 0.07585017383098602 0.008891022764146328 -0.05202034115791321
v 0.07369372248649597 0.006691548507660627 -0.047671083360910416
v 0.07551051676273346 0.005447743460536003 -0.047924693673849106
v 0.07993247359991074 0.013736444525420666 -0.04806413874030113
v 0.08392844349145889 0.017243217676877975 -0.05132434889674187
v 0.08301597088575363 0.017022334039211273 -0.05096506327390671
v 0.07923335582017899 0.014351951889693737 -0.04846249893307686
v 0.07443659007549286 0.01136009395122528 -0.04871353507041931
v 0.012930094264447689 -0.033971112221479416 -0.12125079333782196
v 0.014700889587402344 -0.023694653064012527 -0.1285570114850998
v -0.038277678191661835 0.0479763001203537 0.039157502353191376
v -0.04547315835952759 0.046824585646390915 0.03354794532060623
v -0.0445486418902874 0.04063558205962181 0.03683802857995033
v -0.03748127073049545 0.04117175564169884 0.04113537445664406
v 0.07763169705867767 0.020949283614754677 -0.04637036845088005
v 0.07891024649143219 0.02279108762741089 -0.05052310600876808
v 0.07982264459133148 0.023707987740635872 -0.05077217146754265
v 0.07820422202348709 0.021851560100913048 -0.04741043969988823
v 0.08545563369989395 0.015103745274245739 -0.06054216995835304
v 0.08920641988515854 0.011336030438542366 -0.06599205732345581
v 0.07281544804573059 -0.003004177240654826 -0.0509115532040596
v 0.06973014771938324 -0.006158890668302774 -0.050898224115371704
v 0.0599152110517025 -0.007494969293475151 -0.049666628241539
v 0.060265395790338516 -0.006201690528541803 -0.049808040261268616
v 0.060965776443481445 -0.006735400762408972 -0.050978489220142365
v 0.06044955924153328 -0.008365066722035408 -0.05102081224322319
v 0.06257648020982742 -0.012685462832450867 -0.051371678709983826
v 0.06525849550962448 -0.013786396943032742 -0.05034197121858597
v 0.06447972357273102 -0.015766603872179985 -0.04882822930812836
v 0.061585623770952225 -0.015136678703129292 -0.05085426941514015
v 0.059041865170001984 -0.010957730934023857 -0.05008795112371445
v 0.05951157212257385 -0.009220545180141926 -0.04975869134068489
v 0.06029660999774933 -0.010166710242629051 -0.051174674183130264
v 0.05993323028087616 -0.012176718562841415 -0.051475126296281815
v 0.08357380330562592 0.018972834572196007 -0.0535159595310688
v 0.08531656861305237 0.018877120688557625 -0.055126823484897614
v 0.08992411196231842 0.010677889920771122 -0.06527892500162125
v 0.08994006365537643 0.008560050278902054 -0.06640917807817459
v 0.08854296058416367 0.015111838467419147 -0.06308669596910477
v 0.08892734348773956 0.01341420691460371 -0.06450356543064117
v 0.07260047644376755 -0.01238791923969984 -0.04082806408405304
v 0.07361825555562973 -0.01214966643601656 -0.04277598857879639
v 0.07317191362380981 -0.013828989118337631 -0.042761679738759995
v 0.09116742014884949 0.014124458655714989 -0.06536313891410828
v 0.09166998416185379 0.015732960775494576 -0.06667439639568329
v 0.0704600065946579 -0.03004179708659649 -0.03884989768266678
v 0.06919551640748978 -0.03144903481006622 -0.038160040974617004
v 0.04364897310733795 -0.10039667040109634 -0.02355831116437912
v 0.053017180413007736 -0.09521393477916718 -0.035228680819272995
v 0.05248037353157997 -0.10502885282039642 -0.03494662791490555
v 0.043467774987220764 -0.1102173924446106 -0.023972339928150177
v 0.0804188996553421 0.016055027022957802 -0.04507194086909294
v 0.07919500768184662 0.018565095961093903 -0.04457099735736847
v 0.05919274687767029 -0.012335894629359245 -0.048569537699222565
v 0.059139497578144073 -0.01355419959872961 -0.05058677867054939
v 0.061653465032577515 -0.01525172870606184 -0.04917952045798302
v 0.06471628695726395 -0.008007676340639591 -0.04720122367143631
v 0.06047523394227028 -0.007274698466062546 -0.04791500046849251
v 0.06287264823913574 -0.010931978933513165 -0.05130333453416824
v 0.06447400152683258 -0.0057786148972809315 -0.05045637860894203
v 0.06491057574748993 -0.004673311486840248 -0.04880340397357941
v 0.06735797226428986 -0.019041534513235092 -0.04564456269145012
v 0.06897079199552536 -0.019300105050206184 -0.048116691410541534
v 0.07052762061357498 -0.01944594271481037 -0.044608041644096375
v 0.05954737216234207 -0.01395907811820507 -0.051346443593502045
v 0.07104427367448807 0.004515104461461306 -0.05222342535853386
v 0.06608178466558456 -0.009850773960351944 -0.0510549433529377
v 0.06921035796403885 -0.012364910915493965 -0.05279428884387016
v 0.06880700588226318 -0.014551506377756596 -0.05191415175795555
v 0.06579265743494034 -0.011846642941236496 -0.050997596234083176
v 0.07839712500572205 -0.022830702364444733 -0.05336412042379379
v 0.07874231040477753 -0.02092851884663105 -0.053224943578243256
v 0.07281024008989334 -0.016656436026096344 -0.05386016145348549
v 0.0758286789059639 -0.016610534861683846 -0.05181377753615379
v 0.0723486840724945 -0.00012497395800892264 -0.051228079944849014
v 0.07404469698667526 0.002969148801639676 -0.04941511154174805
v 0.06950785219669342 -0.0035325088538229465 -0.04811713099479675
v 0.06693130731582642 -0.007578785065561533 -0.05072023347020149
v 0.06923447549343109 -0.00976562686264515 -0.052658382803201675
v 0.06497512757778168 -0.006479376461356878 -0.04740224406123161
v 0.0688910111784935 -0.006566179916262627 -0.0468907356262207
v 0.06871462613344193 -0.0054724328219890594 -0.047140687704086304
v 0.06492810696363449 -0.00544185983017087 -0.047699224203825
v 0.07936937361955643 0.009783310815691948 -0.05393935367465019
v 0.07781746238470078 0.01616920530796051 -0.0436251126229763
v 0.07925443351268768 0.013254035264253616 -0.044558290392160416
v 0.07845427840948105 0.02751164324581623 -0.07075803726911545
v 0.0761694461107254 0.019390445202589035 -0.07546709477901459
v 0.07691411674022675 0.020065912976861 -0.06265417486429214
v 0.06286889314651489 -0.008965607732534409 -0.05107072368264198
v 0.06117293983697891 -0.005140628665685654 -0.049404073506593704
v 0.06133994832634926 -0.005368947982788086 -0.04796997830271721
v 0.08387063443660736 -0.019184168428182602 -0.061259545385837555
v 0.07156569510698318 -0.019641481339931488 -0.044250231236219406
v 0.07217404991388321 0.004858517087996006 -0.04876694083213806
v 0.0832943245768547 -0.010639811865985394 -0.067728690803051
v 0.08199429512023926 -0.015792366117239 -0.06562794744968414
v 0.07133585214614868 0.006082097068428993 -0.049066025763750076
v 0.07232527434825897 0.0072515541687607765 -0.04789087921380997
v 0.06976600736379623 -0.01894753985106945 -0.048895228654146194
v 0.07108943909406662 -0.01832558773458004 -0.045751795172691345
v 0.07269845902919769 0.0077170031145215034 -0.04781738296151161
v 0.07301129400730133 -0.01269959844648838 -0.04421648755669594
v 0.08455441892147064 0.009617269970476627 -0.05923333391547203
v 0.07485556602478027 -0.030344882979989052 -0.05361654981970787
v 0.07296213507652283 -0.031912557780742645 -0.05071597918868065
v 0.060900796204805374 -0.006208831910043955 -0.04799940437078476
v 0.06431834399700165 -0.015878092497587204 -0.048112254589796066
v 0.06406492739915848 -0.0071932850405573845 -0.05114473029971123
v 0.07132484018802643 -0.008768773637712002 -0.04574751481413841
v 0.07080313563346863 -0.010969621129333973 -0.04545692726969719
v 0.07361407577991486 -0.010463972575962543 -0.04439583048224449
v 0.0772845670580864 -0.01624765433371067 -0.053573597222566605
v 0.0735803097486496 -0.015320935286581516 -0.056168537586927414
v 0.07474909722805023 -0.014412816613912582 -0.058320362120866776
v 0.07893539220094681 -0.015623575076460838 -0.05536787956953049
v 0.08061683177947998 -0.020606733858585358 -0.06315102428197861
v 0.07903436571359634 -0.024932438507676125 -0.059674326330423355
v 0.08138348907232285 -0.026733914390206337 -0.05943834036588669
v 0.08338125795125961 -0.022288503125309944 -0.06332650780677795
v 0.07988183200359344 0.042851414531469345 -0.07930207997560501
v 0.07942399382591248 0.033082764595746994 -0.06391662359237671
v 0.08081770688295364 0.04928659647703171 -0.0678786113858223
v 0.08241211622953415 0.019199134781956673 -0.06277249753475189
v 0.08255259692668915 0.016881998628377914 -0.06450308859348297
v 0.08762186020612717 0.017917601391673088 -0.06742560863494873
v 0.077394999563694 0.02354547753930092 -0.048496536910533905
v 0.07793992012739182 0.02115233987569809 -0.05240189656615257
v 0.07745610922574997 0.022462116554379463 -0.050170429050922394
v 0.08775799721479416 -0.005848218221217394 -0.07043400406837463
v 0.07453148812055588 0.004984813742339611 -0.04282378405332565
v 0.07651154696941376 0.005610990803688765 -0.04558815434575081
v 0.07600688934326172 -0.017923740670084953 -0.06131615489721298
v 0.07885555922985077 -0.017512738704681396 -0.05351105332374573
v 0.08089642226696014 -0.01705116592347622 -0.05577812343835831
v 0.08868877589702606 0.01994185335934162 -0.055539097636938095
v 0.08559547364711761 0.01806357130408287 -0.053125206381082535
v 0.009731744416058064 -0.11202549189329147 0.0035651307553052902
v 0.009654825553297997 -0.11898747086524963 -0.00023463992692995816
v 0.00818148534744978 -0.008747793734073639 0.05834880471229553
v 0.009676600806415081 -0.00901196338236332 0.056986331939697266
v 0.008640444837510586 -0.007076034788042307 0.05601939931511879
v 0.00788548868149519 -0.007006944622844458 0.05664883181452751
v 0.008514758199453354 -0.017831899225711823 0.05684511363506317
v 0.007905665785074234 -0.016205942258238792 0.05577204376459122
v 0.008771884255111217 -0.016447419300675392 0.05510486662387848
v 0.009523362852633 -0.01779550313949585 0.05591994524002075
v 0.005356485489755869 -0.007304192055016756 0.05575868487358093
v 0.003800441976636648 -0.01027633249759674 0.05850468948483467
v 0.005343449302017689 -0.008873232640326023 0.05998449772596359
v 0.006571733858436346 -0.006548717617988586 0.05659099668264389
v 0.0881180390715599 0.023305056616663933 -0.05653771385550499
v 0.0116067910566926 -0.01800408959388733 0.056311894208192825
v 0.01062634214758873 -0.01643500104546547 0.05522161349654198
v 0.011662072502076626 -0.015699179843068123 0.05693346634507179
v 0.013046935200691223 -0.01696954295039177 0.05794641003012657
v 0.004772135987877846 -0.01710616797208786 0.06459634751081467
v 0.005892944987863302 -0.014983453787863255 0.06477907299995422
v 0.0046331319026649 -0.015929071232676506 0.06238741800189018
v 0.004617402330040932 -0.017736054956912994 0.06199583783745766
v 0.007519256789237261 -0.014297934249043465 0.06421913206577301
v 0.009298339486122131 -0.014832333661615849 0.06585552543401718
v 0.010924672707915306 -0.014880314469337463 0.06424430757761002
v 0.00890426617115736 -0.014317703433334827 0.06267442554235458
v 0.0043618823401629925 -0.013727420940995216 0.057597726583480835
v 0.0054580760188400745 -0.015558549202978611 0.05878816172480583
v 0.0037050212267786264 -0.013736193999648094 0.06117195263504982
v 0.01181776449084282 -0.01365971565246582 0.05524459481239319
v 0.010131015442311764 -0.014781535603106022 0.0539512000977993
v 0.009464604780077934 -0.010967823676764965 0.05311743542551994
v 0.010891138575971127 -0.010038310661911964 0.054156266152858734
v 0.0468120276927948 -0.08428244292736053 -0.02290961518883705
v 0.05453679710626602 -0.08183499425649643 -0.036635465919971466
v 0.034239448606967926 0.004971569869667292 0.037552524358034134
v 0.0334683395922184 0.0020941407419741154 0.03869393467903137
v 0.029224516823887825 0.003226880682632327 0.03935432434082031
v 0.030194859951734543 0.005775813944637775 0.03838856890797615
v 0.0744149312376976 -0.008108213543891907 -0.04337262362241745
v 0.07388918846845627 -0.0073117357678711414 -0.04206918552517891
v 0.08259295672178268 0.01415795274078846 -0.06615003943443298
v 0.08824765682220459 0.016701780259609222 -0.06018694490194321
v 0.08225557208061218 0.021062633022665977 -0.060596171766519547
v 0.08099252730607986 0.023343678563833237 -0.05589733645319939
v 0.07991326600313187 0.021855659782886505 -0.05493892356753349
v 0.08110196143388748 0.01920076459646225 -0.058988478034734726
v 0.0906754732131958 0.017326965928077698 -0.0614418089389801
v 0.07276096940040588 -0.02111148275434971 -0.04395065829157829
v 0.08199753612279892 0.005603173281997442 -0.05649489536881447
v 0.08038616925477982 0.023830058053135872 -0.05339723825454712
v 0.08384668081998825 0.025321708992123604 -0.05401889979839325
v 0.08806760609149933 -0.005887029226869345 -0.06622116267681122
v 0.09101124107837677 0.01577870547771454 -0.06349234282970428
v 0.0890449732542038 0.014362603425979614 -0.06229247897863388
v 0.08208248019218445 0.01587371528148651 -0.04718826711177826
v 0.07579942047595978 -0.012315412983298302 -0.0607040710747242
v 0.08221670240163803 -0.012235380709171295 -0.05871632322669029
v 0.0807148665189743 -0.014609788544476032 -0.057090625166893005
v -0.09127110242843628 0.013712504878640175 -0.07044320553541183
v -0.09114523231983185 0.011114311404526234 -0.07174519449472427
v -0.0911925807595253 0.009750434197485447 -0.06992688775062561
v -0.09114072471857071 0.012097115628421307 -0.06911730766296387
v -0.08751256763935089 -0.004943385720252991 -0.0688386932015419
v -0.08758481591939926 0.0025627564173191786 -0.07043170928955078
v -0.08881117403507233 0.005098104011267424 -0.07090561836957932
v -0.08880718052387238 0.0030683157965540886 -0.07045800983905792
v 0.07501213252544403 -0.013893570750951767 -0.05970214307308197
v 0.06973136961460114 0.001290608081035316 -0.054710112512111664
v 0.06941483169794083 -0.016377033665776253 -0.03557932376861572
v 0.0778089091181755 -0.027620593085885048 -0.050813134759664536
v -0.08710505813360214 -0.015356827527284622 -0.06561550498008728
v -0.08626615256071091 -0.01469588465988636 -0.06523982435464859
v -0.08802472800016403 -0.010080436244606972 -0.06688576936721802
v -0.08874480426311493 -0.010442469269037247 -0.06760465353727341
v 0.07882197201251984 -0.02646188996732235 -0.053283724933862686
v 0.029050203040242195 -0.03338313475251198 -0.11560854315757751
v 0.03251463919878006 -0.022217560559511185 -0.12208382040262222
v 0.09004009515047073 -0.006060147192329168 -0.06930074840784073
v 0.08304011821746826 0.01811242289841175 -0.05420248210430145
v 0.0744064599275589 -0.021655375137925148 -0.04527900367975235
v 0.07353154569864273 -0.027573805302381516 -0.04454941675066948
v 0.07222917675971985 -0.0270235575735569 -0.04266360402107239
v 0.0768851488828659 0.008980365470051765 -0.053195707499980927
v 0.07523263990879059 -0.01692102663218975 -0.06177438423037529
v 0.0754050612449646 -0.014628655277192593 -0.06265847384929657
v 0.061315763741731644 -0.005858844146132469 -0.05072210356593132
v 0.07794737815856934 -0.023119626566767693 -0.05913543701171875
v 0.07413224130868912 -0.028549863025546074 -0.05352681502699852
v 0.057975757867097855 -0.07840589433908463 -0.05008482560515404
v 0.05452203378081322 -0.07555381953716278 -0.06518293917179108
v -0.07233071327209473 -0.03506595268845558 -0.04284260794520378
v -0.07485883682966232 -0.033244386315345764 -0.0446685291826725
v -0.07543197274208069 -0.035074058920145035 -0.045910533517599106
v -0.07094324380159378 -0.03626507520675659 -0.044366732239723206
v 0.055017080157995224 -0.08703412115573883 -0.06306364387273788
v 0.057237979024648666 -0.090850330889225 -0.04861428588628769
v 0.07127343863248825 -0.0022412892431020737 -0.03649808093905449
v 0.07174396514892578 -0.009647940285503864 -0.03895404189825058
v 0.07074041664600372 -0.010659092105925083 -0.037211306393146515
v 0.023091545328497887 -0.10280247032642365 -0.001369538134895265
v 0.02038523741066456 -0.11451302468776703 -0.005489813629537821
v 0.06966706365346909 -0.015742065384984016 -0.03148984909057617
v 0.06955714523792267 -0.016328534111380577 -0.021383758634328842
v 0.07119918614625931 -0.000449246697826311 -0.021465811878442764
v 0.0706525593996048 -0.005982806906104088 -0.031061619520187378
v 0.05965036526322365 0.03117753565311432 0.015028612688183784
v 0.06138454005122185 0.03177172690629959 0.010458284988999367
v 0.06208456680178642 0.02213013917207718 0.010380850173532963
v 0.05996885895729065 0.023364132270216942 0.014354478567838669
v 0.02000986784696579 0.08895129710435867 0.03236064687371254
v 0.009988301433622837 0.08970892429351807 0.03457470238208771
v 0.01002573873847723 0.09718388319015503 0.028525298461318016
v 0.02029353380203247 0.09608341008424759 0.025914791971445084
v 0.034537579864263535 -0.014042125083506107 -0.1264600157737732
v 0.036488618701696396 -0.00355161284096539 -0.13121911883354187
v 0.01693860813975334 -0.006457718554884195 -0.13830238580703735
v 0.015778586268424988 -0.01618308201432228 -0.13310936093330383
v 0.02048078179359436 0.11318739503622055 0.0034595648758113384
v 0.009980246424674988 0.11484077572822571 0.0061715771444141865
v 0.010094243101775646 0.11984480917453766 -0.0038892687298357487
v -0.06807699054479599 -0.034910865128040314 -0.04504598304629326
v -0.07236828655004501 -0.03561541065573692 -0.04918115958571434
v -0.07155290991067886 -0.03251741826534271 -0.05009658262133598
v -0.06825532019138336 -0.03252534940838814 -0.046680912375450134
v 0.02078535221517086 0.11790519952774048 -0.0062554446049034595
v 0.05330472066998482 0.00250975857488811 0.028107332065701485
v 0.055407118052244186 -0.0037836681585758924 0.028272397816181183
v 0.05145645514130592 -0.004366121720522642 0.032068949192762375
v 0.0498003289103508 0.0019733302760869265 0.03112819604575634
v 0.07304270565509796 -0.03224994242191315 -0.04181346669793129
v 0.07198893278837204 -0.031349003314971924 -0.04062182083725929
v -0.08709602057933807 0.023484639823436737 -0.05489683896303177
v -0.08708016574382782 0.020313281565904617 -0.054858870804309845
v -0.08508211374282837 0.01975802332162857 -0.052425745874643326
v -0.08534363657236099 0.022989075630903244 -0.05202412232756615
v -0.0740027204155922 -0.010439160279929638 -0.06517989933490753
v -0.07193008065223694 -0.016849325969815254 -0.06300347298383713
v -0.07770336419343948 -0.011689221486449242 -0.06550227850675583
v -0.0780121311545372 -0.0090194595977664 -0.06596753001213074
v 0.010269209742546082 0.12412038445472717 -0.01566348783671856
v 0.021220557391643524 0.12198015302419662 -0.01762055791914463
v 0.011806254275143147 0.012021472677588463 0.0443262979388237
v -0.08437423408031464 0.012656273320317268 -0.06302573531866074
v -0.08561431616544724 0.013855031691491604 -0.06652723997831345
v -0.08597491681575775 0.011824516579508781 -0.06776425987482071
v -0.08493772894144058 0.010104850865900517 -0.06515447795391083
v -0.0874030664563179 0.015620263293385506 -0.07124032080173492
v -0.08751224726438522 0.01275112945586443 -0.0727737545967102
v -0.07081624865531921 -0.02610246278345585 -0.04043269157409668
v -0.07005235552787781 -0.022371016442775726 -0.03965621814131737
v -0.07066142559051514 -0.02078012190759182 -0.041038453578948975
v -0.07111646980047226 -0.02181757055222988 -0.0421932078897953
v -0.07059195637702942 -0.008720180951058865 -0.056662991642951965
v -0.07220686227083206 -0.004654766526073217 -0.05482032150030136
v -0.08269576728343964 -0.025812571868300438 -0.06050786003470421
v -0.08281870931386948 -0.02403315342962742 -0.05963452532887459
v -0.08490065485239029 -0.019890960305929184 -0.06305155158042908
v -0.08491533994674683 -0.021113427355885506 -0.06396690756082535
v 0.012244760058820248 0.014026784338057041 0.04152766987681389
v 0.015919223427772522 0.010722151957452297 0.04032600671052933
v 0.015497970394790173 0.008602405898272991 0.04259345680475235
v 0.007904211059212685 0.06141708046197891 0.04626283794641495
v 0.008841578848659992 0.06944339722394943 0.04379546642303467
v 0.017760030925273895 0.06951906532049179 0.042323529720306396
v 0.01628316380083561 0.0615386962890625 0.04524868726730347
v 0.020448599010705948 0.00803143810480833 0.03932300955057144
v 0.019706696271896362 0.006014447193592787 0.04079478979110718
v 0.009975428692996502 0.10368227958679199 0.021775100380182266
v 0.020390724763274193 0.10241834819316864 0.018956532701849937
v 0.020597485825419426 0.12786899507045746 -0.0678504928946495
v -0.08014781028032303 -0.02145533263683319 -0.057911466807127
v -0.08239779621362686 -0.018932491540908813 -0.06156457960605621
v -0.08359074592590332 -0.018214084208011627 -0.06327946484088898
v -0.08225715160369873 -0.02038097381591797 -0.061291635036468506
v 0.02111073210835457 0.12820367515087128 -0.05935003235936165
v 0.00984607357531786 0.1308823525905609 -0.059771690517663956
v -0.08792956918478012 0.01620713621377945 -0.06189415976405144
v -0.08573434501886368 0.01812708005309105 -0.05744839832186699
v -0.08624105155467987 0.01823558658361435 -0.057839203625917435
v -0.08807528018951416 0.016094740480184555 -0.06295694410800934
v 0.010870992206037045 0.1298876702785492 -0.0723661482334137
v 0.06768954545259476 -0.0002095307718263939 -0.09155069291591644
v 0.07096400111913681 -0.0013409602688625455 -0.07612095028162003
v 0.07399508357048035 0.010621204972267151 -0.07771609723567963
v 0.07196280360221863 0.016264308243989944 -0.094319649040699
v 0.03375837206840515 -0.09587126970291138 -0.010780815035104752
v 0.03175022453069687 -0.10787825286388397 -0.013850524090230465
v -0.07996725291013718 0.0032056570053100586 -0.06530502438545227
v -0.07860314100980759 0.008314461447298527 -0.06346588581800461
v -0.07768383622169495 0.007572120521217585 -0.06342382729053497
v -0.07900004088878632 0.003087099175900221 -0.06500356644392014
v -0.08809711784124374 0.012784644030034542 -0.06927456706762314
v -0.08843209594488144 0.010102157481014729 -0.07033779472112656
v -0.08654258400201797 0.00925001036375761 -0.06929533183574677
v -0.07461933046579361 0.010358978994190693 -0.05206888169050217
v -0.07488219439983368 0.010930855758488178 -0.05280531942844391
v -0.0755579024553299 0.009336407296359539 -0.053179074078798294
v -0.07497996836900711 0.00826766062527895 -0.051924917846918106
v -0.07498229295015335 -0.03624351695179939 -0.049336764961481094
v -0.0688784196972847 -0.024955151602625847 -0.056630633771419525
v -0.07060868293046951 -0.024059517309069633 -0.057992927730083466
v -0.07333705574274063 -0.020125657320022583 -0.06102854013442993
v -0.07234787195920944 -0.01911843754351139 -0.06119009852409363
v 0.05308165401220322 0.0535053014755249 0.0226979348808527
v 0.05502273887395859 0.058878201991319656 0.018313389271497726
v 0.05834482982754707 0.05163462832570076 0.014581774361431599
v 0.056115444749593735 0.04727650061249733 0.019302580505609512
v 0.006366658955812454 0.04858943819999695 0.049654897302389145
v 0.013784452341496944 0.04860289394855499 0.049410779029130936
v 0.011877507902681828 0.04233373701572418 0.04963202774524689
v 0.005672205239534378 0.042200248688459396 0.0499715618789196
v -0.06827469170093536 -0.033301714807748795 -0.04081246629357338
v -0.0710887610912323 -0.03319905325770378 -0.040475938469171524
v -0.0719311460852623 -0.03452586382627487 -0.04174322262406349
v -0.06891274452209473 -0.03493749350309372 -0.04219755530357361
v 0.0599844828248024 0.01591268740594387 0.014922602102160454
v 0.062599316239357 0.012941107153892517 0.011919848620891571
v 0.06166960671544075 0.0046806600876152515 0.01667097583413124
v 0.058767590671777725 0.008784865960478783 0.01865316368639469
v 0.0558764822781086 0.0038770642131567 0.02475428581237793
v -0.07779387384653091 0.014337528496980667 -0.05286834016442299
v -0.08012479543685913 0.013874081894755363 -0.055271562188863754
v -0.07853534817695618 0.012816473841667175 -0.05444664880633354
v -0.07679599523544312 0.01308907475322485 -0.05264071002602577
v 0.05823921412229538 -0.002052453812211752 0.024381740018725395
v -0.08643272519111633 0.0006752369808964431 -0.06886005401611328
v -0.08524211496114731 0.007455609273165464 -0.06695792078971863
v 0.019099829718470573 0.07918448746204376 0.03842049092054367
v 0.009513027966022491 0.07956777513027191 0.04015599936246872
v 0.060350000858306885 0.04215451702475548 0.011664288118481636
v 0.05827884376049042 0.03948163613677025 0.01664128713309765
v 0.009122740477323532 0.015258152969181538 0.04692820832133293
v 0.009777777828276157 0.016827847808599472 0.043310195207595825
v 0.0072637503035366535 0.021950822323560715 0.04609259217977524
v -0.08560359477996826 -0.008670883253216743 -0.06338298320770264
v -0.08599752187728882 -0.0085740452632308 -0.0664629116654396
v -0.08495181053876877 -0.012589712627232075 -0.06522541493177414
v -0.08489643037319183 -0.012678679078817368 -0.06211644783616066
v 0.004549351520836353 0.02110251598060131 0.05194172263145447
v 0.004577049054205418 0.025107262656092644 0.050645336508750916
v 0.007258465513586998 0.025039823725819588 0.04682369530200958
v 0.03387517109513283 0.06135958060622215 0.03820398077368736
v 0.03550757095217705 0.06866838037967682 0.034746065735816956
v 0.04301471263170242 0.06735755503177643 0.029239539057016373
v 0.04146208241581917 0.060521770268678665 0.032984111458063126
v 0.020427238196134567 0.10800263285636902 0.011674391105771065
v -0.08523375540971756 -0.0006165910162962973 -0.06340306997299194
v -0.08595007658004761 -0.0004551249439828098 -0.06682050228118896
v 0.009944811463356018 0.10945118963718414 0.014499066397547722
v 0.0048524439334869385 0.03429025411605835 0.04956728592514992
v 0.008967824280261993 0.03437383100390434 0.0478982999920845
v 0.007810178678482771 0.031053096055984497 0.04721486195921898
v -0.08913785964250565 0.008887484669685364 -0.06877672672271729
v -0.08918940275907516 0.0027410255279392004 -0.06907148659229279
v -0.08897271752357483 0.009324808605015278 -0.06949147582054138
v -0.07656294107437134 0.011549120768904686 -0.06115708127617836
v -0.07660167664289474 0.014522390440106392 -0.06502052396535873
v -0.07608027756214142 0.007906242273747921 -0.06665390729904175
v -0.07691187411546707 0.008992468006908894 -0.06265543401241302
v 0.004874144680798054 0.03104637935757637 0.04960280656814575
v 0.02423887886106968 0.004425583407282829 0.04001506045460701
v 0.025131486356258392 0.00671467324718833 0.03898980841040611
v 0.06509416550397873 -0.03118002414703369 -0.044670335948467255
v 0.06622046232223511 -0.032427333295345306 -0.04418310895562172
v 0.07286617159843445 0.015121863223612309 -0.03400197625160217
v 0.0714455395936966 0.004521276336163282 -0.0321425162255764
v 0.0717509388923645 0.012866455130279064 -0.022482560947537422
v 0.07239796221256256 0.025683648884296417 -0.024617601186037064
v 0.07485324889421463 0.0375601090490818 -0.028113428503274918
v 0.07614947110414505 0.046116188168525696 -0.033441171050071716
v 0.07679006457328796 0.03042207658290863 -0.04061924293637276
v 0.0751117542386055 0.024073738604784012 -0.03629095107316971
v 0.04970096796751022 -0.0843263640999794 -0.07585157454013824
v 0.04737886041402817 -0.07411530613899231 -0.07923395931720734
v 0.0045031351037323475 0.017885450273752213 0.05454888567328453
v 0.004448996856808662 0.014897697605192661 0.0570819117128849
v 0.01940968632698059 0.03565053641796112 -0.14976780116558075
v -0.0710691511631012 -0.016849301755428314 -0.0418408177793026
v -0.07245458662509918 -0.014767306856811047 -0.043088871985673904
v -0.07144398242235184 -0.016941240057349205 -0.04449107497930527
v -0.07094679027795792 -0.018965881317853928 -0.044105879962444305
v 0.018771372735500336 0.02204412780702114 -0.14789052307605743
v 0.03911953419446945 0.02609134465456009 -0.13940759003162384
v 0.03953976556658745 0.03904852271080017 -0.14088530838489532
v 0.06437468528747559 -0.01083911769092083 -0.08752720057964325
v -0.07386549562215805 -0.021945783868432045 -0.05978580564260483
v -0.0712578073143959 -0.025011304765939713 -0.05728447809815407
v -0.07169324904680252 -0.025324683636426926 -0.056620173156261444
v -0.07444936037063599 -0.02363334782421589 -0.0582716166973114
v 0.06828434020280838 -0.010194442234933376 -0.07327612489461899
v 0.010340394452214241 -0.012084863148629665 0.05887538194656372
v 0.007133277133107185 -0.007681885734200478 0.05417957156896591
v 0.007169356569647789 -0.011336875148117542 0.0531146377325058
v 0.006846913602203131 -0.008809835650026798 0.05419262498617172
v 0.010404776781797409 -0.01465185172855854 0.06050040200352669
v 0.012529612518846989 -0.015398899093270302 0.061720333993434906
v 0.008057431317865849 -0.014848764054477215 0.05390072241425514
v 0.007383450865745544 -0.01466029230505228 0.05423811078071594
v 0.006633384618908167 -0.011041900143027306 0.053298696875572205
v 0.008445502258837223 -0.007134255021810532 0.05486435070633888
v 0.0020644592586904764 -0.018828053027391434 0.06697642803192139
v 0.002735646441578865 -0.017448795959353447 0.06999726593494415
v 0.006412338465452194 -0.0160322654992342 0.06876261532306671
v 0.00489870086312294 -0.01746355928480625 0.0666387677192688
v 0.004934737458825111 -0.008588988333940506 0.055453695356845856
v 0.004010664764791727 -0.0106396758928895 0.056050337851047516
v 0.005102318245917559 -0.01252602506428957 0.06324290484189987
v 0.006806578021496534 -0.008720675483345985 0.059408389031887054
v 0.007249659858644009 -0.006680082995444536 0.05666005611419678
v 0.006761212833225727 -0.011827100068330765 0.062482766807079315
v 0.005759448278695345 -0.017702659592032433 0.05939474701881409
v 0.008489334024488926 -0.011715598404407501 0.06086620315909386
v -0.08217170089483261 0.015371530316770077 -0.057496268302202225
v -0.08214479684829712 0.00994808878749609 -0.05812141299247742
v -0.08076632767915726 0.009743996895849705 -0.05662302300333977
v -0.076593317091465 -0.02016793191432953 -0.04943067952990532
v -0.07736152410507202 -0.018886061385273933 -0.05135469138622284
v -0.07827561348676682 -0.021948689594864845 -0.05329679697751999
v -0.07727399468421936 -0.023988807573914528 -0.05172306299209595
v 0.0776369720697403 -0.018191657960414886 -0.05150293558835983
v 0.05619314685463905 -0.06460372358560562 -0.03154982253909111
v 0.05971716716885567 -0.049761950969696045 -0.03906876966357231
v 0.05898280814290047 -0.050164271146059036 -0.04473993554711342
v -0.07880068570375443 -0.03231615200638771 -0.05474613234400749
v -0.07659389823675156 -0.03253313526511192 -0.05536844953894615
v -0.07455875724554062 -0.0346674807369709 -0.052252426743507385
v -0.07691974937915802 -0.03501897305250168 -0.051984187215566635
v -0.0709555447101593 -0.020093871280550957 -0.043001092970371246
v -0.07077249139547348 -0.019406156614422798 -0.04144784063100815
v -0.08184580504894257 0.0036934814415872097 -0.06719198077917099
v -0.08055156469345093 0.009854190051555634 -0.06521680951118469
v 0.05704096704721451 -0.06566935777664185 -0.040607649832963943
v 0.07961756736040115 0.008159601129591465 -0.05463257059454918
v 0.06677549332380295 0.05794621258974075 -0.0037040170282125473
v 0.06826986372470856 0.06968526542186737 -0.013126429170370102
v 0.07354374974966049 0.05794214457273483 -0.02467288449406624
v -0.08398915082216263 0.008357572369277477 -0.06295496225357056
v -0.08452675491571426 0.006053342018276453 -0.06443249434232712
v 0.07298631221055984 0.047237951308488846 -0.019399436190724373
v 0.06868047267198563 0.07944740355014801 -0.021357618272304535
v 0.07396358996629715 0.06881988048553467 -0.032076526433229446
v 0.07717730849981308 0.05665256828069687 -0.041694216430187225
v 0.07890544086694717 0.036352530121803284 -0.05546169355511665
v 0.041204433888196945 0.01835172437131405 0.03332626447081566
v 0.04145576059818268 0.018038123846054077 0.033254608511924744
v 0.03998463600873947 0.017591973766684532 0.034439120441675186
v -0.07368473708629608 -0.004371250048279762 -0.047635093331336975
v -0.07106616348028183 -0.003698283340781927 -0.04870324209332466
v -0.07090466469526291 -0.004388792440295219 -0.04887821525335312
v -0.07409533858299255 -0.005972827784717083 -0.047490641474723816
v 0.039808489382267 0.01796879433095455 0.034550685435533524
v 0.04084089398384094 0.018560897558927536 0.03308513015508652
v 0.03961208090186119 0.01816246286034584 0.034033697098493576
v -0.07417888194322586 -0.004292388912290335 -0.046111878007650375
v -0.07461531460285187 -0.005813247058540583 -0.046003565192222595
v -0.07437041401863098 -0.006176570896059275 -0.04448849707841873
v -0.07400354743003845 -0.005272171925753355 -0.04439551383256912
v 0.041891973465681076 0.018988994881510735 0.032275259494781494
v 0.042275335639715195 0.018743114545941353 0.032482653856277466
v 0.04244037717580795 0.018409838899970055 0.03238734230399132
v 0.0247956532984972 0.01851649396121502 0.036886364221572876
v 0.025207236409187317 0.018652886152267456 0.03617845103144646
v 0.027564769610762596 0.01808510534465313 0.03715986758470535
v 0.02738848887383938 0.01794554479420185 0.03792667016386986
v 0.024648595601320267 0.01819976232945919 0.03713865205645561
v 0.02763178199529648 0.017499594017863274 0.037976671010255814
v -0.07037174701690674 -0.003393927589058876 -0.049619659781455994
v -0.07049138098955154 -0.0036581081803888083 -0.04911381006240845
v -0.07097660005092621 -0.0032143809366971254 -0.04952181503176689
v -0.07509101927280426 -0.00044560100650414824 -0.06117185205221176
v -0.07650690525770187 -0.00837351381778717 -0.0632091760635376
v -0.07429274916648865 -0.008364317007362843 -0.06201181933283806
v -0.07149755954742432 -0.0008221933385357261 -0.06030555069446564
v 0.02388116531074047 0.01996181160211563 0.03104342333972454
v 0.023629268631339073 0.020601820200681686 0.03107365593314171
v -0.0865546464920044 -0.007321006618440151 -0.06809695065021515
v 0.024912595748901367 0.019041744992136955 0.03128230944275856
v 0.022696996107697487 0.020759040489792824 0.03360309824347496
v 0.022595221176743507 0.021929912269115448 0.03366659954190254
v -0.08174144476652145 0.019107002764940262 -0.04795178398489952
v -0.08016294986009598 0.020938042551279068 -0.04764324799180031
v -0.08267493546009064 0.024707620963454247 -0.0523279644548893
v 0.023231644183397293 0.022373050451278687 0.03114732913672924
v 0.02337254025042057 0.021177854388952255 0.031052593141794205
v 0.022961389273405075 0.0201832614839077 0.033796731382608414
v -0.07229157537221909 -0.017572961747646332 -0.05393876135349274
v -0.07474902272224426 -0.01664813421666622 -0.050649940967559814
v -0.07285327464342117 -0.016692811623215675 -0.04912525415420532
v -0.07137661427259445 -0.018024995923042297 -0.052257101982831955
v -0.07045789808034897 -0.012712299823760986 -0.04721412807703018
v -0.06851357221603394 -0.016104912385344505 -0.046338796615600586
v -0.07291482388973236 -0.014279935508966446 -0.04597443714737892
v -0.07412385940551758 0.001446552574634552 -0.04580262675881386
v -0.07246101647615433 -0.0022135628387331963 -0.04895506054162979
v -0.07345810532569885 -0.0032570715993642807 -0.04733005538582802
v -0.07385877519845963 -0.0030134436674416065 -0.04587332531809807
v -0.08694779127836227 -0.016037167981266975 -0.06672147661447525
v -0.088592529296875 -0.010920140892267227 -0.0690377727150917
v -0.08679783344268799 -0.010981786996126175 -0.0703389048576355
v -0.0851961076259613 -0.01639597676694393 -0.0679762065410614
v 0.02131761610507965 0.0199459046125412 0.034351758658885956
v 0.020992301404476166 0.020430635660886765 0.03420711308717728
v -0.06874796003103256 -0.029658762738108635 -0.03916241601109505
v -0.06656789034605026 -0.03235481679439545 -0.04203006997704506
v -0.06869126856327057 -0.02652869187295437 -0.03805020824074745
v -0.09096099436283112 0.020278235897421837 -0.06466014683246613
v -0.08697998523712158 0.02277001179754734 -0.06499955803155899
v -0.08720181882381439 0.02079622633755207 -0.06748457998037338
v -0.09121417254209518 0.018319683149456978 -0.06694348156452179
v -0.07066848129034042 0.0030813722405582666 -0.054857026785612106
v -0.07085693627595901 0.0009272674797102809 -0.054489076137542725
v -0.0712963119149208 0.002490310464054346 -0.05286131799221039
v -0.07121848315000534 0.004350463859736919 -0.05293995141983032
v 0.02108856476843357 0.0215606726706028 0.034342896193265915
v 0.032249815762043 0.016507547348737717 0.03797132149338722
v 0.03260891139507294 0.015875613316893578 0.03767899051308632
v 0.028131823986768723 0.016302527859807014 0.0378585010766983
v 0.02793651819229126 0.016925251111388206 0.03797324746847153
v 0.0319344662129879 0.017056547105312347 0.038092680275440216
v 0.03518376499414444 0.01710180565714836 0.03734317421913147
v 0.035553939640522 0.0165655929595232 0.03711207956075668
v 0.03585391864180565 0.01596984453499317 0.03673338145017624
v -0.05230144038796425 -0.032596323639154434 -0.09401290863752365
v -0.060354236513376236 -0.032759442925453186 -0.07536987215280533
v -0.06402533501386642 -0.018959907814860344 -0.08399523049592972
v -0.05708428844809532 -0.019104141741991043 -0.09974513947963715
v -0.07990413159132004 -0.029872315004467964 -0.05427372455596924
v -0.0788055881857872 -0.03214908391237259 -0.05167210474610329
v -0.07521851360797882 0.0090979328379035 -0.044479209929704666
v -0.07454982399940491 0.011130877770483494 -0.04303130507469177
v -0.07589253783226013 0.016512474045157433 -0.044119566679000854
v -0.07643015682697296 0.013120935298502445 -0.04446851834654808
v 0.024751005694270134 0.01715802028775215 0.03726956993341446
v 0.024676833301782608 0.017755497246980667 0.037247683852910995
v 0.03612164035439491 0.015298550017178059 0.03632061928510666
v 0.03289357200264931 0.015156807377934456 0.03726569190621376
v -0.08788619935512543 0.004511651583015919 -0.07385052740573883
v -0.09074634313583374 0.0037775528617203236 -0.07221581041812897
v 0.02831462398171425 0.015525754541158676 0.037615977227687836
v 0.024683518335223198 0.01658453978598118 0.03730610013008118
v 0.021530095487833023 0.017941253259778023 0.03662436828017235
v 0.021944034844636917 0.0183427631855011 0.036545369774103165
v 0.03309525176882744 0.014391331002116203 0.0369630865752697
v 0.03303132951259613 0.013558316975831985 0.03686380386352539
v 0.028244933113455772 0.013917430303990841 0.037428855895996094
v 0.02834198623895645 0.014703961089253426 0.03742525354027748
v -0.07714715600013733 0.015008379705250263 -0.05117112025618553
v -0.08111409842967987 0.01869455724954605 -0.054217346012592316
v -0.07885782420635223 0.0161350779235363 -0.05328844487667084
v -0.07697942852973938 0.014672801829874516 -0.051616378128528595
v -0.07622327655553818 0.0069799707271158695 -0.04964669048786163
v -0.07699708640575409 0.008283146657049656 -0.04912549629807472
v -0.07561814039945602 0.009135663509368896 -0.04933108761906624
v -0.07461047172546387 0.007743517402559519 -0.049509428441524506
v 0.03627001866698265 0.014522993937134743 0.03593595325946808
v 0.036233749240636826 0.013629239983856678 0.03582346439361572
v -0.07448597252368927 0.015722224488854408 -0.04138410463929176
v -0.0760970488190651 0.020544003695249557 -0.044346876442432404
v 0.044159021228551865 0.018643885850906372 0.030636761337518692
v 0.044717688113451004 0.019141551107168198 0.029921596869826317
v 0.044872503727674484 0.018410352990031242 0.029768679291009903
v -0.0676952674984932 -0.02572154439985752 -0.05577884986996651
v 0.04458524286746979 0.01795477420091629 0.030152328312397003
v 0.04764832928776741 0.015324994921684265 0.026497352868318558
v 0.04858560487627983 0.016668979078531265 0.025686124339699745
v 0.05064886808395386 0.015437779016792774 0.02410011738538742
v -0.07685788720846176 0.008019496686756611 -0.04712940752506256
v -0.07773031294345856 0.010595458559691906 -0.04650663956999779
v -0.07808565348386765 0.009812095202505589 -0.048896241933107376
v -0.06954943388700485 -0.02149115316569805 -0.037545472383499146
v -0.07027708739042282 -0.019779829308390617 -0.03971827030181885
v -0.07619926333427429 0.013444624841213226 -0.051553234457969666
v -0.07558506727218628 0.012368445284664631 -0.05159485712647438
v -0.07405147701501846 0.009080487303435802 -0.05122634395956993
v -0.07453552633523941 0.006729616317898035 -0.05234934762120247
v 0.04938197880983353 0.014039987698197365 0.025372667238116264
v -0.08130504935979843 0.0003339079557918012 -0.05944184586405754
v -0.08306484669446945 -0.008038033731281757 -0.061055347323417664
v 0.057662591338157654 0.005787650588899851 0.021555839106440544
v 0.0513777881860733 0.01152375340461731 0.024590296670794487
v 0.052757542580366135 0.013058718293905258 0.02259322814643383
v 0.043489959090948105 0.018209543079137802 0.0313933901488781
v 0.04268297553062439 0.017890963703393936 0.032222144305706024
v 0.04327351599931717 0.018786737695336342 0.031558841466903687
v 0.04392881691455841 0.01921105943620205 0.03085256740450859
v 0.0439709909260273 0.01757165603339672 0.03090330772101879
v 0.04307584464550018 0.017231671139597893 0.03190276399254799
v 0.04175204038619995 0.01753786951303482 0.03312259912490845
v 0.042109519243240356 0.0168587788939476 0.03287237882614136
v 0.04058878868818283 0.016419582068920135 0.03410530090332031
v 0.04029656946659088 0.017044998705387115 0.03430523723363876
v 0.038136664777994156 0.01672254502773285 0.035710323601961136
v -0.0675995722413063 -0.01853867992758751 -0.07064273953437805
v -0.06468319892883301 -0.032369956374168396 -0.055725954473018646
v 0.037828873842954636 0.01727069914340973 0.03589363768696785
v 0.038443468511104584 0.01611177623271942 0.03539852425456047
v 0.04086760804057121 0.015721384435892105 0.03385823220014572
v 0.03880065679550171 0.015444780699908733 0.035080067813396454
v 0.042513344436883926 0.01614895835518837 0.03244395926594734
v 0.04359094426035881 0.01656189188361168 0.03133571147918701
v 0.04443976283073425 0.01697348803281784 0.03030245192348957
v 0.045091938227415085 0.01738947443664074 0.029506865888834
v 0.04549430310726166 0.01803736202418804 0.028988515958189964
v 0.045010410249233246 0.016231995075941086 0.029436878859996796
v 0.04563895985484123 0.015462866052985191 0.028604716062545776
v 0.044406305998563766 0.014948280528187752 0.02997959777712822
v 0.04405321553349495 0.01580016314983368 0.030624402686953545
v 0.04582739248871803 0.016766179352998734 0.02850121259689331
v 0.04661135748028755 0.016096998006105423 0.027501782402396202
v -0.07447105646133423 0.009480424225330353 -0.0493464320898056
v -0.07424809038639069 0.009748774580657482 -0.04965512827038765
v -0.07336856424808502 0.008830402046442032 -0.050360504537820816
v -0.0736251249909401 0.008415594696998596 -0.04958319291472435
v 0.04282663017511368 0.015447137877345085 0.03197465091943741
v 0.04303758218884468 0.014639237895607948 0.031448844820261
v 0.041137441992759705 0.014223900623619556 0.03308993577957153
v 0.041042156517505646 0.015100258402526379 0.03357077017426491
v -0.07778818160295486 -0.03380957245826721 -0.04918058216571808
v -0.07978007197380066 0.006444554775953293 -0.05676602944731712
v -0.07672096788883209 0.0048802196979522705 -0.05497295781970024
v -0.07738371193408966 0.0068396907299757 -0.053819216787815094
v 0.039058879017829895 0.014750880189239979 0.034749094396829605
v 0.03913692757487297 0.013872344978153706 0.03437117859721184
v -0.0887771025300026 -0.0053521799854934216 -0.0677747130393982
v -0.08989974856376648 0.0028272951021790504 -0.06884896010160446
v -0.0909644216299057 0.0033019601833075285 -0.07037848979234695
v -0.08976443856954575 -0.005522729363292456 -0.06904098391532898
v 0.031787484884262085 0.017454544082283974 0.03811180219054222
v 0.03167896717786789 0.01765083707869053 0.03753945231437683
v 0.03484675660729408 0.0176955945789814 0.03689379617571831
v 0.03498656302690506 0.017496364191174507 0.03744109719991684
v 0.03758608177304268 0.01766255497932434 0.035953961312770844
v -0.06690368801355362 -0.03344009816646576 -0.043070606887340546
v -0.07072797417640686 0.00014699052553623915 -0.055441465228796005
v -0.07200128585100174 -0.0017225912306457758 -0.05470872297883034
v 0.037533532828092575 0.017881382256746292 0.03542185202240944
v 0.034935835748910904 0.01658795215189457 0.03442872688174248
v 0.034092046320438385 0.017189709469676018 0.03063342534005642
v 0.03693985939025879 0.01726076751947403 0.029817020520567894
v 0.03814341500401497 0.01682872697710991 0.033279333263635635
v -0.07157427817583084 0.005707826931029558 -0.05280017852783203
v -0.07236747443675995 0.0073738484643399715 -0.05121123045682907
v 0.031236203387379646 0.01637670025229454 0.034948259592056274
v 0.030813319608569145 0.01751619204878807 0.03120632842183113
v 0.027609406039118767 0.016921525821089745 0.03512593358755112
v -0.07052572816610336 -0.016910124570131302 -0.03962177410721779
v 0.02755608782172203 0.01821029745042324 0.03135821595788002
v 0.025132538750767708 0.018484489992260933 0.03484078124165535
v 0.034065164625644684 0.029792746528983116 0.037598904222249985
v 0.034268490970134735 0.02996833249926567 0.03801828622817993
v 0.039035290479660034 0.02930619940161705 0.03722957521677017
v 0.03860121965408325 0.029065944254398346 0.03675216808915138
v 0.04968759045004845 -0.000419723306549713 -0.12119617313146591
v 0.05114369094371796 0.014600170776247978 -0.1267009675502777
v 0.03836508467793465 0.010186715051531792 -0.136025071144104
v 0.04146618768572807 0.02717520110309124 0.035672567784786224
v 0.04155200347304344 0.02778283879160881 0.03553032502532005
v 0.04381329566240311 0.02665000595152378 0.03399458900094032
v 0.04353726655244827 0.026039250195026398 0.03411563113331795
v 0.041316159069538116 0.026418237015604973 0.035724300891160965
v -0.08729621767997742 0.016653763130307198 -0.06640630960464478
v -0.0876685082912445 0.01486632227897644 -0.06788093596696854
v -0.08550956845283508 0.015288785099983215 -0.06509194523096085
v -0.08512810617685318 0.016451330855488777 -0.06349259614944458
v -0.08427371084690094 0.017569564282894135 -0.05965513363480568
v -0.08483795821666718 0.019209906458854675 -0.059250663965940475
v -0.08657292276620865 0.018051084131002426 -0.06427967548370361
v -0.07541375607252121 0.0055055879056453705 -0.053795527666807175
v -0.07646696269512177 0.007281124591827393 -0.052715498954057693
v 0.0432363823056221 0.02528441697359085 0.03394833579659462
v 0.03838292136788368 0.02750769816339016 0.037361424416303635
v -0.07561426609754562 -0.021377498283982277 -0.047940339893102646
v -0.07628531008958817 -0.02744920551776886 -0.0490313321352005
v -0.08357008546590805 -0.01609734259545803 -0.06290789693593979
v -0.08330019563436508 -0.015371364541351795 -0.05991137772798538
v -0.08400599658489227 -0.005175602622330189 -0.07118074595928192
v -0.08392545580863953 0.004057613667100668 -0.07194583117961884
v -0.08260723203420639 0.003820012556388974 -0.06949961185455322
v -0.08288703858852386 -0.004840976558625698 -0.06966668367385864
v 0.03851445019245148 0.028258532285690308 0.03734694793820381
v 0.03853437677025795 0.028729302808642387 0.0369667187333107
v 0.0433209165930748 0.023901518434286118 0.029057003557682037
v 0.0424065962433815 0.025438571348786354 0.029886268079280853
v -0.0780327245593071 -0.0032639706041663885 -0.06565835326910019
v -0.07531196624040604 -0.002451958367601037 -0.06600486487150192
v -0.0736658126115799 -0.004192013759166002 -0.04386850446462631
v -0.07301245629787445 -0.0005200008163228631 -0.041916050016880035
v -0.07158325612545013 0.00520760752260685 -0.0532965250313282
v -0.07200589776039124 0.006610361859202385 -0.051152169704437256
v -0.0781579315662384 -0.01922588236629963 -0.06219637393951416
v -0.07389627397060394 -0.026577621698379517 -0.05512743070721626
v -0.07806464284658432 -0.021478410810232162 -0.060629889369010925
v -0.06983806192874908 -0.027280772104859352 -0.05300876498222351
v -0.06943070143461227 -0.028278015553951263 -0.05078643932938576
v -0.07200821489095688 -0.02834923379123211 -0.05248446762561798
v 0.042278043925762177 0.024184156209230423 0.03240905702114105
v 0.04300200939178467 0.023167604580521584 0.03124857321381569
v 0.04377102106809616 0.0231466181576252 0.02834903635084629
v 0.04343978688120842 0.022406311705708504 0.030321523547172546
v 0.043349552899599075 0.023614851757884026 0.025125175714492798
v 0.04256723076105118 0.024400556460022926 0.02583213895559311
v 0.04137222096323967 0.025357311591506004 0.026858218014240265
v -0.08027643710374832 -0.019579188898205757 -0.05702996999025345
v -0.08206953853368759 -0.01834891550242901 -0.0598311685025692
v 0.043804317712783813 0.022879933938384056 0.024728190153837204
v -0.06953220814466476 -0.0036376069765537977 -0.05039232596755028
v -0.06788618117570877 -0.005121869966387749 -0.0515824519097805
v -0.06922490149736404 -0.004183856770396233 -0.04973078891634941
v -0.08388442546129227 -0.00035403313813731074 -0.06087733060121536
v -0.08479470759630203 -0.008339368738234043 -0.06149571016430855
v -0.0771288350224495 0.010408315807580948 -0.04929513484239578
v 0.044088855385780334 0.02212410606443882 0.024586323648691177
v -0.07486575841903687 0.0004262706497684121 -0.051067326217889786
v -0.07600411027669907 0.003826986765488982 -0.04878108948469162
v -0.0801316350698471 0.013972246088087559 -0.04882977530360222
v -0.0786101296544075 0.012168161571025848 -0.04951932281255722
v -0.07808984816074371 0.011318693868815899 -0.049323927611112595
v -0.07905671745538712 0.011804373003542423 -0.048613306134939194
v -0.06291757524013519 -0.013527209870517254 -0.049493949860334396
v -0.06646386533975601 -0.015082773752510548 -0.0482858270406723
v -0.0679023265838623 -0.011867992579936981 -0.04817360267043114
v 0.04402964934706688 0.021263115108013153 0.0245458222925663
v 0.04373358562588692 0.020449165254831314 0.0248773954808712
v 0.06024973466992378 -0.010618959553539753 0.021849965676665306
v 0.06023979187011719 0.0006534468848258257 0.02057735063135624
v -0.0835619568824768 0.019437991082668304 -0.058147795498371124
v -0.08381404727697372 0.01731429621577263 -0.059319742023944855
v -0.08163238316774368 0.010637789964675903 -0.06720174849033356
v 0.06261518597602844 -0.007401417009532452 0.01750202849507332
v 0.04301851615309715 0.019174689427018166 0.03169908747076988
v -0.07586946338415146 0.011177074164152145 -0.05391845107078552
v -0.07673271745443344 0.009564944542944431 -0.05465906113386154
v 0.04368307441473007 0.019635463133454323 0.030956020578742027
v -0.07824614644050598 0.023023642599582672 -0.05939821898937225
v -0.07755160331726074 0.021086812019348145 -0.05617935582995415
v -0.07765057682991028 0.021266523748636246 -0.05498335510492325
v -0.07817532122135162 0.02528226375579834 -0.05484146624803543
v 0.042537011206150055 0.019439363852143288 0.031597867608070374
v -0.06871664524078369 -0.0309836994856596 -0.047669440507888794
v -0.07138495147228241 -0.03073432855308056 -0.05054878443479538
v -0.07119406014680862 -0.02945650741457939 -0.050930239260196686
v -0.06899140775203705 -0.02958413027226925 -0.04887249693274498
v -0.07208781689405441 -0.016909658908843994 -0.0484929159283638
v -0.07107935845851898 -0.01822051592171192 -0.05127309262752533
v 0.042942795902490616 0.01978236995637417 0.031026091426610947
v -0.08514318615198135 -0.01467186026275158 -0.06556446850299835
v -0.08431408554315567 -0.015564169734716415 -0.06455206125974655
v -0.08565925806760788 -0.011551090516149998 -0.06666315346956253
v -0.08682051301002502 -0.010345516726374626 -0.06739634275436401
v 0.044170670211315155 0.020138058811426163 0.030165165662765503
v 0.04460051655769348 0.019720353186130524 0.030041662976145744
v 0.041476693004369736 0.017669325694441795 0.03094892017543316
v 0.0411800779402256 0.018049875274300575 0.02790907770395279
v 0.042297251522541046 0.01860075071454048 0.026973990723490715
v -0.0717189610004425 0.0038801818154752254 -0.05659668892621994
v -0.07070527970790863 0.002757520182058215 -0.05712564289569855
v -0.07812127470970154 0.015421655029058456 -0.057587116956710815
v -0.08017249405384064 0.01792377233505249 -0.059196989983320236
v -0.07908724993467331 0.020716028288006783 -0.05536624789237976
v -0.07759485393762589 0.018464921042323112 -0.05513457581400871
v -0.08282911032438278 0.011448046192526817 -0.06976122409105301
v 0.04239930212497711 0.018583236262202263 0.029778791591525078
v 0.04033394530415535 0.0170904453843832 0.03197869285941124
v 0.039401791989803314 0.017552755773067474 0.028883803635835648
v 0.0428546667098999 0.019121577963232994 0.02622036077082157
v 0.04339224472641945 0.019762294366955757 0.025426533073186874
v -0.07682374119758606 0.008363417349755764 -0.0543009452521801
v -0.07740073651075363 0.00859791785478592 -0.05539477989077568
v 0.04295831918716431 0.019070636481046677 0.029163746163249016
v -0.07626606523990631 0.008748628199100494 -0.053839124739170074
v 0.04342259466648102 0.01964022032916546 0.028327342122793198
v 0.04335600137710571 0.020243382081389427 0.030318059027194977
v -0.07397793233394623 0.00685301935300231 -0.04981335252523422
v -0.07562010735273361 0.005683527793735266 -0.05011867731809616
v -0.0794287621974945 0.0139573123306036 -0.05019305273890495
v -0.08334457874298096 0.017471851781010628 -0.05354059487581253
v -0.08250638097524643 0.017212798818945885 -0.053162604570388794
v -0.07885397970676422 0.014465413056313992 -0.050614312291145325
v 0.04400952532887459 0.021046390756964684 0.02756519988179207
v 0.04409332200884819 0.02167050912976265 0.027630362659692764
v 0.04369691386818886 0.02069675177335739 0.02957221120595932
v -0.07446792721748352 0.011205554939806461 -0.0507313534617424
v 0.04407772794365883 0.021242065355181694 0.028920873999595642
v 0.043794482946395874 0.02042725868523121 0.027732955291867256
v -0.015423648059368134 -0.03405182808637619 -0.12128742039203644
v -0.017096882686018944 -0.02378276363015175 -0.12860620021820068
v 0.0440203920006752 0.022434504702687263 0.027877483516931534
v 0.043815117329359055 0.02179083414375782 0.02946002595126629
v 0.04513627663254738 0.01913456618785858 0.029389897361397743
v 0.04506126418709755 0.02016890048980713 0.02934209629893303
v 0.045964017510414124 0.021129760891199112 0.02844914235174656
v 0.04576586186885834 0.018970796838402748 0.028635188937187195
v -0.07776143401861191 0.021091945469379425 -0.04763218015432358
v -0.07893389463424683 0.02291026897728443 -0.05173175036907196
v -0.07982925325632095 0.02389051765203476 -0.05214202031493187
v -0.07826659083366394 0.02201918140053749 -0.04873011261224747
v -0.08471514284610748 0.015239174477756023 -0.06288599967956543
v 0.04681453853845596 0.018854837864637375 0.02758251689374447
v 0.046379875391721725 0.017562566325068474 0.027864886447787285
v 0.047330379486083984 0.021535014733672142 0.027759118005633354
v 0.04866863787174225 0.0219010878354311 0.02701091766357422
v -0.08896468579769135 0.011716938577592373 -0.06832810491323471
v -0.07300975173711777 -0.0028091033454984426 -0.0529707632958889
v -0.06966602057218552 -0.005904495250433683 -0.052971694618463516
v 0.048006296157836914 0.018802739679813385 0.026534300297498703
v 0.04730931296944618 0.017240731045603752 0.02685588039457798
v 0.044615648686885834 0.020585747435688972 0.029490074142813683
v -0.06018035486340523 -0.007157753687351942 -0.051379457116127014
v -0.06048707291483879 -0.005946572404354811 -0.051568180322647095
v -0.0612141489982605 -0.006451136898249388 -0.05266581475734711
v -0.06075273081660271 -0.00802205502986908 -0.05267542228102684
v 0.04496048763394356 0.02112436294555664 0.028987867757678032
v 0.0467706061899662 0.022761549800634384 0.029023965820670128
v -0.06319662183523178 -0.012151804752647877 -0.05302440747618675
v -0.0658605545759201 -0.013390128500759602 -0.05203802511096001
v -0.06503576040267944 -0.015328976325690746 -0.05059109628200531
v -0.062300264835357666 -0.014530717395246029 -0.0525042749941349
v 0.047690827399492264 0.023481037467718124 0.02872459590435028
v 0.04555867984890938 0.02217951789498329 0.02947206236422062
v 0.04508703947067261 0.023087969049811363 0.03079007938504219
v 0.04609270021319389 0.023835742846131325 0.03072187677025795
v -0.05948725715279579 -0.010395349003374577 -0.051824796944856644
v -0.059845004230737686 -0.008785760961472988 -0.051455434411764145
v -0.06068295240402222 -0.009697923436760902 -0.05284443870186806
v -0.06058553606271744 -0.011603855527937412 -0.053176313638687134
v 0.04673640802502632 0.024543175473809242 0.03063928335905075
v 0.045062433928251266 0.024867292493581772 0.03238797187805176
v -0.08309762924909592 0.018993953242897987 -0.05582007020711899
v -0.08486420661211014 0.019117414951324463 -0.05742904171347618
v 0.04556804895401001 0.02552887238562107 0.03231237828731537
v 0.044340040534734726 0.024149488657712936 0.03226335346698761
v 0.04457279294729233 0.021904978901147842 0.029736746102571487
v -0.08962351083755493 0.011134394444525242 -0.06772857904434204
v -0.08979030698537827 0.00894990935921669 -0.06860722601413727
v -0.08831816166639328 0.015408581122756004 -0.06537041813135147
v -0.08861175179481506 0.013772554695606232 -0.06683044880628586
v 0.04415376856923103 0.022627122700214386 0.030666876584291458
v 0.043553467839956284 0.023502491414546967 0.03185917064547539
v 0.04274322837591171 0.02445908635854721 0.033212434500455856
v -0.07303132116794586 -0.0121819619089365 -0.042857568711042404
v -0.07399915903806686 -0.01192586962133646 -0.044807951897382736
v -0.07359480857849121 -0.013579558581113815 -0.04480065032839775
v -0.09064191579818726 0.01451072283089161 -0.06771951913833618
v -0.09123533964157104 0.01606442779302597 -0.06886214017868042
v -0.07133007794618607 -0.029573628678917885 -0.040119320154190063
v -0.07022713869810104 -0.03100966475903988 -0.03934025391936302
v -0.044411491602659225 -0.10056433081626892 -0.023674847558140755
v -0.05396231263875961 -0.09548540413379669 -0.03517118841409683
v -0.05376904085278511 -0.10549615323543549 -0.03491170331835747
v -0.044525302946567535 -0.11047100275754929 -0.024049222469329834
v -0.0801529586315155 0.016301719471812248 -0.04699164628982544
v -0.07926926016807556 0.01875585876405239 -0.04609977453947067
v 0.04109843447804451 0.02575812116265297 0.035185307264328
v 0.04076959565281868 0.025479869917035103 0.03439971059560776
v 0.0382237583398819 0.026758387684822083 0.03689910098910332
v -0.05985352024435997 -0.011824403889477253 -0.05028542876243591
v -0.059913650155067444 -0.012959441170096397 -0.05235685035586357
v -0.062416594475507736 -0.014619414694607258 -0.05093511939048767
v -0.06517470628023148 -0.007831810973584652 -0.04904826730489731
v -0.060940202325582504 -0.007073849439620972 -0.04965374618768692
v 0.03805966302752495 0.02647593431174755 0.03617043420672417
v 0.0347876250743866 0.030714308843016624 0.03902618959546089
v 0.04017343372106552 0.030304543673992157 0.03810524195432663
v 0.03796105086803436 0.027845313772559166 0.03314953297376633
v 0.03627340868115425 0.026863371953368187 0.030049314722418785
v 0.033728137612342834 0.027129346504807472 0.031408391892910004
v 0.03457266092300415 0.028388384729623795 0.03494999557733536
v -0.06323797255754471 -0.010516036301851273 -0.05291787162423134
v 0.022791948169469833 0.022691963240504265 0.0339122973382473
v 0.02325485087931156 0.02387951873242855 0.03448370099067688
v -0.0646398738026619 -0.0055826809257268906 -0.052286263555288315
v -0.065315380692482 -0.004625172354280949 -0.050685279071331024
v -0.06788293272256851 -0.01854950375854969 -0.04750747233629227
v -0.06948278099298477 -0.018850654363632202 -0.050010718405246735
v -0.07109537720680237 -0.018934838473796844 -0.04642642289400101
v -0.06029672175645828 -0.013280420564115047 -0.053063202649354935
v -0.07149339467287064 0.004859609063714743 -0.054300159215927124
v 0.023742470890283585 0.02443377487361431 0.0317670963704586
v 0.02317837066948414 0.02323027327656746 0.03127608448266983
v 0.021893210709095 0.022329503670334816 0.03481539338827133
v 0.02304527722299099 0.0235424917191267 0.035517558455467224
v -0.06627372652292252 -0.009589235298335552 -0.05284365266561508
v -0.06952804327011108 -0.012252813205122948 -0.05473541095852852
v -0.06923028081655502 -0.014397090300917625 -0.0537661574780941
v -0.06611601263284683 -0.011495648883283138 -0.05273095890879631
v -0.07871150970458984 -0.022401228547096252 -0.05501233786344528
v -0.07909386605024338 -0.020567528903484344 -0.05485963821411133
v -0.07342756539583206 -0.01679031364619732 -0.05571390315890312
v -0.07644303143024445 -0.01660473272204399 -0.05358351767063141
v -0.0725933387875557 5.8927143982145935e-05 -0.053242020308971405
v -0.0742221474647522 0.003194775665178895 -0.051554106175899506
v -0.06977981328964233 -0.003454162972047925 -0.0501277893781662
v -0.06706326454877853 -0.007376099471002817 -0.05259810760617256
v -0.06929444521665573 -0.009561598300933838 -0.0546443872153759
v -0.06541052460670471 -0.006369469221681356 -0.04930446296930313
v -0.06930681318044662 -0.006461997516453266 -0.048852451145648956
v -0.06913026422262192 -0.00539780268445611 -0.04911258816719055
v -0.06534233689308167 -0.005377235356718302 -0.049607861787080765
v -0.07940833270549774 0.009595220908522606 -0.05585162714123726
v -0.07774209976196289 0.01644735597074032 -0.04516216367483139
v -0.07879361510276794 0.013553879223763943 -0.04654860496520996
v -0.07922321557998657 0.027269579470157623 -0.07125324755907059
v -0.07739517837762833 0.019015489146113396 -0.07609978318214417
v -0.07771632820367813 0.0198289155960083 -0.063331238925457
v -0.06311968713998795 -0.008709752932190895 -0.052725594490766525
v -0.06137238070368767 -0.004938094411045313 -0.05120975524187088
v -0.06176546588540077 -0.005280215293169022 -0.049799274653196335
v -0.08427059650421143 -0.018649665638804436 -0.06279534101486206
v -0.07226294279098511 -0.019129376858472824 -0.04593076556921005
v -0.07252228260040283 0.005057929549366236 -0.05088873207569122
v -0.08359818905591965 -0.010439661331474781 -0.06957518309354782
v -0.08232010155916214 -0.015545694157481194 -0.06745193898677826
v -0.07185009121894836 0.006253667641431093 -0.0512118861079216
v -0.07279875874519348 0.007376397959887981 -0.050050705671310425
v -0.07029350101947784 -0.018646162003278732 -0.05079319700598717
v -0.07166816294193268 -0.017874035984277725 -0.04757882282137871
v -0.07306607067584991 0.007810069248080254 -0.04991976171731949
v -0.07346254587173462 -0.01245885156095028 -0.046255532652139664
v -0.08384361863136292 0.009812947362661362 -0.06144538149237633
v 0.02679317444562912 0.02715832181274891 0.036063723266124725
v 0.02738182060420513 0.026499861851334572 0.032420720905065536
v -0.07492155581712723 -0.030039088800549507 -0.05581003054976463
v -0.07326580584049225 -0.03157147765159607 -0.05282049998641014
v 0.02476460114121437 0.02586006186902523 0.03222504258155823
v -0.061342753469944 -0.006070153787732124 -0.04979783669114113
v 0.024488206952810287 0.025650272145867348 0.035383183509111404
v -0.06495799124240875 -0.01536248903721571 -0.04986884444952011
v -0.06428668648004532 -0.006993172224611044 -0.052782632410526276
v 0.02765350043773651 0.026080792769789696 0.037411000579595566
v 0.024880321696400642 0.024764392524957657 0.03646721690893173
v 0.03456295281648636 0.02703011967241764 0.037398844957351685
v -0.07167931646108627 -0.008578543551266193 -0.04773399606347084
v -0.07121271640062332 -0.010732332244515419 -0.04747117683291435
v -0.07397700101137161 -0.010263173840939999 -0.046395182609558105
v 0.020990785211324692 0.07147714495658875 -0.1467132568359375
v 0.02041703648865223 0.05584333837032318 -0.14986413717269897
v -0.07782815396785736 -0.016232309862971306 -0.055287111550569534
v -0.07426450401544571 -0.015524676069617271 -0.057980362325906754
v -0.07527260482311249 -0.014521275646984577 -0.06010817736387253
v -0.07932890951633453 -0.015362556092441082 -0.056975845247507095
v -0.08081498742103577 -0.02033410221338272 -0.06509950757026672
v -0.07903638482093811 -0.02467082254588604 -0.06187835708260536
v -0.08130066841840744 -0.02617286704480648 -0.06147947534918785
v -0.08337314426898956 -0.021729478612542152 -0.06518898159265518
v 0.03998303785920143 0.0577019602060318 -0.14099463820457458
v 0.04009300470352173 0.0712844580411911 -0.13846462965011597
v -0.08055579662322998 0.042646054178476334 -0.07963985949754715
v -0.07982490211725235 0.032917320728302 -0.06436335295438766
v -0.0811895877122879 0.049123797565698624 -0.06820007413625717
v -0.08225803077220917 0.019522059708833694 -0.0646277442574501
v -0.08239476382732391 0.017114559188485146 -0.06638363003730774
v -0.08718957751989365 0.018250593915581703 -0.0695086121559143
v -0.0774172991514206 0.02358139120042324 -0.04922764003276825
v -0.07787784188985825 0.021161945536732674 -0.05323227494955063
v -0.07755013555288315 0.022539308294653893 -0.051131557673215866
v -0.087321937084198 -0.005470425821840763 -0.0724930688738823
v 0.04094966873526573 0.026881467550992966 0.03128017857670784
v 0.03914744779467583 0.026262953877449036 0.028480781242251396
v 0.05023665353655815 0.0724625438451767 -0.13081452250480652
v 0.049476973712444305 0.08111058175563812 -0.12793593108654022
v 0.04059334099292755 0.0829303041100502 -0.13333986699581146
v 0.03478465974330902 -0.06191495433449745 -0.09773613512516022
v 0.024662496522068977 -0.07239915430545807 -0.10431879013776779
v -0.0745304673910141 0.00523183960467577 -0.044985778629779816
v -0.07646343857049942 0.005892847198992968 -0.04779146984219551
v 0.021097715944051743 0.022063888609409332 0.03598609194159508
v -0.07726747542619705 -0.018155556172132492 -0.06292008608579636
v 0.02258589304983616 0.02329052798449993 0.03653162345290184
v -0.07934216409921646 -0.01715497113764286 -0.05502421408891678
v -0.08126329630613327 -0.01658495143055916 -0.05730170011520386
v -0.08829319477081299 0.020272070541977882 -0.057717274874448776
v -0.08493960648775101 0.018415676429867744 -0.05536814033985138
v 0.020060865208506584 0.021213235333561897 0.035521626472473145
v 0.018933521583676338 0.021045243367552757 0.035750843584537506
v 0.019874144345521927 0.02217642404139042 0.036125876009464264
v 0.021432410925626755 0.023679975420236588 0.036732375621795654
v 0.024457000195980072 0.024770881980657578 0.03725861385464668
v 0.023553170263767242 0.025325488299131393 0.03764300420880318
v 0.02676507830619812 0.027061479166150093 0.03854316473007202
v 0.02741803415119648 0.026321783661842346 0.0382026843726635
v 0.03440321236848831 0.027210963889956474 0.03821156173944473
v 0.03418334946036339 0.02803056687116623 0.03842379152774811
v 0.026132432743906975 0.027733134105801582 0.038379888981580734
v 0.02291230298578739 0.025962114334106445 0.03739141672849655
v 0.025605810806155205 0.028314931318163872 0.03792833164334297
v 0.022607741877436638 0.026758626103401184 0.03705163300037384
v 0.03396311029791832 0.029452290385961533 0.03794591873884201
v 0.03403279185295105 0.02883302979171276 0.03837176039814949
v 0.02213062345981598 0.018664740025997162 0.03642033040523529
v 0.01925656385719776 0.019358569756150246 0.0359233096241951
v 0.02246115915477276 0.01904582791030407 0.036033812910318375
v 0.020308539271354675 0.019684936851263046 0.03565439209342003
v 0.02342459000647068 0.019240323454141617 0.03522328659892082
v 0.01969677396118641 0.020129185169935226 0.03550470620393753
v 0.018671026453375816 0.01987389661371708 0.03574586287140846
v -0.01036769151687622 -0.11197853088378906 0.0033884092699736357
v -0.010228550992906094 -0.11900337040424347 -0.0003065565542783588
v 0.023479875177145004 0.01944485679268837 0.034071214497089386
v 0.01889505609869957 0.02245549112558365 0.03567304089665413
v 0.017871150746941566 0.020945895463228226 0.03559732064604759
v 0.017698777839541435 0.022788072004914284 0.03521164134144783
v 0.016691969707608223 0.02095164731144905 0.035300228744745255
v 0.01971649006009102 0.024966083467006683 0.03581273928284645
v 0.020548706874251366 0.024264000356197357 0.036262910813093185
v 0.017614686861634254 0.019613897427916527 0.035707879811525345
v 0.018166454508900642 0.01902729459106922 0.03595173358917236
v 0.01656298339366913 0.01946907863020897 0.035528093576431274
v 0.01723303645849228 0.018703777343034744 0.03578759729862213
v 0.024465512484312057 0.0159809198230505 0.03733145818114281
v 0.024163365364074707 0.015291240997612476 0.03734227269887924
v 0.020902909338474274 0.01739051565527916 0.03671830892562866
v 0.020260190591216087 0.016826290637254715 0.036671318113803864
v 0.032777685672044754 0.012476117350161076 0.03675985336303711
v 0.03604990243911743 0.012634742073714733 0.03576185926795006
v 0.03231604024767876 0.011179858818650246 0.03678933531045914
v -0.008044579066336155 -0.008754664100706577 0.05799509584903717
v -0.009516939520835876 -0.00902010127902031 0.05661594122648239
v -0.008489161729812622 -0.00709032965824008 0.05565778166055679
v -0.007738583255559206 -0.007020190358161926 0.05629037693142891
v 0.035749178379774094 0.011141680181026459 0.035726435482501984
v 0.02733922377228737 0.011716775596141815 0.037532370537519455
v 0.027892842888832092 0.012904488481581211 0.03744623810052872
v 0.03188455477356911 -0.1158929392695427 -0.015265376307070255
v 0.046423401683568954 0.014488931745290756 0.027881700545549393
v 0.04776223003864288 0.01290389709174633 0.02722885273396969
v 0.04607803001999855 0.012169798836112022 0.02901299297809601
v 0.04498637467622757 0.013990937732160091 0.029391897842288017
v 0.043392982333898544 0.013562660664319992 0.030949072912335396
v -0.008511596359312534 -0.01774442009627819 0.05658005550503731
v -0.007867035456001759 -0.01612035371363163 0.055473193526268005
v -0.008681361563503742 -0.016364509239792824 0.05474252998828888
v -0.009444708935916424 -0.017698079347610474 0.055614225566387177
v 0.04394325986504555 0.011660002171993256 0.03092610090970993
v 0.04147033393383026 0.011425426229834557 0.03270605951547623
v 0.041318122297525406 0.013157328590750694 0.03265903890132904
v 0.03908326476812363 0.01288742944598198 0.034187059849500656
v 0.03895721584558487 0.011265349574387074 0.0342327281832695
v 0.049615006893873215 0.018297212198376656 0.02516532689332962
v 0.05082682892680168 0.021696776151657104 0.024997640401124954
v 0.05160015821456909 0.017288291826844215 0.023407461121678352
v 0.053096480667591095 0.021177509799599648 0.02270190231502056
v 0.016157032921910286 0.023589203134179115 0.035339970141649246
v -0.005289326421916485 -0.007273337338119745 0.05544563755393028
v -0.0037817086558789015 -0.01023311447352171 0.05822356045246124
v -0.005286893807351589 -0.008868087083101273 0.05968368053436279
v -0.006487023551017046 -0.006542148534208536 0.05626378953456879
v 0.015332814306020737 0.02130725234746933 0.035166025161743164
v 0.01399974524974823 0.024403123185038567 0.036379456520080566
v 0.013572631403803825 0.02185704931616783 0.035895735025405884
v 0.015598950907588005 0.027323897927999496 0.03761781007051468
v 0.017750488594174385 0.02652660384774208 0.03643980249762535
v 0.015607119537889957 0.01941172406077385 0.03536675497889519
v 0.016283351927995682 0.018309548497200012 0.03559798747301102
v 0.014199341647326946 0.01925664022564888 0.03572778031229973
v 0.015250890515744686 0.017744064331054688 0.03590361028909683
v 0.023605460301041603 0.014307860285043716 0.03730065003037453
v 0.0229733195155859 0.013189071789383888 0.03735320270061493
v 0.019520731642842293 0.016091352328658104 0.03660299628973007
v 0.018554478883743286 0.015187202021479607 0.03678325563669205
v 0.04764241725206375 -0.011462193913757801 -0.11611408740282059
v 0.052240822464227676 0.030372699722647667 -0.1296922117471695
v 0.04761496186256409 0.034533340483903885 0.03553292900323868
v 0.045384787023067474 0.031575750559568405 0.036480993032455444
v 0.041768573224544525 0.032593984156847 0.03875941410660744
v 0.04361668974161148 0.036106545478105545 0.038842104375362396
v 0.04962790384888649 0.03913998603820801 0.03322756290435791
v 0.05211222916841507 0.03586047515273094 0.03025580756366253
v 0.050165001302957535 0.032406002283096313 0.03246337175369263
v 0.048004794865846634 0.03001246228814125 0.033888012170791626
v 0.05170179158449173 0.024591723456978798 0.025984756648540497
v 0.05002349615097046 0.024526400491595268 0.027663031592965126
v 0.05015110597014427 0.026274148374795914 0.029227446764707565
v 0.05182243138551712 0.026965109631419182 0.02766852080821991
v 0.053948014974594116 0.024732742458581924 0.023552991449832916
v 0.05432283505797386 0.02821371518075466 0.025302421301603317
v 0.05129685625433922 0.029400894418358803 0.02992570772767067
v 0.04934848099946976 0.028038248419761658 0.03143753483891487
v 0.05352534353733063 0.03170299157500267 0.02789280191063881
v 0.02373073622584343 0.03222367540001869 0.040389567613601685
v 0.0245928093791008 0.03085113689303398 0.0389416478574276
v 0.021474527195096016 0.028755618259310722 0.03746184706687927
v 0.01979374885559082 0.029375866055488586 0.03829994425177574
v 0.022418156266212463 0.03353046998381615 0.041440531611442566
v 0.01776035502552986 0.030062634497880936 0.03924591466784477
v 0.03719553351402283 0.03715655952692032 0.041819166392087936
v 0.03587286174297333 0.033282823860645294 0.040562815964221954
v 0.025225965306162834 0.028724433854222298 0.03753386810421944
v 0.022839803248643875 0.027266046032309532 0.03712192550301552
v 0.025096897035837173 0.029006680473685265 0.03763559088110924
v 0.02274051122367382 0.027564918622374535 0.03702811524271965
v 0.058284368366003036 0.09202124178409576 -0.11000528186559677
v 0.06059720367193222 0.09807927161455154 -0.09750769287347794
v 0.04393402487039566 0.1087590903043747 -0.10383620113134384
v 0.043009202927351 0.10131419450044632 -0.11614614725112915
v 0.04169305041432381 0.02800244279205799 0.035482339560985565
v 0.042095575481653214 0.028297297656536102 0.03597200661897659
v 0.04461061954498291 0.02730843611061573 0.03428225964307785
v 0.04405667632818222 0.02694563753902912 0.033991653472185135
v 0.045960381627082825 0.02595352940261364 0.0322868749499321
v 0.04659963771700859 0.02634481154382229 0.032367248088121414
v 0.047876082360744476 0.025378432124853134 0.030534420162439346
v 0.047216884791851044 0.025030622258782387 0.03059905208647251
v 0.04787483438849449 0.024387843906879425 0.029338236898183823
v 0.048434823751449585 0.02431834116578102 0.02890019863843918
v 0.0224929116666317 0.028250740841031075 0.03732266649603844
v 0.024993179365992546 0.029537592083215714 0.038021691143512726
v 0.051524072885513306 0.06054063141345978 -0.13200198113918304
v 0.04475321248173714 0.07489437609910965 0.024106638506054878
v 0.0517604798078537 0.07129295915365219 0.01747097261250019
v 0.04976031556725502 0.06473641097545624 0.023209763690829277
v 0.04333874210715294 0.029418108984827995 0.03658800944685936
v 0.04599960893392563 0.028341354802250862 0.034450680017471313
v 0.047812461853027344 0.027089949697256088 0.032240111380815506
v 0.048871975392103195 0.025795629248023033 0.030308950692415237
v 0.04924965277314186 0.024858558550477028 0.02897227555513382
v 0.07023891806602478 -0.01360543817281723 -0.03719969093799591
v 0.07103600353002548 -0.013686939142644405 -0.038868248462677
v 0.07852315157651901 -0.003237741766497493 -0.06431695073843002
v 0.07656832039356232 0.0035764649510383606 -0.06369981914758682
v 0.07537022233009338 0.007015739567577839 -0.06269533187150955
v 0.07791686058044434 0.015147375874221325 -0.048634085804224014
v 0.08216631412506104 0.018158365041017532 -0.051399242132902145
v 0.08189480751752853 -0.022528991103172302 -0.05832589417695999
v 0.07876952737569809 -0.02431385964155197 -0.05442732572555542
v -0.0880226343870163 0.023626964539289474 -0.058477528393268585
v 0.08194845169782639 -0.02156536467373371 -0.05891764163970947
v 0.08831053972244263 0.01450423989444971 -0.06255120038986206
v 0.08864150941371918 0.012836351990699768 -0.06388874351978302
v 0.08946182578802109 0.01266985572874546 -0.06375545263290405
v 0.04057324677705765 -0.03285624086856842 -0.10572139918804169
v 0.045011840760707855 -0.02023029513657093 -0.11191976815462112
v 0.08906678855419159 0.010790280997753143 -0.0653422400355339
v 0.07331258058547974 -0.008959959261119366 -0.04125522822141647
v 0.07986711710691452 -0.00397137738764286 -0.06456384807825089
v 0.08184431493282318 -0.00469558872282505 -0.0662674531340599
v 0.08223838359117508 -0.009919089265167713 -0.06663966178894043
v 0.08161798864603043 -0.009268289431929588 -0.06553640961647034
v 0.08111055195331573 -0.014778942801058292 -0.06472089886665344
v 0.08061692863702774 -0.013718219473958015 -0.0640166774392128
v 0.08360863476991653 -0.018842611461877823 -0.06149744614958763
v 0.08576188236474991 -0.01530798152089119 -0.06333266198635101
v 0.0833313837647438 0.018649466335773468 -0.052427176386117935
v 0.08247498422861099 0.017608486115932465 -0.05090588331222534
v 0.08406451344490051 0.018259653821587563 -0.05269921198487282
v 0.07402317225933075 -0.01019275188446045 -0.04271695017814636
v 0.0759672224521637 0.013690224848687649 -0.04842953383922577
v 0.07570492476224899 0.011098571121692657 -0.04743509367108345
v 0.07526516914367676 0.011502515524625778 -0.047863949090242386
v 0.06997445225715637 -0.005052180029451847 -0.04697886481881142
v 0.07003926485776901 -0.004084168467670679 -0.04709864407777786
v 0.07120370119810104 -0.006557475309818983 -0.04642922058701515
v 0.07388992607593536 -0.008178710006177425 -0.04508627578616142
v 0.06725917011499405 -0.015937427058815956 -0.04529683664441109
v 0.06648522615432739 -0.017343688756227493 -0.047637082636356354
v 0.06708353757858276 -0.018401499837636948 -0.046773526817560196
v 0.08510755747556686 0.02507268451154232 -0.05699287727475166
v 0.0757678896188736 0.010121241211891174 -0.047206174582242966
v 0.0773339718580246 0.01115915272384882 -0.04722428321838379
v 0.07765790820121765 0.012385517358779907 -0.04749392718076706
v 0.08495192974805832 0.01787654682993889 -0.053013984113931656
v 0.07779528200626373 0.013293170370161533 -0.0477735735476017
v 0.07699920982122421 0.013315988704562187 -0.047713011503219604
v 0.07866697758436203 0.014861062169075012 -0.04852428287267685
v 0.07633094489574432 0.0133202588185668 -0.047919146716594696
v 0.07363851368427277 -0.011786168441176414 -0.059423644095659256
v 0.07221715152263641 -0.012014447711408138 -0.05744863301515579
v 0.07235345989465714 0.007503910455852747 -0.03822945058345795
v 0.07314986735582352 0.0050608329474925995 -0.0403285026550293
v 0.07783370465040207 -0.02492905780673027 -0.05218319594860077
v 0.07536760717630386 0.013948855921626091 -0.05900271236896515
v 0.07550618797540665 0.016436029225587845 -0.06020059809088707
v 0.087052121758461 -0.010554766282439232 -0.06527150422334671
v 0.08001428097486496 -0.015994712710380554 -0.05534371733665466
v 0.07787124067544937 -0.016536328941583633 -0.05332310497760773
v 0.0818604901432991 -0.014981183223426342 -0.0571432001888752
v 0.083481565117836 -0.012456073425710201 -0.058733586221933365
v 0.07049223780632019 0.003910836763679981 -0.052906133234500885
v 0.08302353322505951 0.007749905344098806 -0.05708528682589531
v 0.08351388573646545 0.005549819674342871 -0.05848768725991249
v 0.08141225576400757 0.007791976444423199 -0.05550316348671913
v 0.07692380249500275 0.020004810765385628 -0.05843362584710121
v 0.07670718431472778 0.019948331639170647 -0.05606131628155708
v 0.07751501351594925 0.014268309809267521 -0.05639618635177612
v 0.07598298043012619 0.018354669213294983 -0.055456340312957764
v 0.06931648403406143 -0.012413118965923786 -0.045681241899728775
v 0.06909708678722382 -0.018584422767162323 -0.049207985401153564
v 0.06810297071933746 -0.016459915786981583 -0.049978453665971756
v 0.07009980082511902 -0.018338985741138458 -0.05015082284808159
v 0.06954148411750793 -0.017466353252530098 -0.05155066400766373
v 0.07001081109046936 -0.015815461054444313 -0.05331660434603691
v 0.07069172710180283 -0.013851181603968143 -0.05469859018921852
v 0.07062629610300064 -0.011447488330304623 -0.055486638098955154
v 0.06891831755638123 -0.008218062110245228 -0.046567611396312714
v 0.07722388952970505 0.019381774589419365 -0.04530658945441246
v 0.06836900860071182 -0.01014543417841196 -0.046378642320632935
v 0.07030820846557617 -0.006476768758147955 -0.04666610807180405
v 0.0704844519495964 -0.00830153375864029 -0.04619992896914482
v 0.07017509639263153 -0.010334353893995285 -0.0457809679210186
v 0.07475622743368149 -0.019292578101158142 -0.04669059067964554
v 0.0755651518702507 -0.017634043470025063 -0.04924028366804123
v 0.07327114790678024 -0.01859109289944172 -0.04604844003915787
v 0.07656046003103256 -0.01698145642876625 -0.05138447508215904
v 0.07210458815097809 -0.01826692745089531 -0.045602116733789444
v 0.0752856656908989 0.01527384016662836 -0.05736292153596878
v 0.07567418366670609 0.018380524590611458 -0.057485420256853104
v 0.07030897587537766 -0.009981672279536724 -0.035196732729673386
v 0.06454593688249588 -0.0020012380555272102 0.012454225681722164
v 0.06586416810750961 0.007666382472962141 0.006916112266480923
v 0.02582336775958538 -0.051547784358263016 0.03238849341869354
v 0.024775654077529907 -0.0545009970664978 0.0328393317759037
v 0.05702556297183037 -0.01353578269481659 0.02637002430856228
v 0.052398134022951126 -0.016167080029845238 0.03161698952317238
v 0.024954546242952347 -0.04633879289031029 0.04427909478545189
v 0.02418563701212406 -0.047023992985486984 0.04439608007669449
v 0.02326236478984356 -0.04648040607571602 0.044582586735486984
v 0.02402704767882824 -0.04611870273947716 0.04427482932806015
v 0.021870587021112442 -0.045693930238485336 0.04293115437030792
v 0.022671250626444817 -0.04582364112138748 0.04222751781344414
v 0.022859349846839905 -0.045902010053396225 0.0430707111954689
v 0.022137895226478577 -0.04576036334037781 0.04378512501716614
v 0.028995119035243988 -0.031111307442188263 0.04578437656164169
v 0.03265189751982689 -0.02704286016523838 0.04464425891637802
v 0.03508424758911133 -0.031482014805078506 0.043486759066581726
v 0.031515561044216156 -0.03483133763074875 0.044892262667417526
v 0.024570323526859283 -0.04693131148815155 0.03495274484157562
v 0.024349408224225044 -0.04563118517398834 0.0353308767080307
v 0.023094965144991875 -0.04561793431639671 0.0391218475997448
v 0.023549402132630348 -0.04619849473237991 0.038798850029706955
v 0.024286750704050064 -0.0496908500790596 0.035012077540159225
v 0.02331324853003025 -0.04755321890115738 0.038620930165052414
v 0.02638844959437847 -0.04756726697087288 0.03235764056444168
v 0.025643330067396164 -0.045349474996328354 0.03273903578519821
v 0.034123826771974564 -0.052997101098299026 0.040251486003398895
v 0.030469078570604324 -0.05064867436885834 0.04182077571749687
v 0.03143782168626785 -0.04745514690876007 0.04246630147099495
v 0.03509566932916641 -0.04828581586480141 0.04083114489912987
v 0.024836426600813866 -0.019356753677129745 0.04570259898900986
v 0.029041150584816933 -0.023182936012744904 0.045442238450050354
v 0.02567126415669918 -0.027193795889616013 0.04631000757217407
v 0.021859174594283104 -0.02288677915930748 0.04637756943702698
v 0.01798904687166214 -0.018129780888557434 0.0468876026570797
v 0.02077329345047474 -0.015389792621135712 0.04591820761561394
v 0.016365621238946915 -0.010497797280550003 0.050499238073825836
v 0.017153693363070488 -0.01414591632783413 0.051663439720869064
v 0.016874540597200394 -0.015131611377000809 0.05508657172322273
v 0.01708100736141205 -0.012936566025018692 0.05386168882250786
v 0.014929973520338535 -0.01903332583606243 0.05338958650827408
v 0.017296792939305305 -0.01637973077595234 0.05016741901636124
v 0.011105659417808056 -0.020332204177975655 0.05390163138508797
v -0.011494871228933334 -0.017912667244672775 0.05596301332116127
v -0.010513176210224628 -0.016358373686671257 0.05486395210027695
v -0.011535963043570518 -0.01563563570380211 0.05657179653644562
v -0.012908724136650562 -0.016910377889871597 0.05760235711932182
v 0.010767985135316849 -0.01959873177111149 0.05485878512263298
v 0.014872786588966846 -0.019541606307029724 0.0517968088388443
v -0.004614845383912325 -0.017061827704310417 0.06438057124614716
v -0.005741892382502556 -0.014973671175539494 0.06451892107725143
v -0.004672330804169178 -0.015893466770648956 0.06217803433537483
v -0.004609047435224056 -0.01772533729672432 0.06183692067861557
v 0.015139991417527199 -0.020483145490288734 0.04992041736841202
v 0.011485657654702663 -0.020976603031158447 0.05281883105635643
v 0.010039552114903927 -0.01857246831059456 0.05585239827632904
v 0.012783092446625233 -0.01851135492324829 0.05584012344479561
v -0.007342315278947353 -0.014336556196212769 0.06392320990562439
v -0.009058135561645031 -0.01487134862691164 0.06557687371969223
v -0.010752047412097454 -0.01489445473998785 0.06393216550350189
v -0.008744986727833748 -0.014363996684551239 0.06235731020569801
v -0.004362053703516722 -0.013668857514858246 0.057335641235113144
v -0.005545784253627062 -0.015495038591325283 0.058584339916706085
v -0.0037145623937249184 -0.013696773909032345 0.06091837212443352
v -0.011673307977616787 -0.013616069220006466 0.054874952882528305
v -0.010026097297668457 -0.014715604484081268 0.05356982722878456
v -0.009354797191917896 -0.010918882675468922 0.05277610570192337
v -0.010731992311775684 -0.010023266077041626 0.05380327254533768
v 0.014587856829166412 -0.01666276715695858 0.057416606694459915
v 0.0042111254297196865 -0.01815393939614296 0.06432469189167023
v 0.0055106994695961475 -0.016919881105422974 0.06628753989934921
v 0.00915801152586937 0.013106542639434338 0.0500248447060585
v 0.011784076690673828 0.00956849753856659 0.04699842631816864
v 0.009108223952353 0.010412166826426983 0.05227847769856453
v 0.011760289780795574 0.007280795834958553 0.049269285053014755
v 0.013692546635866165 -0.014596033841371536 0.061229098588228226
v 0.015258988365530968 -0.012678826227784157 0.05951657146215439
v 0.011419011279940605 -0.013421107083559036 0.06497325748205185
v 0.01243819110095501 -0.010752988047897816 0.06448040157556534
v 0.004709865897893906 0.02821185812354088 0.05000587925314903
v 0.0020626483019441366 -0.021480035036802292 0.06005679816007614
v 0.0023419710341840982 -0.022199736908078194 0.05956229194998741
v 0.0018402180867269635 -0.020455945283174515 0.06198413297533989
v 0.021936247125267982 0.09428288042545319 -0.13442839682102203
v 0.02245151996612549 0.10658475011587143 -0.12314388155937195
v 0.021718071773648262 0.11998401582241058 -0.10002123564481735
v 0.01951402612030506 0.12449538707733154 -0.0876273661851883
v 0.006008141674101353 -0.03856499865651131 0.05986478924751282
v 0.005496982019394636 -0.035998959094285965 0.05983782187104225
v 0.012704039923846722 -0.039341919124126434 0.04601237177848816
v 0.007175183389335871 -0.03917656093835831 0.04735315218567848
v 0.0068468619138002396 -0.04293054714798927 0.05001583322882652
v 0.012090436182916164 -0.04293540120124817 0.04862731322646141
v 0.016216937452554703 -0.04311053082346916 0.04646644368767738
v 0.017112670466303825 -0.03968053311109543 0.0439622700214386
v 0.013255304656922817 -0.03583148866891861 0.04458290711045265
v 0.0075745307840406895 -0.03553716465830803 0.045994650572538376
v 0.012014828622341156 -0.04506201669573784 0.0519874170422554
v 0.006850299891084433 -0.045050378888845444 0.054078079760074615
v 0.006759634707123041 -0.04329930990934372 0.05702007934451103
v 0.012113829143345356 -0.0437081940472126 0.054376330226659775
v 0.017960604280233383 -0.02485816925764084 0.048688728362321854
v 0.01397705264389515 -0.024232836440205574 0.05121142044663429
v 0.009864493273198605 -0.024183835834264755 0.05470743402838707
v 0.006657888647168875 -0.024368926882743835 0.05734807997941971
v 0.005934217479079962 -0.022334547713398933 0.05767882987856865
v 0.008435634896159172 -0.02168339118361473 0.05547849088907242
v 0.005574116483330727 -0.02148418128490448 0.05804012715816498
v 0.00808448251336813 -0.020934974774718285 0.05610482394695282
v 0.007858777418732643 -0.02015945315361023 0.05662267282605171
v 0.008372601121664047 -0.018749840557575226 0.05702679604291916
v 0.006506316363811493 -0.018945330753922462 0.058222051709890366
v 0.007054742891341448 -0.017737122252583504 0.05787811428308487
v 0.005438113585114479 -0.020612120628356934 0.058276716619729996
v 0.004488334525376558 0.004834115505218506 0.06499242782592773
v 0.004311833996325731 0.008483653888106346 0.06221018731594086
v 0.010033605620265007 -0.03427790477871895 0.057972248643636703
v 0.005071720108389854 -0.0338384285569191 0.05933232977986336
v 0.004467179998755455 -0.02978101558983326 0.05867072939872742
v 0.008797604590654373 -0.02978910505771637 0.05738763511180878
v 0.013261479325592518 -0.030540822073817253 0.05489180609583855
v 0.015030210837721825 -0.03596721589565277 0.05535034462809563
v 0.0027285905089229345 -0.022972330451011658 0.059135738760232925
v 0.01045255921781063 -0.036485664546489716 0.0581805594265461
v 0.010831527411937714 -0.03898535296320915 0.05789906159043312
v 0.015565130859613419 -0.03829070180654526 0.055380929261446
v 0.015889298170804977 -0.04050084203481674 0.05491819977760315
v 0.019749635830521584 -0.03843282163143158 0.05213095247745514
v 0.018557436764240265 -0.032468393445014954 0.051940448582172394
v 0.024326952174305916 -0.034574758261442184 0.048619117587804794
v 0.023657184094190598 -0.04110078141093254 0.048793990164995193
v 0.03135337308049202 -0.04433964192867279 0.043540939688682556
v 0.02633245661854744 -0.046569421887397766 0.04403185471892357
v 0.026547987014055252 -0.04531030356884003 0.044673725962638855
v 0.026257891207933426 -0.04410381242632866 0.045636337250471115
v 0.030487773939967155 -0.04123268648982048 0.04487491399049759
v 0.03482995182275772 -0.04369034245610237 0.041995178908109665
v 0.03366032615303993 -0.03908432647585869 0.043423496186733246
v 0.02841566875576973 -0.03807804360985756 0.04646538943052292
v 0.02554050274193287 -0.04281359910964966 0.04684127867221832
v 0.025165073573589325 -0.045639678835868835 0.04486747831106186
v 0.024169594049453735 -0.045802757143974304 0.044662732630968094
v 0.024992257356643677 -0.04493175074458122 0.04573497548699379
v 0.023975739255547523 -0.04548308998346329 0.04541843384504318
v 0.024408604949712753 -0.04426417499780655 0.04679293930530548
v 0.02356666885316372 -0.04517906904220581 0.0462910495698452
v 0.022720923647284508 -0.0446108914911747 0.04755999892950058
v 0.02327870950102806 -0.04319943115115166 0.04834496229887009
v 0.02218930423259735 -0.0458001010119915 0.042929042130708694
v 0.02128373086452484 -0.04569225013256073 0.04404805973172188
v 0.02139829285442829 -0.045775968581438065 0.04547654837369919
v 0.022211669012904167 -0.04585913568735123 0.04436620697379112
v 0.022723620757460594 -0.04585317149758339 0.042327724397182465
v 0.02265290729701519 -0.04584832116961479 0.04369616135954857
v 0.022564101964235306 -0.045016124844551086 0.04024432972073555
v 0.02130834572017193 -0.04420914873480797 0.04206544905900955
v -0.0476284995675087 -0.08438912779092789 -0.023046962916851044
v -0.05522390455007553 -0.08197610080242157 -0.03668799623847008
v 0.02320871688425541 -0.04603184014558792 0.04153713956475258
v 0.023194149136543274 -0.04585138335824013 0.04275311157107353
v 0.023218240588903427 -0.045899633318185806 0.044165078550577164
v 0.023178022354841232 -0.04578555002808571 0.044671282172203064
v 0.02275696210563183 -0.04566881060600281 0.045432738959789276
v 0.021991387009620667 -0.045465100556612015 0.04648135229945183
v 0.015938004478812218 -0.042453084141016006 0.05371297150850296
v 0.019447237253189087 -0.042430147528648376 0.051547881215810776
v 0.01918880268931389 -0.04404217004776001 0.050110820680856705
v 0.015837261453270912 -0.04446028172969818 0.05159921944141388
v 0.018811097368597984 -0.04513102397322655 0.048488304018974304
v 0.017827412113547325 -0.03623976930975914 0.04275934398174286
v 0.015510553494095802 -0.04516839608550072 0.04972450062632561
v 0.020420556887984276 -0.04070574417710304 0.041385333985090256
v 0.02131161466240883 -0.03804776445031166 0.039296772330999374
v 0.019227834418416023 -0.04359637573361397 0.043919820338487625
v 0.023910049349069595 -0.04419688507914543 0.036410875618457794
v 0.022350726649165154 -0.042505893856287 0.03898025304079056
v 0.025177424773573875 -0.04359998553991318 0.03389466181397438
v 0.023387659341096878 -0.04049095883965492 0.03695048391819
v 0.018672380596399307 -0.04553111270070076 0.04653707146644592
v 0.019710341468453407 -0.04063565656542778 0.052086327224969864
v 0.011349844746291637 -0.041338659822940826 0.05652855336666107
v 0.006271603051573038 -0.04084585979580879 0.05867910012602806
v -0.034023869782686234 0.004752237815409899 0.03646440431475639
v -0.03333717957139015 0.0019416988361626863 0.037733618170022964
v -0.02915581315755844 0.0032372090499848127 0.03871767967939377
v -0.030036918818950653 0.00571628101170063 0.037623558193445206
v 0.005305753089487553 -0.002895212499424815 0.07124073803424835
v 0.004946102388203144 0.0012499953154474497 0.06798180937767029
v 0.02260233275592327 -0.0460091307759285 0.04453587159514427
v 0.010062635876238346 -0.12452544271945953 -0.003350631333887577
v -0.07473025470972061 -0.007940437644720078 -0.04538263380527496
v -0.07423310726881027 -0.007181581575423479 -0.044098831713199615
v -0.0823206678032875 0.014394125901162624 -0.06811276078224182
v 0.025571085512638092 -0.04773406311869621 0.04391609504818916
v 0.02349235862493515 -0.05177876725792885 0.03498347848653793
v 0.02252933569252491 -0.04846673831343651 0.0388273224234581
v 0.03105567768216133 -0.057371027767658234 0.0406702421605587
v 0.026300810277462006 -0.061450086534023285 0.04313860088586807
v 0.02411554381251335 -0.05741920694708824 0.044964518398046494
v 0.028071492910385132 -0.05393490940332413 0.04241384193301201
v 0.021507056429982185 -0.0509425513446331 0.04718439280986786
v 0.02403215318918228 -0.04923759400844574 0.04492497444152832
v -0.08802211284637451 0.016993891447782516 -0.062463030219078064
v 0.022850848734378815 -0.04786382615566254 0.04565432295203209
v 0.020583156496286392 -0.048775143921375275 0.0479101799428463
v 0.019720779731869698 -0.04715292528271675 0.04831058159470558
v 0.021957391873002052 -0.04677508771419525 0.04584015533328056
v 0.017936956137418747 -0.04534328728914261 0.046868376433849335
v 0.013691970147192478 -0.04471145570278168 0.049842752516269684
v 0.013059566728770733 -0.04829522967338562 0.04495908319950104
v 0.01764487475156784 -0.04871613159775734 0.042497433722019196
v 0.02105940692126751 -0.04869610816240311 0.040078677237033844
v 0.02103680931031704 -0.04567128047347069 0.04387955740094185
v -0.08217456191778183 0.02137257345020771 -0.06234824284911156
v -0.08088935911655426 0.023640723899006844 -0.057553231716156006
v -0.07973889261484146 0.02212008461356163 -0.05642811954021454
v -0.08086635917425156 0.019542790949344635 -0.060629937797784805
v 0.018546896055340767 -0.04519408941268921 0.04770715534687042
v 0.021317997947335243 -0.045614127069711685 0.04476869851350784
v 0.014017658308148384 -0.044648781418800354 0.05093592777848244
v 0.020637961104512215 -0.12116917967796326 -0.008395264856517315
v 0.021505121141672134 -0.0459405817091465 0.04558092728257179
v 0.018898850306868553 -0.0456976592540741 0.04807449132204056
v 0.014681077562272549 -0.04554085060954094 0.05160657688975334
v 0.01565489172935486 -0.047537680715322495 0.052099306136369705
v 0.01650477759540081 -0.04985262081027031 0.05216270312666893
v 0.017193883657455444 -0.05271865800023079 0.05119979754090309
v 0.019057990983128548 -0.0600084587931633 0.04841497913002968
v 0.020042741671204567 -0.06497543305158615 0.047216881066560745
v 0.012994193471968174 -0.06157778576016426 0.05133479833602905
v 0.013527036644518375 -0.06668989360332489 0.05100449174642563
v 0.012139460071921349 -0.053992897272109985 0.054791487753391266
v 0.01177414320409298 -0.05044534057378769 0.05617232620716095
v 0.011130106635391712 -0.04769998788833618 0.055882979184389114
v 0.010474100708961487 -0.04542021453380585 0.05485503748059273
v 0.0033322330564260483 -0.024675114080309868 0.058687224984169006
v 0.005264948587864637 -0.0189231988042593 0.05942554026842117
v 0.004246714524924755 -0.018800999969244003 0.061805516481399536
v 0.007594962138682604 -0.015383564867079258 0.06714606285095215
v 0.0017657279968261719 -0.019666317850351334 0.06426883488893509
v 0.009939742274582386 -0.013519536703824997 0.06659771502017975
v 0.008450759574770927 -0.014227456413209438 0.0681413933634758
v 0.009043551981449127 -0.012445532716810703 0.06896406412124634
v 0.010130023583769798 -0.011768197640776634 0.06768222153186798
v 0.007053830195218325 -0.014932062476873398 0.06950145214796066
v 0.008256476372480392 -0.012685690075159073 0.07008228451013565
v 0.0032235051039606333 -0.016237320378422737 0.07145467400550842
v 0.004230352584272623 -0.012682884000241756 0.07362572103738785
v 0.0052517191506922245 -0.006702319253236055 0.07336390763521194
v 0.004682621918618679 -0.010322632268071175 0.07408639043569565
v 0.00949033722281456 -0.010731791146099567 0.06954728811979294
v 0.010587545111775398 -0.008720909245312214 0.068153515458107
v -0.09022422879934311 0.017658840864896774 -0.06374692171812057
v 0.010888837277889252 -0.005865571554750204 0.06566150486469269
v 0.012916304171085358 -0.008130526170134544 0.06199723482131958
v 0.010406442917883396 0.1301819384098053 -0.04384155198931694
v 0.00981629453599453 -0.04424196854233742 0.0538986399769783
v 0.009348254650831223 -0.04436080902814865 0.0519053190946579
v -0.07347282022237778 -0.020612746477127075 -0.045487791299819946
v -0.08179011195898056 0.005881135351955891 -0.058461058884859085
v 0.012738860212266445 -0.058442629873752594 0.03810572624206543
v 0.012842582538723946 -0.054088056087493896 0.040590573102235794
v 0.008521702140569687 -0.05403364077210426 0.042090438306331635
v -0.08034418523311615 0.024049673229455948 -0.054885972291231155
v -0.08380073308944702 0.025564972311258316 -0.05568541958928108
v 0.008458425290882587 -0.05879073217511177 0.03963671624660492
v 0.005144867114722729 -0.04423469305038452 0.05279025062918663
v -0.08828364312648773 -0.005428613629192114 -0.06813722848892212
v -0.09047859162092209 0.016166258603334427 -0.06586624681949615
v -0.08869373053312302 0.014745434746146202 -0.06472309678792953
v -0.08144378662109375 0.016219288110733032 -0.04932234063744545
v -0.07593705505132675 -0.011758962646126747 -0.06256024539470673
v -0.08247310668230057 -0.011552940122783184 -0.060233406722545624
v -0.08097382634878159 -0.014056188054382801 -0.05862538143992424
v -0.07525325566530228 -0.01358895841985941 -0.061422720551490784
v -0.07046143710613251 0.0015920971054583788 -0.056616947054862976
v 0.004746054764837027 -0.047885943204164505 0.04751041904091835
v 0.008819232694804668 -0.04791460186243057 0.04654839634895325
v 0.005360269453376532 -0.04399687051773071 0.05512985587120056
v 0.005832945462316275 -0.04534869268536568 0.056412551552057266
v 0.006371870171278715 -0.04770548641681671 0.057778891175985336
v 0.004468108061701059 -0.05420815572142601 0.042807549238204956
v 0.004505928140133619 -0.05895296111702919 0.04046273231506348
v -0.0703493058681488 -0.01618359610438347 -0.037127282470464706
v 0.021810203790664673 -0.05323750525712967 0.03617679700255394
v -0.07805589586496353 -0.02706228196620941 -0.05253935977816582
v -0.07913763076066971 -0.025874564424157143 -0.054898712784051895
v -0.03148794174194336 -0.033541373908519745 -0.11569160968065262
v -0.0348370298743248 -0.022403718903660774 -0.12220397591590881
v -0.08953677117824554 -0.005523927044123411 -0.07094519585371017
v 0.022666165605187416 -0.05676823481917381 0.0339934378862381
v 0.017621856182813644 -0.054107166826725006 0.03855053707957268
v 0.017907701432704926 -0.05799984559416771 0.03631085529923439
v 0.007558995857834816 -0.0668313279747963 0.053915996104478836
v 0.007248156704008579 -0.06212892755866051 0.05368088185787201
v 0.006530485115945339 -0.0511217936873436 0.05811335891485214
v 0.00667047593742609 -0.05505489557981491 0.05648734048008919
v 0.022473754361271858 0.11454275250434875 -0.11228220164775848
v 0.062954843044281 0.07698412984609604 -0.0058089313097298145
v 0.06145234778523445 0.07025470584630966 0.002149756997823715
v -0.08250490576028824 0.017999716103076935 -0.05654129013419151
v 0.05446089804172516 0.07794079184532166 0.009175489656627178
v 0.056370388716459274 0.08322165906429291 0.0018005594611167908
v 0.06368906795978546 0.08474934101104736 -0.014008750207722187
v 0.057003192603588104 0.08981679379940033 -0.005991154350340366
v 0.04012322053313255 0.12180158495903015 -0.06327148526906967
v 0.040713198482990265 0.12129730731248856 -0.048975542187690735
v 0.021614251658320427 0.12751564383506775 -0.04507577419281006
v 0.034952666610479355 0.12181416898965836 -0.0772930234670639
v 0.047256216406822205 0.11324071884155273 -0.08656477183103561
v 0.0495695024728775 0.11610135436058044 -0.06714189052581787
v 0.04958435893058777 0.11616228520870209 -0.0518031008541584
v -0.07497445493936539 -0.02117692306637764 -0.04686091095209122
v -0.07406866550445557 -0.02711530588567257 -0.046222515404224396
v -0.0728188082575798 -0.02655874192714691 -0.04415027052164078
v -0.07715380936861038 0.008851904422044754 -0.05507431924343109
v 0.024325719103217125 -0.08651255816221237 -0.10559280216693878
v 0.05233045667409897 0.04307589307427406 -0.13116566836833954
v 0.04826350137591362 0.11521020531654358 -0.037972427904605865
v 0.04005308449268341 0.11957741528749466 -0.03516697511076927
v 0.03952167183160782 0.11655243486166 -0.022766726091504097
v 0.04695091024041176 0.11301079392433167 -0.026240484789013863
v 0.021463941782712936 0.12528270483016968 -0.03060847334563732
v 0.010369044728577137 0.12763114273548126 -0.028758203610777855
v 0.018097516149282455 0.006283531431108713 -0.143805131316185
v 0.004281880799680948 0.01196096371859312 0.05951545760035515
v 0.04584956541657448 -0.04903750866651535 -0.08875412493944168
v 0.05510935187339783 -0.04929560795426369 -0.07096008211374283
v 0.05682548135519028 -0.1007038876414299 -0.048385486006736755
v 0.06754317879676819 -0.026447607204318047 -0.05219752714037895
v 0.06712324917316437 -0.025973118841648102 -0.05314889922738075
v 0.05861254036426544 -0.06414204090833664 -0.05256366357207298
v 0.05941838398575783 -0.05033429339528084 -0.05361765995621681
v 0.03666352108120918 -0.047978565096855164 -0.10066669434309006
v 0.07715625315904617 -0.015058851800858974 -0.06291013211011887
v 0.07804138213396072 -0.011398427188396454 -0.06415555626153946
v 0.07850903272628784 -0.016015654429793358 -0.06261909008026123
v 0.0795648843050003 -0.012089665047824383 -0.06395360082387924
v 0.07995566725730896 -0.008071712218225002 -0.06451874226331711
v 0.07925969362258911 -0.017938993871212006 -0.0619385801255703
v 0.07740969955921173 0.020126771181821823 -0.05325070768594742
v 0.07855753600597382 0.021706335246562958 -0.052458345890045166
v -0.07669153064489365 -0.017313387244939804 -0.06341583281755447
v -0.07707732170820236 -0.015150592662394047 -0.06430655717849731
v 0.06741330772638321 -0.02853587083518505 -0.04800054058432579
v 0.0671677365899086 -0.027756143361330032 -0.049661874771118164
v -0.0615265779197216 -0.005619082134217024 -0.05245592072606087
v 0.06675003468990326 -0.028174687176942825 -0.0487264022231102
v 0.06651057302951813 -0.028771691024303436 -0.047488536685705185
v 0.0671805813908577 -0.02957732416689396 -0.04648697003722191
v 0.06648978590965271 -0.029431434348225594 -0.04636504128575325
v 0.07781990617513657 0.03573954477906227 -0.04656463488936424
v 0.06507042795419693 -0.028699275106191635 -0.0497635081410408
v 0.06649848818778992 -0.02631235495209694 -0.052427634596824646
v 0.0667358934879303 -0.02723417803645134 -0.0509665422141552
v 0.06582589447498322 -0.028055276721715927 -0.04963328689336777
v 0.06574872136116028 -0.029266683384776115 -0.04758881777524948
v 0.06579258292913437 -0.030226334929466248 -0.04588783159852028
v 0.06680385768413544 -0.03084978088736534 -0.045387428253889084
v -0.07835834473371506 -0.022931644693017006 -0.061041392385959625
v -0.07450307905673981 -0.02832898125052452 -0.05551641061902046
v -0.059640541672706604 -0.07878419011831284 -0.05014340952038765
v -0.05780350789427757 -0.07603338360786438 -0.06510138511657715
v -0.058418311178684235 -0.08741497993469238 -0.06305471807718277
v -0.058869700878858566 -0.09121983498334885 -0.04854186624288559
v -0.07233916968107224 -0.0023300154134631157 -0.038096051663160324
v -0.07247978448867798 -0.009592700749635696 -0.04086765646934509
v -0.07168658077716827 -0.010635311715304852 -0.038987062871456146
v 0.07966270297765732 -0.019121354445815086 -0.06234302744269371
v 0.07227659970521927 -0.029951386153697968 -0.05077831447124481
v -0.024005945771932602 -0.10296093672513962 -0.001332735177129507
v -0.02120918035507202 -0.11466600000858307 -0.005497409030795097
v 0.07755136489868164 0.012327824719250202 -0.05926989018917084
v 0.07746737450361252 0.010754006914794445 -0.06059779226779938
v 0.07994139194488525 0.012340754270553589 -0.062150586396455765
v 0.07996604591608047 0.014473709277808666 -0.060794178396463394
v 0.057480983436107635 -0.01040202472358942 -0.10357202589511871
v 0.0599774606525898 0.0005548895569518209 -0.10893034934997559
v 0.011427504941821098 -0.08498087525367737 -0.1104041263461113
v 0.011644013226032257 -0.07078351080417633 -0.11018826067447662
v 0.07509265840053558 0.03298288211226463 -0.09417769312858582
v 0.0776977613568306 0.013939468190073967 -0.0576765313744545
v 0.08011998236179352 0.016129380092024803 -0.05933230742812157
v 0.07865909487009048 -0.007355786394327879 -0.06449662894010544
v 0.07721326500177383 0.01307034119963646 -0.05741926655173302
v 0.07696453481912613 0.011508822441101074 -0.05897247791290283
v 0.08121779561042786 0.01774677075445652 -0.060872528702020645
v 0.0812993049621582 0.015580635517835617 -0.06252283602952957
v 0.08116447180509567 0.013269919902086258 -0.06387923657894135
v 0.07668913155794144 0.009865921922028065 -0.060573697090148926
v -0.07076115906238556 -0.0155958142131567 -0.03281908109784126
v -0.07039052993059158 -0.0162090752273798 -0.022531667724251747
v -0.07198763638734818 -0.000468725134851411 -0.022619077935814857
v -0.07176192849874496 -0.005990559235215187 -0.032389476895332336
v 0.07640618085861206 0.018602469936013222 -0.0603046640753746
v 0.08037754893302917 0.06358538568019867 -0.07060801237821579
v 0.07935609668493271 0.05767690762877464 -0.08468105643987656
v 0.0768657922744751 0.08054762333631516 -0.074102483689785
v 0.07603707164525986 0.07553261518478394 -0.08946126699447632
v 0.07122576981782913 0.0695083886384964 -0.10539568215608597
v 0.0743432492017746 0.05066440999507904 -0.10064715147018433
v 0.07680212706327438 0.01971091330051422 -0.05471047759056091
v 0.07930920273065567 0.022628581151366234 -0.052889060229063034
v 0.06421523541212082 0.09114503860473633 -0.021872153505682945
v 0.06922555714845657 0.08601871877908707 -0.0292042288929224
v 0.05722377449274063 0.09559065848588943 -0.013193710707128048
v 0.05702812969684601 0.10074518620967865 -0.019983025267720222
v 0.06353088468313217 0.0971808210015297 -0.028927214443683624
v 0.07060344517230988 0.09020236879587173 -0.041128650307655334
v 0.07956906408071518 0.054256338626146317 -0.05557258799672127
v 0.07872641086578369 0.06906429678201675 -0.05639999359846115
v 0.07572946697473526 0.07322610169649124 -0.04276245832443237
v -0.05959732457995415 0.030782731249928474 0.014239608310163021
v -0.06135968863964081 0.03144974261522293 0.009707873687148094
v -0.06193538382649422 0.02186003513634205 0.009420293383300304
v -0.05972854048013687 0.02299552410840988 0.013395513407886028
v 0.07504606246948242 0.08560434728860855 -0.05842448025941849
v 0.0665038600564003 0.0993557721376419 -0.04754342883825302
v 0.07012554258108139 0.09567999094724655 -0.06220531091094017
v 0.059349093586206436 0.10779733210802078 -0.05146501213312149
v 0.061392806470394135 0.1057482361793518 -0.06617332249879837
v 0.061248231679201126 0.10318256169557571 -0.08224613964557648
v 0.071778804063797 0.09168984740972519 -0.07742493599653244
v 0.06159721314907074 0.10257872939109802 -0.035169485956430435
v 0.05542320758104324 0.10544959455728531 -0.025456653907895088
v 0.056412473320961 0.10885287076234818 -0.03872941434383392
v 0.05316413193941116 0.10945043712854385 -0.030033987015485764
v 0.0738309770822525 0.0750817209482193 -0.035480763763189316
v 0.06276777386665344 -0.03480963408946991 -0.04525778070092201
v 0.06413082033395767 -0.03506382554769516 -0.04015403613448143
v -0.01939985528588295 0.0887964516878128 0.03220222145318985
v -0.009299102239310741 0.08962501585483551 0.03447948396205902
v -0.009461500681936741 0.09711078554391861 0.02845842018723488
v -0.019819606095552444 0.09595955163240433 0.025809910148382187
v 0.06829024106264114 -0.024220069870352745 -0.033165305852890015
v -0.03669368103146553 -0.014235795475542545 -0.12660454213619232
v -0.03846602514386177 -0.0037306698504835367 -0.13136026263237
v -0.019035939127206802 -0.006551905535161495 -0.13837023079395294
v -0.018040379509329796 -0.01627836748957634 -0.13317176699638367
v 0.06839698553085327 0.0007802548934705555 0.00020350578415673226
v 0.06837912648916245 0.013442411087453365 -0.0022771302610635757
v 0.07134205847978592 0.00550116179510951 -0.012567014433443546
v 0.06958027184009552 -0.008034122176468372 -0.009260807186365128
v -0.02030417136847973 0.11311804503202438 0.003438859712332487
v -0.009749560616910458 0.11480154097080231 0.006157254334539175
v -0.00994066707789898 0.11981135606765747 -0.0038955609779804945
v -0.020672261714935303 0.11784452944993973 -0.006263581104576588
v -0.052869003266096115 0.002436238108202815 0.027016228064894676
v -0.0549495592713356 -0.003692371305078268 0.02718391641974449
v -0.05102771520614624 -0.004314924590289593 0.030931126326322556
v -0.04939649999141693 0.001882191514596343 0.0300135500729084
v 0.06699822843074799 0.027174577116966248 -0.0038343477062880993
v 0.07061628252267838 0.019648218527436256 -0.013986198231577873
v 0.07093598693609238 0.03386136144399643 -0.015885043889284134
v 0.06725311279296875 0.041592471301555634 -0.004218471702188253
v 0.062136631458997726 0.06402482837438583 -0.12044516205787659
v 0.06422751396894455 0.04716886579990387 -0.11846739798784256
v -0.07387968897819519 -0.03174390643835068 -0.043277524411678314
v -0.07283946126699448 -0.03085528314113617 -0.04195694997906685
v 0.06451118737459183 0.034370820969343185 -0.11656878888607025
v 0.04823543131351471 0.05864757299423218 0.02723073586821556
v -0.01018125656992197 0.12409044057130814 -0.015664413571357727
v -0.021162329241633415 0.12192469835281372 -0.01762029156088829
v 0.02152002416551113 0.08522319048643112 -0.14059288799762726
v 0.04685139283537865 0.08243237435817719 0.016590412706136703
v 0.054686080664396286 0.08456071466207504 -0.12092530727386475
v -0.0013008419191464782 -0.07046602666378021 -0.11194925010204315
v 0.04148723557591438 0.0905388593673706 -0.12751956284046173
v 0.070860356092453 0.0867929682135582 -0.09257116913795471
v 0.06748338043689728 0.08150071650743484 -0.10613573342561722
v 0.05931219458580017 0.07509109377861023 -0.12099935859441757
v 0.06317190080881119 0.018172843381762505 -0.11436168104410172
v 0.04755979776382446 0.1092059537768364 -0.01860157772898674
v 0.056265536695718765 0.024620357900857925 0.02047511376440525
v 0.05547068268060684 0.020048847422003746 0.019616063684225082
v 0.05644851550459862 0.029478013515472412 0.022005943581461906
v 0.05374143645167351 0.015228122472763062 0.021098311990499496
v 0.015221972018480301 0.006415983196347952 0.04469994828104973
v 0.0148216737434268 0.004337458871304989 0.04667617008090019
v 0.014273307286202908 0.002060622675344348 0.048691846430301666
v 0.01831693947315216 0.0015754376072436571 0.04451795294880867
v 0.017528975382447243 -0.0014232813846319914 0.04637948423624039
v 0.011384915560483932 0.0018338147783651948 0.05370152369141579
v 0.011599181219935417 0.004644140601158142 0.05147676542401314
v 0.01387164369225502 -0.0008671688847243786 0.05052637308835983
v 0.01345937978476286 -0.00409367261454463 0.05214381217956543
v 0.0112236887216568 -0.001263696001842618 0.05601666495203972
v 0.01734735071659088 -0.01651654578745365 0.047853853553533554
v 0.018347665667533875 -0.011766691692173481 0.046671196818351746
v 0.01601518876850605 -0.007558910176157951 0.04874145984649658
v 0.021195704117417336 -0.0043141781352460384 0.04501500353217125
v 0.01996319741010666 -0.007708340883255005 0.046155914664268494
v 0.016714295372366905 -0.004208871629089117 0.04772832989692688
v 0.022526802495121956 -0.0009599350159987807 0.043151650577783585
v 0.014415481127798557 -0.007461871486157179 0.05465667322278023
v 0.015623399056494236 -0.010646193288266659 0.05754285305738449
v 0.012055338360369205 -0.004736038856208324 0.058979444205760956
v 0.01035384926944971 -0.002587584313005209 0.06239086017012596
v 0.009602442383766174 0.001089222263544798 0.05943430960178375
v 0.018926449120044708 0.0038273977115750313 0.04269089177250862
v 0.023406153544783592 0.0017193614039570093 0.041552282869815826
v 0.02347138337790966 -0.01124037429690361 0.04568934440612793
v 0.027997467666864395 -0.014660953544080257 0.04541296884417534
v 0.02547631412744522 -0.006787920370697975 0.04428386688232422
v 0.030001197010278702 -0.009649342857301235 0.04393970966339111
v 0.026861494407057762 -0.0031586941331624985 0.042434025555849075
v 0.03136887028813362 -0.005703383591026068 0.041998568922281265
v 0.03220554441213608 -0.01838354766368866 0.04494181275367737
v 0.03582003340125084 -0.022482464089989662 0.04388018324971199
v 0.039159223437309265 -0.02757043018937111 0.0420134998857975
v 0.03875230625271797 -0.017367007210850716 0.042208410799503326
v 0.042508289217948914 -0.022890646010637283 0.04019580036401749
v 0.04073581099510193 -0.012273983098566532 0.04026910290122032
v 0.045168355107307434 -0.017322711646556854 0.03816232457756996
v -0.011758490465581417 0.011962774209678173 0.043824609369039536
v -0.012208579108119011 0.013968129642307758 0.04101111739873886
v -0.0159170962870121 0.010663202963769436 0.03979339078068733
v -0.015475415624678135 0.00856302585452795 0.04203391447663307
v -0.007103470154106617 0.06137719377875328 0.046022456139326096
v -0.008057541213929653 0.06938965618610382 0.04362393915653229
v -0.017017057165503502 0.06939391791820526 0.04204275831580162
v -0.015500707551836967 0.06144506484270096 0.04486513510346413
v 0.03470589593052864 -0.013197741471230984 0.043333910405635834
v 0.036362484097480774 -0.008809552527964115 0.04130086302757263
v 0.03261568397283554 -0.001777917961589992 0.040180400013923645
v 0.028111625462770462 0.0001543513935757801 0.040766291320323944
v 0.04192296788096428 -0.0007504466339014471 0.03658701479434967
v 0.04178011417388916 -0.00651712529361248 0.038397807627916336
v 0.03725195303559303 -0.004010030068457127 0.03937065973877907
v 0.03777685388922691 0.0007417874876409769 0.037665918469429016
v 0.04686007648706436 -0.01041055005043745 0.03619774058461189
v 0.04662645235657692 -0.002544508781284094 0.03489601984620094
v 0.045660678297281265 0.002645976608619094 0.03337216377258301
v 0.0316045880317688 0.009403406642377377 0.03726956993341446
v 0.026601091027259827 0.010026132687926292 0.037881527096033096
v 0.03524034097790718 0.00914798304438591 0.036230072379112244
v 0.041541215032339096 0.003455255413427949 0.0351034514605999
v 0.038068391382694244 0.0042260074988007545 0.03647414594888687
v 0.04939042031764984 0.0103578707203269 0.026890281587839127
v 0.047186363488435745 0.00950413104146719 0.02920454554259777
v 0.041497182101011276 0.008981304243206978 0.0334148183465004
v 0.038621935993433 0.008995032869279385 0.03495736047625542
v 0.044424157589673996 0.009195912629365921 0.03150060772895813
v 0.02203359827399254 0.011620080098509789 0.037811528891325
v 0.017602527514100075 0.013808796182274818 0.037672027945518494
v 0.05445537716150284 -0.06241530552506447 -0.06802281737327576
v 0.009346337988972664 0.00444211857393384 0.05707455798983574
v 0.00914931669831276 0.007542985491454601 0.054737821221351624
v 0.014683926478028297 0.030632024630904198 0.040989939123392105
v 0.01274080015718937 0.027871038764715195 0.03951799124479294
v 0.007556768134236336 0.02805541828274727 0.04708695784211159
v 0.019059810787439346 0.03429706022143364 0.043405722826719284
v 0.013918286189436913 0.01645674556493759 0.0376863069832325
v -0.02043759822845459 0.008001692593097687 0.03878765180706978
v -0.019693143665790558 0.005974080879241228 0.04024098441004753
v 0.012334502302110195 0.01879299245774746 0.037631165236234665
v 0.011359118856489658 0.021945741027593613 0.037909239530563354
v 0.011408616788685322 0.024801108986139297 0.03862126171588898
v -0.009537611156702042 0.10362324863672256 0.021731756627559662
v -0.020038235932588577 0.10231836140155792 0.018890371546149254
v -0.020713528618216515 0.1278344988822937 -0.06784579157829285
v -0.021175695583224297 0.1281588077545166 -0.05934292823076248
v -0.0099177286028862 0.13086117804050446 -0.05976774916052818
v -0.010992242954671383 0.12987470626831055 -0.07236400991678238
v 0.030966566875576973 0.04854251444339752 0.04480810835957527
v 0.02792254090309143 0.04189319908618927 0.04639219492673874
v 0.05818936601281166 0.06373367458581924 0.011233620345592499
v 0.06191683188080788 0.054934561252593994 0.007325409445911646
v 0.050683457404375076 0.04425646364688873 0.02962452732026577
v 0.05375855788588524 0.0399821512401104 0.026551930233836174
v 0.05576915293931961 0.034796953201293945 0.023934101685881615
v 0.06361711770296097 0.043106287717819214 0.004486895631998777
v 0.06408123672008514 0.030545571818947792 0.003683575429022312
v 0.06515175104141235 0.018748382106423378 0.004478679038584232
v -0.06946107000112534 -0.0006635097088292241 -0.09209104627370834
v -0.07273212820291519 -0.0019198624650016427 -0.0769147276878357
v -0.0755699872970581 0.010137954726815224 -0.07838123291730881
v -0.0734524130821228 0.01589069701731205 -0.09478666633367538
v 0.048719339072704315 0.09416485577821732 0.0023499124217778444
v -0.034753959625959396 -0.09607549011707306 -0.010804587043821812
v -0.0325564444065094 -0.10805034637451172 -0.013952899724245071
v -0.001309107057750225 -0.08423253148794174 -0.11176227778196335
v 0.048639412969350815 0.09971275925636292 -0.004552009049803019
v 0.04824116453528404 0.08821024000644684 0.009521909058094025
v 0.039278242737054825 0.11266767233610153 -0.0132514126598835
v 0.03932451084256172 0.10828790068626404 -0.004822614137083292
v 0.04826313257217407 0.10472359508275986 -0.011490629985928535
v 0.03978794813156128 0.10325539112091064 0.0025199265219271183
v 0.04011908918619156 0.09771481156349182 0.00935247540473938
v 0.03965679928660393 0.09183724969625473 0.01656472310423851
v 0.038617927581071854 0.0856580063700676 0.0234465841203928
v 0.03705930709838867 0.07711572200059891 0.03024844080209732
v 0.04446830227971077 -0.06142725422978401 -0.08584503084421158
v 0.007652531377971172 -0.006884267553687096 0.05525011569261551
v 0.006925452500581741 -0.0067092496901750565 0.05579221993684769
v -0.05262275040149689 0.05318281427025795 0.022123612463474274
v -0.05460555478930473 0.05860321596264839 0.01784425601363182
v -0.057999905198812485 0.051341038197278976 0.014034342020750046
v -0.05582970008254051 0.046932071447372437 0.01869511976838112
v 0.006493293214589357 -0.007506131194531918 0.054725032299757004
v 0.005856205243617296 -0.007229964714497328 0.05524761974811554
v 0.0053219543769955635 -0.00904383696615696 0.054950322955846786
v 0.006817922927439213 -0.01594250462949276 0.05713106319308281
v 0.005543070379644632 -0.014094860292971134 0.056067485362291336
v 0.004856696352362633 -0.010744322091341019 0.05482110381126404
v 0.06648310273885727 -0.030631208792328835 -0.034899890422821045
v -0.005583612248301506 0.04860273748636246 0.04942578077316284
v -0.013025520369410515 0.04858545586466789 0.0488208644092083
v -0.011128785088658333 0.04236377775669098 0.04916143789887428
v -0.004869355820119381 0.042220838367938995 0.049860868602991104
v -0.059505581855773926 0.015588395297527313 0.013798903673887253
v -0.06225689500570297 0.012704972177743912 0.010918641462922096
v -0.06134697049856186 0.004570242948830128 0.015689142048358917
v -0.058353785425424576 0.008540919981896877 0.01760627143085003
v -0.055408261716365814 0.003786962479352951 0.023753834888339043
v -0.05780842527747154 -0.0020042741671204567 0.023372886702418327
v -0.018390430137515068 0.0790281668305397 0.038200099021196365
v -0.008745367638766766 0.07949858158826828 0.04003151133656502
v -0.06015901640057564 0.04184870049357414 0.011030982248485088
v -0.05818697437644005 0.03912215679883957 0.01599586382508278
v -0.008989229798316956 0.01520747970789671 0.046500563621520996
v -0.009688741527497768 0.01674768328666687 0.04284021630883217
v -0.006823848467320204 0.021862266585230827 0.04567716643214226
v -0.0035197800025343895 0.020958857610821724 0.051491327583789825
v -0.0031793813686817884 0.024948015809059143 0.049967892467975616
v -0.006424952298402786 0.02490072324872017 0.04626082256436348
v -0.033262573182582855 0.06113922595977783 0.03772711753845215
v -0.03491063043475151 0.06845029443502426 0.03436566889286041
v -0.042487625032663345 0.06711409986019135 0.028845341876149178
v -0.04086519777774811 0.06025756895542145 0.03246087580919266
v -0.020172888413071632 0.10792049765586853 0.011635213159024715
v -0.00962006114423275 0.10940360277891159 0.014472885988652706
v -0.003732288023456931 0.03429552912712097 0.049135562032461166
v -0.008157731033861637 0.0343458354473114 0.04744290933012962
v -0.006918658036738634 0.030975723639130592 0.046660132706165314
v -0.003572543617337942 0.031008528545498848 0.048951469361782074
v -0.024391671642661095 0.004412430804222822 0.03955116122961044
v -0.02525712363421917 0.006666737142950296 0.03847061097621918
v -0.06625694036483765 -0.030913351103663445 -0.045803189277648926
v -0.06728450208902359 -0.03194296732544899 -0.04563296213746071
v -0.07317051291465759 0.01506271492689848 -0.034964628517627716
v -0.07215946167707443 0.004487291909754276 -0.03333432227373123
v -0.07213154435157776 0.012821678072214127 -0.023466598242521286
v -0.07241971045732498 0.025544699281454086 -0.025461329147219658
v -0.07470410317182541 0.03738613426685333 -0.028792139142751694
v -0.07604166865348816 0.04596256837248802 -0.03395262733101845
v -0.0767471119761467 0.030363008379936218 -0.04128557816147804
v -0.07511945813894272 0.024018054828047752 -0.03709370642900467
v -0.052728861570358276 -0.08479228615760803 -0.075652576982975
v -0.05032875016331673 -0.07457280904054642 -0.07900815457105637
v -0.0033539379946887493 0.01770702190697193 0.054208409041166306
v -0.003280307399109006 0.014714885503053665 0.05676564946770668
v -0.020921560004353523 0.03558174893260002 -0.14981958270072937
v -0.02048826403915882 0.021965494379401207 -0.14795063436031342
v -0.04070187360048294 0.025946084409952164 -0.1395256519317627
v -0.040912091732025146 0.038924820721149445 -0.14098235964775085
v -0.06633932143449783 -0.01134338229894638 -0.08813624829053879
v -0.07020342350006104 -0.010804517194628716 -0.07418467849493027
v -0.010207992978394032 -0.012060733512043953 0.05851413309574127
v -0.00704615656286478 -0.007636777125298977 0.05384204909205437
v -0.007104517892003059 -0.011274703778326511 0.05278976261615753
v -0.006789181847125292 -0.00873932708054781 0.053875524550676346
v -0.010283861309289932 -0.014621677808463573 0.06016082316637039
v -0.012374678626656532 -0.015380289405584335 0.06139625608921051
v -0.007968822494149208 -0.014775758609175682 0.053539782762527466
v -0.007332042790949345 -0.014576231129467487 0.0539182685315609
v -0.006578452885150909 -0.010980496183037758 0.05299930274486542
v -0.008299925364553928 -0.007133388891816139 0.05450979992747307
v -0.0015859163831919432 -0.0187713410705328 0.0668751671910286
v -0.0020411075092852116 -0.017286837100982666 0.06981657445430756
v -0.005920526571571827 -0.015918804332613945 0.06848879158496857
v -0.004493501503020525 -0.01733492687344551 0.06639344245195389
v -0.004890511278063059 -0.008533010259270668 0.055165618658065796
v -0.0039793094620108604 -0.010579438880085945 0.05577629804611206
v -0.005035493057221174 -0.012529742904007435 0.06296692788600922
v -0.006697189062833786 -0.008729825727641582 0.05907592177391052
v -0.007126064971089363 -0.006690936163067818 0.05631247162818909
v -0.006643876899033785 -0.011850545182824135 0.062169481068849564
v -0.005858846940100193 -0.01767190918326378 0.059225428849458694
v -0.00836506299674511 -0.011715472675859928 0.060528673231601715
v -0.07808607071638107 -0.017906174063682556 -0.05311073362827301
v -0.057496458292007446 -0.06470242887735367 -0.03178226575255394
v -0.062074895948171616 -0.05009046941995621 -0.039453666657209396
v -0.060924917459487915 -0.05048762261867523 -0.045056648552417755
v -0.05831018462777138 -0.06599538773298264 -0.04082830995321274
v -0.07969497889280319 0.008101992309093475 -0.05652254819869995
v -0.06656358391046524 0.05771810561418533 -0.004159658215939999
v -0.0681360736489296 0.06950389593839645 -0.013382051140069962
v -0.07340820133686066 0.057754795998334885 -0.025057736784219742
v -0.07279293239116669 0.04701443389058113 -0.019959326833486557
v -0.06860265880823135 0.0792878121137619 -0.02151680178940296
v -0.0738924890756607 0.06865429133176804 -0.03231382742524147
v -0.07716365158557892 0.05650120601058006 -0.04202139005064964
v -0.0790945515036583 0.03622286766767502 -0.05588977411389351
v -0.04136386141180992 0.017982609570026398 0.0323176309466362
v -0.041570428758859634 0.01765003614127636 0.032230570912361145
v -0.040072012692689896 0.01721620187163353 0.033404391258955
v -0.039930541068315506 0.01760150119662285 0.03352958709001541
v -0.04106922075152397 0.018212541937828064 0.03211475908756256
v -0.039795514196157455 0.01780596189200878 0.033064503222703934
v -0.042118772864341736 0.01865018531680107 0.03127623721957207
v -0.04245298355817795 0.018374498933553696 0.03147224336862564
v -0.04257917404174805 0.018020683899521828 0.03137034550309181
v -0.024764254689216614 0.018382182344794273 0.03562081605195999
v -0.025132063776254654 0.018563052639365196 0.03488730639219284
v -0.02749805711209774 0.017990270629525185 0.035865288227796555
v -0.027370959520339966 0.017779454588890076 0.036673273891210556
v -0.024646887555718422 0.018010050058364868 0.03590194880962372
v -0.02763350121676922 0.017274843528866768 0.036758583039045334
v -0.023807788267731667 0.02001146413385868 0.02943279780447483
v -0.02361181378364563 0.020607292652130127 0.02946227788925171
v -0.024779342114925385 0.019122909754514694 0.029709095135331154
v -0.022615015506744385 0.020612595602869987 0.03228754177689552
v -0.022430622950196266 0.02169373258948326 0.03236672654747963
v -0.023173192515969276 0.022207528352737427 0.02956141158938408
v -0.02339654415845871 0.02111968956887722 0.029454242438077927
v -0.022841285914182663 0.02008947916328907 0.03246886283159256
v -0.02126193977892399 0.019813690334558487 0.033027052879333496
v -0.02094915881752968 0.020258557051420212 0.03286685422062874
v -0.020977528765797615 0.021334713324904442 0.0330318845808506
v -0.03227628394961357 0.016225123777985573 0.03680294379591942
v -0.032605353742837906 0.015590447932481766 0.03651398792862892
v -0.028135498985648155 0.01603946089744568 0.03669619560241699
v -0.027955271303653717 0.016668664291501045 0.03678416088223457
v -0.031978342682123184 0.01679571531713009 0.036910075694322586
v -0.03522544354200363 0.016811801120638847 0.036206845194101334
v -0.035563670098781586 0.016270127147436142 0.03595242276787758
v -0.035830140113830566 0.015671683475375175 0.035570695996284485
v -0.024759871885180473 0.01691605895757675 0.0360848568379879
v -0.024686969816684723 0.017523285001516342 0.03603697195649147
v -0.036071114242076874 0.014981667511165142 0.03515664115548134
v -0.032849185168743134 0.014863148331642151 0.03609763830900192
v -0.028289690613746643 0.015261790715157986 0.0364607609808445
v -0.02467798814177513 0.01634606532752514 0.03614317998290062
v -0.021518461406230927 0.017739204689860344 0.035444583743810654
v -0.02194717340171337 0.018134254962205887 0.03534723445773125
v -0.033029794692993164 0.0140678146854043 0.035806942731142044
v -0.03293547406792641 0.013231395743787289 0.035719338804483414
v -0.028153132647275925 0.013632877729833126 0.036331769078969955
v -0.028283165767788887 0.014428342692553997 0.03628966584801674
v -0.036223139613866806 0.014172149822115898 0.034782715141773224
v -0.036168474704027176 0.013259242288768291 0.034668777137994766
v -0.04426077753305435 0.01823928952217102 0.029630640521645546
v -0.044839046895504 0.018747318536043167 0.02894650213420391
v -0.04494570940732956 0.017996080219745636 0.028773410245776176
v -0.044636934995651245 0.017530540004372597 0.029129650443792343
v -0.04743960127234459 0.014896462671458721 0.02544267475605011
v -0.04834577813744545 0.016253182664513588 0.024642374366521835
v -0.050336625427007675 0.01502932608127594 0.023062828928232193
v -0.049122992902994156 0.013619141653180122 0.024334201589226723
v -0.05729544907808304 0.005619362462311983 0.02057500369846821
v -0.05106455832719803 0.011133125051856041 0.023580322042107582
v -0.05239054933190346 0.01267368346452713 0.021564379334449768
v -0.04358112812042236 0.017807316035032272 0.030357085168361664
v -0.042764075100421906 0.017495285719633102 0.031170016154646873
v -0.04342542588710785 0.018399033695459366 0.030558934435248375
v -0.044089291244745255 0.01883174479007721 0.029877204447984695
v -0.044022995978593826 0.017149612307548523 0.029861558228731155
v -0.043118495494127274 0.01682083122432232 0.030831051990389824
v -0.04179469123482704 0.017153913155198097 0.03204743564128876
v -0.04210742935538292 0.016471348702907562 0.03175884857773781
v -0.04056219384074211 0.016054116189479828 0.032963015139102936
v -0.040302474051713943 0.016697078943252563 0.033192478120326996
v -0.03813248127698898 0.01641947589814663 0.0345568023622036
v -0.0378907173871994 0.01693670079112053 0.03481534868478775
v -0.03840549662709236 0.015792900696396828 0.034239545464515686
v -0.04084299877285957 0.015327228233218193 0.032714396715164185
v -0.0387628898024559 0.015087363310158253 0.033914681524038315
v -0.04250221326947212 0.015729377046227455 0.031333085149526596
v -0.043597906827926636 0.016124986112117767 0.03025447390973568
v -0.044441740959882736 0.016538189724087715 0.029246894642710686
v -0.04510211944580078 0.016958286985754967 0.028481757268309593
v -0.04551759362220764 0.017615357413887978 0.02799234166741371
v -0.044962506741285324 0.015784457325935364 0.028376908972859383
v -0.045522887259721756 0.015014275908470154 0.027534015476703644
v -0.044310785830020905 0.014486466534435749 0.02888493612408638
v -0.04401369392871857 0.01534640695899725 0.029535409063100815
v -0.045779429376125336 0.01632869243621826 0.02747010625898838
v -0.046482108533382416 0.015663469210267067 0.026456616818904877
v -0.04279452562332153 0.015001527033746243 0.030857231467962265
v -0.0429711751639843 0.014172022230923176 0.03033244051039219
v -0.04109104722738266 0.01377798616886139 0.03196600079536438
v -0.041016045957803726 0.014679497107863426 0.0324382558465004
v -0.039040759205818176 0.014354143291711807 0.03359263762831688
v -0.03910928964614868 0.013443784788250923 0.033229030668735504
v -0.03179812431335449 0.01725326105952263 0.036895569413900375
v -0.03164210915565491 0.017547253519296646 0.03626251593232155
v -0.034867096692323685 0.01753910444676876 0.03569582477211952
v -0.035032179206609726 0.017229663208127022 0.03631923347711563
v -0.03768729418516159 0.017337024211883545 0.03490810468792915
v -0.03765300661325455 0.017624080181121826 0.034389276057481766
v -0.03493817150592804 0.016423195600509644 0.03329697251319885
v -0.034003663808107376 0.017233511433005333 0.029200825840234756
v -0.03689446300268173 0.017259176820516586 0.028442244976758957
v -0.03826993331313133 0.016620267182588577 0.032225560396909714
v -0.031144537031650543 0.016275927424430847 0.03372503072023392
v -0.030660968273878098 0.01757182367146015 0.029769644141197205
v -0.02746918983757496 0.016843149438500404 0.033818624913692474
v -0.027377579361200333 0.01830306649208069 0.029857032001018524
v -0.024991687387228012 0.018421094864606857 0.0335201695561409
v -0.03368806838989258 0.029510248452425003 0.036136969923973083
v -0.033839065581560135 0.029701033607125282 0.03654853627085686
v -0.038578979671001434 0.028979605063796043 0.035792913287878036
v -0.038194771856069565 0.028722137212753296 0.035303547978401184
v -0.05152948573231697 -0.0006586581002920866 -0.1214042380452156
v -0.052788976579904556 0.01437193900346756 -0.12690700590610504
v -0.040154408663511276 0.010024264454841614 -0.13615627586841583
v -0.04113812744617462 0.026750383898615837 0.034402038902044296
v -0.04113933444023132 0.027383089065551758 0.03415975719690323
v -0.043397240340709686 0.026266567409038544 0.03264790400862694
v -0.04322518780827522 0.025613028556108475 0.0328570157289505
v -0.04109623655676842 0.025939740240573883 0.03454221412539482
v -0.04305003583431244 0.024801136925816536 0.03277964890003204
v -0.03812944144010544 0.027072392404079437 0.036154333502054214
v -0.03816458582878113 0.027845682576298714 0.03602752089500427
v -0.038134317845106125 0.028342165052890778 0.03557032719254494
v -0.04359559714794159 0.023556826636195183 0.028068143874406815
v -0.04259591922163963 0.025054974481463432 0.028851019218564034
v -0.04236007109284401 0.02369941771030426 0.03138246759772301
v -0.043188437819480896 0.02275666408240795 0.030265334993600845
v -0.04411973059177399 0.02285490557551384 0.0273758452385664
v -0.04373236000537872 0.02205510064959526 0.02937302179634571
v -0.043346256017684937 0.023369185626506805 0.023926103487610817
v -0.04252771660685539 0.02409893460571766 0.024584153667092323
v -0.04130027815699577 0.024991730228066444 0.025548798963427544
v -0.043806154280900955 0.02266492322087288 0.023549873381853104
v -0.04404762014746666 0.021909425035119057 0.023420007899403572
v -0.0439770370721817 0.02107602171599865 0.02336883917450905
v -0.04370468109846115 0.02028849348425865 0.023682743310928345
v -0.05992108955979347 -0.010410725139081478 0.020814199000597
v -0.05989193543791771 0.0006219071801751852 0.019626032561063766
v -0.06236401945352554 -0.007280492223799229 0.01650545932352543
v -0.04320391267538071 0.018815968185663223 0.030700359493494034
v -0.043874591588974 0.019291525706648827 0.029982319101691246
v -0.04276697337627411 0.019122861325740814 0.03060227446258068
v -0.04318751394748688 0.019480092450976372 0.030055256560444832
v -0.044357530772686005 0.019795704632997513 0.029208475723862648
v -0.04475431516766548 0.019350936636328697 0.029080454260110855
v -0.04167887195944786 0.017360836267471313 0.02996918372809887
v -0.0411134734749794 0.017957044765353203 0.02663332410156727
v -0.042229246348142624 0.018467934802174568 0.025734279304742813
v -0.04261704906821251 0.018276460468769073 0.02876802533864975
v -0.0404970683157444 0.01681019552052021 0.030967963859438896
v -0.03933815658092499 0.017503222450613976 0.027565596625208855
v -0.04286099225282669 0.019001593813300133 0.02496279776096344
v -0.043366871774196625 0.019641637802124023 0.024205422028899193
v -0.04322198033332825 0.018805772066116333 0.028136657550930977
v -0.04368935897946358 0.019368838518857956 0.027326637879014015
v -0.043626971542835236 0.019934669137001038 0.02937549352645874
v -0.044283170253038406 0.020737867802381516 0.02658795937895775
v -0.04437287896871567 0.021364573389291763 0.026654010638594627
v -0.04394758865237236 0.02035496197640896 0.028644133359193802
v -0.04430901259183884 0.020896241068840027 0.02797985076904297
v -0.04406808316707611 0.020122021436691284 0.026750527322292328
v -0.04434077814221382 0.022127145901322365 0.02689759060740471
v -0.04408004879951477 0.021440692245960236 0.028517991304397583
v -0.04522830992937088 0.018735229969024658 0.02841804176568985
v -0.045164015144109726 0.01979057863354683 0.028378814458847046
v -0.045974865555763245 0.020750952884554863 0.027437496930360794
v -0.04578656703233719 0.018565084785223007 0.02764599584043026
v -0.04672173783183098 0.018448691815137863 0.02655593305826187
v -0.046323224902153015 0.017138106748461723 0.026851791888475418
v -0.04712036997079849 0.021162083372473717 0.026657916605472565
v -0.04824893921613693 0.021559705957770348 0.02579515054821968
v -0.04776941239833832 0.018404219299554825 0.025461364537477493
v -0.04715171456336975 0.016818245872855186 0.02582075633108616
v -0.044734686613082886 0.020219305530190468 0.02852794900536537
v -0.04505971819162369 0.02075517550110817 0.02800857089459896
v -0.046556826680898666 0.022386545315384865 0.027890391647815704
v -0.04730020835995674 0.02314075268805027 0.02749045379459858
v -0.045516859740018845 0.0217995997518301 0.02841908670961857
v -0.04498077929019928 0.022677671164274216 0.02968420460820198
v -0.04582759365439415 0.023446768522262573 0.0295333880931139
v -0.04631485044956207 0.024190302938222885 0.029354382306337357
v -0.044772159308195114 0.024456612765789032 0.031158562749624252
v -0.045142486691474915 0.02516000159084797 0.03098517656326294
v -0.044184569269418716 0.023701949045062065 0.031117549166083336
v -0.04466564208269119 0.021527815610170364 0.028748445212841034
v -0.04421764984726906 0.022228149697184563 0.02964797243475914
v -0.043527696281671524 0.023040536791086197 0.03079526498913765
v -0.042658571153879166 0.02392636612057686 0.0321207121014595
v -0.04097708687186241 0.025199975818395615 0.03407282754778862
v -0.04073716327548027 0.02492632530629635 0.03329206258058548
v -0.03806793689727783 0.0262523852288723 0.035756174474954605
v -0.03799018636345863 0.025963032618165016 0.03503256291151047
v -0.03430847451090813 0.030453603714704514 0.03760165721178055
v -0.03966498374938965 0.029981335625052452 0.036685820668935776
v -0.03795245662331581 0.027368003502488136 0.032047562301158905
v -0.03621147945523262 0.026459423825144768 0.02868279442191124
v -0.033623106777668 0.026775086298584938 0.030073709785938263
v -0.03447804972529411 0.027949964627623558 0.03382181003689766
v -0.022614890709519386 0.022429052740335464 0.03260667994618416
v -0.02302628569304943 0.023615827783942223 0.0331820547580719
v -0.023610690608620644 0.02422943338751793 0.030196592211723328
v -0.023081297054886818 0.023044472560286522 0.029684266075491905
v -0.021749120205640793 0.02206764556467533 0.033518388867378235
v -0.022874141111969948 0.02326330542564392 0.03421913832426071
v -0.026599818840622902 0.026879841461777687 0.03482704982161522
v -0.02722744457423687 0.026183277368545532 0.030961519107222557
v -0.024621902033686638 0.025621043518185616 0.030706215649843216
v -0.024269502609968185 0.025396008044481277 0.03409098461270332
v -0.02746335044503212 0.02576811984181404 0.03614186495542526
v -0.02469378337264061 0.024474790319800377 0.0351741686463356
v -0.03442537039518356 0.02661559358239174 0.03620270639657974
v -0.022112838923931122 0.07142816483974457 -0.14674490690231323
v -0.021727660670876503 0.055784985423088074 -0.14990568161010742
v -0.04116060957312584 0.057598743587732315 -0.1410694271326065
v -0.04109516367316246 0.07119792699813843 -0.1385204941034317
v -0.041012879461050034 0.02643585205078125 0.03022051602602005
v -0.039067354053258896 0.025854062288999557 0.02713409624993801
v -0.05110801011323929 0.07235103845596313 -0.1308889538049698
v -0.05023341625928879 0.08101572841405869 -0.1279909312725067
v -0.041441354900598526 0.08285625278949738 -0.13338136672973633
v -0.037412215024232864 -0.06225650757551193 -0.09774783253669739
v -0.027279887348413467 -0.07269922643899918 -0.10438238829374313
v -0.020975828170776367 0.021801946684718132 0.034692853689193726
v -0.02242286689579487 0.023015137761831284 0.03523790091276169
v -0.01998123526573181 0.02097325026988983 0.03424888104200363
v -0.018849093466997147 0.020848963409662247 0.03451397642493248
v -0.019756341353058815 0.021958712488412857 0.03483665734529495
v -0.021269556134939194 0.02344357781112194 0.035410843789577484
v -0.02426326833665371 0.024480650201439857 0.03598213568329811
v -0.023348361253738403 0.02505606599152088 0.03632594645023346
v -0.026534322649240494 0.02675059251487255 0.03727247565984726
v -0.027226286008954048 0.026022037491202354 0.036952655762434006
v -0.03418740630149841 0.02680259570479393 0.037027522921562195
v -0.0338919460773468 0.027653615921735764 0.03718220442533493
v -0.025873271748423576 0.02746235951781273 0.03701523318886757
v -0.02268746681511402 0.025750605389475822 0.0360121876001358
v -0.025319237262010574 0.02809857577085495 0.03647388890385628
v -0.02234184741973877 0.026590170338749886 0.03557568043470383
v -0.03359772637486458 0.02910643070936203 0.03653775155544281
v -0.033679183572530746 0.02846098132431507 0.037038639187812805
v -0.022126300260424614 0.01848861575126648 0.03520314767956734
v -0.01923983357846737 0.019184205681085587 0.034739717841148376
v -0.02242460288107395 0.018905799835920334 0.03476478159427643
v -0.020268356427550316 0.019518915563821793 0.03439677506685257
v -0.023365018889307976 0.019135896116495132 0.033922359347343445
v -0.01966036483645439 0.01993849314749241 0.03424663096666336
v -0.018633775413036346 0.019702434539794922 0.03455423191189766
v -0.02333139069378376 0.019381821155548096 0.03275104984641075
v -0.018768111243844032 0.022274291142821312 0.03444530814886093
v -0.01776440069079399 0.020789707079529762 0.03446367010474205
v -0.017512071877717972 0.022648710757493973 0.03408879041671753
v -0.01655738614499569 0.020818648859858513 0.03427871689200401
v -0.019466018304228783 0.024822307750582695 0.03445716202259064
v -0.020376479253172874 0.024077389389276505 0.03496792912483215
v -0.01756156049668789 0.019458036869764328 0.03458455577492714
v -0.01812925562262535 0.01885795034468174 0.0348096638917923
v -0.016483884304761887 0.019328350201249123 0.03451265022158623
v -0.017180169001221657 0.018551766872406006 0.03473595902323723
v -0.024438250809907913 0.01574467308819294 0.03619354963302612
v -0.024105241522192955 0.015055056661367416 0.03626261651515961
v -0.020871801301836967 0.017192643135786057 0.03557527810335159
v -0.020209914073348045 0.016640618443489075 0.0356048084795475
v -0.03264432027935982 0.012160194106400013 0.0356295146048069
v -0.03591745346784592 0.012278308160603046 0.03459305688738823
v -0.032131925225257874 0.010893774218857288 0.03570020571351051
v -0.035567473620176315 0.01079498790204525 0.0345749594271183
v -0.02722334675490856 0.011479265056550503 0.0365719348192215
v -0.027781369164586067 0.012640255503356457 0.03638363257050514
v -0.03267301619052887 -0.11607969552278519 -0.01529204286634922
v -0.04624273255467415 0.014045544900000095 0.02681102231144905
v -0.047553494572639465 0.012469230219721794 0.026158714666962624
v -0.045856889337301254 0.01173130888491869 0.027917737141251564
v -0.0448266975581646 0.013533195480704308 0.028294675052165985
v -0.04325621575117111 0.013100550509989262 0.02982134371995926
v -0.04375135526061058 0.011198748834431171 0.02980555035173893
v -0.041299089789390564 0.010981930419802666 0.031554583460092545
v -0.04123488441109657 0.01270474586635828 0.03152497857809067
v -0.03899375721812248 0.012473107315599918 0.03303110599517822
v -0.038776058703660965 0.010874174535274506 0.03305942937731743
v -0.04925926402211189 0.017910296097397804 0.024049628525972366
v -0.05036372318863869 0.021342402324080467 0.023801185190677643
v -0.05119238421320915 0.016898667439818382 0.022327542304992676
v -0.05268477648496628 0.02078823558986187 0.02159586176276207
v -0.015947749838232994 0.023463383316993713 0.03444064408540726
v -0.01517448015511036 0.021182555705308914 0.034231312572956085
v -0.013785304501652718 0.02425268478691578 0.035661254078149796
v -0.01339378859847784 0.021723365411162376 0.03517572581768036
v -0.015262352302670479 0.027179749682545662 0.036845408380031586
v -0.017467711120843887 0.026408761739730835 0.03537314385175705
v -0.015507766045629978 0.019279558211565018 0.03444388136267662
v -0.016210045665502548 0.018171750009059906 0.03466077893972397
v -0.014101417735219002 0.019138885661959648 0.03493824601173401
v -0.01517714373767376 0.017617138102650642 0.03508078679442406
v -0.02353396825492382 0.014093639329075813 0.03631111606955528
v -0.022892067208886147 0.013002188876271248 0.036469314247369766
v -0.01944870315492153 0.015925208106637 0.0356409028172493
v -0.01849229633808136 0.015038600191473961 0.03593934699892998
v -0.049641434103250504 -0.011740644462406635 -0.11635588854551315
v -0.05365168675780296 0.030177967622876167 -0.12986665964126587
v -0.04715317487716675 0.03413912281394005 0.03445928543806076
v -0.0448487289249897 0.031215351074934006 0.03519683703780174
v -0.04122193157672882 0.032246481627225876 0.037423305213451385
v -0.043098561465740204 0.03572540357708931 0.03770452365279198
v -0.049345679581165314 0.03871842101216316 0.03244665265083313
v -0.051893193274736404 0.03544166684150696 0.029398417100310326
v -0.049756284803152084 0.032028209418058395 0.031387995928525925
v -0.047471124678850174 0.029676824808120728 0.03261863812804222
v -0.051240142434835434 0.024229612201452255 0.024800315499305725
v -0.049468234181404114 0.024219920858740807 0.026390159502625465
v -0.04957302287220955 0.02597249671816826 0.0279471967369318
v -0.05138131231069565 0.026598788797855377 0.026505475863814354
v -0.053556278347969055 0.0243388619273901 0.022463787347078323
v -0.05396120622754097 0.02780604176223278 0.024238457903265953
v -0.05083761736750603 0.029039373621344566 0.028763659298419952
v -0.04880773648619652 0.02772515080869198 0.030160047113895416
v -0.05321395397186279 0.03129227086901665 0.026898086071014404
v -0.023247677832841873 0.03203865513205528 0.039214055985212326
v -0.024180494248867035 0.0307087954133749 0.03756314888596535
v -0.02113790065050125 0.02864404022693634 0.03609423711895943
v -0.019385116174817085 0.029261989519000053 0.03717702627182007
v -0.02192562259733677 0.03338748961687088 0.0404539480805397
v -0.017320111393928528 0.029934750869870186 0.038377176970243454
v -0.03663449361920357 0.036835525184869766 0.040592700242996216
v -0.03534231707453728 0.03298630565404892 0.03921164944767952
v -0.02489999122917652 0.028530282899737358 0.03603380173444748
v -0.02253514714539051 0.02709599770605564 0.035609982907772064
v -0.024755893275141716 0.028852099552750587 0.03609476983547211
v -0.022435542196035385 0.027428388595581055 0.035518597811460495
v -0.05879820138216019 0.09193108230829239 -0.11004947125911713
v -0.060998812317848206 0.09798076003789902 -0.09755468368530273
v -0.04437170922756195 0.10869046300649643 -0.10386116802692413
v -0.043580472469329834 0.10124841332435608 -0.11617422848939896
v -0.04124397039413452 0.027639061212539673 0.03406154364347458
v -0.04159514605998993 0.027959300205111504 0.034552570432424545
v -0.04407884180545807 0.0269894041121006 0.03286479413509369
v -0.04357898607850075 0.02658887952566147 0.032580722123384476
v -0.045461997389793396 0.02561737224459648 0.030898915603756905
v -0.04604531452059746 0.0260386373847723 0.030979879200458527
v -0.047287579625844955 0.025090495124459267 0.029171176254749298
v -0.046687979251146317 0.024712270125746727 0.029243873432278633
v -0.04735932871699333 0.024076426401734352 0.02801574394106865
v -0.047890905290842056 0.02402118779718876 0.027586376294493675
v -0.02213042974472046 0.028128786012530327 0.035820625722408295
v -0.02460668981075287 0.029382847249507904 0.03653132542967796
v -0.05255231261253357 0.060408011078834534 -0.13210253417491913
v -0.04439029097557068 0.07468990981578827 0.023826908320188522
v -0.051476459950208664 0.07107030600309372 0.017170345410704613
v -0.049308113753795624 0.06447659432888031 0.02279495634138584
v -0.04280087724328041 0.02908635511994362 0.03519940376281738
v -0.045446645468473434 0.028018778190016747 0.03308559209108353
v -0.047227807343006134 0.026794591918587685 0.03087688609957695
v -0.048249077051877975 0.025515472516417503 0.028958098962903023
v -0.0486379936337471 0.02457876317203045 0.027624091133475304
v -0.07101023197174072 -0.013465331867337227 -0.03893972933292389
v -0.07165663689374924 -0.013507836498320103 -0.04077320545911789
v -0.07967560738325119 -0.0037237752694636583 -0.06577491015195847
v -0.07811090350151062 0.002784893848001957 -0.06486394256353378
v -0.07688013464212418 0.0062935082241892815 -0.06381367146968842
v -0.07771190255880356 0.01506732776761055 -0.050778333097696304
v -0.08170013129711151 0.01815960928797722 -0.0536460317671299
v -0.08230019360780716 -0.021967779844999313 -0.0598653182387352
v -0.07914382219314575 -0.023800039663910866 -0.0560251884162426
v -0.08232823759317398 -0.021053975448012352 -0.06052551791071892
v -0.08804488927125931 0.01487281545996666 -0.06492583453655243
v -0.08832622319459915 0.013274726457893848 -0.06633971631526947
v -0.0890573188662529 0.013126950711011887 -0.06627010554075241
v -0.042974844574928284 -0.033111024647951126 -0.10587082803249359
v -0.04721697047352791 -0.020538367331027985 -0.1121678501367569
v -0.08885953575372696 0.01124199852347374 -0.06780581921339035
v -0.07373950630426407 -0.0088217006996274 -0.04327552765607834
v -0.08073364198207855 -0.004260208923369646 -0.06615246832370758
v -0.0823926031589508 -0.004788321442902088 -0.06798696517944336
v -0.08265969157218933 -0.009802388027310371 -0.06840187311172485
v -0.08221232146024704 -0.009313059970736504 -0.06728736311197281
v -0.08167069405317307 -0.014652966521680355 -0.06645277142524719
v -0.08139126002788544 -0.013742327690124512 -0.06569923460483551
v -0.08400619775056839 -0.01835997961461544 -0.06318376213312149
v -0.08625711500644684 -0.014905351214110851 -0.06516329944133759
v -0.08287426829338074 0.018686871975660324 -0.05468586087226868
v -0.08204857259988785 0.017710955813527107 -0.053112901747226715
v -0.08358236402273178 0.01840907707810402 -0.05494609475135803
v -0.07439001649618149 -0.010004320181906223 -0.04472733661532402
v -0.07594984769821167 0.013424843549728394 -0.05051667243242264
v -0.075502909719944 0.011178689077496529 -0.04943329468369484
v -0.0750744417309761 0.01145960297435522 -0.049913447350263596
v -0.07035142928361893 -0.00496829766780138 -0.04897473379969597
v -0.07038086652755737 -0.004008759278804064 -0.049099139869213104
v -0.07153626531362534 -0.006407571490854025 -0.048429690301418304
v -0.07418393343687057 -0.008007558062672615 -0.04709195718169212
v -0.06772451102733612 -0.015601901337504387 -0.04718192666769028
v -0.0669340044260025 -0.016982384026050568 -0.04951617494225502
v -0.06749755889177322 -0.01800723373889923 -0.048673368990421295
v -0.0850677490234375 0.025330180302262306 -0.058784324675798416
v -0.07564491778612137 0.01023566722869873 -0.049202706664800644
v -0.07703527808189392 0.011332524009048939 -0.04926919937133789
v -0.07736296206712723 0.012507705017924309 -0.04956352338194847
v -0.08442074060440063 0.0181115809828043 -0.055247463285923004
v -0.07744085788726807 0.013404322788119316 -0.04988287389278412
v -0.07678043097257614 0.013323201797902584 -0.04978929087519646
v -0.07838305830955505 0.014889921061694622 -0.05065890774130821
v -0.076206274330616 0.013181705959141254 -0.05002719163894653
v -0.07397633045911789 -0.011622555553913116 -0.06141263246536255
v -0.07275272160768509 -0.012157675810158253 -0.05944947898387909
v -0.07291717827320099 0.007532819639891386 -0.0395575650036335
v -0.07349950820207596 0.005176147446036339 -0.04215086251497269
v -0.0781220868229866 -0.02445024438202381 -0.05386440083384514
v -0.0761101022362709 0.013898616656661034 -0.06021222099661827
v -0.07616587728261948 0.01636488176882267 -0.0612088181078434
v -0.0874171331524849 -0.010097946040332317 -0.06708428263664246
v -0.08039983361959457 -0.015518690459430218 -0.056782811880111694
v -0.07832649350166321 -0.016239341348409653 -0.05486669763922691
v -0.08232538402080536 -0.01445646770298481 -0.05858372151851654
v -0.08388889580965042 -0.011927939020097256 -0.060219235718250275
v -0.07107001543045044 0.00429495656862855 -0.055036287754774094
v -0.08251027017831802 0.007897763513028622 -0.059193212538957596
v -0.08316618949174881 0.00583354476839304 -0.060601308941841125
v -0.08110741525888443 0.007868887856602669 -0.057511888444423676
v -0.07735787332057953 0.01986563205718994 -0.05916344374418259
v -0.0770481675863266 0.019855612888932228 -0.05693788453936577
v -0.07790137082338333 0.014234716072678566 -0.057676319032907486
v -0.07631469517946243 0.018318120390176773 -0.05654348060488701
v -0.06976892799139023 -0.01214241050183773 -0.04761826619505882
v -0.0695308968424797 -0.018267059698700905 -0.05116512253880501
v -0.06845731288194656 -0.01613641157746315 -0.05187509208917618
v -0.07061947882175446 -0.01814669370651245 -0.05210018530488014
v -0.06991004943847656 -0.017328785732388496 -0.053474437445402145
v -0.0704716145992279 -0.01584390364587307 -0.0552445724606514
v -0.07122736424207687 -0.013956938870251179 -0.05664144083857536
v -0.07093178480863571 -0.011358354240655899 -0.05751018226146698
v -0.0693526640534401 -0.008069165050983429 -0.04850811883807182
v -0.07757601141929626 0.019565710797905922 -0.0463162399828434
v -0.06884066015481949 -0.009923381730914116 -0.048255063593387604
v -0.07068504393100739 -0.006352463271468878 -0.04864422604441643
v -0.0708707869052887 -0.008140867576003075 -0.04816693812608719
v -0.07060343027114868 -0.010130916722118855 -0.047735948115587234
v -0.0754648968577385 -0.018896933645009995 -0.04827763885259628
v -0.07626371085643768 -0.017400896176695824 -0.05088942497968674
v -0.07403603941202164 -0.01812881976366043 -0.0476006455719471
v -0.07706105709075928 -0.01679513230919838 -0.05303207039833069
v -0.07283524423837662 -0.017816312611103058 -0.047269657254219055
v -0.07594095915555954 0.015207083895802498 -0.05851287022233009
v -0.07623101770877838 0.018269890919327736 -0.058426834642887115
v -0.07144463062286377 -0.009970157407224178 -0.036798037588596344
v -0.06444719433784485 -0.0020445864647626877 0.011501651257276535
v -0.06578482687473297 0.007542061619460583 0.006003882735967636
v -0.02596675604581833 -0.0512072928249836 0.032485898584127426
v -0.024902954697608948 -0.054219964891672134 0.032933223992586136
v -0.05668403208255768 -0.013304164633154869 0.025320205837488174
v -0.05204324796795845 -0.0158969946205616 0.030593590810894966
v -0.02476218156516552 -0.04591578617691994 0.04389841854572296
v -0.024063311517238617 -0.04662226140499115 0.04411112144589424
v -0.023155832663178444 -0.04612012207508087 0.044366803020238876
v -0.023880530148744583 -0.045735303312540054 0.04398864507675171
v -0.02178552746772766 -0.045409634709358215 0.04291790351271629
v -0.022656500339508057 -0.04547823593020439 0.04221952334046364
v -0.022797591984272003 -0.04557831585407257 0.04299066588282585
v -0.022018233314156532 -0.04545781761407852 0.0436878465116024
v -0.028870195150375366 -0.030903726816177368 0.04505341872572899
v -0.032478027045726776 -0.026799669489264488 0.043627917766571045
v -0.034747932106256485 -0.031115295365452766 0.04258711636066437
v -0.03126557916402817 -0.03451498970389366 0.044208720326423645
v -0.024652492254972458 -0.04654252156615257 0.03501574695110321
v -0.024405572563409805 -0.045254748314619064 0.035369496792554855
v -0.02309851534664631 -0.045250385999679565 0.03912575915455818
v -0.0235910527408123 -0.04579923674464226 0.03884025290608406
v -0.024378281086683273 -0.04934509098529816 0.03508657589554787
v -0.023364786058664322 -0.047179918736219406 0.03866532817482948
v -0.026511546224355698 -0.04718209430575371 0.03244493529200554
v -0.025737091898918152 -0.044960469007492065 0.032800909131765366
v -0.03395172953605652 -0.05230231583118439 0.03948570415377617
v -0.030255058780312538 -0.050054460763931274 0.041110146790742874
v -0.031227923929691315 -0.046927064657211304 0.04181138798594475
v -0.03487938642501831 -0.04766952991485596 0.04011191800236702
v -0.024921653792262077 -0.01926037110388279 0.04481171816587448
v -0.02897108905017376 -0.023015154525637627 0.04443773627281189
v -0.02560785971581936 -0.027027947828173637 0.045524220913648605
v -0.021849337965250015 -0.02276989445090294 0.045569226145744324
v -0.018237095326185226 -0.018056346103549004 0.04638151451945305
v -0.021066654473543167 -0.015350786969065666 0.04525000602006912
v -0.016907475888729095 -0.010475894436240196 0.050320498645305634
v -0.017428800463676453 -0.014110155403614044 0.05145127698779106
v -0.016775673255324364 -0.0150645412504673 0.05479529872536659
v -0.01720842905342579 -0.012935965321958065 0.05363323539495468
v -0.014862354844808578 -0.018862776458263397 0.05302249267697334
v -0.017532119527459145 -0.0162992924451828 0.04990759491920471
v -0.011004633270204067 -0.020114118233323097 0.05344080179929733
v -0.01062112394720316 -0.01941519044339657 0.054461412131786346
v -0.015012211166322231 -0.019403723999857903 0.051411181688308716
v -0.015312105417251587 -0.020397530868649483 0.049461010843515396
v -0.011439409106969833 -0.02083028107881546 0.05228561908006668
v -0.009939190000295639 -0.018459029495716095 0.05552022531628609
v -0.012639575637876987 -0.018411796540021896 0.05548790097236633
v -0.014413963072001934 -0.016608720645308495 0.057092130184173584
v -0.003982323221862316 -0.018113262951374054 0.06414525955915451
v -0.005200676620006561 -0.016852151602506638 0.06603678315877914
v -0.008903434500098228 0.013075780123472214 0.049657490104436874
v -0.011723271571099758 0.00955232884734869 0.0465526282787323
v -0.008888693526387215 0.010391714982688427 0.05195067450404167
v -0.011688853614032269 0.0072682383470237255 0.048870764672756195
v -0.01351301558315754 -0.01458760630339384 0.06092871353030205
v -0.01503415871411562 -0.012646765448153019 0.0592145137488842
v -0.011211059056222439 -0.013448432087898254 0.06469862908124924
v -0.01222030259668827 -0.010767295025289059 0.06423746049404144
v -0.0032723452895879745 0.02809128351509571 0.04928239434957504
v -0.00194358394946903 -0.021522436290979385 0.059987619519233704
v -0.0021907594054937363 -0.02219470404088497 0.059431154280900955
v -0.0016572840977460146 -0.02050059102475643 0.06195646524429321
v -0.022728070616722107 0.09424614161252975 -0.13444620370864868
v -0.0230940580368042 0.1065501719713211 -0.1231580525636673
v -0.02205674909055233 0.1199439987540245 -0.10002954304218292
v -0.019746478646993637 0.12446118146181107 -0.08762889355421066
v -0.005463840439915657 -0.03852412477135658 0.059596896171569824
v -0.005022870376706123 -0.0360046923160553 0.05951553210616112
v -0.012344064190983772 -0.03941198065876961 0.04589885473251343
v -0.006759208627045155 -0.03921443596482277 0.0472729429602623
v -0.006385286338627338 -0.042942505329847336 0.04990960657596588
v -0.011673765257000923 -0.04298308491706848 0.048471976071596146
v -0.015861796215176582 -0.04314504191279411 0.046313464641571045
v -0.016796797513961792 -0.03970404714345932 0.04385635256767273
v -0.012934048660099506 -0.03589809313416481 0.044484127312898636
v -0.007195401471108198 -0.03559650853276253 0.045914214104413986
v -0.011571318842470646 -0.045040227472782135 0.051770199090242386
v -0.0063291084952652454 -0.04499945044517517 0.05394919216632843
v -0.006220964714884758 -0.04319583252072334 0.05681949108839035
v -0.011654671281576157 -0.04359705373644829 0.05408069118857384
v -0.017966991290450096 -0.024768603965640068 0.04804281145334244
v -0.013926093466579914 -0.02412421815097332 0.050640128552913666
v -0.009703811258077621 -0.024080675095319748 0.054154619574546814
v -0.006385155487805605 -0.02430560812354088 0.05680559575557709
v -0.005719715729355812 -0.02225211076438427 0.057267870754003525
v -0.008274211548268795 -0.021545298397541046 0.054989926517009735
v -0.005422843620181084 -0.021425606682896614 0.0577639564871788
v -0.007922726683318615 -0.0207793228328228 0.05569735914468765
v -0.007725754287093878 -0.020055757835507393 0.056297775357961655
v -0.008339748717844486 -0.01866033487021923 0.05674072355031967
v -0.006512798368930817 -0.018905136734247208 0.05799116566777229
v -0.0071302615106105804 -0.017668908461928368 0.057660479098558426
v -0.005347243510186672 -0.020611146464943886 0.05810314044356346
v -0.00360149797052145 0.004642154090106487 0.06465168297290802
v -0.0033358270302414894 0.008290299214422703 0.06185971200466156
v -0.009643550962209702 -0.03429758548736572 0.05750628560781479
v -0.004709500819444656 -0.03388572111725807 0.058937761932611465
v -0.0041155642829835415 -0.029801800847053528 0.0582440048456192
v -0.008519644849002361 -0.02978968247771263 0.05686909332871437
v -0.013110836036503315 -0.030481919646263123 0.05443169176578522
v -0.014697477221488953 -0.03589874878525734 0.05487489700317383
v -0.0025064214132726192 -0.022944189608097076 0.05890490114688873
v -0.010016515851020813 -0.036430031061172485 0.05776789039373398
v -0.010341179557144642 -0.03889990970492363 0.05752546340227127
v -0.015193699859082699 -0.03818414360284805 0.05494467914104462
v -0.015480412170290947 -0.040366511791944504 0.05451592430472374
v -0.01943533681333065 -0.03828227147459984 0.05166781693696976
v -0.018436331301927567 -0.0323655791580677 0.051472119987010956
v -0.02408873476088047 -0.034371666610240936 0.04811094328761101
v -0.023409444838762283 -0.040875405073165894 0.04831164330244064
v -0.031138280406594276 -0.04388318583369255 0.0429423488676548
v -0.026135742664337158 -0.0461156964302063 0.04354013130068779
v -0.0263364315032959 -0.044883280992507935 0.044201720505952835
v -0.02601388283073902 -0.043720465153455734 0.045154932886362076
v -0.03027431294322014 -0.0408562496304512 0.04430701211094856
v -0.034629642963409424 -0.04318839684128761 0.041386619210243225
v -0.033449381589889526 -0.03867800161242485 0.042831454426050186
v -0.02820371463894844 -0.037798959761857986 0.04589472711086273
v -0.025283215567469597 -0.04249348118901253 0.04634034261107445
v -0.02492096647620201 -0.04523421823978424 0.044455837458372116
v -0.023975705727934837 -0.04541988670825958 0.04434770345687866
v -0.024710243567824364 -0.04455915093421936 0.04530704766511917
v -0.02371956966817379 -0.04512377083301544 0.045061979442834854
v -0.024102387949824333 -0.04393705353140831 0.046340715140104294
v -0.02326306514441967 -0.04486442729830742 0.04590402543544769
v -0.02237951196730137 -0.044354405254125595 0.04715469107031822
v -0.02295639179646969 -0.042941171675920486 0.047883253544569016
v -0.022028332576155663 -0.04555070400238037 0.042801667004823685
v -0.021025512367486954 -0.045542482286691666 0.043878067284822464
v -0.021097976714372635 -0.04559746012091637 0.04522135108709335
v -0.02199268341064453 -0.04560796916484833 0.04415188729763031
v -0.02265513688325882 -0.04551082104444504 0.04226049408316612
v -0.022521767765283585 -0.045541275292634964 0.04353579878807068
v -0.022479917854070663 -0.04472655802965164 0.04019855335354805
v -0.021108845248818398 -0.04402615875005722 0.04197682440280914
v -0.02321675419807434 -0.045645102858543396 0.041533179581165314
v -0.023143716156482697 -0.04548640549182892 0.04267321154475212
v -0.023104103282094002 -0.045566901564598083 0.0439714677631855
v -0.02297721989452839 -0.04545578360557556 0.0444134846329689
v -0.022484349086880684 -0.045386623591184616 0.04512540623545647
v -0.021657289937138557 -0.04523684084415436 0.046140361577272415
v -0.015508576296269894 -0.04231203719973564 0.05335501581430435
v -0.01908518746495247 -0.042256712913513184 0.051141902804374695
v -0.018813271075487137 -0.04388856887817383 0.04975351691246033
v -0.015421140007674694 -0.0443665087223053 0.05130350589752197
v -0.018451925367116928 -0.045026745647192 0.04820429906249046
v -0.017551839351654053 -0.03622257336974144 0.0426819808781147
v -0.015122904442250729 -0.04515125975012779 0.04951431602239609
v -0.020193645730614662 -0.040623389184474945 0.04130837321281433
v -0.021138450130820274 -0.03791685774922371 0.039250485599040985
v -0.01893606223165989 -0.04354926943778992 0.04378727078437805
v -0.023893699049949646 -0.04387408494949341 0.03641299903392792
v -0.022228587418794632 -0.04229121655225754 0.03894327953457832
v -0.025210417807102203 -0.043249569833278656 0.033924516290426254
v -0.023310935124754906 -0.04023071005940437 0.0369352251291275
v -0.01834198459982872 -0.0454842671751976 0.046335428953170776
v -0.019386500120162964 -0.04046463221311569 0.05164234712719917
v -0.010891040787100792 -0.04122481867671013 0.05618450045585632
v -0.005721016321331263 -0.04076484590768814 0.05843862146139145
v -0.004286102019250393 -0.0030738431960344315 0.07093226164579391
v -0.0040471525862813 0.0010616459185257554 0.06766825914382935
v -0.022486524656414986 -0.04568489268422127 0.044367432594299316
v -0.010855969041585922 -0.12463085353374481 -0.003362350631505251
v -0.025418246164917946 -0.047287460416555405 0.04353097826242447
v -0.023570919409394264 -0.05148427560925484 0.03506680950522423
v -0.022544391453266144 -0.04816833510994911 0.03887125104665756
v -0.031063707545399666 -0.056683555245399475 0.04013514146208763
v -0.02651228755712509 -0.06085089594125748 0.042865090072155
v -0.02424192614853382 -0.056887511163949966 0.044735055416822433
v -0.02800389565527439 -0.05334578827023506 0.04193470999598503
v -0.021528156474232674 -0.050540581345558167 0.04707735404372215
v -0.02397214248776436 -0.04880630224943161 0.04469579830765724
v -0.022785868495702744 -0.04748000577092171 0.045474644750356674
v -0.020537711679935455 -0.04842786863446236 0.04777516424655914
v -0.01958511769771576 -0.04685397818684578 0.04814844951033592
v -0.02186356671154499 -0.04643981158733368 0.04567389562726021
v -0.017662396654486656 -0.045181483030319214 0.046816423535346985
v -0.013300740160048008 -0.04458374157547951 0.04978485032916069
v -0.012754150666296482 -0.04820777848362923 0.04492555186152458
v -0.01746424101293087 -0.04857660457491875 0.04249288886785507
v -0.020990651100873947 -0.04848917946219444 0.04010139778256416
v -0.020866286009550095 -0.045455578714609146 0.04384927451610565
v -0.018283488228917122 -0.044993117451667786 0.04759166017174721
v -0.021131036803126335 -0.04537542164325714 0.04466582462191582
v -0.013639375567436218 -0.044525351375341415 0.05080026015639305
v -0.02127399481832981 -0.12129279971122742 -0.008191361092031002
v -0.021364767104387283 -0.045640651136636734 0.04544249176979065
v -0.01868736371397972 -0.0454493872821331 0.04792558774352074
v -0.01436007209122181 -0.045374225825071335 0.0514109767973423
v -0.015436016954481602 -0.04730762913823128 0.05189439281821251
v -0.01640346832573414 -0.04957440868020058 0.05199727416038513
v -0.017207831144332886 -0.05240263417363167 0.05108904466032982
v -0.019165614619851112 -0.059572286903858185 0.04821421951055527
v -0.020203469321131706 -0.06448725610971451 0.046940844506025314
v -0.013082941062748432 -0.06129012629389763 0.05105042830109596
v -0.013557438738644123 -0.0663544163107872 0.05067838728427887
v -0.011982060968875885 -0.05376214161515236 0.05456814169883728
v -0.01155414804816246 -0.05022856220602989 0.055881258100271225
v -0.010800611227750778 -0.04757700115442276 0.055574484169483185
v -0.010069772601127625 -0.04535624757409096 0.05461921542882919
v -0.0030381258111447096 -0.024643227458000183 0.05831688269972801
v -0.005280232056975365 -0.018955856561660767 0.05927685275673866
v -0.004164188168942928 -0.018854720517992973 0.061681799590587616
v -0.007266834378242493 -0.015366013161838055 0.0668758973479271
v -0.0014793621376156807 -0.019700702279806137 0.06422297656536102
v -0.009674758650362492 -0.013573640957474709 0.06635995954275131
v -0.008073726668953896 -0.014242221601307392 0.06788700819015503
v -0.008677082136273384 -0.012521717697381973 0.06876260787248611
v -0.009828457608819008 -0.011832132004201412 0.06746719032526016
v -0.006513750646263361 -0.014864042401313782 0.0692133754491806
v -0.007736305706202984 -0.012750283814966679 0.06986919790506363
v -0.002367316512390971 -0.016040055081248283 0.07119739800691605
v -0.0031675384379923344 -0.01259292010217905 0.07328732311725616
v -0.00410381518304348 -0.006844465155154467 0.07297105342149734
v -0.0035483138635754585 -0.010348263196647167 0.07371195405721664
v -0.00902099534869194 -0.01081775687634945 0.06935740262269974
v -0.01019356306642294 -0.00878217350691557 0.06795013695955276
v -0.010593188926577568 -0.005881343502551317 0.06542941927909851
v -0.012782673351466656 -0.008105007000267506 0.061735961586236954
v -0.010430392809212208 0.13014794886112213 -0.04383594170212746
v -0.009369228966534138 -0.0441863089799881 0.05376017466187477
v -0.00888158194720745 -0.044275932013988495 0.05185319483280182
v -0.012687459588050842 -0.05838613212108612 0.038103021681308746
v -0.012698606587946415 -0.05403000861406326 0.04057341814041138
v -0.008275561966001987 -0.05401041731238365 0.042055077850818634
v -0.008314387872815132 -0.058781955391168594 0.03960298001766205
v -0.004642615560442209 -0.044154077768325806 0.052794113755226135
v -0.004376627970486879 -0.047809451818466187 0.047520481050014496
v -0.008482220582664013 -0.047819700092077255 0.04653536155819893
v -0.004840729292482138 -0.043952375650405884 0.05507683381438255
v -0.005325110163539648 -0.045347437262535095 0.05624024197459221
v -0.005900571588426828 -0.04768136516213417 0.05748850479722023
v -0.004204933065921068 -0.054182231426239014 0.04278936609625816
v -0.004308036062866449 -0.05894995480775833 0.04044007137417793
v -0.021840127184987068 -0.053019095212221146 0.03624725341796875
v -0.022767825052142143 -0.05653558298945427 0.034072112292051315
v -0.017578158527612686 -0.053974512964487076 0.038585763424634933
v -0.017958050593733788 -0.05784826725721359 0.036359287798404694
v -0.0074626081623137 -0.06669392436742783 0.053348857909440994
v -0.007106614299118519 -0.06192868575453758 0.05314116179943085
v -0.0061234054155647755 -0.051011230796575546 0.05773656442761421
v -0.006498529575765133 -0.05488721281290054 0.05618201196193695
v -0.022968776524066925 0.11450757086277008 -0.1122937947511673
v -0.06282495707273483 0.0768134742975235 -0.005993078928440809
v -0.06127727031707764 0.0700601264834404 0.0018692874582484365
v -0.05429558455944061 0.07775052636861801 0.008965391665697098
v -0.05623077228665352 0.08305244147777557 0.0016395465936511755
v -0.06358901411294937 0.08459080755710602 -0.014150025323033333
v -0.056892044842243195 0.08966417610645294 -0.006104648113250732
v -0.0402698777616024 0.12172912061214447 -0.06327417492866516
v -0.04079466685652733 0.12121764570474625 -0.04897404834628105
v -0.021641679108142853 0.12746143341064453 -0.04506807401776314
v -0.03518332540988922 0.12175312638282776 -0.07730008661746979
v -0.04756815731525421 0.11316251754760742 -0.08658771216869354
v -0.0497664175927639 0.11600998044013977 -0.0671619325876236
v -0.04969501122832298 0.11606760323047638 -0.051814235746860504
v -0.02680661715567112 -0.08688152581453323 -0.10572274029254913
v -0.05353531241416931 0.042916081845760345 -0.13129974901676178
v -0.048316702246665955 0.11511164158582687 -0.03797949105501175
v -0.040084291249513626 0.1194918230175972 -0.03516488894820213
v -0.03951030969619751 0.11646100878715515 -0.022769154980778694
v -0.04696037247776985 0.11290708184242249 -0.02624993771314621
v -0.021453797817230225 0.1252291202545166 -0.030602937564253807
v -0.01034112274646759 0.12760217487812042 -0.02875550463795662
v -0.020011700689792633 0.006196300033479929 -0.14387081563472748
v -0.003201325424015522 0.011766850017011166 0.059178560972213745
v -0.048370350152254105 -0.049428585916757584 -0.08888321369886398
v -0.05763962119817734 -0.049726102501153946 -0.07109524309635162
v -0.05841243267059326 -0.10109850019216537 -0.04828919470310211
v -0.06876496970653534 -0.02665802463889122 -0.05388110503554344
v -0.06853283941745758 -0.026295721530914307 -0.05480936914682388
v -0.060673538595438004 -0.06454913318157196 -0.05268480256199837
v -0.061526767909526825 -0.050703488290309906 -0.05385337397456169
v -0.03917669877409935 -0.048277225345373154 -0.10077748447656631
v -0.07856332510709763 -0.015418018214404583 -0.06450744718313217
v -0.0794416218996048 -0.011845220811665058 -0.06569850444793701
v -0.07954755425453186 -0.01612892933189869 -0.0641833022236824
v -0.08062269538640976 -0.012302849441766739 -0.06555266678333282
v -0.08081983774900436 -0.00831387098878622 -0.06618767231702805
v -0.08001255244016647 -0.01788843795657158 -0.06358583271503448
v -0.07746723294258118 0.020090002566576004 -0.05422781780362129
v -0.0785847082734108 0.021714288741350174 -0.053530652076005936
v -0.06831797957420349 -0.02829362079501152 -0.04958954453468323
v -0.06816033273935318 -0.027673454955220222 -0.05130089446902275
v -0.06773646920919418 -0.02790997177362442 -0.05020495504140854
v -0.06753310561180115 -0.028482362627983093 -0.04899309203028679
v -0.06805877387523651 -0.029223380610346794 -0.048060763627290726
v -0.06750033050775528 -0.029068220406770706 -0.047819409519433975
v -0.07783611118793488 0.03564245626330376 -0.04706365987658501
v -0.06631388515233994 -0.028734378516674042 -0.05096445605158806
v -0.06798038631677628 -0.026648012921214104 -0.05398101732134819
v -0.06793159246444702 -0.0273312758654356 -0.05253109708428383
v -0.0670064240694046 -0.027973094955086708 -0.051042307168245316
v -0.06652995198965073 -0.02879810333251953 -0.04888048395514488
v -0.06660008430480957 -0.029725566506385803 -0.04717889428138733
v -0.06778699159622192 -0.03045785427093506 -0.046884242445230484
v -0.080172598361969 -0.01894408091902733 -0.06409863382577896
v -0.07270310819149017 -0.029712213203310966 -0.05278612673282623
v -0.07793593406677246 0.012396402657032013 -0.06071760877966881
v -0.07805424928665161 0.010705205611884594 -0.06201575696468353
v -0.08007384091615677 0.012432040646672249 -0.06376946717500687
v -0.07992285490036011 0.014663457870483398 -0.06240835413336754
v -0.0594664141535759 -0.010793042369186878 -0.10396798700094223
v -0.06173026189208031 0.00022714702936355025 -0.10926185548305511
v -0.014012813568115234 -0.08517049998044968 -0.11047323793172836
v -0.014261743985116482 -0.07092588394880295 -0.11025481671094894
v -0.07619163393974304 0.032707422971725464 -0.0945499837398529
v -0.07792891561985016 0.014043459668755531 -0.0591094046831131
v -0.07996167987585068 0.0163800697773695 -0.06091465801000595
v -0.07984674721956253 -0.007818927988409996 -0.06601084023714066
v -0.07766734808683395 0.013062067329883575 -0.05876264348626137
v -0.07764462381601334 0.011442694813013077 -0.0603104867041111
v -0.08087810128927231 0.01811164990067482 -0.06260946393013
v -0.08096644282341003 0.01590273715555668 -0.06432115286588669
v -0.08106042444705963 0.013438420370221138 -0.0657135546207428
v -0.07760131359100342 0.009668735787272453 -0.06190866604447365
v -0.07707034796476364 0.018441205844283104 -0.061048805713653564
v -0.08068905770778656 0.06343258917331696 -0.07082733511924744
v -0.07990692555904388 0.05750567838549614 -0.08490441739559174
v -0.07712293416261673 0.0804079920053482 -0.07423704117536545
v -0.07647720724344254 0.07538782060146332 -0.08960294723510742
v -0.0718868300318718 0.06935586780309677 -0.10553661733865738
v -0.0752105563879013 0.050468821078538895 -0.10086577385663986
v -0.07697989046573639 0.019665300846099854 -0.05567781627178192
v -0.07931194454431534 0.02276146598160267 -0.05419659987092018
v -0.06415241211652756 0.09099940210580826 -0.021967245265841484
v -0.06918597966432571 0.08587102591991425 -0.029313692823052406
v -0.05714309215545654 0.0954507365822792 -0.013271352276206017
v -0.056982431560754776 0.1006159782409668 -0.020032713189721107
v -0.0635090246796608 0.0970454216003418 -0.028993507847189903
v -0.07061871141195297 0.09006189554929733 -0.04122600704431534
v -0.07972534000873566 0.05411490425467491 -0.05589832365512848
v -0.0788593739271164 0.06891731917858124 -0.056610140949487686
v -0.07574651390314102 0.07307549566030502 -0.0429454930126667
v -0.07516387104988098 0.08546721935272217 -0.05853516608476639
v -0.06658360362052917 0.09923028945922852 -0.047600727528333664
v -0.07026989012956619 0.09555736184120178 -0.062265459448099136
v -0.05947813391685486 0.10768692195415497 -0.05149742215871811
v -0.06158347800374031 0.1056366041302681 -0.06621669232845306
v -0.06152428686618805 0.10307706892490387 -0.08229120820760727
v -0.0719979777932167 0.09156545251607895 -0.07750000804662704
v -0.06162150949239731 0.10245369374752045 -0.03521455451846123
v -0.05541568994522095 0.10532953590154648 -0.025487469509243965
v -0.056480880826711655 0.10874104499816895 -0.03875444456934929
v -0.053192075341939926 0.10933806002140045 -0.030054232105612755
v -0.07379526644945145 0.07492798566818237 -0.0356331430375576
v -0.06453704088926315 -0.03495271876454353 -0.04600181058049202
v -0.06601347774267197 -0.03501233085989952 -0.04109952598810196
v -0.06938444823026657 -0.023887019604444504 -0.034293100237846375
v -0.06847383081912994 0.0007790741510689259 -0.0007075415342114866
v -0.06839899718761444 0.013401377014815807 -0.003112934762611985
v -0.07157246023416519 0.005410563666373491 -0.0134963970631361
v -0.0699269101023674 -0.007981507107615471 -0.010279652662575245
v -0.06699788570404053 0.02700646035373211 -0.004609985742717981
v -0.07065285742282867 0.019556084647774696 -0.014853944070637226
v -0.07083967328071594 0.03363315016031265 -0.016635000705718994
v -0.06710129976272583 0.0413445346057415 -0.004875462967902422
v -0.0630011260509491 0.06387480348348618 -0.12057051807641983
v -0.06525910645723343 0.046995773911476135 -0.1186237558722496
v -0.06569159030914307 0.034154780209064484 -0.11678870022296906
v -0.047677312046289444 0.058343831449747086 0.026685627177357674
v -0.02246973291039467 0.0851815938949585 -0.14061644673347473
v -0.04663212224841118 0.08223822712898254 0.016406940296292305
v -0.0553189218044281 0.0844663456082344 -0.12097688019275665
v -0.042194902896881104 0.09047134965658188 -0.12755252420902252
v -0.07121136784553528 0.0866696685552597 -0.09265421330928802
v -0.06801310181617737 0.08138119429349899 -0.10621613264083862
v -0.06003167852759361 0.07496911287307739 -0.12108395993709564
v -0.06461022049188614 0.017898136749863625 -0.11465249955654144
v -0.047530416399240494 0.10909497737884521 -0.018621325492858887
v -0.05584229156374931 0.02422822080552578 0.01950482837855816
v -0.05499255284667015 0.019659681245684624 0.018571829423308372
v -0.0562005490064621 0.02904977649450302 0.021085798740386963
v -0.05333074554800987 0.014819631353020668 0.020032910630106926
v -0.015192398801445961 0.006387283559888601 0.04416421055793762
v -0.01479668915271759 0.004326724447309971 0.0462043397128582
v -0.014293900690972805 0.0020515313372015953 0.04819892346858978
v -0.018288277089595795 0.001536743831820786 0.043925415724515915
v -0.01755407638847828 -0.0014675999991595745 0.045726753771305084
v -0.011444183066487312 0.0018515123520046473 0.0533943846821785
v -0.01158979907631874 0.004646478220820427 0.05110907554626465
v -0.014028985984623432 -0.0008573298109695315 0.050119105726480484
v -0.013782751746475697 -0.004079666920006275 0.05183018371462822
v -0.01142173632979393 -0.0012264200486242771 0.05571933835744858
v -0.017866378650069237 -0.016476036980748177 0.0476209782063961
v -0.01889655366539955 -0.011753330938518047 0.04628876596689224
v -0.016513874754309654 -0.007544887717813253 0.048424724489450455
v -0.021171262487769127 -0.004361388739198446 0.04422454535961151
v -0.020146235823631287 -0.007747475057840347 0.04542688652873039
v -0.016934217885136604 -0.004237990360707045 0.04716282710433006
v -0.022455301135778427 -0.0009899752913042903 0.042487259954214096
v -0.014657877385616302 -0.007470827084034681 0.05440627038478851
v -0.015536735765635967 -0.010652415454387665 0.057269562035799026
v -0.012131006456911564 -0.0047208452597260475 0.05870960280299187
v -0.010212509892880917 -0.002578922314569354 0.062146157026290894
v -0.00952061451971531 0.001095884246751666 0.05917263776063919
v -0.018907899037003517 0.0037801170255988836 0.042092740535736084
v -0.023450767621397972 0.0017225815681740642 0.04102730005979538
v -0.023615363985300064 -0.01124234776943922 0.04485834017395973
v -0.028112012892961502 -0.014620017260313034 0.04452763870358467
v -0.02544921636581421 -0.006799726281315088 0.04344256594777107
v -0.029925435781478882 -0.009604797698557377 0.04305404797196388
v -0.026824835687875748 -0.003137058112770319 0.041800204664468765
v -0.0312491562217474 -0.005687883589416742 0.0411875918507576
v -0.0321689248085022 -0.018259478732943535 0.04395594820380211
v -0.035645537078380585 -0.02225814014673233 0.04281869903206825
v -0.038780320435762405 -0.027188614010810852 0.04103732109069824
v -0.03843787685036659 -0.017135048285126686 0.041222888976335526
v -0.04215553030371666 -0.02255360782146454 0.03922610729932785
v -0.04040515422821045 -0.012116119265556335 0.03926745429635048
v -0.04476848244667053 -0.01704702340066433 0.037171315401792526
v -0.034491635859012604 -0.013066565617918968 0.042377471923828125
v -0.03611146658658981 -0.008738424628973007 0.0403495728969574
v -0.03246695548295975 -0.0018387422896921635 0.039352912455797195
v -0.02811342477798462 0.000183035503141582 0.04024090990424156
v -0.04155869036912918 -0.0009011412621475756 0.03536175563931465
v -0.041361380368471146 -0.006460424046963453 0.03732767328619957
v -0.036928046494722366 -0.00406703632324934 0.038301438093185425
v -0.037471260875463486 0.0005049655446782708 0.03640199080109596
v -0.046401817351579666 -0.010240999981760979 0.03515307232737541
v -0.04611390829086304 -0.002529583405703306 0.03376735374331474
v -0.04530108720064163 0.0024869723711162806 0.03223626688122749
v -0.031387437134981155 0.009160131216049194 0.03624361753463745
v -0.02653571404516697 0.009830418042838573 0.03706450015306473
v -0.035013969987630844 0.008801034651696682 0.03506110981106758
v -0.04118838533759117 0.0031910152174532413 0.0338396318256855
v -0.037736374884843826 0.003932226449251175 0.035179831087589264
v -0.0491144098341465 0.009950324892997742 0.02586640603840351
v -0.04690919443964958 0.009095069020986557 0.028125004842877388
v -0.04125126823782921 0.00858844630420208 0.03222000598907471
v -0.0383499450981617 0.008615526370704174 0.0337214432656765
v -0.04419075325131416 0.008775799535214901 0.030367417261004448
v -0.0219469852745533 0.011481676250696182 0.037068597972393036
v -0.017570454627275467 0.013695997186005116 0.036982569843530655
v -0.05737057700753212 -0.06287167221307755 -0.06795920431613922
v -0.009163709357380867 0.004426107741892338 0.05680197849869728
v -0.00898351613432169 0.007523579057306051 0.05443820357322693
v -0.014266450889408588 0.03046848624944687 0.04036327078938484
v -0.012380505912005901 0.02768588252365589 0.03901602327823639
v -0.006553704850375652 0.027945861220359802 0.04647202417254448
v -0.01855984702706337 0.03416479006409645 0.042661335319280624
v -0.013883395120501518 0.016368238255381584 0.037026770412921906
v -0.012305612675845623 0.01869197189807892 0.03701312467455864
v -0.011263316497206688 0.02179073728621006 0.03742111474275589
v -0.011213679797947407 0.02460910938680172 0.03815646842122078
v -0.030263813212513924 0.04827997460961342 0.043883003294467926
v -0.02722667157649994 0.04175182059407234 0.045318856835365295
v -0.057912155985832214 0.06350195407867432 0.010857844725251198
v -0.06163652613759041 0.054683804512023926 0.006830601487308741
v -0.05039188638329506 0.04383085295557976 0.02897573821246624
v -0.053599707782268524 0.03955424204468727 0.025890719145536423
v -0.055621761828660965 0.03436931595206261 0.023179346695542336
v -0.06343560665845871 0.042838286608457565 0.0038581984117627144
v -0.06405936181545258 0.03032013773918152 0.002937057288363576
v -0.06512417644262314 0.01857060194015503 0.0035874140448868275
v -0.04858492687344551 0.09401807188987732 0.0022555850446224213
v -0.04853871464729309 0.09958115220069885 -0.004613917320966721
v -0.04807044565677643 0.08804310113191605 0.009387527592480183
v -0.0392267182469368 0.11256923526525497 -0.013264061883091927
v -0.03923269361257553 0.10818006843328476 -0.004851397126913071
v -0.048197004944086075 0.10460352897644043 -0.01152787171304226
v -0.03965349495410919 0.10313456505537033 0.002468453487381339
v -0.03993518278002739 0.09757601469755173 0.009270300157368183
v -0.039407242089509964 0.09167458862066269 0.016440924257040024
v -0.03826894983649254 0.0854685828089714 0.023264246061444283
v -0.03655383735895157 0.0769190564751625 0.02997775562107563
v -0.04721514880657196 -0.06184466555714607 -0.08573789894580841
v -0.007535100448876619 -0.006876340601593256 0.05489564687013626
v -0.006816130597144365 -0.006701991893351078 0.05544784665107727
v -0.0064115021377801895 -0.007467675022780895 0.05438663065433502
v -0.005780746228992939 -0.007204281631857157 0.054919760674238205
v -0.005265441257506609 -0.008984237909317017 0.0546547994017601
v -0.006847728975117207 -0.01586049236357212 0.05687486007809639
v -0.0055008865892887115 -0.01401600893586874 0.055777180939912796
v -0.00481073884293437 -0.010680661536753178 0.054533377289772034
v -0.06797681003808975 -0.030320797115564346 -0.035942479968070984
v -0.05854776129126549 -0.09705427289009094 -0.06299251317977905
v -0.054335277527570724 -0.09352351725101471 -0.07538212835788727
v 0.05546267703175545 -0.09666532278060913 -0.06289467215538025
v 0.05127568542957306 -0.09304912388324738 -0.07548671960830688
v 0.020898398011922836 -0.12774646282196045 -0.010310792364180088
v 0.032420068979263306 -0.12348626554012299 -0.016267476603388786
v 0.03366748243570328 -0.13202083110809326 -0.017528008669614792
v 0.021645093336701393 -0.13548050820827484 -0.011776602827012539
v 0.05895199999213219 -0.11423800140619278 -0.06850618869066238
v 0.0565761923789978 -0.10584691166877747 -0.06345074623823166
v 0.05309002846479416 -0.10184114426374435 -0.07825376838445663
v 0.05698711797595024 -0.11024097353219986 -0.08384299278259277
v 0.046501919627189636 -0.09969731420278549 -0.09108814597129822
v 0.050415195524692535 -0.10898860543966293 -0.09677641093730927
v 0.03960787132382393 -0.10954492539167404 -0.10655006021261215
v 0.03686650097370148 -0.0986533835530281 -0.10084212571382523
v 0.02517860382795334 -0.09873408079147339 -0.10790499299764633
v 0.02758374623954296 -0.11068446934223175 -0.11305718123912811
v 0.04375001788139343 -0.11867119371891022 -0.02465062588453293
v 0.05250653997063637 -0.11375954747200012 -0.0358361154794693
v 0.052958615124225616 -0.12344599515199661 -0.03676627576351166
v 0.044074397534132004 -0.12726399302482605 -0.02555074542760849
v 0.0569109283387661 -0.10926719009876251 -0.048829130828380585
v 0.058053262531757355 -0.11854809522628784 -0.051826268434524536
v 0.013450237922370434 -0.10995174199342728 -0.11732297390699387
v 0.012163820676505566 -0.09692972898483276 -0.11186195909976959
v 0.023432742804288864 -0.15358740091323853 -0.013627206906676292
v 0.010617765597999096 -0.15548837184906006 -0.011272681877017021
v 0.010567942634224892 -0.14614669978618622 -0.0102174561470747
v 0.022783808410167694 -0.14445383846759796 -0.012937873601913452
v 0.0547136552631855 -0.1556093841791153 -0.031426187604665756
v 0.06933332979679108 -0.14877420663833618 -0.04469678923487663
v 0.07564173638820648 -0.15724007785320282 -0.04064014181494713
v 0.05934164300560951 -0.16443206369876862 -0.02684125117957592
v 0.09696432203054428 -0.15621568262577057 -0.05385714769363403
v 0.10627257078886032 -0.14493413269519806 -0.07562746852636337
v 0.0384608693420887 -0.1605924367904663 -0.020950136706233025
v 0.04134202376008034 -0.16924963891506195 -0.015736429020762444
v -0.0011435613268986344 -0.12029913812875748 -0.1260455697774887
v -0.0011427424615249038 -0.10795365273952484 -0.11817904561758041
v 0.09647784382104874 -0.13908810913562775 -0.07925913482904434
v 0.09491962194442749 -0.1350942850112915 -0.10224483907222748
v 0.10776618123054504 -0.14038090407848358 -0.10016117244958878
v 0.05355235934257507 -0.15659931302070618 -0.14370790123939514
v 0.05366111174225807 -0.16338220238685608 -0.14739824831485748
v 0.06928464770317078 -0.1586596816778183 -0.14368341863155365
v 0.06464052945375443 -0.15279483795166016 -0.1395227611064911
v 0.07361254096031189 -0.12421731650829315 -0.09712711721658707
v 0.06191979721188545 -0.12521591782569885 -0.11236809939146042
v 0.07135842740535736 -0.13204728066921234 -0.11737077683210373
v 0.08414305746555328 -0.12978550791740417 -0.10185442119836807
v 0.03694767877459526 -0.14175261557102203 -0.13534729182720184
v 0.05501307174563408 -0.13657373189926147 -0.12726518511772156
v 0.04728807881474495 -0.12892994284629822 -0.12215207517147064
v 0.03192940354347229 -0.1326095014810562 -0.12894293665885925
v 0.08664923906326294 -0.13390786945819855 -0.07936115562915802
v 0.07513097673654556 -0.12897111475467682 -0.07691596448421478
v 0.07910740375518799 -0.1413099318742752 -0.06054829806089401
v 0.06985797733068466 -0.13541311025619507 -0.05929059907793999
v 0.06189565360546112 -0.14119352400302887 -0.04378102347254753
v 0.05635407939553261 -0.11730820685625076 -0.10391942411661148
v 0.04384338855743408 -0.11937256157398224 -0.11390542984008789
v 0.028510533273220062 -0.12191807478666306 -0.12124082446098328
v 0.012878959998488426 -0.12246697396039963 -0.12565580010414124
v -0.0012561265612021089 -0.17034167051315308 -0.146977037191391
v -0.0011246530339121819 -0.15826790034770966 -0.14355213940143585
v 0.01768610067665577 -0.1441575586795807 -0.13802306354045868
v 0.015665259212255478 -0.13306334614753723 -0.1319120228290558
v 0.08806969225406647 -0.14799347519874573 -0.05870281532406807
v 0.062287043780088425 -0.12785182893276215 -0.0566549077630043
v 0.0564437136054039 -0.13258302211761475 -0.04135197028517723
v 0.06552473455667496 -0.17268019914627075 -0.017315305769443512
v 0.08390848338603973 -0.16614800691604614 -0.033395372331142426
v 0.045144543051719666 -0.17769618332386017 -0.006280325353145599
v 0.02683151885867119 -0.18101967871189117 0.0004859350447077304
v 0.019234174862504005 -0.15562109649181366 -0.14356909692287445
v 0.018255986273288727 -0.1678159236907959 -0.14696387946605682
v 0.03826934099197388 -0.1646539717912674 -0.1474771499633789
v 0.041624605655670166 -0.15286660194396973 -0.1422969251871109
v 0.04973817616701126 -0.1456286758184433 -0.03114154562354088
v 0.03667724132537842 -0.15079091489315033 -0.021326962858438492
v 0.023660456761717796 -0.1634027361869812 -0.012693417258560658
v 0.0640096589922905 -0.11799562722444534 -0.08970285952091217
v 0.06519348174333572 -0.12247730046510696 -0.07305783778429031
v 0.04632561281323433 -0.1359155774116516 -0.028569035232067108
v 0.03522355109453201 -0.1415555775165558 -0.019523384049534798
v 0.010060077533125877 -0.13750696182250977 -0.008013947866857052
v 0.024739880114793777 -0.17234192788600922 -0.007742355111986399
v 0.09771165251731873 -0.14454784989356995 -0.12156165391206741
v 0.08404947817325592 -0.15223059058189392 -0.13545159995555878
v 0.07591501623392105 -0.14893940091133118 -0.13408471643924713
v -0.001021983684040606 -0.1453593224287033 -0.13866199553012848
v -0.0011768460972234607 -0.14752067625522614 -0.00978926569223404
v -0.0013652130728587508 -0.1565580517053604 -0.011902004480361938
v -0.0006571546546183527 -0.13902387022972107 -0.006823386065661907
v 0.08155571669340134 -0.14017543196678162 -0.12336384505033493
v 0.06058599427342415 -0.14540617167949677 -0.13441936671733856
v -0.0003873542882502079 -0.13190345466136932 -0.004131848458200693
v -0.0012513974215835333 -0.09617458283901215 -0.11308463662862778
v -0.0014488748274743557 -0.16710984706878662 -0.012182509526610374
v -0.0016718931728973985 -0.17717085778713226 -0.0070260814391076565
v -0.0018505065236240625 -0.18724247813224792 0.0016347633209079504
v 0.00999496504664421 -0.13043738901615143 -0.005633247084915638
v 0.010890984907746315 -0.17511646449565887 -0.006295300554484129
v 0.010563209652900696 -0.16527855396270752 -0.010780000127851963
v 0.011845145374536514 -0.18495681881904602 0.001435798010788858
v -0.0006989802932366729 -0.13246294856071472 -0.13274075090885162
v -0.021582642570137978 -0.12788933515548706 -0.01005775760859251
v -0.03334377706050873 -0.12368518114089966 -0.0162165816873312
v -0.03501255437731743 -0.1321674883365631 -0.017450079321861267
v -0.022750135511159897 -0.13562190532684326 -0.011698727495968342
v -0.0609431266784668 -0.11474831402301788 -0.06912738084793091
v -0.05890980362892151 -0.106318898499012 -0.06366367638111115
v -0.055859822779893875 -0.10230983048677444 -0.0784316137433052
v -0.059239987283945084 -0.11076129227876663 -0.08424393832683563
v -0.04882703348994255 -0.10020194202661514 -0.09122786670923233
v -0.05234748125076294 -0.10953497886657715 -0.09694667160511017
v -0.041549522429704666 -0.11013956367969513 -0.10651297122240067
v -0.03907132148742676 -0.09919468313455582 -0.1009514108300209
v -0.02736182138323784 -0.09919635206460953 -0.10792878270149231
v -0.02968788705766201 -0.11119553446769714 -0.11290616542100906
v -0.04509250447154045 -0.118985116481781 -0.024619312956929207
v -0.05404933542013168 -0.11432607471942902 -0.035821184515953064
v -0.05462758615612984 -0.12374179065227509 -0.03683334216475487
v -0.04568789154291153 -0.12748508155345917 -0.025487322360277176
v -0.05842801183462143 -0.10974455624818802 -0.04877890646457672
v -0.05964049696922302 -0.11903689801692963 -0.05230466648936272
v -0.015535157173871994 -0.11030054837465286 -0.11708109080791473
v -0.014542384073138237 -0.09721271693706512 -0.11182329058647156
v -0.0257722195237875 -0.15360818803310394 -0.013695834204554558
v -0.012916609644889832 -0.15552274882793427 -0.011415326967835426
v -0.012364454567432404 -0.1461980938911438 -0.010325508192181587
v -0.02464747056365013 -0.14447374641895294 -0.013047542423009872
v -0.05694974213838577 -0.15600384771823883 -0.032741010189056396
v -0.07111856341362 -0.14930206537246704 -0.04660474509000778
v -0.07763418555259705 -0.157743901014328 -0.042525652796030045
v -0.06181705743074417 -0.16490714251995087 -0.02833777852356434
v -0.09917788952589035 -0.15616068243980408 -0.055750519037246704
v -0.10800554603338242 -0.14457882940769196 -0.0771271139383316
v -0.040962137281894684 -0.16075864434242249 -0.02156154438853264
v -0.04402923956513405 -0.16943204402923584 -0.016630154103040695
v -0.09860209375619888 -0.1388806700706482 -0.08062585443258286
v -0.09698799252510071 -0.1351977288722992 -0.10312499850988388
v -0.10978439450263977 -0.14016690850257874 -0.10127920657396317
v -0.05591534823179245 -0.15655945241451263 -0.14443960785865784
v -0.05615007504820824 -0.16314277052879333 -0.14810152351856232
v -0.07148043066263199 -0.1585032045841217 -0.1444629728794098
v -0.06697789579629898 -0.15277211368083954 -0.1403103470802307
v -0.07564091682434082 -0.12461604177951813 -0.09770035743713379
v -0.06388948857784271 -0.12557125091552734 -0.11268076300621033
v -0.0731164813041687 -0.13233953714370728 -0.11797083169221878
v -0.08583544939756393 -0.13004310429096222 -0.10256774723529816
v -0.03886403143405914 -0.1419283151626587 -0.13575266301631927
v -0.056678786873817444 -0.13681204617023468 -0.1278453767299652
v -0.04917702078819275 -0.12932533025741577 -0.12252449989318848
v -0.032988980412483215 -0.13296128809452057 -0.12933404743671417
v -0.08844100683927536 -0.13371062278747559 -0.08045076578855515
v -0.07680900394916534 -0.12895607948303223 -0.07789510488510132
v -0.08071593940258026 -0.14162306487560272 -0.06210372969508171
v -0.07154326885938644 -0.1358308494091034 -0.060798484832048416
v -0.06358225643634796 -0.14165006577968597 -0.04538652300834656
v -0.057845525443553925 -0.1177418902516365 -0.10419715195894241
v -0.0455310121178627 -0.11977614462375641 -0.11401514708995819
v -0.030710959807038307 -0.12219853699207306 -0.12119056284427643
v -0.015304000116884708 -0.1225060522556305 -0.12546370923519135
v -0.019755564630031586 -0.14422228932380676 -0.13809876143932343
v -0.017515724524855614 -0.13332054018974304 -0.13203950226306915
v -0.08983976393938065 -0.14819803833961487 -0.060398731380701065
v -0.06387242674827576 -0.12820777297019958 -0.057833440601825714
v -0.05819421261548996 -0.1328791081905365 -0.04218432307243347
v -0.06840399652719498 -0.17263354361057281 -0.018613427877426147
v -0.08650609105825424 -0.16617676615715027 -0.035153791308403015
v -0.0482139028608799 -0.17756308615207672 -0.007119358982890844
v -0.030211839824914932 -0.18109478056430817 8.744555816520005e-05
v -0.021498005837202072 -0.15579095482826233 -0.1438344269990921
v -0.019975464791059494 -0.16801688075065613 -0.1472340226173401
v -0.039625056087970734 -0.16496163606643677 -0.148100346326828
v -0.043556053191423416 -0.15295222401618958 -0.142898291349411
v -0.05190335586667061 -0.1458948403596878 -0.0319305844604969
v -0.03903079405426979 -0.15089263021945953 -0.021661316975951195
v -0.026279974728822708 -0.16336975991725922 -0.012857111170887947
v -0.06571895629167557 -0.11836038529872894 -0.09020437300205231
v -0.06701087206602097 -0.12275896966457367 -0.07393340766429901
v -0.048330508172512054 -0.136061429977417 -0.028802921995520592
v -0.03725959733128548 -0.1416071206331253 -0.01956099085509777
v -0.01144801452755928 -0.13764113187789917 -0.008079483173787594
v -0.02764313668012619 -0.17239141464233398 -0.008192161098122597
v -0.09908714145421982 -0.14442884922027588 -0.12248556315898895
v -0.08580803871154785 -0.1521582454442978 -0.13627897202968597
v -0.07765907794237137 -0.1490190178155899 -0.134939506649971
v -0.08320324122905731 -0.14033520221710205 -0.12415982782840729
v -0.06222831457853317 -0.1455509215593338 -0.1351831555366516
v -0.010846013203263283 -0.13059347867965698 -0.005597163923084736
v -0.014012319967150688 -0.1751209795475006 -0.006495486944913864
v -0.01331372745335102 -0.16529744863510132 -0.010943464934825897
v -0.015203860588371754 -0.1848161220550537 0.001094843726605177
v -0.0066682687029242516 -0.008975120261311531 0.05379355698823929
v -0.06758112460374832 -0.03296971693634987 -0.01533068623393774
v -0.0671379491686821 -0.04055347293615341 -0.022443436086177826
v -0.06402251869440079 -0.05107809603214264 -0.01607409119606018
v -0.06497032195329666 -0.043044231832027435 -0.009006011299788952
v -0.05861276015639305 -0.06184045597910881 -0.007669133134186268
v -0.06149674206972122 -0.051981765776872635 -0.001690757810138166
v -0.052683159708976746 -0.06999862194061279 0.0014123424189165235
v -0.05700644478201866 -0.05995626375079155 0.005446776282042265
v -0.047667764127254486 -0.07491930574178696 0.011196289211511612
v -0.05219767987728119 -0.06510838121175766 0.013654058799147606
v -0.032968319952487946 -0.07849092781543732 0.032450687140226364
v -0.03127690777182579 -0.08336286246776581 0.028814125806093216
v -0.024783316999673843 -0.08621171861886978 0.03617936000227928
v -0.025491507723927498 -0.08222116529941559 0.04041365534067154
v -0.017704034224152565 -0.08828676491975784 0.042890649288892746
v -0.018268421292304993 -0.08439188450574875 0.047000788152217865
v -0.009828586131334305 -0.08923561871051788 0.046757884323596954
v -0.009782782755792141 -0.08551368117332458 0.051004115492105484
v -0.0003785978478845209 -0.08940935879945755 0.048448413610458374
v -0.0002455741632729769 -0.08560851216316223 0.05268030986189842
v -2.4648343242006376e-05 -0.07610634714365005 0.05606760457158089
v -0.00883524026721716 -0.07604746520519257 0.05469638109207153
v -0.009429757483303547 -0.08086156100034714 0.05370233952999115
v -0.00013716596004087478 -0.08135611563920975 0.054974839091300964
v -0.016364973038434982 -0.07527032494544983 0.0509517602622509
v -0.017720302566885948 -0.08021774888038635 0.04951247200369835
v -0.023047160357236862 -0.07279770821332932 0.04534345120191574
v -0.0247193593531847 -0.07783962041139603 0.04345965385437012
v -0.030619824305176735 -0.06883422285318375 0.038699373602867126
v -0.03255784139037132 -0.07381238788366318 0.03574464097619057
v -0.03718855604529381 -0.06356164813041687 0.03461291640996933
v -0.040177565068006516 -0.06699926406145096 0.030306609347462654
v -0.008918634615838528 -0.09219305962324142 0.04044206812977791
v -0.0005352911539375782 -0.09231029450893402 0.04276391863822937
v -0.016045089811086655 -0.09137321263551712 0.03679551184177399
v -0.02259194664657116 -0.08977010846138 0.031241148710250854
v -0.02813396044075489 -0.08789459615945816 0.024754244834184647
v -0.040917981415987015 -0.07811497896909714 0.020505467429757118
v -0.03426247090101242 -0.08558426052331924 0.016772232949733734
v -0.04196270555257797 -0.08135558664798737 0.008484004996716976
v -0.04756661131978035 -0.07664522528648376 -0.0022680354304611683
v -0.054684653878211975 -0.068264901638031 -0.012828626669943333
v -0.06180565804243088 -0.05713869258761406 -0.02234717644751072
v -0.06573677062988281 -0.04488648846745491 -0.029868993908166885
v -0.06838593631982803 -0.03255833685398102 -0.02783128246665001
v -0.015186368487775326 -0.0708623081445694 0.050904497504234314
v -0.008138290606439114 -0.07146280258893967 0.05434386804699898
v -0.022261762991547585 -0.06848634034395218 0.045759331434965134
v -0.02876020409166813 -0.06453552842140198 0.040831468999385834
v -0.033866796642541885 -0.06017472594976425 0.03797116130590439
v -0.038803670555353165 -0.04858352988958359 0.03775370121002197
v -0.03759210929274559 -0.054786164313554764 0.03717251121997833
v -0.03709491714835167 -0.036442000418901443 0.04085283726453781
v -0.03841906785964966 -0.0423894040286541 0.039091143757104874
v -0.044996291399002075 -0.029722610488533974 0.036228641867637634
v -0.04670744389295578 -0.03842663764953613 0.032726820558309555
v -0.0425720289349556 -0.04101628437638283 0.03617282584309578
v -0.0411851592361927 -0.033559687435626984 0.03865959495306015
v -0.048556096851825714 -0.024137144908308983 0.03346458822488785
v -0.05077987164258957 -0.03404621779918671 0.028908908367156982
v -0.007999034598469734 -0.09455599635839462 0.034824371337890625
v -0.000636743032373488 -0.09481236338615417 0.03597218170762062
v -0.014202861115336418 -0.09400427341461182 0.031374428421258926
v -0.01963464543223381 -0.09325510263442993 0.026202881708741188
v -0.023828960955142975 -0.09256172925233841 0.019776057451963425
v -0.028502847999334335 -0.09129978716373444 0.012445497326552868
v -0.03427662327885628 -0.08901118487119675 0.0040411632508039474
v -0.04140752553939819 -0.08435923606157303 -0.006144103594124317
v -0.0502607598900795 -0.07523898780345917 -0.01791808381676674
v -0.059146568179130554 -0.06183934956789017 -0.028291182592511177
v -0.0636376291513443 -0.048967402428388596 -0.03578278794884682
v -0.020776616409420967 -0.09915507584810257 0.0071325344033539295
v -0.016834968701004982 -0.09843898564577103 0.013236639089882374
v -0.013640146702528 -0.09801902621984482 0.01852542906999588
v -0.01073016133159399 -0.09778864681720734 0.022853896021842957
v -0.006530792452394962 -0.09884072840213776 0.02236994542181492
v -0.0006284834234975278 -0.09927046298980713 0.022082693874835968
v -0.0058240205980837345 -0.10184522718191147 0.014863166026771069
v -0.00042759047937579453 -0.10165532678365707 0.015072903595864773
v -0.007936915382742882 -0.10419253259897232 0.010305564850568771
v -0.0002699768519960344 -0.10459402948617935 0.010295243933796883
v -0.010003862902522087 -0.10700424760580063 0.006566789001226425
v -0.0002220652240794152 -0.10924822837114334 0.007078419905155897
v -0.04135976359248161 -0.05684438347816467 0.033684343099594116
v -0.045273274183273315 -0.057872530072927475 0.02892236039042473
v -0.04704391956329346 -0.04800292104482651 0.029925717040896416
v -0.05140628293156624 -0.045065127313137054 0.02489517815411091
v -0.04980899766087532 -0.05697972699999809 0.023005876690149307
v -0.04284924641251564 -0.049012552946805954 0.03440099209547043
v -0.05516090616583824 -0.053232163190841675 0.015718599781394005
v -0.0559266060590744 -0.04030486196279526 0.01926925964653492
v -0.054744474589824677 -0.028240254148840904 0.02492435835301876
v -0.059210922569036484 -0.03569744899868965 0.014034096151590347
v -0.05939311534166336 -0.04736417904496193 0.008744819089770317
v -0.05833813175559044 -0.02372523956000805 0.02043893188238144
v -0.061202432960271835 -0.01943397708237171 0.01605335623025894
v -0.06186710670590401 -0.030198270455002785 0.009042883291840553
v -0.062100108712911606 -0.04135250300168991 0.0035138390958309174
v -0.04427488520741463 -0.06988854706287384 0.023633815348148346
v -0.064640574157238 -0.034281834959983826 -0.0027286880649626255
v -0.06353548169136047 -0.01509606372565031 0.011489080265164375
v -0.06393822282552719 -0.024953817948698997 0.004393922630697489
v -0.06596633046865463 -0.009306199848651886 0.005823594052344561
v -0.06660470366477966 -0.017609357833862305 -0.002000708132982254
v -0.06709259003400803 -0.026586737483739853 -0.009551141411066055
v -0.0696198120713234 -0.024462733417749405 -0.02389543503522873
v -6.5757494667195715e-06 -0.07143356651067734 0.05591776967048645
v -0.06404665857553482 -0.0335957333445549 -0.05094604194164276
v -0.021379416808485985 -0.0299955066293478 0.0483858585357666
v -0.016293998807668686 -0.02793206460773945 0.050956763327121735
v -0.011359094642102718 -0.027243951335549355 0.05426354706287384
v -0.007385890930891037 -0.027004424482584 0.05672062933444977
v -0.0034930771216750145 -0.027252115309238434 0.05815466120839119
v -0.00021193661086726934 -0.12006360292434692 0.0012689129216596484
v 0.000447984755737707 0.04216344282031059 0.05004335567355156
v -0.00023436849005520344 -0.11372758448123932 0.004896195605397224
v 0.0001132514444179833 -0.059018224477767944 0.04072731360793114
v 2.7700683858711272e-05 0.12861083447933197 -0.027661440894007683
v 3.048211510758847e-05 -0.0666603296995163 0.05526505038142204
v 0.00013532087905332446 -0.05417010560631752 0.043188657611608505
v 0.0005342338117770851 0.0017153960652649403 0.06923751533031464
v 5.28837445017416e-05 -0.061860837042331696 0.05453343689441681
v 0.00020633928943425417 -0.05137785151600838 0.0584462471306324
v 0.00023345238878391683 -0.04551543667912483 0.05680503323674202
v 0.00038969016168266535 0.07948609441518784 0.040745630860328674
v 0.0002430184104014188 -0.048112548887729645 0.058275267481803894
v 0.0001403077330905944 -0.024945512413978577 0.05875867232680321
v 0.00059301289729774 -0.002395765855908394 0.07242462784051895
v 0.00024329379084520042 -0.043815962970256805 0.05547470599412918
v -0.0012808063765987754 -0.04602830484509468 -0.11579819768667221
v 0.0001908890117192641 -0.05469488725066185 0.057141441851854324
v 0.00021242293587420136 -0.047743961215019226 0.04785337671637535
v 0.00023795844754204154 -0.04416832700371742 0.053330302238464355
v 0.00020698922162409872 -0.03570795804262161 0.046537045389413834
v 0.00017775433661881834 -0.027700098231434822 0.05842432752251625
v 0.0006684011314064264 0.019116096198558807 0.05547613278031349
v -0.0010951041476801038 -0.007463043089956045 -0.13996288180351257
v 0.0006405465537682176 0.016072718426585197 0.057926662266254425
v 0.0002540909918025136 0.10405213385820389 0.022995075210928917
v 0.00036931008799001575 0.08971874415874481 0.03541196137666702
v 0.0005308542749844491 0.005638661794364452 0.06608587503433228
v -0.0007111004670150578 0.05536823347210884 -0.15323224663734436
v -0.0006132033304311335 0.07188336551189423 -0.15017756819725037
v 0.00039752182783558965 0.06134435534477234 0.046357639133930206
v -0.00012851656356360763 0.12614943087100983 -0.09095404297113419
v 0.0006457427516579628 -0.006345837842673063 0.07454939186573029
v 0.00013412677799351513 -0.02005203627049923 0.06431673467159271
v 9.754366328706965e-05 0.12064152956008911 -0.0026962857227772474
v -0.0009133671992458403 0.020901355892419815 -0.15075179934501648
v -0.00028409811784513295 0.11651807278394699 -0.11540044099092484
v 0.000257314823102206 -0.043693576008081436 0.05745267868041992
v 6.0911886976100504e-05 0.12501870095729828 -0.014614258892834187
v 0.00025832271785475314 -0.04515289515256882 0.05444499850273132
v 0.0004182714328635484 -0.016602270305156708 0.07184365391731262
v -0.0010085860267281532 0.005221027880907059 -0.14619751274585724
v -0.0008127214387059212 0.034622982144355774 -0.1528858095407486
v 0.0001897830079542473 -0.034154318273067474 0.059093065559864044
v 0.00018135060963686556 -0.030292371287941933 0.05848918482661247
v -0.00020737269369419664 0.12216246128082275 -0.10357604920864105
v 0.00042235085857100785 0.048655904829502106 0.049467962235212326
v 0.0002091651695081964 -0.03642157092690468 0.05996527895331383
v 0.0007643642602488399 0.028196439146995544 0.05062006786465645
v 0.00026678090216591954 -0.03915748745203018 0.060301534831523895
v -0.0003417085681576282 -0.12618467211723328 -0.0017186999320983887
v -0.00043812624062411487 0.09594368189573288 -0.13738931715488434
v 0.00026358128525316715 -0.04160677641630173 0.058968815952539444
v 0.0002551217912696302 -0.042831797152757645 0.05040527135133743
v 0.0005795212928205729 0.009382816031575203 0.06300832331180573
v 0.0002289226686116308 -0.03929680958390236 0.04796522110700607
v 0.0003858645504806191 0.06944786012172699 0.04411700740456581
v 7.130720769055188e-05 -0.02240348421037197 0.060004789382219315
v 8.267490920843557e-05 -0.02169855311512947 0.06059247627854347
v 0.0007457553874701262 0.025036057457327843 0.05157937854528427
v 0.0003161517670378089 0.09750830382108688 0.029492661356925964
v 0.0007266730535775423 0.030943099409341812 0.050329048186540604
v 9.965702338377014e-05 -0.023191528394818306 0.05944713577628136
v -0.0005220341845415533 0.08660275489091873 -0.14369770884513855
v -6.105734064476565e-05 0.1308610886335373 -0.07354521751403809
v -4.3675434426404536e-05 0.1321205347776413 -0.060357578098773956
v 0.0006977853481657803 0.02204822190105915 0.053123585879802704
v 0.0006254857871681452 0.013024290092289448 0.06029375270009041
v -0.0012909742072224617 -0.05778488889336586 -0.11353452503681183
v 0.0005665965145453811 -0.013092264533042908 0.07444441318511963
v 0.0006243214011192322 -0.010184049606323242 0.07508865743875504
v 0.00014126644236966968 0.11543439328670502 0.0075346939265728
v -0.0011689639650285244 -0.01697487011551857 -0.1345982849597931
v -1.0221462616755161e-05 0.1314784288406372 -0.043182116001844406
v 0.00019386770145501941 0.10990589112043381 0.01582839898765087
v -0.0012644673697650433 -0.03427595645189285 -0.122185617685318
v -0.0012261067749932408 -0.024447018280625343 -0.12984599173069
v 0.0003175234014634043 -0.017885124310851097 0.07013056427240372
v 0.0006298395455814898 0.03426361829042435 0.05025237798690796
v 0.00020605129247996956 -0.019256044179201126 0.06698224693536758
v -0.000359821948222816 0.10858587175607681 -0.1259705126285553
v 0.00010481535719009116 -0.020846610888838768 0.062082938849925995
v 0.0067192246206104755 -0.009043053723871708 0.0541008785367012
v 0.06675663590431213 -0.03325095400214195 -0.014339391142129898
v 0.06549866497516632 -0.04070575535297394 -0.021495599299669266
v 0.06256365031003952 -0.05128294974565506 -0.01533649954944849
v 0.06426099687814713 -0.0434010811150074 -0.008156782947480679
v 0.057466305792331696 -0.06213728338479996 -0.007071669679135084
v 0.06088384985923767 -0.05244431272149086 -0.0009753719205036759
v 0.051557719707489014 -0.07022237032651901 0.0017992056673392653
v 0.056319285184144974 -0.0605003722012043 0.006028559524565935
v -0.003925299737602472 -0.01649390533566475 0.0691642165184021
v -0.0029723308980464935 -0.01800045184791088 0.06665635108947754
v 0.04680706560611725 -0.07539975643157959 0.011469697579741478
v 0.05164097249507904 -0.0657217726111412 0.014108588919043541
v -0.015246780589222908 0.020126625895500183 0.03434303402900696
v -0.00806247629225254 -0.01901853084564209 0.05658874288201332
v -0.006634530145674944 0.003259879071265459 0.062341295182704926
v -0.013666906394064426 0.02035018801689148 0.034961577504873276
v 0.03217187523841858 -0.07899266481399536 0.032499320805072784
v 0.03031344525516033 -0.08371082693338394 0.028736503794789314
v 0.023701854050159454 -0.08640769124031067 0.0360279306769371
v 0.024592380970716476 -0.08261547237634659 0.04033239558339119
v -0.010217645205557346 -0.01874370314180851 0.055215612053871155
v 0.016704585403203964 -0.08854164928197861 0.042825814336538315
v 0.017503926530480385 -0.08482222259044647 0.04704110696911812
v 0.008945930749177933 -0.08948828279972076 0.0468151830136776
v 0.009162243455648422 -0.08585751801729202 0.051178257912397385
v -0.006057207006961107 0.010135944001376629 0.057065047323703766
v -0.008097104728221893 0.019242461770772934 0.04430043324828148
v 0.008601856417953968 -0.07630190253257751 0.05506649985909462
v 0.009081581607460976 -0.08118273317813873 0.053974881768226624
v -0.0062131015583872795 0.006690162234008312 0.059844810515642166
v -0.01563938334584236 -0.016005542129278183 0.05585510656237602
v -0.013826113194227219 -0.018506713211536407 0.054423220455646515
v -0.006435212679207325 -0.010535519570112228 0.0716848149895668
v -0.007356309797614813 -0.007659996394068003 0.07067453861236572
v 0.016021832823753357 -0.07570326328277588 0.051161669194698334
v -0.007227094378322363 -0.013597178272902966 0.0696343258023262
v -0.004463724792003632 -0.01534393522888422 0.07026734948158264
v 0.01717471145093441 -0.08066786825656891 0.04959838092327118
v -0.017499208450317383 0.02001623809337616 0.03451593965291977
v -0.023330185562372208 0.02159200608730316 0.029470540583133698
v -0.005657091271132231 -0.012561983428895473 0.07155266404151917
v -0.002700838493183255 -0.014675145037472248 0.07228953391313553
v -0.02079063095152378 0.020737148821353912 0.032827332615852356
v -0.01636379212141037 0.020035095512866974 0.03440944477915764
v -0.011714685708284378 -0.01185823418200016 0.064545638859272
v -0.006725256331264973 0.01812369003891945 0.04869917780160904
v 0.02268335036933422 -0.07335931062698364 0.04548478126525879
v 0.024077855050563812 -0.07835111021995544 0.04344639927148819
v 0.03026074357330799 -0.06952210515737534 0.038942791521549225
v 0.0319816954433918 -0.07442807406187057 0.03586803376674652
v -0.014353715814650059 -0.013381237164139748 0.060194455087184906
v 0.03690994530916214 -0.06434860080480576 0.035075005143880844
v 0.039743535220623016 -0.0677325427532196 0.030663644894957542
v 0.00797472894191742 -0.09228251874446869 0.04040437191724777
v -0.018535776063799858 0.02019123174250126 0.034477636218070984
v -0.019570333883166313 0.02037389948964119 0.034210797399282455
v -0.007300158962607384 -0.00038583509740419686 0.0653340071439743
v 0.014993615448474884 -0.09138838201761246 0.03666605055332184
v 0.02151334285736084 -0.08983436971902847 0.031084094196558
v 0.02700938656926155 -0.08810961991548538 0.024621527642011642
v 0.04023994877934456 -0.07871164381504059 0.020629877224564552
v -0.02249622531235218 0.021087080240249634 0.032217539846897125
v -0.0028494817670434713 -0.01966913603246212 0.0617767833173275
v -0.009821836836636066 -0.012564483098685741 0.06687560677528381
v -0.008430677466094494 -0.01314482931047678 0.06842073053121567
v -0.003392026061192155 -0.02023380622267723 0.05972816050052643
v 0.03341837599873543 -0.08585458993911743 0.016724878922104836
v 0.04088321700692177 -0.08155772089958191 0.008571861311793327
v -0.011730981059372425 0.02009155973792076 0.03721080347895622
v 0.046165574342012405 -0.07657257467508316 -0.0020697126165032387
v -0.00624276464805007 0.0158002357929945 0.052258800715208054
v -0.006183716468513012 0.012889984995126724 0.05478397756814957
v 0.05328672379255295 -0.06834166496992111 -0.012426413595676422
v 0.06007402762770653 -0.05719130113720894 -0.02172999270260334
v -0.002680012257769704 -0.01891304738819599 0.06418939679861069
v 0.06348400563001633 -0.04487943649291992 -0.028959084302186966
v 0.06714779883623123 -0.03283477574586868 -0.02676844596862793
v 0.015074235387146473 -0.07125887274742126 0.051228541880846024
v 0.008132606744766235 -0.07164894789457321 0.05480366572737694
v 0.022073280066251755 -0.06903307139873505 0.04599064588546753
v -0.007668189238756895 -0.00419574836269021 0.06848388910293579
v 0.028547387570142746 -0.06519115716218948 0.0410831980407238
v 0.03381281718611717 -0.060943353921175 0.03846436366438866
v 0.03891908749938011 -0.04926931858062744 0.038447752594947815
v -0.005685667973011732 -0.019582601264119148 0.05809309706091881
v 0.037629738450050354 -0.05554329976439476 0.037880055606365204
v 0.03736044839024544 -0.03689567744731903 0.04159371927380562
v 0.03861455246806145 -0.04294392466545105 0.03975206986069679
v 0.04535071924328804 -0.030181894078850746 0.03709842637181282
v 0.04686309024691582 -0.03895757347345352 0.03349439799785614
v 0.042771462351083755 -0.041593071073293686 0.036895036697387695
v 0.0005147182964719832 -0.015025004744529724 0.0732775405049324
v -0.0049833995290100574 -0.014121809974312782 0.07099363207817078
v 0.041543275117874146 -0.03404586389660835 0.03951635956764221
v 0.04889753833413124 -0.02452249266207218 0.03438946604728699
v 0.050904400646686554 -0.03451317921280861 0.029715560376644135
v 0.006975795142352581 -0.09456656873226166 0.03477856516838074
v -0.029476134106516838 0.03435198590159416 0.04067027568817139
v -0.029410619288682938 0.03207327052950859 0.0389745868742466
v 0.01308776717633009 -0.09395311772823334 0.031275153160095215
v 0.018659647554159164 -0.09322073310613632 0.02602817863225937
v 0.02281363308429718 -0.09254267811775208 0.0196369718760252
v 0.027453802525997162 -0.09132757782936096 0.01233952958136797
v 0.033275261521339417 -0.08900883048772812 0.004001910332590342
v 0.040133725851774216 -0.08418194204568863 -0.006113608833402395
v -0.022277001291513443 0.03756456449627876 0.044470202177762985
v -0.004273164551705122 0.037953492254018784 0.04943962022662163
v -0.009479879401624203 0.03808212652802467 0.04827894642949104
v 0.04904515668749809 -0.07527215033769608 -0.017738530412316322
v -0.029540229588747025 0.02810320258140564 0.037367917597293854
v -0.03061489388346672 0.02645803615450859 0.03637174889445305
v -0.02916686236858368 0.030101237818598747 0.03730333223938942
v -0.03055974654853344 0.026677848771214485 0.037222348153591156
v -0.02999219484627247 0.02741527557373047 0.03746996074914932
v 0.05749132111668587 -0.06184025853872299 -0.027910668402910233
v -0.029043251648545265 0.029580136761069298 0.036613818258047104
v 0.06133764982223511 -0.04878103360533714 -0.03513947129249573
v -0.02909948118031025 0.029180653393268585 0.03650650754570961
v 0.019847925752401352 -0.0990413948893547 0.00700335344299674
v -0.028457166627049446 0.03725574165582657 0.04252737760543823
v 0.01586424745619297 -0.0983373299241066 0.0130796879529953
v 0.012646524235606194 -0.09792032092809677 0.01837986707687378
v -0.02915780059993267 0.028753479942679405 0.036919716745615005
v -0.030416887253522873 0.027568431571125984 0.03491235896945
v 0.009782268665730953 -0.09772418439388275 0.02275131829082966
v -0.030513249337673187 0.026660729199647903 0.0308079794049263
v 0.00547299487516284 -0.09880931675434113 0.022317511960864067
v 0.0005210142116993666 0.037994299083948135 0.050016339868307114
v -0.021043067798018456 0.04845096543431282 0.04729690030217171
v -0.05119682103395462 0.048116885125637054 0.02571965381503105
v 0.005064402241259813 -0.10174788534641266 0.014785969629883766
v -0.054384712129831314 0.04268713295459747 0.02281445823609829
v 0.007277258671820164 -0.10412059724330902 0.010222464799880981
v -0.047984059900045395 0.00591040076687932 0.028860336169600487
v -0.050608646124601364 0.006916238460689783 0.026273662224411964
v -0.01822148822247982 0.042234502732753754 0.047911275178194046
v 0.00931115634739399 -0.10699379444122314 0.006635467987507582
v 0.041200555860996246 -0.05761219561100006 0.03422023355960846
v 0.04491524025797844 -0.05855488032102585 0.02938184328377247
v 0.04691704362630844 -0.04861588776111603 0.030533984303474426
v 0.05127071216702461 -0.04561694711446762 0.025561286136507988
v -0.026125581935048103 0.0689895749092102 0.03911476954817772
v -0.03082314319908619 0.11534682661294937 -0.009381144307553768
v -0.024570442736148834 0.06142807751893997 0.04217686504125595
v -0.03937412053346634 0.05409800633788109 0.035905830562114716
v 0.0494619756937027 -0.057631272822618484 0.023495977744460106
v -0.030851833522319794 0.110784612596035 -0.00023414150928147137
v 0.04287960007786751 -0.049708981066942215 0.03499318286776543
v 0.054789554327726364 -0.05384869500994682 0.016298487782478333
v 0.05574566498398781 -0.040807437151670456 0.020038466900587082
v 0.05487430840730667 -0.028653865680098534 0.025819189846515656
v 0.059023987501859665 -0.03614169731736183 0.014875242486596107
v -0.04630850628018379 0.05260348692536354 0.030007030814886093
v 0.05895364657044411 -0.04789195954799652 0.00944657251238823
v -0.055270638316869736 0.012361138127744198 0.018922479823231697
v -0.006319134961813688 0.05454970523715019 0.048050642013549805
v -0.05676420405507088 0.018073778599500656 0.016579898074269295
v 0.05847189202904701 -0.02409288100898266 0.021406129002571106
v -0.01427769847214222 0.054603107273578644 0.047346752136945724
v -0.027534469962120056 0.12526835501194 -0.07211405038833618
v 0.06131758168339729 -0.019732775166630745 0.017062567174434662
v 0.06164956092834473 -0.03055397793650627 0.009966439567506313
v 0.061696067452430725 -0.041786178946495056 0.004337685648351908
v 0.04378080740571022 -0.07055486738681793 0.023981817066669464
v -0.013034961186349392 0.03428953140974045 0.045275818556547165
v 0.0642189159989357 -0.03462604805827141 -0.0018000841373577714
v -0.038078002631664276 0.006585326977074146 0.03428633138537407
v -0.04114548861980438 0.006184098776429892 0.03290024772286415
v 0.06356823444366455 -0.015291164629161358 0.012497969903051853
v -0.03140135481953621 0.12506520748138428 -0.06079050898551941
v -0.05434215068817139 0.009897341951727867 0.0211346335709095
v -0.029301462695002556 0.08750086277723312 0.02855135127902031
v -0.009255659766495228 0.027845412492752075 0.04311709105968475
v -0.010426380671560764 0.03073149360716343 0.04360027611255646
v -0.03011181391775608 0.09425510466098785 0.021961601451039314
v 0.0636536106467247 -0.025198793038725853 0.005374627653509378
v 0.06589609384536743 -0.009396456182003021 0.006791946478188038
v 0.06628064066171646 -0.01775292307138443 -0.0010085452813655138
v -0.030529886484146118 0.1003570482134819 0.014892291277647018
v 0.0665794238448143 -0.02680329419672489 -0.008549584075808525
v 0.06886172294616699 -0.024749381467700005 -0.022796189412474632
v -0.03122010827064514 0.11931541562080383 -0.020068703219294548
v -0.0211736299097538 0.009874721057713032 0.03764934465289116
v 0.06248125806450844 -0.03341960534453392 -0.050248369574546814
v 0.02143232338130474 -0.030126919969916344 0.04895125329494476
v 0.016358114778995514 -0.02804635278880596 0.05146127939224243
v -0.056707192212343216 0.03641272336244583 0.020245220512151718
v -0.05772297456860542 0.02982226572930813 0.01841343566775322
v -0.03197665885090828 0.12450804561376572 -0.04689725115895271
v -0.030755119398236275 0.007621136028319597 0.036842308938503265
v -0.05748498812317848 0.023799577727913857 0.017075255513191223
v -0.015670908614993095 0.1271560937166214 -0.08020235598087311
v 0.011492441408336163 -0.027332425117492676 0.05476606264710426
v -0.05284862220287323 0.008113672956824303 0.023665456101298332
v 0.007688689976930618 -0.02703806385397911 0.05727512761950493
v 0.0038345721550285816 -0.02726057916879654 0.05857950076460838
v -0.031837403774261475 0.05448503792285919 0.04100850597023964
v -0.03459673002362251 0.006951791234314442 0.03560303896665573
v -0.008696979843080044 0.024806654080748558 0.04221143573522568
v -0.016598915681242943 0.012148670852184296 0.03797435387969017
v -0.013041868805885315 0.015330936759710312 0.03851982206106186
v -0.030717382207512856 0.10580366104841232 0.007715549785643816
v -0.010811062529683113 0.01795702427625656 0.03958262503147125
v -0.008887444622814655 0.02191869169473648 0.04129806533455849
v -0.025949565693736076 0.00840775016695261 0.03768236190080643
v -0.027867620810866356 0.07824578136205673 0.03488316759467125
v -0.03152192384004593 0.1225019246339798 -0.032788053154945374
v -0.04457499459385872 0.005996110383421183 0.031069710850715637
v -8.043713751249015e-05 0.1284179538488388 -0.08301160484552383
v 0.0004017127794213593 0.054465148597955704 0.0482713021337986
v -0.009704413823783398 0.019662167876958847 0.04053231701254845
v -0.01556131150573492 0.03806609287858009 0.04662749543786049
v -0.023049307987093925 0.054585836827754974 0.04514596238732338
v 0.00016871750995051116 -0.058184728026390076 0.05527680367231369
v -0.026461390778422356 -0.040428321808576584 0.04643464833498001
v -0.027836451306939125 -0.042513687163591385 0.04490849748253822
v -0.027365868911147118 -0.048409152776002884 0.0425005666911602
v -0.0192109402269125 -0.03547036647796631 0.051609884947538376
v -0.023622682318091393 -0.03810200095176697 0.04860273376107216
v -0.018137330189347267 -0.055773213505744934 0.04972164332866669
v -0.028324304148554802 -0.04444887116551399 0.04371637478470802
v -0.012432266026735306 -0.057263027876615524 0.052754197269678116
v -0.028299761936068535 -0.04644631966948509 0.04284899681806564
v -0.006645752117037773 -0.05840068683028221 0.05434822663664818
v 0.00018759626254905015 -0.03218510374426842 0.058806467801332474
v -0.009125920943915844 -0.031963855028152466 0.05723290890455246
v -0.004451620392501354 -0.0317634753882885 0.05863543227314949
v -0.014128897339105606 -0.033232349902391434 0.05466349050402641
v -0.025549111887812614 -0.05073453113436699 0.043461643159389496
v -0.022859953343868256 -0.05326828360557556 0.04590405523777008
v 0.0045638373121619225 -0.016704268753528595 0.06944184750318527
v 0.0034481133334338665 -0.0181309562176466 0.06685454398393631
v 0.015370377339422703 0.020259017124772072 0.035268384963274
v 0.008148695342242718 -0.01911354996263981 0.056910283863544464
v 0.0071389200165867805 0.003341889474540949 0.06261913478374481
v 0.013810677453875542 0.020471496507525444 0.03573201969265938
v 0.01035354658961296 -0.018877943977713585 0.055576205253601074
v 0.006612987723201513 0.010230002924799919 0.057375468313694
v 0.008273185230791569 0.01932096853852272 0.04471589997410774
v 0.00679313438013196 0.0067972526885569096 0.060150839388370514
v 0.015839358791708946 -0.01609700731933117 0.05618322640657425
v 0.013974569737911224 -0.018625495955348015 0.05477065593004227
v 0.0072175245732069016 -0.010451099835336208 0.07194940000772476
v 0.008086908608675003 -0.007545030675828457 0.07092475146055222
v 0.007770418189466 -0.013590038754045963 0.0698905885219574
v 0.005176698323339224 -0.015502631664276123 0.07057567685842514
v 0.01757231168448925 0.020165136083960533 0.03561630845069885
v 0.02329050377011299 0.021713051944971085 0.031067732721567154
v 0.006443577818572521 -0.012554087676107883 0.07184043526649475
v 0.0036780175287276506 -0.01484550628811121 0.07260468602180481
v 0.02084580436348915 0.020936742424964905 0.034150104969739914
v 0.016463588923215866 0.02017209678888321 0.03543449193239212
v 0.011913271620869637 -0.011841831728816032 0.06479128450155258
v 0.0071176583878695965 0.018168307840824127 0.04907238483428955
v 0.01455154363065958 -0.013404295779764652 0.06048372760415077
v 0.01858867146074772 0.02035675384104252 0.03565777465701103
v 0.019623346626758575 0.020573042333126068 0.03545870631933212
v 0.007737023755908012 -0.00033491846988908947 0.06558036804199219
v 0.022539062425494194 0.02127085253596306 0.033534515649080276
v 0.002983932616189122 -0.01958712376654148 0.0618441142141819
v 0.010094310157001019 -0.012509923428297043 0.06710736453533173
v 0.00880450289696455 -0.013090230524539948 0.06864393502473831
v 0.0034280619584023952 -0.020157061517238617 0.05982525646686554
v 0.01179127674549818 0.02021469734609127 0.03777457773685455
v 0.006830295547842979 0.01586749404668808 0.05260400101542473
v 0.006909996271133423 0.012996712699532509 0.05509096756577492
v 0.002952273003757 -0.01890426315367222 0.06430629640817642
v 0.008278860710561275 -0.0041052293963730335 0.0687195435166359
v 0.005726642441004515 -0.019590146839618683 0.058296069502830505
v 0.0057439724914729595 -0.014202667400240898 0.0713031142950058
v 0.030005425214767456 0.034606922417879105 0.04189483821392059
v 0.029894158244132996 0.03229377418756485 0.04032755270600319
v 0.022874176502227783 0.03765713796019554 0.04539506882429123
v 0.005181845743209124 0.03794363513588905 0.04961039498448372
v 0.010235658846795559 0.03806864470243454 0.04868534207344055
v 0.02984372340142727 0.028430547565221786 0.038689035922288895
v 0.030781187117099762 0.02680201269686222 0.037602417171001434
v 0.029599320143461227 0.030295493081212044 0.03875597566366196
v 0.030753549188375473 0.027027692645788193 0.03844263777136803
v 0.030254030600190163 0.02776581607758999 0.038690000772476196
v 0.029423488304018974 0.02978452853858471 0.03812456876039505
v 0.029435886070132256 0.029414581134915352 0.03798453509807587
v 0.02901063673198223 0.03748655319213867 0.0435856357216835
v 0.02948007546365261 0.02903657965362072 0.03833036869764328
v 0.030568204820156097 0.027944063767790794 0.03610493615269661
v 0.030660556629300117 0.027051158249378204 0.03219621628522873
v 0.02181083895266056 0.048557210713624954 0.04817214980721474
v 0.051579587161540985 0.04849332571029663 0.026362741366028786
v 0.05457260459661484 0.04307669773697853 0.023441290482878685
v 0.04831227660179138 0.006161574274301529 0.029954155907034874
v 0.05095374211668968 0.007193032652139664 0.02731579914689064
v 0.018970999866724014 0.04222194477915764 0.048830192536115646
v 0.026771152392029762 0.06918663531541824 0.03947173058986664
v 0.030901802703738213 0.1154288575053215 -0.009371861815452576
v 0.025235144421458244 0.061593782156705856 0.04262267425656319
v 0.03996903449296951 0.054420776665210724 0.036567796021699905
v 0.03098038211464882 0.1108761802315712 -0.00021006286260671914
v 0.04684727266430855 0.052973486483097076 0.03065948374569416
v 0.05572761222720146 0.012718269601464272 0.02002113312482834
v 0.007098585367202759 0.05456532910466194 0.048351630568504333
v 0.057284872978925705 0.01844700053334236 0.017698848620057106
v 0.015065248124301434 0.05468183010816574 0.047881804406642914
v 0.02736835740506649 0.1253156214952469 -0.07211559265851974
v 0.013651699759066105 0.03435075655579567 0.045875776559114456
v 0.03839823976159096 0.006918230094015598 0.035558778792619705
v 0.0414513424038887 0.006514137610793114 0.03412117436528206
v 0.03129793703556061 0.1251230239868164 -0.06079556420445442
v 0.05471941828727722 0.010208429768681526 0.022153297439217567
v 0.02979789674282074 0.08768359571695328 0.028732510283589363
v 0.00981190800666809 0.028008749708533287 0.0435701459646225
v 0.010968999937176704 0.030876895412802696 0.044076595455408096
v 0.030473904684185982 0.09440544992685318 0.02208089642226696
v 0.030791543424129486 0.10048189759254456 0.01496797427535057
v 0.0312536284327507 0.11939118057489395 -0.02006915956735611
v 0.02123466320335865 0.00993762630969286 0.03826473653316498
v 0.05676143616437912 0.03681815415620804 0.020918503403663635
v 0.05784193426370621 0.030258961021900177 0.019266357645392418
v 0.03192467615008354 0.12457401305437088 -0.046904291957616806
v 0.030978083610534668 0.007763806730508804 0.03774164244532585
v 0.05784826725721359 0.024197814986109734 0.018043406307697296
v 0.01549629308283329 0.12717773020267487 -0.08020417392253876
v 0.053250931203365326 0.008383373729884624 0.024672433733940125
v 0.03246775269508362 0.05474896356463432 0.04165296256542206
v 0.03483692556619644 0.007242249790579081 0.03675007075071335
v 0.009021926671266556 0.024981660768389702 0.042643189430236816
v 0.016605840995907784 0.012212016619741917 0.038543153554201126
v 0.013050902634859085 0.015386449173092842 0.03906824067234993
v 0.030904538929462433 0.10590912401676178 0.007760893553495407
v 0.010837804526090622 0.018033765256404877 0.04008806496858597
v 0.009046458639204502 0.02205367013812065 0.041707661002874374
v 0.025916151702404022 0.00852362159639597 0.03832918405532837
v 0.02847612276673317 0.07844898849725723 0.03515131026506424
v 0.03151319548487663 0.1225733757019043 -0.03279384598135948
v 0.04485113173723221 0.006288497243076563 0.032206278294324875
v 0.009788591414690018 0.01976943202316761 0.040989335626363754
v 0.016248326748609543 0.03805568441748619 0.047392915934324265
v 0.02378096990287304 0.054744068533182144 0.04579499736428261
v 0.026687422767281532 -0.04070216417312622 0.04697011783719063
v 0.028066691011190414 -0.042877454310655594 0.045452482998371124
v 0.02753225527703762 -0.04889671131968498 0.04306451976299286
v 0.019487397745251656 -0.03559748828411102 0.05206777900457382
v 0.02387896180152893 -0.03829712048172951 0.04908950254321098
v 0.0179794542491436 -0.05614403635263443 0.04983791708946228
v 0.02855546586215496 -0.0448872335255146 0.04427982121706009
v 0.012495206668972969 -0.057504091411828995 0.05297664925456047
v 0.028503062203526497 -0.046919289976358414 0.043432652950286865
v 0.006737818941473961 -0.05861267074942589 0.054735030978918076
v 0.009460105560719967 -0.03194410353899002 0.05773359164595604
v 0.004811921622604132 -0.031721413135528564 0.05902958661317825
v 0.014350791461765766 -0.03326473385095596 0.05512531101703644
v 0.025623302906751633 -0.05121326074004173 0.04378454387187958
v 0.02283957228064537 -0.05373956635594368 0.04604601114988327
v 0.03171854093670845 0.02287817932665348 0.024372806772589684
v -0.03140586242079735 0.022883562371134758 0.022648539394140244
v 0.030040226876735687 0.022877974435687065 0.03744586929678917
v 0.028430862352252007 0.022876817733049393 0.03712761402130127
v 0.02694634720683098 0.022876257076859474 0.036639899015426636
v 0.02569979429244995 0.022875390946865082 0.03606155514717102
v 0.030072180554270744 0.02320587821304798 0.03744601085782051
v 0.028493409976363182 0.023519543930888176 0.037128597497940063
v 0.027038000524044037 0.023809261620044708 0.03664110600948334
v 0.025818971917033195 0.024052860215306282 0.03606276959180832
v 0.030169019475579262 0.02351980283856392 0.03744703158736229
v 0.02868177928030491 0.024138465523719788 0.03712960705161095
v 0.02731017954647541 0.024705728515982628 0.03664153069257736
v 0.026159467175602913 0.02518288604915142 0.03606247529387474
v 0.030321212485432625 0.023809948936104774 0.03744697943329811
v 0.028984662145376205 0.0247061625123024 0.03712943196296692
v 0.02775079384446144 0.02553478442132473 0.0366421714425087
v 0.026715708896517754 0.026225460693240166 0.03606404736638069
v 0.030532054603099823 0.024064164608716965 0.03744695335626602
v 0.02939244732260704 0.025203226134181023 0.03713012486696243
v 0.02834184467792511 0.026258910074830055 0.036641716957092285
v 0.027460843324661255 0.027140924707055092 0.03606365993618965
v 0.030783459544181824 0.024273796007037163 0.03744598850607872
v 0.02988990768790245 0.025615153834223747 0.03712838888168335
v 0.029065938666462898 0.02685205265879631 0.036641161888837814
v 0.028375618159770966 0.027890145778656006 0.03606248274445534
v 0.03107428550720215 0.024427257478237152 0.03744501620531082
v 0.03045862726867199 0.025918353348970413 0.03712741658091545
v 0.0298903975635767 0.027292825281620026 0.03664027154445648
v 0.029416214674711227 0.028445130214095116 0.036062173545360565
v 0.0313885472714901 0.024523640051484108 0.03744510933756828
v 0.031075872480869293 0.026105476543307304 0.0371277779340744
v 0.030784545466303825 0.027566714212298393 0.03664021193981171
v 0.030543342232704163 0.028789032250642776 0.03606141358613968
v 0.03171509876847267 0.02455630898475647 0.037445493042469025
v 0.03171543404459953 0.026169439777731895 0.03712788224220276
v 0.03171689435839653 0.027658291161060333 0.03664013370871544
v 0.03171680122613907 0.028908297419548035 0.0360611230134964
v 0.03204285353422165 0.024523833766579628 0.03744659572839737
v 0.032356489449739456 0.02610568329691887 0.037128083407878876
v 0.03264837712049484 0.027566656470298767 0.03664018213748932
v 0.03288932889699936 0.028788810595870018 0.036060869693756104
v 0.03235607594251633 0.0244262907654047 0.03744714334607124
v 0.03297336399555206 0.02591749280691147 0.03712951019406319
v 0.03354056179523468 0.02729334682226181 0.03664036840200424
v 0.03401701897382736 0.028445640578866005 0.03606117144227028
v 0.03264721482992172 0.02427465282380581 0.03744727745652199
v 0.033540841192007065 0.025615165010094643 0.03712921217083931
v 0.03436717763543129 0.02685200609266758 0.03664103150367737
v 0.03505725413560867 0.027890300378203392 0.03606177493929863
v 0.032898589968681335 0.02406388521194458 0.037446942180395126
v 0.03403916582465172 0.02520415186882019 0.037130359560251236
v 0.03509087860584259 0.026259351521730423 0.036641400307416916
v 0.03597118332982063 0.027140997350215912 0.03606191277503967
v 0.03310899809002876 0.023809926584362984 0.037448104470968246
v 0.03444797918200493 0.024706615135073662 0.03713011369109154
v 0.03568262979388237 0.025534585118293762 0.03664132207632065
v 0.036719076335430145 0.026226714253425598 0.036062054336071014
v 0.03326217085123062 0.023519782349467278 0.03744783625006676
v 0.03474980965256691 0.024138832464814186 0.03713107481598854
v 0.036123234778642654 0.024706818163394928 0.03664185106754303
v 0.03727606311440468 0.025184044614434242 0.03606189042329788
v 0.03335844352841377 0.02320636622607708 0.03744763880968094
v 0.03493810445070267 0.02352081798017025 0.03712991997599602
v 0.036396898329257965 0.023811163380742073 0.03664128854870796
v 0.037617120891809464 0.024055367335677147 0.03606179356575012
v 0.03339007496833801 0.02287835255265236 0.037446048110723495
v 0.03500073403120041 0.022878913208842278 0.03712789714336395
v 0.036486342549324036 0.02287934720516205 0.03663815185427666
v 0.03773482143878937 0.02287954092025757 0.03605920076370239
v 0.03335699066519737 0.02255171723663807 0.037443485110998154
v 0.034934982657432556 0.022234896197915077 0.037123698741197586
v 0.03639278933405876 0.021945277228951454 0.03663437068462372
v 0.037613578140735626 0.02170354127883911 0.036056648939847946
v 0.03325921297073364 0.022235052660107613 0.037441130727529526
v 0.03474672883749008 0.021619392558932304 0.037121206521987915
v 0.03611854091286659 0.021049654111266136 0.03663196787238121
v 0.03727108985185623 0.02057444490492344 0.0360543318092823
v 0.03310627117753029 0.021945014595985413 0.037439148873090744
v 0.034444067627191544 0.02104904130101204 0.03711794689297676
v 0.035677358508110046 0.02022257260978222 0.03663085401058197
v 0.03671461343765259 0.019528742879629135 0.03605281561613083
v 0.03289659321308136 0.021690145134925842 0.03744134306907654
v 0.03403617441654205 0.020550072193145752 0.037122007459402084
v 0.03508590906858444 0.01949646882712841 0.0366332046687603
v 0.03596619889140129 0.018612399697303772 0.036054082214832306
v 0.03264523297548294 0.021481042727828026 0.03744189441204071
v 0.033537857234478 0.020140482112765312 0.03712311014533043
v 0.03436363488435745 0.01890062727034092 0.03663541376590729
v 0.03505391255021095 0.017862413078546524 0.03605605289340019
v 0.03235448896884918 0.021326877176761627 0.03744397312402725
v 0.03297082707285881 0.01983460783958435 0.037125080823898315
v 0.03353715315461159 0.01846054568886757 0.036637138575315475
v 0.03401283919811249 0.017305947840213776 0.03605744242668152
v 0.03204105421900749 0.02122887782752514 0.03744378685951233
v 0.03235462307929993 0.019645754247903824 0.037126053124666214
v 0.03264474496245384 0.018186645582318306 0.03663715720176697
v 0.032886240631341934 0.016960997134447098 0.03605920821428299
v 0.031714651733636856 0.021196281537413597 0.03744519129395485
v 0.03171401098370552 0.01958359219133854 0.03712725639343262
v 0.03171346336603165 0.018094239756464958 0.03663931041955948
v 0.031713612377643585 0.016843117773532867 0.036059848964214325
v 0.03138696774840355 0.02122824639081955 0.03744490444660187
v 0.03107330948114395 0.019644560292363167 0.03712748736143112
v 0.0307820625603199 0.018184343352913857 0.03663993254303932
v 0.03054014779627323 0.016958406195044518 0.03606129810214043
v 0.031074345111846924 0.021324852481484413 0.03744549676775932
v 0.030456557869911194 0.01983293890953064 0.037127785384655
v 0.029888421297073364 0.018457947298884392 0.036640413105487823
v 0.029413344338536263 0.017303118482232094 0.036061253398656845
v 0.030783560127019882 0.021479228511452675 0.03744596987962723
v 0.02988889254629612 0.020136674866080284 0.037127695977687836
v 0.029063835740089417 0.018895843997597694 0.03664174675941467
v 0.028374390676617622 0.017858661711215973 0.03606133162975311
v 0.030531762167811394 0.02168828807771206 0.03744570165872574
v 0.029392778873443604 0.02054733969271183 0.03712885454297066
v 0.028341403231024742 0.019492648541927338 0.03664000704884529
v 0.027462713420391083 0.01860778033733368 0.036060962826013565
v 0.0303226076066494 0.021941592916846275 0.037444498389959335
v 0.028984859585762024 0.021044470369815826 0.03712669759988785
v 0.02775089628994465 0.02021755278110504 0.03663849085569382
v 0.026716314256191254 0.019524414092302322 0.03605954349040985
v 0.03171423450112343 0.02288043312728405 0.037556882947683334
v 0.030170820653438568 0.022232461720705032 0.03744412958621979
v 0.02868371456861496 0.02161535620689392 0.03712593764066696
v 0.027311841025948524 0.021045198664069176 0.03663812577724457
v 0.026160964742302895 0.02056928351521492 0.036059342324733734
v 0.030072838068008423 0.022547252476215363 0.037444695830345154
v 0.02849421463906765 0.02223251760005951 0.03712671622633934
v 0.02703889086842537 0.021941907703876495 0.036637984216213226
v 0.02581937052309513 0.021699704229831696 0.03606138378381729
v 0.024487556889653206 0.022874537855386734 0.0353444367647171
v 0.022612405940890312 0.022874077782034874 0.03384252265095711
v 0.02101162262260914 0.022873474285006523 0.03197579085826874
v 0.019823970273137093 0.022872840985655785 0.029922714456915855
v 0.019092826172709465 0.02287282422184944 0.02795250341296196
v 0.018847381696105003 0.022876685485243797 0.024372287094593048
v 0.01909852772951126 0.02287154272198677 0.020786261186003685
v 0.01983000710606575 0.02287147380411625 0.01881244033575058
v 0.0210193432867527 0.022870603948831558 0.016757236793637276
v 0.022621700540184975 0.022870749235153198 0.014887853525578976
v 0.02457011491060257 0.022871142253279686 0.01333233155310154
v 0.02679780125617981 0.02287176623940468 0.012167194858193398
v 0.02921028807759285 0.02287222072482109 0.011447074823081493
v 0.024626247584819794 0.024290038272738457 0.03534561023116112
v 0.022787926718592644 0.024652795866131783 0.033842783421278
v 0.02121763303875923 0.024968137964606285 0.03197870030999184
v 0.020052770152688026 0.025196747854351997 0.02992253750562668
v 0.019336210563778877 0.025343885645270348 0.027951018884778023
v 0.019095558673143387 0.025391437113285065 0.02437143586575985
v 0.01933954656124115 0.02534247189760208 0.020788729190826416
v 0.02005844935774803 0.02519506961107254 0.018812600523233414
v 0.02122592367231846 0.024964749813079834 0.016756335273385048
v 0.022798174992203712 0.024648351594805717 0.014887632802128792
v 0.024709409102797508 0.024270232766866684 0.013331257738173008
v 0.026889562606811523 0.023834098130464554 0.012168018147349358
v 0.029256097972393036 0.02336299978196621 0.011447403579950333
v 0.0250383410602808 0.02564917877316475 0.035347405821084976
v 0.0233050175011158 0.02636791579425335 0.03384435549378395
v 0.021828044205904007 0.026983803138136864 0.03197865933179855
v 0.020730342715978622 0.02743653953075409 0.02992350235581398
v 0.0200553797185421 0.027717385441064835 0.027949795126914978
v 0.01982935518026352 0.027810608968138695 0.02437014691531658
v 0.020058320835232735 0.027715997770428658 0.020789505913853645
v 0.020735332742333412 0.02743360586464405 0.018812276422977448
v 0.021835671737790108 0.02697904407978058 0.016756312921643257
v 0.02331463247537613 0.026362702250480652 0.014888139441609383
v 0.02511589415371418 0.025613384321331978 0.013332109898328781
v 0.02717142179608345 0.024761568754911423 0.01216808520257473
v 0.029400745406746864 0.02383491024374962 0.011446963995695114
v 0.02570338360965252 0.026903262361884117 0.035346902906894684
v 0.024146415293216705 0.02794857881963253 0.033843547105789185
v 0.022817041724920273 0.02883901074528694 0.031978823244571686
v 0.021830139681696892 0.02949933148920536 0.0299238134175539
v 0.021222826093435287 0.02990390732884407 0.02795146033167839
v 0.02101796865463257 0.03004406951367855 0.02436995320022106
v 0.021224765107035637 0.02990235760807991 0.02078731171786785
v 0.02183585613965988 0.029495801776647568 0.018810374662280083
v 0.02282431721687317 0.028833787888288498 0.01675603538751602
v 0.024154283106327057 0.02794184535741806 0.014889977872371674
v 0.025776395574212074 0.026854444295167923 0.013332848437130451
v 0.027624480426311493 0.02561439387500286 0.01216879952698946
v 0.029633576050400734 0.024271095171570778 0.011447395198047161
v 0.02660420536994934 0.028002457693219185 0.035347435623407364
v 0.025278305634856224 0.029331406578421593 0.03384372591972351
v 0.024148451164364815 0.030464017763733864 0.03197672590613365
v 0.02331044152379036 0.03130524978041649 0.029923368245363235
v 0.022794852033257484 0.031825028359889984 0.02795105054974556
v 0.02262026257812977 0.03199739381670952 0.024369865655899048
v 0.022796716541051865 0.03182132542133331 0.02078530378639698
v 0.02331526391208172 0.03130160644650459 0.018809670582413673
v 0.024154450744390488 0.030458156019449234 0.016756875440478325
v 0.025286315008997917 0.029324956238269806 0.01488794106990099
v 0.026665326207876205 0.02794284000992775 0.013332662172615528
v 0.028239216655492783 0.026364069432020187 0.012168637476861477
v 0.029945073649287224 0.024650784209370613 0.011447068303823471
v 0.02770061232149601 0.028904862701892853 0.035345833748579025
v 0.026658881455659866 0.030466096475720406 0.03384214639663696
v 0.025770345702767372 0.031798120588064194 0.03197793290019035
v 0.025111788883805275 0.03278868645429611 0.029923049733042717
v 0.024707702919840813 0.033399637788534164 0.02795066498219967
v 0.024568971246480942 0.033605027943849564 0.02436983399093151
v 0.024709545075893402 0.03339771181344986 0.020785558968782425
v 0.02511555701494217 0.03278516232967377 0.018810702487826347
v 0.025775618851184845 0.03179299458861351 0.016755608841776848
v 0.026665590703487396 0.03045932948589325 0.014888590201735497
v 0.027749456465244293 0.028833841904997826 0.013332036323845387
v 0.02898596227169037 0.02698020078241825 0.012168408371508121
v 0.030325423926115036 0.024965835735201836 0.011447219178080559
v 0.0289494339376688 0.02957095019519329 0.03534546121954918
v 0.028234703466296196 0.03130783513188362 0.033841680735349655
v 0.027620168402791023 0.03278990462422371 0.03197706118226051
v 0.027168167755007744 0.03389042243361473 0.0299213994294405
v 0.026888199150562286 0.03456970304250717 0.027948210015892982
v 0.026797035709023476 0.03480004519224167 0.024369806051254272
v 0.026889819651842117 0.03456805646419525 0.020787907764315605
v 0.027171427384018898 0.03388672694563866 0.01881159283220768
v 0.027625219896435738 0.03278506174683571 0.016755608841776848
v 0.028240032494068146 0.03130229935050011 0.01488723699003458
v 0.028986483812332153 0.029495729133486748 0.013331392779946327
v 0.029835792258381844 0.027434321120381355 0.012167655862867832
v 0.030760789290070534 0.025196323171257973 0.011446730233728886
v 0.030307242646813393 0.029984785243868828 0.035343237221241
v 0.029945047572255135 0.0318291075527668 0.033840361982584
v 0.029630331322550774 0.033401377499103546 0.031975891441106796
v 0.029399726539850235 0.03457152098417282 0.02992023527622223
v 0.029256165027618408 0.03529034182429314 0.02794880047440529
v 0.029209580272436142 0.03553421422839165 0.02436988614499569
v 0.029257670044898987 0.03528850898146629 0.020787423476576805
v 0.029401563107967377 0.034567441791296005 0.018811553716659546
v 0.02963385358452797 0.03339645639061928 0.01675536297261715
v 0.02994651161134243 0.03181996941566467 0.014886599034070969
v 0.030326535925269127 0.029903696849942207 0.0133303701877594
v 0.03076045773923397 0.027716808021068573 0.012167158536612988
v 0.031230231747031212 0.02534332498908043 0.011446910910308361
v 0.031717319041490555 0.03012389875948429 0.03534270077943802
v 0.03171760216355324 0.03200212121009827 0.03384041041135788
v 0.031719014048576355 0.03360939770936966 0.031974080950021744
v 0.03171925991773605 0.034801989793777466 0.029920436441898346
v 0.03171936795115471 0.035535041242837906 0.0279488954693079
v 0.0317198745906353 0.035783153027296066 0.024370426312088966
v 0.03172064572572708 0.0355326384305954 0.020784109830856323
v 0.03172070160508156 0.03479880094528198 0.018811121582984924
v 0.031720712780952454 0.033604368567466736 0.0167550016194582
v 0.031721632927656174 0.03199608996510506 0.014886614866554737
v 0.031721435487270355 0.030042795464396477 0.01333142351359129
v 0.031721144914627075 0.027809791266918182 0.01216675154864788
v 0.03172067552804947 0.025390539318323135 0.01144696120172739
v 0.03312736749649048 0.029984356835484505 0.035343244671821594
v 0.03349336236715317 0.031826626509428024 0.03383978083729744
v 0.03380705043673515 0.03340259566903114 0.03197455406188965
v 0.034038808196783066 0.03457215428352356 0.029919378459453583
v 0.03418364003300667 0.03529157117009163 0.027946442365646362
v 0.03423216938972473 0.035534050315618515 0.024368779733777046
v 0.0341845378279686 0.03528967872262001 0.020786534994840622
v 0.03403976187109947 0.0345681756734848 0.018811112269759178
v 0.03380763158202171 0.033397771418094635 0.01675395853817463
v 0.03349371254444122 0.031820572912693024 0.01488631870597601
v 0.033116403967142105 0.029904285445809364 0.013330177403986454
v 0.03268090635538101 0.027717765420675278 0.012167174369096756
v 0.032211173325777054 0.025344206020236015 0.011446964927017689
v 0.03448270633816719 0.029571127146482468 0.03534461557865143
v 0.03520232066512108 0.031308289617300034 0.03384008631110191
v 0.035817813128232956 0.032791271805763245 0.03197519853711128
v 0.0362708680331707 0.03389144316315651 0.029919810593128204
v 0.036551740020513535 0.03457125276327133 0.02794434130191803
v 0.0366455614566803 0.03480144962668419 0.024367665871977806
v 0.03655148297548294 0.034570641815662384 0.020786352455615997
v 0.03627113997936249 0.033888768404722214 0.01880989782512188
v 0.03581709787249565 0.032787442207336426 0.0167537871748209
v 0.035202160477638245 0.03130283206701279 0.014885630458593369
v 0.03445513918995857 0.029496746137738228 0.013330899178981781
v 0.033605169504880905 0.027435213327407837 0.012166314758360386
v 0.03268038481473923 0.025196921080350876 0.011446595191955566
v 0.035734713077545166 0.028904909268021584 0.03534385561943054
v 0.036778513342142105 0.03046756610274315 0.03383992984890938
v 0.03766804561018944 0.03180063143372536 0.031974706798791885
v 0.03832809999585152 0.032791174948215485 0.029920998960733414
v 0.03873297944664955 0.03340165317058563 0.02794545330107212
v 0.03887275978922844 0.03360680118203163 0.02436673268675804
v 0.038732241839170456 0.033399797976017 0.02078321762382984
v 0.03832705318927765 0.032788023352622986 0.01880807615816593
v 0.03766635060310364 0.031795721501111984 0.016752373427152634
v 0.03677760437130928 0.030461682006716728 0.014886973425745964
v 0.03569221869111061 0.028835449367761612 0.013330205343663692
v 0.03445611894130707 0.02698042429983616 0.012166758067905903
v 0.03311602771282196 0.02496674656867981 0.011445834301412106
v 0.03683168813586235 0.028000852093100548 0.03534528985619545
v 0.0381588339805603 0.029333194717764854 0.03384224697947502
v 0.039289526641368866 0.030466534197330475 0.031973958015441895
v 0.040130216628313065 0.0313088595867157 0.02992093935608864
v 0.040646933019161224 0.03182625025510788 0.027946772053837776
v 0.040822431445121765 0.032000284641981125 0.02436664141714573
v 0.04064534604549408 0.031824152916669846 0.020782332867383957
v 0.040127307176589966 0.03130555897951126 0.018807340413331985
v 0.039287030696868896 0.03046249970793724 0.01675366796553135
v 0.03815653920173645 0.02932746149599552 0.01488539855927229
v 0.036777231842279434 0.027944836765527725 0.01333048939704895
v 0.035202715545892715 0.026364652439951897 0.012166748754680157
v 0.03349316120147705 0.024651743471622467 0.011445636861026287
v 0.03773041069507599 0.02690410055220127 0.03534490987658501
v 0.03929279372096062 0.027950469404459 0.03384076803922653
v 0.04062211513519287 0.02884208783507347 0.031976278871297836
v 0.04161122813820839 0.02950361743569374 0.02992134727537632
v 0.04222055524587631 0.029908934608101845 0.02794615924358368
v 0.042425014078617096 0.030047139152884483 0.02436681278049946
v 0.04221682250499725 0.02990652061998844 0.020782437175512314
v 0.04160613194108009 0.02950013242661953 0.01880652643740177
v 0.040616899728775024 0.028836654499173164 0.016751253977417946
v 0.03928696736693382 0.027944734320044518 0.014886613935232162
v 0.03766576200723648 0.02685682661831379 0.013330253772437572
v 0.03581713140010834 0.025616349652409554 0.01216657180339098
v 0.03380761668086052 0.024272490292787552 0.011445678770542145
v 0.0383974127471447 0.025650475174188614 0.035345375537872314
v 0.0401327945291996 0.026370348408818245 0.03384245187044144
v 0.041612934321165085 0.026987964287400246 0.03197610378265381
v 0.04271245375275612 0.027441829442977905 0.02992115542292595
v 0.04338731989264488 0.027723193168640137 0.027944428846240044
v 0.043614499270915985 0.027813943102955818 0.024366972967982292
v 0.04338407889008522 0.027721354737877846 0.02078513242304325
v 0.04270647466182709 0.027438770979642868 0.018808314576745033
v 0.04160561040043831 0.026982927694916725 0.016752004623413086
v 0.04012632742524147 0.026365038007497787 0.014884952455759048
v 0.03832560032606125 0.02561587654054165 0.013329274021089077
v 0.036269765347242355 0.024763435125350952 0.012165790423750877
v 0.0340399406850338 0.023836195468902588 0.011445296928286552
v 0.03880881890654564 0.02429223619401455 0.035343870520591736
v 0.04065242409706116 0.024656131863594055 0.033842362463474274
v 0.04222368076443672 0.024971861392259598 0.03197664022445679
v 0.04339176416397095 0.02520199678838253 0.029921412467956543
v 0.04410703852772713 0.025349531322717667 0.027945177629590034
v 0.044348105788230896 0.02539573796093464 0.02436795085668564
v 0.04410329833626747 0.025347644463181496 0.020784737542271614
v 0.04338251054286957 0.025199100375175476 0.018808307126164436
v 0.04221490025520325 0.024968063458800316 0.016751931980252266
v 0.04064316675066948 0.024651838466525078 0.014884304255247116
v 0.0387306846678257 0.02427186630666256 0.013327984139323235
v 0.036551229655742645 0.023836420848965645 0.012166090309619904
v 0.034183602780103683 0.023364685475826263 0.011445414274930954
v 0.038950830698013306 0.022879572585225105 0.03534332290291786
v 0.040831226855516434 0.02287861332297325 0.033843278884887695
v 0.042432285845279694 0.022878427058458328 0.03197573497891426
v 0.043620795011520386 0.02287842333316803 0.029921438544988632
v 0.04435186833143234 0.02287842333316803 0.027948573231697083
v 0.04459467530250549 0.022880693897604942 0.02436835505068302
v 0.04434478282928467 0.022876130416989326 0.02078106440603733
v 0.04361126944422722 0.02287556603550911 0.018807820975780487
v 0.04242163151502609 0.02287505753338337 0.016752617433667183
v 0.040819231420755386 0.02287456765770912 0.014884360134601593
v 0.03887103497982025 0.02287338487803936 0.013329836539924145
v 0.036643579602241516 0.022873060777783394 0.012166466563940048
v 0.034231703728437424 0.022872699424624443 0.011445583775639534
v 0.03880604729056358 0.021463686600327492 0.035338811576366425
v 0.040651556104421616 0.021098896861076355 0.03384004533290863
v 0.042223501950502396 0.02078177034854889 0.0319741815328598
v 0.04339148476719856 0.02055254951119423 0.029920395463705063
v 0.04410660266876221 0.020406994968652725 0.027944769710302353
v 0.04434631019830704 0.0203586146235466 0.02436581440269947
v 0.044102076441049576 0.0204063281416893 0.02078345976769924
v 0.043382782489061356 0.020550137385725975 0.018807874992489815
v 0.04221491515636444 0.020779889076948166 0.01675173081457615
v 0.040642522275447845 0.021094072610139847 0.014884094707667828
v 0.038731180131435394 0.021475376561284065 0.013327772729098797
v 0.03655073419213295 0.02190832979977131 0.012165949679911137
v 0.03418324887752533 0.022381508722901344 0.01144539937376976
v 0.038393016904592514 0.020104898139834404 0.03533788397908211
v 0.040129680186510086 0.01938420906662941 0.03383631631731987
v 0.04160938039422035 0.018765898421406746 0.03197133168578148
v 0.04271102696657181 0.01831222139298916 0.029918184503912926
v 0.04338548704981804 0.018030645325779915 0.027942217886447906
v 0.043611083179712296 0.01793593540787697 0.024363763630390167
v 0.04338318482041359 0.018030550330877304 0.020782917737960815
v 0.04270579665899277 0.018310638144612312 0.018807604908943176
v 0.04160504788160324 0.018764998763799667 0.016751280054450035
v 0.04012571647763252 0.019380472600460052 0.014883838593959808
v 0.038324445486068726 0.020131133496761322 0.01332890521734953
v 0.036268915981054306 0.020982997491955757 0.012165561318397522
v 0.034039467573165894 0.021907828748226166 0.011445236392319202
v 0.03772483766078949 0.018849531188607216 0.03533599525690079
v 0.039287298917770386 0.017803413793444633 0.03383437171578407
v 0.0406174398958683 0.016910603269934654 0.03197013586759567
v 0.04160742089152336 0.016251476481556892 0.029916489496827126
v 0.04221699759364128 0.01584450528025627 0.027941877022385597
v 0.04242108389735222 0.01570279337465763 0.024364382028579712
v 0.04221527278423309 0.015845000743865967 0.02078036405146122
v 0.04160473495721817 0.016250424087047577 0.018805241212248802
v 0.0406142957508564 0.01690967008471489 0.016749616712331772
v 0.03928437829017639 0.017800794914364815 0.014884190633893013
v 0.037663668394088745 0.018888242542743683 0.013328577391803265
v 0.035815730690956116 0.020130332559347153 0.012165185064077377
v 0.0338066890835762 0.021473713219165802 0.011445519514381886
v 0.03682543337345123 0.0177532359957695 0.03533633425831795
v 0.03815360739827156 0.016420094296336174 0.033833976835012436
v 0.039285171777009964 0.015285123139619827 0.0319674015045166
v 0.04012629762291908 0.014443443156778812 0.029916314408183098
v 0.04064295068383217 0.01392462570220232 0.027942277491092682
v 0.04081961512565613 0.013749953359365463 0.024362336844205856
v 0.040641654282808304 0.013925077393651009 0.020779499784111977
v 0.04012491926550865 0.014442636631429195 0.018803689628839493
v 0.03928380087018013 0.015284254215657711 0.016751408576965332
v 0.03815342113375664 0.016418565064668655 0.014883341267704964
v 0.03677474707365036 0.017800388857722282 0.01332823745906353
v 0.03520098328590393 0.01937868446111679 0.012165297754108906
v 0.033492088317871094 0.021092116832733154 0.011445376090705395
v 0.03573033586144447 0.016849491745233536 0.03533729910850525
v 0.03677324950695038 0.015284448862075806 0.03383404761552811
v 0.03766342252492905 0.013953072018921375 0.03196940943598747
v 0.03832368180155754 0.012961549684405327 0.029915863648056984
v 0.03872781619429588 0.012347657233476639 0.027941150590777397
v 0.03886915370821953 0.012142072431743145 0.024363581091165543
v 0.03872878476977348 0.012346966192126274 0.02078041434288025
v 0.03832315281033516 0.012960805557668209 0.01880429871380329
v 0.03766275942325592 0.013952135108411312 0.016749300062656403
v 0.03677407279610634 0.015283720567822456 0.014884899370372295
v 0.03568977490067482 0.016908694058656693 0.013328700326383114
v 0.03445417433977127 0.018762359395623207 0.012165341526269913
v 0.03311476111412048 0.02077683061361313 0.011445579119026661
v 0.03171947970986366 0.022875232622027397 0.011203490197658539
v 0.034478820860385895 0.016180869191884995 0.035339999943971634
v 0.035196851938962936 0.014441327191889286 0.0338355153799057
v 0.03581312671303749 0.012960826978087425 0.031969159841537476
v 0.03626631945371628 0.011857380159199238 0.029915684834122658
v 0.03654639050364494 0.01117703691124916 0.027940450236201286
v 0.036640532314777374 0.01094921212643385 0.024363668635487556
v 0.03654659166932106 0.011177483946084976 0.02078268490731716
v 0.036266688257455826 0.01185797993093729 0.01880640909075737
v 0.035814303904771805 0.012960312888026237 0.01675036922097206
v 0.035199787467718124 0.01444094255566597 0.014883597381412983
v 0.03445350378751755 0.01624840870499611 0.013329144567251205
v 0.03360437601804733 0.018307901918888092 0.012165737338364124
v 0.03267928957939148 0.020546436309814453 0.011445283889770508
v 0.03312366455793381 0.015767322853207588 0.03534018620848656
v 0.03348913788795471 0.013922389596700668 0.033836767077445984
v 0.033802442252635956 0.012346998788416386 0.031970635056495667
v 0.03403427451848984 0.011176489293575287 0.02991599589586258
v 0.03417911008000374 0.010457273572683334 0.027941903099417686
v 0.034226953983306885 0.010215988382697105 0.024365101009607315
v 0.03417951241135597 0.010456759482622147 0.02078305184841156
v 0.03403625637292862 0.011176343075931072 0.0188079122453928
v 0.03380458429455757 0.012346947565674782 0.0167507603764534
v 0.03349025547504425 0.013922234997153282 0.01488432101905346
v 0.0331135056912899 0.015841269865632057 0.013328280299901962
v 0.03267867490649223 0.018025046214461327 0.012166558764874935
v 0.032209862023591995 0.020400792360305786 0.011445644311606884
v 0.0317135713994503 0.01562732271850109 0.035340916365385056
v 0.031713537871837616 0.013746188953518867 0.033837150782346725
v 0.03171463683247566 0.012139751575887203 0.031970273703336716
v 0.031714655458927155 0.010947993956506252 0.02991645410656929
v 0.03171480819582939 0.010215033777058125 0.027944769710302353
v 0.0317155122756958 0.009971344843506813 0.02436627820134163
v 0.03171664848923683 0.010215509682893753 0.020780930295586586
v 0.03171706199645996 0.01094791479408741 0.01880808174610138
v 0.03171762451529503 0.01213913131505251 0.016753019765019417
v 0.031718138605356216 0.013747218996286392 0.014884759671986103
v 0.03171859309077263 0.015699520707130432 0.013329676352441311
v 0.031719136983156204 0.017933981493115425 0.012166031636297703
v 0.031719546765089035 0.020354604348540306 0.011445482261478901
v 0.03030383214354515 0.015765298157930374 0.035342615097761154
v 0.029939156025648117 0.013921459205448627 0.033838529139757156
v 0.02962726168334484 0.012345363385975361 0.03197268769145012
v 0.02939552068710327 0.01117578987032175 0.029916556552052498
v 0.029251806437969208 0.010456210002303123 0.027943134307861328
v 0.029205208644270897 0.010214543901383877 0.02436603046953678
v 0.029252585023641586 0.010456638410687447 0.02078446000814438
v 0.02939804084599018 0.01117661688476801 0.018808629363775253
v 0.02963080443441868 0.012345721945166588 0.016752731055021286
v 0.029944078996777534 0.013921741396188736 0.014884899370372295
v 0.030323678627610207 0.0158408023416996 0.013328795321285725
v 0.03075924888253212 0.01802465133368969 0.012166960164904594
v 0.0312290508300066 0.020400505512952805 0.011445879004895687
v 0.028949391096830368 0.016177654266357422 0.03534408286213875
v 0.028231265023350716 0.014441690407693386 0.03383922576904297
v 0.027617620304226875 0.012958662584424019 0.03197300434112549
v 0.027165120467543602 0.01185618620365858 0.029918087646365166
v 0.026885120198130608 0.011175085790455341 0.027942901477217674
v 0.026793912053108215 0.010946421884000301 0.024366138502955437
v 0.0268859900534153 0.01117557194083929 0.020785171538591385
v 0.027167972177267075 0.011856022290885448 0.018808938562870026
v 0.027621446177363396 0.012958028353750706 0.016753127798438072
v 0.028236692771315575 0.014439491555094719 0.014885895885527134
v 0.028983905911445618 0.016247546300292015 0.013330010697245598
v 0.029835006222128868 0.018307210877537727 0.012166360393166542
v 0.030759843066334724 0.020545952022075653 0.011445675045251846
v 0.027699120342731476 0.01684519462287426 0.03534265235066414
v 0.026656800881028175 0.01528153009712696 0.033838387578725815
v 0.02576817385852337 0.013949713669717312 0.031973697245121
v 0.02510928362607956 0.012957572005689144 0.029919877648353577
v 0.02470492385327816 0.0123445438221097 0.02794547751545906
v 0.024566352367401123 0.012137881480157375 0.02436644956469536
v 0.0247061587870121 0.012345115654170513 0.020783016458153725
v 0.02511262148618698 0.012958379462361336 0.018808206543326378
v 0.025773273780941963 0.0139502864331007 0.016753120347857475
v 0.026662537828087807 0.015281510539352894 0.014887741766870022
v 0.027747737243771553 0.016906864941120148 0.013331088237464428
v 0.028984064236283302 0.01876213401556015 0.012167297303676605
v 0.030324244871735573 0.02077590674161911 0.011446207761764526
v 0.026603534817695618 0.017747825011610985 0.035342954099178314
v 0.02527795359492302 0.01641463115811348 0.03384019806981087
v 0.024147747084498405 0.015281595289707184 0.031972192227840424
v 0.023308247327804565 0.014440970495343208 0.029920382425189018
v 0.022792723029851913 0.013921111822128296 0.02794611267745495
v 0.02261713147163391 0.01374561246484518 0.024366747587919235
v 0.022793995216488838 0.0139207374304533 0.020782819017767906
v 0.023311881348490715 0.014439254067838192 0.01880817860364914
v 0.024152722209692 0.015281564556062222 0.016754692420363426
v 0.025283964350819588 0.016415826976299286 0.01488630473613739
v 0.02666321210563183 0.01779809035360813 0.013330795802175999
v 0.02823764644563198 0.019377976655960083 0.01216743141412735
v 0.029945120215415955 0.02109110914170742 0.011445993557572365
v 0.02570500783622265 0.01884586736559868 0.035342417657375336
v 0.024147024378180504 0.01779867522418499 0.03383918106555939
v 0.022817974910140038 0.016906632110476494 0.03197473660111427
v 0.021829724311828613 0.016246706247329712 0.029921147972345352
v 0.021220669150352478 0.015839936211705208 0.02794702909886837
v 0.02101631835103035 0.015699243173003197 0.024368025362491608
v 0.021223144605755806 0.015840496867895126 0.02078455314040184
v 0.02183329127728939 0.016246704384684563 0.01880890130996704
v 0.02282351814210415 0.016907278448343277 0.01675330474972725
v 0.024153703823685646 0.01779850572347641 0.014887327328324318
v 0.02577478624880314 0.018885497003793716 0.013331396505236626
v 0.027623260393738747 0.020128188654780388 0.012167604640126228
v 0.02963270992040634 0.02147236093878746 0.011446356773376465
v 0.02504020184278488 0.020100155845284462 0.03534264862537384
v 0.023306943476200104 0.019379744306206703 0.03383968397974968
v 0.021828660741448402 0.01876412145793438 0.03197505325078964
v 0.020730238407850266 0.01830693893134594 0.02992072142660618
v 0.020055336877703667 0.018024800345301628 0.02794595994055271
v 0.01982771046459675 0.017933089286088943 0.02436932921409607
v 0.02005646377801895 0.01802411675453186 0.020787375047802925
v 0.020734619349241257 0.018306346610188484 0.018811119720339775
v 0.02183384820818901 0.018760716542601585 0.0167557280510664
v 0.02331327460706234 0.019376782700419426 0.014888119883835316
v 0.025114919990301132 0.020128322765231133 0.013331898488104343
v 0.02717062458395958 0.02098117582499981 0.012166956439614296
v 0.029400238767266273 0.02190670743584633 0.011446974240243435
v 0.02462730184197426 0.021458972245454788 0.03534253314137459
v 0.02278864197432995 0.02109443210065365 0.03384122997522354
v 0.021218540146946907 0.020777784287929535 0.03197573125362396
v 0.020052991807460785 0.020547248423099518 0.029921438544988632
v 0.019336191937327385 0.020401256158947945 0.027949566021561623
v 0.019094077870249748 0.02035486325621605 0.02437068335711956
v 0.019338440150022507 0.020401330664753914 0.02078820951282978
v 0.020058738067746162 0.020546145737171173 0.01881249062716961
v 0.021225951611995697 0.02077544666826725 0.01675541326403618
v 0.02279759757220745 0.021091358736157417 0.014887526631355286
v 0.024708831682801247 0.021472038701176643 0.013331114314496517
v 0.026889106258749962 0.021905910223722458 0.01216792780905962
v 0.0292567927390337 0.022380158305168152 0.011447383090853691
v -0.033080991357564926 0.0228880625218153 0.03571905940771103
v -0.03469093516469002 0.022888027131557465 0.03540055453777313
v -0.0361761748790741 0.022887885570526123 0.0349125899374485
v -0.037424374371767044 0.02288755588233471 0.03433570638298988
v -0.03304874897003174 0.02321593090891838 0.035719018429517746
v -0.03462770953774452 0.023529797792434692 0.03540194407105446
v -0.03608619049191475 0.02381983958184719 0.03491484373807907
v -0.03730632737278938 0.024063797667622566 0.03433723375201225
v -0.03295288234949112 0.023529792204499245 0.03571945056319237
v -0.034439656883478165 0.024148397147655487 0.0354025773704052
v -0.03581259027123451 0.024715997278690338 0.034914977848529816
v -0.03696543723344803 0.02519276551902294 0.034337613731622696
v -0.03279980272054672 0.02382018230855465 0.0357203334569931
v -0.03413770720362663 0.024716416373848915 0.03540259972214699
v -0.03537217900156975 0.02554410882294178 0.03491521254181862
v -0.03640880808234215 0.026236066594719887 0.03433879464864731
v -0.03259006887674332 0.02407478168606758 0.035720475018024445
v -0.03372989594936371 0.025214871391654015 0.03540454059839249
v -0.034781090915203094 0.026269664987921715 0.03491745889186859
v -0.03566105663776398 0.027150560170412064 0.034340593963861465
v -0.03233875706791878 0.024285877123475075 0.03572189435362816
v -0.03323182463645935 0.025626439601182938 0.0354054756462574
v -0.03405778855085373 0.026863165199756622 0.03491852432489395
v -0.03474729508161545 0.0279010608792305 0.03434058278799057
v -0.032047711312770844 0.024437781423330307 0.03572167828679085
v -0.032664705067873 0.025929158553481102 0.03540562838315964
v -0.033231258392333984 0.027305012568831444 0.034918345510959625
v -0.03370716795325279 0.02845733053982258 0.03434094414114952
v -0.03173460066318512 0.0245356447994709 0.03572247177362442
v -0.032047513872385025 0.02611779049038887 0.03540564700961113
v -0.032339032739400864 0.02757897600531578 0.03491932898759842
v -0.03257957100868225 0.028801482170820236 0.03434126079082489
v -0.03140696883201599 0.02456812746822834 0.03572232648730278
v -0.03140673786401749 0.026181817054748535 0.03540593013167381
v -0.031407613307237625 0.027671029791235924 0.03491957485675812
v -0.031406667083501816 0.02892094850540161 0.03434140980243683
v -0.031080255284905434 0.02453598566353321 0.035723090171813965
v -0.030766846612095833 0.026118343695998192 0.03540712222456932
v -0.030474945902824402 0.027579782530665398 0.03492017835378647
v -0.0302332304418087 0.02880213037133217 0.03434162214398384
v -0.03076605685055256 0.024439437314867973 0.03572246804833412
v -0.030150016769766808 0.025930991396307945 0.03540607914328575
v -0.029580963775515556 0.02730584889650345 0.034919556230306625
v -0.02910606376826763 0.02845827490091324 0.03434206172823906
v -0.030475635081529617 0.02428579516708851 0.03572170063853264
v -0.02958136610686779 0.02562769316136837 0.035405922681093216
v -0.028756776824593544 0.02686510980129242 0.034919656813144684
v -0.02806559018790722 0.027903437614440918 0.03434157744050026
v -0.03022463247179985 0.02407599240541458 0.035721294581890106
v -0.02908455580472946 0.025215202942490578 0.03540526330471039
v -0.02803329937160015 0.026271557435393333 0.034918151795864105
v -0.027151048183441162 0.027153942734003067 0.03434086963534355
v -0.030014140531420708 0.023821478709578514 0.035720616579055786
v -0.02867725118994713 0.024717966094613075 0.035403572022914886
v -0.027443019673228264 0.025546912103891373 0.03491675481200218
v -0.026406949386000633 0.026237957179546356 0.03433900699019432
v -0.029862137511372566 0.023530947044491768 0.03572019562125206
v -0.028374867513775826 0.02415004000067711 0.03540271520614624
v -0.027002645656466484 0.0247175469994545 0.03491498902440071
v -0.025851426646113396 0.025195369496941566 0.03433612361550331
v -0.029765259474515915 0.023216992616653442 0.03571923449635506
v -0.028186485171318054 0.023530907928943634 0.03540149703621864
v -0.026731004938483238 0.023821204900741577 0.03491383418440819
v -0.02551133558154106 0.024065444245934486 0.03433573618531227
v -0.0297333225607872 0.022889401763677597 0.03571905195713043
v -0.028124051168560982 0.022888509556651115 0.03540068119764328
v -0.026639392599463463 0.02288857288658619 0.03491276502609253
v -0.025392120704054832 0.02288844995200634 0.034334562718868256
v -0.029765620827674866 0.022558843716979027 0.03571794554591179
v -0.02818705141544342 0.02224455215036869 0.035400211811065674
v -0.026731958612799644 0.021954763680696487 0.03491116687655449
v -0.02551211044192314 0.021712804213166237 0.03433423489332199
v -0.029863744974136353 0.022244460880756378 0.035717640072107315
v -0.028376983478665352 0.02162831462919712 0.03539928421378136
v -0.02700520120561123 0.021058592945337296 0.034910738468170166
v -0.025854161009192467 0.020583024248480797 0.03433183953166008
v -0.030016109347343445 0.0219544917345047 0.0357176698744297
v -0.02867891825735569 0.021058306097984314 0.03539885953068733
v -0.027445336803793907 0.020232057198882103 0.034909967333078384
v -0.02641049399971962 0.019539019092917442 0.03433045372366905
v -0.030225560069084167 0.021701231598854065 0.035718705505132675
v -0.029087163507938385 0.020561086013913155 0.035400718450546265
v -0.028037020936608315 0.01950780488550663 0.03490987792611122
v -0.0271585863083601 0.018623411655426025 0.03432966023683548
v -0.030477872118353844 0.02149244025349617 0.03571818768978119
v -0.029584450647234917 0.02015121839940548 0.03539806604385376
v -0.028760891407728195 0.018911905586719513 0.034909822046756744
v -0.028071241453289986 0.017874430865049362 0.03432917594909668
v -0.030768416821956635 0.021337434649467468 0.035717837512493134
v -0.030151983723044395 0.019846538081765175 0.03539896383881569
v -0.029584836214780807 0.018472867086529732 0.0349094420671463
v -0.029110576957464218 0.01731864921748638 0.03432900458574295
v -0.031081588938832283 0.021240685135126114 0.035717181861400604
v -0.03076890856027603 0.019657932221889496 0.03539835661649704
v -0.03047875501215458 0.018198855221271515 0.03490900248289108
v -0.030237413942813873 0.0169734675437212 0.034329380840063095
v -0.0314088799059391 0.021208180114626884 0.03571781888604164
v -0.03140922263264656 0.019595852121710777 0.03539932891726494
v -0.031409576535224915 0.018106874078512192 0.03491043671965599
v -0.031410250812768936 0.016856718808412552 0.03432957082986832
v -0.03173535689711571 0.02124035730957985 0.035716477781534195
v -0.03204958513379097 0.019657200202345848 0.03539847955107689
v -0.03234037011861801 0.01819799467921257 0.03490940481424332
v -0.03258240595459938 0.0169729795306921 0.03433077409863472
v -0.03204809129238129 0.021337859332561493 0.035717274993658066
v -0.03266534581780434 0.019845398142933846 0.035398513078689575
v -0.03323207050561905 0.018470916897058487 0.03491079434752464
v -0.03370843455195427 0.01731669157743454 0.034330468624830246
v -0.03233880549669266 0.021491384133696556 0.03571624681353569
v -0.033232010900974274 0.020150145515799522 0.03539823740720749
v -0.03405819460749626 0.018909959122538567 0.034910522401332855
v -0.03474864363670349 0.0178716741502285 0.034331247210502625
v -0.03258979693055153 0.02170035056769848 0.035716403275728226
v -0.03372954577207565 0.020559562370181084 0.03539792075753212
v -0.03477960452437401 0.019505152478814125 0.03490959480404854
v -0.0356600284576416 0.018620196729898453 0.03433111682534218
v -0.032799094915390015 0.021954616531729698 0.03571508824825287
v -0.03413679450750351 0.02105763927102089 0.035394810140132904
v -0.03537013381719589 0.020230557769536972 0.034908223897218704
v -0.03640667721629143 0.019536513835191727 0.034329794347286224
v -0.031407423317432404 0.02288939245045185 0.035831280052661896
v -0.032951146364212036 0.022244852036237717 0.0357162281870842
v -0.03443833440542221 0.021628571674227715 0.03539653122425079
v -0.03580966219305992 0.021058009937405586 0.03490779176354408
v -0.036961156874895096 0.020582465454936028 0.034329913556575775
v -0.03304813802242279 0.022561216726899147 0.03571773320436478
v -0.03462539240717888 0.022243695333600044 0.0353979729115963
v -0.03608221933245659 0.021953724324703217 0.03490864485502243
v -0.037302903831005096 0.02171175926923752 0.03433196246623993
v -0.03863971680402756 0.0228869765996933 0.03362109139561653
v -0.04051787778735161 0.02288534864783287 0.032120246440172195
v -0.04212019965052605 0.022884301841259003 0.030255025252699852
v -0.04330911487340927 0.0228832196444273 0.028202183544635773
v -0.04403981193900108 0.022882133722305298 0.0262298621237278
v -0.04428188130259514 0.022880343720316887 0.022650135681033134
v -0.04403077811002731 0.022878780961036682 0.019063616171479225
v -0.04329657182097435 0.022878628224134445 0.017090613022446632
v -0.042106252163648605 0.02287868782877922 0.01503509096801281
v -0.04050306975841522 0.02287866175174713 0.013166503049433231
v -0.03855434060096741 0.0228777714073658 0.011611364781856537
v -0.036326318979263306 0.022877851501107216 0.010447017848491669
v -0.03391408175230026 0.022878030315041542 0.009724865667521954
v -0.038497962057590485 0.024300266057252884 0.03362150117754936
v -0.040340274572372437 0.02466309815645218 0.03212076425552368
v -0.041911739856004715 0.02497805468738079 0.03025706484913826
v -0.0430799201130867 0.025207020342350006 0.028202606365084648
v -0.04379411041736603 0.02535311132669449 0.026227325201034546
v -0.04403451457619667 0.02539859153330326 0.022650429978966713
v -0.043788813054561615 0.025350559502840042 0.019067471846938133
v -0.043067336082458496 0.025202585384249687 0.017091216519474983
v -0.041898831725120544 0.024972055107355118 0.015034809708595276
v -0.040326472371816635 0.02465624362230301 0.013166381046175957
v -0.038413360714912415 0.024276599287986755 0.01160919014364481
v -0.03623342141509056 0.02384159341454506 0.010446291416883469
v -0.0338655486702919 0.023370331153273582 0.009724445641040802
v -0.038087114691734314 0.025659173727035522 0.03362385556101799
v -0.03982158750295639 0.026377886533737183 0.032122138887643814
v -0.04130084812641144 0.026994619518518448 0.030257083475589752
v -0.04239959269762039 0.027446836233139038 0.028202833607792854
v -0.043073613196611404 0.027727417647838593 0.026227114722132683
v -0.04330028221011162 0.02781745046377182 0.0226497333496809
v -0.04306897521018982 0.027725014835596085 0.01906828209757805
v -0.04239071160554886 0.027442485094070435 0.0170914214104414
v -0.04128919914364815 0.02698720060288906 0.015035580843687057
v -0.03980907425284386 0.0263699758797884 0.013167384080588818
v -0.03800784423947334 0.025620978325605392 0.011610342189669609
v -0.035951580852270126 0.02476893551647663 0.010445610620081425
v -0.03372190520167351 0.02384203113615513 0.00972406379878521
v -0.037419918924570084 0.02691281959414482 0.03362452611327171
v -0.03898121416568756 0.02795799821615219 0.032121092081069946
v -0.04030947387218475 0.028849346563220024 0.030256807804107666
v -0.04129834845662117 0.029509400948882103 0.028202665969729424
v -0.041906602680683136 0.029913974925875664 0.026228563860058784
v -0.042110148817300797 0.0300518199801445 0.022649593651294708
v -0.04190097749233246 0.029910732060670853 0.019065560773015022
v -0.041289523243904114 0.029504526406526566 0.017089467495679855
v -0.0402994304895401 0.02884056232869625 0.015033263713121414
v -0.03896887227892876 0.027949219569563866 0.01316776592284441
v -0.03734747692942619 0.026861803606152534 0.011611204594373703
v -0.03549881651997566 0.025621803477406502 0.010446716099977493
v -0.03348923474550247 0.024278217926621437 0.009724731557071209
v -0.036521073430776596 0.02800983004271984 0.03362526372075081
v -0.037847209721803665 0.029341446235775948 0.03212284296751022
v -0.0389765165746212 0.030474402010440826 0.030256027355790138
v -0.039817243814468384 0.03131536766886711 0.02820436842739582
v -0.04033246263861656 0.03183227777481079 0.02622913382947445
v -0.040506988763809204 0.03200575336813927 0.02264917828142643
v -0.04032895714044571 0.03182931989431381 0.019064970314502716
v -0.03981027379631996 0.031310442835092545 0.017090028151869774
v -0.03896946460008621 0.030467564240098 0.01503587793558836
v -0.03783802688121796 0.029332268983125687 0.01316647045314312
v -0.03645854815840721 0.027949484065175056 0.011610716581344604
v -0.03488411009311676 0.026370294392108917 0.010446596890687943
v -0.03317466378211975 0.02465773932635784 0.009724313393235207
v -0.03542369604110718 0.028914300724864006 0.033623795956373215
v -0.03646619990468025 0.03047608770430088 0.03212083503603935
v -0.037354808300733566 0.03180866688489914 0.030256250873208046
v -0.03801418095827103 0.032798588275909424 0.02820281870663166
v -0.038417741656303406 0.03340860456228256 0.02622712031006813
v -0.038556814193725586 0.03361286222934723 0.022648630663752556
v -0.038415197283029556 0.033405885100364685 0.019064925611019135
v -0.03800952807068825 0.03279354050755501 0.017090005800127983
v -0.03734833002090454 0.03180132061243057 0.015034339390695095
v -0.03645923733711243 0.030467813834547997 0.013168754987418652
v -0.03537369892001152 0.028841303661465645 0.011610963381826878
v -0.034137461334466934 0.026986567303538322 0.010446385480463505
v -0.032797422260046005 0.02497285231947899 0.009724567644298077
v -0.034172069281339645 0.029581774026155472 0.03362477198243141
v -0.03489033132791519 0.03131801635026932 0.032120730727910995
v -0.03550450876355171 0.03279968723654747 0.030256221070885658
v -0.03595612198114395 0.03389938548207283 0.028200644999742508
v -0.036235786974430084 0.03457842022180557 0.026225052773952484
v -0.03632895648479462 0.03480807691812515 0.02264862321317196
v -0.03623398393392563 0.03457720950245857 0.01906709186732769
v -0.03595299646258354 0.033895187079906464 0.01709054410457611
v -0.03549877926707268 0.03279354050755501 0.015034865587949753
v -0.034883275628089905 0.03130925074219704 0.013166024349629879
v -0.034136224538087845 0.02950325421988964 0.011610515415668488
v -0.033286236226558685 0.02744162827730179 0.01044523622840643
v -0.03236177936196327 0.025203373283147812 0.009724806994199753
v -0.03281659260392189 0.029995756223797798 0.033623650670051575
v -0.03318116068840027 0.031837087124586105 0.03212031349539757
v -0.03349347412586212 0.03341175988316536 0.03025500476360321
v -0.03372395038604736 0.034581009298563004 0.028199341148138046
v -0.03386742249131203 0.035299330949783325 0.02622607722878456
v -0.03391506150364876 0.035541001707315445 0.022648459300398827
v -0.03386644273996353 0.03529658541083336 0.019065968692302704
v -0.033721186220645905 0.03457534685730934 0.01709049940109253
v -0.03348872810602188 0.03340451791882515 0.015033809468150139
v -0.03317438066005707 0.03182763233780861 0.013165590353310108
v -0.03279687836766243 0.029911255463957787 0.011609216220676899
v -0.032361723482608795 0.027724523097276688 0.010445894673466682
v -0.03189237043261528 0.025350775569677353 0.009725089184939861
v -0.03140607103705406 0.030135462060570717 0.03362302482128143
v -0.03140536695718765 0.0320129320025444 0.032120734453201294
v -0.03140532970428467 0.03361954167485237 0.03025391511619091
v -0.031404126435518265 0.03481142967939377 0.02819979004561901
v -0.03140318766236305 0.03554380312561989 0.026227682828903198
v -0.03140251711010933 0.03578805550932884 0.022648567333817482
v -0.031402070075273514 0.03554028645157814 0.019062403589487076
v -0.03140169754624367 0.03480660542845726 0.01708967424929142
v -0.03140149265527725 0.033612024039030075 0.015033598057925701
v -0.03140214830636978 0.03200354799628258 0.013165208511054516
v -0.031402017921209335 0.03005010448396206 0.011609853245317936
v -0.03140193596482277 0.027816785499453545 0.0104448813945055
v -0.03140183538198471 0.025397520512342453 0.009724683128297329
v -0.029996277764439583 0.029997345060110092 0.03362320363521576
v -0.02963273786008358 0.03184054046869278 0.032120052725076675
v -0.02931661158800125 0.03341258317232132 0.03025476634502411
v -0.02908466011285782 0.03458146005868912 0.028198787942528725
v -0.028939545154571533 0.03529979661107063 0.02622636780142784
v -0.028891948983073235 0.035542961210012436 0.022647013887763023
v -0.028939340263605118 0.03529737517237663 0.01906459406018257
v -0.029082858934998512 0.03457580506801605 0.017089255154132843
v -0.029314694926142693 0.03340516611933708 0.015032772906124592
v -0.02962709590792656 0.031827908009290695 0.013164415955543518
v -0.030007056891918182 0.029911376535892487 0.01160815916955471
v -0.03044126182794571 0.027724169194698334 0.010444873943924904
v -0.030911430716514587 0.025350421667099 0.00972435437142849
v -0.02863846905529499 0.029584011062979698 0.03362517058849335
v -0.02792251855134964 0.03132016211748123 0.03212064504623413
v -0.02730652317404747 0.03280196338891983 0.030254987999796867
v -0.02685299888253212 0.03390141576528549 0.02819886989891529
v -0.02657177858054638 0.03458036854863167 0.026225002482533455
v -0.026479627937078476 0.034809842705726624 0.022646436467766762
v -0.026571806520223618 0.03457818552851677 0.019064240157604218
v -0.02685280703008175 0.033896297216415405 0.017088137567043304
v -0.027306534349918365 0.032794587314128876 0.015032000839710236
v -0.027920879423618317 0.031310953199863434 0.013164161704480648
v -0.028667302802205086 0.02950362302362919 0.011608628556132317
v -0.029516713693737984 0.027441808953881264 0.010444894433021545
v -0.0304421354085207 0.025203566998243332 0.009724006988108158
v -0.027389507740736008 0.028917891904711723 0.033624317497015
v -0.026346419006586075 0.030478764325380325 0.032120153307914734
v -0.025456996634602547 0.031810782849788666 0.03025500848889351
v -0.024797165766358376 0.03280095010995865 0.02819947898387909
v -0.02439177967607975 0.033411189913749695 0.02622680924832821
v -0.024252045899629593 0.03361614793539047 0.02264547348022461
v -0.02439173124730587 0.03340833634138107 0.019061068072915077
v -0.024797433987259865 0.032795608043670654 0.017086206004023552
v -0.025457298383116722 0.03180317208170891 0.01503106951713562
v -0.026346854865550995 0.030468488112092018 0.013164691627025604
v -0.027430487796664238 0.028842277824878693 0.011608594097197056
v -0.028667045757174492 0.02698812074959278 0.010445291176438332
v -0.030006730929017067 0.024973278865218163 0.009724175557494164
v -0.026293518021702766 0.028015432879328728 0.0336248055100441
v -0.024966362863779068 0.0293443500995636 0.03212066367268562
v -0.023835064843297005 0.03047681227326393 0.03025246225297451
v -0.022995799779891968 0.03131810948252678 0.028198789805173874
v -0.02247931994497776 0.03183737024664879 0.026225892826914787
v -0.02230372093617916 0.032009344547986984 0.022644363343715668
v -0.022479595616459846 0.031832728534936905 0.019059691578149796
v -0.02299756184220314 0.031312547624111176 0.01708427630364895
v -0.023836832493543625 0.030468754470348358 0.01503140851855278
v -0.02496805600821972 0.02933473326265812 0.013163156807422638
v -0.026346733793616295 0.027951711788773537 0.011608541011810303
v -0.027920570224523544 0.026372361928224564 0.010444906540215015
v -0.029626604169607162 0.02465822733938694 0.009723731316626072
v -0.02539312094449997 0.02691604755818844 0.03362272307276726
v -0.023834532126784325 0.027961594983935356 0.03211886063218117
v -0.022503824904561043 0.028852229937911034 0.030253741890192032
v -0.021516116335988045 0.029512446373701096 0.02819826640188694
v -0.020908141508698463 0.02991698496043682 0.026224689558148384
v -0.020702024921774864 0.030056478455662727 0.02264351397752762
v -0.02090848609805107 0.02991461008787155 0.019060246646404266
v -0.02151883766055107 0.029507121071219444 0.01708400249481201
v -0.022506993263959885 0.028844745829701424 0.015029920265078545
v -0.023836739361286163 0.02795230783522129 0.013164306059479713
v -0.025458212941884995 0.026863863691687584 0.011607924476265907
v -0.027306243777275085 0.02562311477959156 0.010444425977766514
v -0.029315201565623283 0.024278990924358368 0.009723691269755363
v -0.02472895011305809 0.025662042200565338 0.033621810376644135
v -0.022994397208094597 0.02638116292655468 0.03211864084005356
v -0.021515585482120514 0.026997035369277 0.030252788215875626
v -0.02041742391884327 0.02744990959763527 0.028196271508932114
v -0.019741524010896683 0.027730412781238556 0.02622169256210327
v -0.019514277577400208 0.027823375537991524 0.02264242246747017
v -0.01974286511540413 0.027728484943509102 0.01906125620007515
v -0.020419122651219368 0.027445459738373756 0.017084520310163498
v -0.02151866815984249 0.026990070939064026 0.015029539354145527
v -0.02299719862639904 0.02637319639325142 0.013161829672753811
v -0.024798031896352768 0.02562284655869007 0.011606616899371147
v -0.026853177696466446 0.02477005496621132 0.010443596169352531
v -0.029082683846354485 0.02384261041879654 0.009723247960209846
v -0.024317488074302673 0.024303127080202103 0.03361913934350014
v -0.02247825637459755 0.024666346609592438 0.0321158692240715
v -0.02090650238096714 0.024981720373034477 0.030251596122980118
v -0.019741490483283997 0.025210119783878326 0.02819405496120453
v -0.019023442640900612 0.025356795638799667 0.02622191049158573
v -0.018781449645757675 0.02540397085249424 0.022642405703663826
v -0.019024673849344254 0.02535451203584671 0.019059447571635246
v -0.019742928445339203 0.025206701830029488 0.01708381064236164
v -0.020909462124109268 0.02497599832713604 0.015028728172183037
v -0.0224811602383852 0.024658767506480217 0.013160744681954384
v -0.024391837418079376 0.024280011653900146 0.011605232022702694
v -0.026571694761514664 0.023843154311180115 0.010442828759551048
v -0.02893800660967827 0.023371003568172455 0.009723288007080555
v -0.024179110303521156 0.022888097912073135 0.03361733257770538
v -0.022303463891148567 0.02288776822388172 0.03211485967040062
v -0.02070201374590397 0.022887205705046654 0.030247360467910767
v -0.019514014944434166 0.0228866059333086 0.028193296864628792
v -0.018781637772917747 0.0228860042989254 0.026222579181194305
v -0.018534602597355843 0.022885959595441818 0.022642051801085472
v -0.018784312531352043 0.02288326807320118 0.019056322053074837
v -0.019514963030815125 0.022882986813783646 0.017083123326301575
v -0.02070358395576477 0.022881722077727318 0.015028945170342922
v -0.02230514958500862 0.02288135327398777 0.013160467147827148
v -0.02425302192568779 0.022880904376506805 0.011606095358729362
v -0.02648010477423668 0.022880246862769127 0.010442212224006653
v -0.028892379254102707 0.02287983149290085 0.009723065420985222
v -0.024319609627127647 0.0214726310223341 0.03361506015062332
v -0.022480381652712822 0.02110832743346691 0.03211308270692825
v -0.020910227671265602 0.020791813731193542 0.030246149748563766
v -0.019743481650948524 0.020560745149850845 0.02819160744547844
v -0.01902543380856514 0.020414281636476517 0.026218945160508156
v -0.018782081082463264 0.020367229357361794 0.02263997495174408
v -0.019025519490242004 0.020413370802998543 0.019057907164096832
v -0.019744476303458214 0.02055753581225872 0.017083099111914635
v -0.020911188796162605 0.02078660950064659 0.015026826411485672
v -0.022481612861156464 0.021101802587509155 0.013160157017409801
v -0.024392202496528625 0.021481823176145554 0.011604689061641693
v -0.026571983471512794 0.021914921700954437 0.010442448779940605
v -0.02893916517496109 0.022388070821762085 0.009723085910081863
v -0.02473328448832035 0.020114367827773094 0.033614300191402435
v -0.02300002984702587 0.019394095987081528 0.03211037814617157
v -0.021521566435694695 0.01877845823764801 0.03024442307651043
v -0.02042151801288128 0.018320787698030472 0.028190193697810173
v -0.01974542997777462 0.018038123846054077 0.02621527761220932
v -0.01951657608151436 0.017945758998394012 0.022638890892267227
v -0.01974467560648918 0.01803642511367798 0.019057175144553185
v -0.020421503111720085 0.018317997455596924 0.01708173379302025
v -0.02152007259428501 0.018771590664982796 0.015026815235614777
v -0.02299826592206955 0.019387729465961456 0.013160529546439648
v -0.02479877881705761 0.020137816667556763 0.011605685576796532
v -0.02685370296239853 0.02098950371146202 0.010441944003105164
v -0.029082998633384705 0.021914271637797356 0.009722919203341007
v -0.025399552658200264 0.018860764801502228 0.0336121991276741
v -0.023841161280870438 0.017813699319958687 0.032108258455991745
v -0.022511813789606094 0.01692141406238079 0.030243484303355217
v -0.02152233012020588 0.016260797157883644 0.02819017320871353
v -0.020911825820803642 0.015853554010391235 0.026216352358460426
v -0.020706187933683395 0.015711907297372818 0.02263781987130642
v -0.020911619067192078 0.015852488577365875 0.019054871052503586
v -0.021520767360925674 0.01625809073448181 0.017080796882510185
v -0.022510046139359474 0.01691729947924614 0.015026606619358063
v -0.023839196190238 0.017809055745601654 0.01316109485924244
v -0.02545948699116707 0.01889517717063427 0.011605381034314632
v -0.02730703353881836 0.020136894658207893 0.010442366823554039
v -0.029315734282135963 0.021480178460478783 0.009722079150378704
v -0.026298951357603073 0.017763309180736542 0.033611465245485306
v -0.024973085150122643 0.01642972230911255 0.03210848942399025
v -0.02384161949157715 0.015296016819775105 0.030240755528211594
v -0.023001374676823616 0.014454937539994717 0.028189312666654587
v -0.02248452790081501 0.013934229500591755 0.02621566317975521
v -0.022307652980089188 0.013758078217506409 0.02263689413666725
v -0.02248326502740383 0.013932330533862114 0.019053617492318153
v -0.02299993671476841 0.01445048674941063 0.01707925647497177
v -0.023840026929974556 0.015291833318769932 0.015026504173874855
v -0.024969911202788353 0.01642574742436409 0.013160016387701035
v -0.026348359882831573 0.017806915566325188 0.011605522595345974
v -0.027921689674258232 0.019386330619454384 0.010442499071359634
v -0.029628196731209755 0.021098555997014046 0.009722030721604824
v -0.02739514410495758 0.016860730946063995 0.03361052647233009
v -0.026352569460868835 0.015296276658773422 0.03210645914077759
v -0.02546313777565956 0.013964192010462284 0.030242158100008965
v -0.02480296418070793 0.012971092946827412 0.028189031407237053
v -0.024397406727075577 0.012356972321867943 0.026215439662337303
v -0.024257367476820946 0.012149485759437084 0.022637171670794487
v -0.024395916610956192 0.012355909682810307 0.01905442774295807
v -0.024801284074783325 0.012968936003744602 0.017080185934901237
v -0.025460772216320038 0.013960623182356358 0.01502577681094408
v -0.0263490192592144 0.015291359275579453 0.013160893693566322
v -0.02743321657180786 0.016915662214159966 0.011605367064476013
v -0.02866838499903679 0.018770188093185425 0.01044265553355217
v -0.03000751882791519 0.020783480256795883 0.009722232818603516
v -0.03140221908688545 0.022879580035805702 0.00948136206716299
v -0.02864646539092064 0.016193198040127754 0.03361160308122635
v -0.02792748063802719 0.014456109143793583 0.03210749477148056
v -0.027312593534588814 0.012972377240657806 0.030241886153817177
v -0.026858801022171974 0.011868253350257874 0.028188170865178108
v -0.026577450335025787 0.011186518706381321 0.02621367946267128
v -0.02648518607020378 0.01095661148428917 0.02263759821653366
v -0.02657623030245304 0.011185936629772186 0.019056938588619232
v -0.026857001706957817 0.011865651234984398 0.017081592231988907
v -0.027309156954288483 0.012967714108526707 0.01502634584903717
v -0.027923185378313065 0.014448219910264015 0.01316015888005495
v -0.028669139370322227 0.01625552400946617 0.011605372652411461
v -0.029518932104110718 0.018314803019165993 0.01044234074652195
v -0.030442848801612854 0.02055322378873825 0.009722172282636166
v -0.030000722035765648 0.015780040994286537 0.03361083194613457
v -0.02963520772755146 0.013934561982750893 0.032107848674058914
v -0.029322395101189613 0.012358001433312893 0.030242430046200752
v -0.029089154675602913 0.011186707764863968 0.028187531977891922
v -0.02894420176744461 0.010466291569173336 0.026214472949504852
v -0.028896495699882507 0.010223551653325558 0.02263786643743515
v -0.02894279733300209 0.010465608909726143 0.019056959077715874
v -0.029086844995617867 0.011184903793036938 0.01708250120282173
v -0.02931853011250496 0.012354390695691109 0.015026934444904327
v -0.02963046170771122 0.013929569162428379 0.0131603442132473
v -0.03000899963080883 0.015848470851778984 0.01160478312522173
v -0.030443664640188217 0.018032146617770195 0.010443206876516342
v -0.030912306159734726 0.020407667383551598 0.00972250010818243
v -0.031409911811351776 0.015640277415513992 0.033610906451940536
v -0.03140947222709656 0.013758515939116478 0.032107479870319366
v -0.03140954300761223 0.012151072733104229 0.03024148941040039
v -0.03140847012400627 0.010958378203213215 0.028188267722725868
v -0.03140758350491524 0.01022442989051342 0.026216957718133926
v -0.03140688315033913 0.009976490400731564 0.022639211267232895
v -0.03140638768672943 0.010223097167909145 0.019054872915148735
v -0.031405918300151825 0.010955452919006348 0.01708284765481949
v -0.03140531852841377 0.012146592140197754 0.015028586611151695
v -0.03140460327267647 0.013754460029304028 0.013161027804017067
v -0.031403910368680954 0.015706729143857956 0.011606297455728054
v -0.03140312805771828 0.017940977588295937 0.010442906059324741
v -0.031402587890625 0.0203615240752697 0.00972247775644064
v -0.03281953185796738 0.015778914093971252 0.03361198306083679
v -0.033184707164764404 0.013933803886175156 0.03210848197340965
v -0.03349687159061432 0.012356788851320744 0.030243970453739166
v -0.03372771665453911 0.011186106130480766 0.028189070522785187
v -0.0338713638484478 0.010465440340340137 0.026215795427560806
v -0.03391798213124275 0.0102229667827487 0.02264009229838848
v -0.033869482576847076 0.010463563725352287 0.01905824802815914
v -0.033725183457136154 0.011183309368789196 0.017083702608942986
v -0.03349228575825691 0.012353497557342052 0.015027769841253757
v -0.033176641911268234 0.01392915565520525 0.013161350041627884
v -0.032798826694488525 0.01584816724061966 0.011605633422732353
v -0.032363079488277435 0.018031833693385124 0.01044390071183443
v -0.03189312666654587 0.020407438278198242 0.009722975082695484
v -0.034174080938100815 0.016190843656659126 0.033613868057727814
v -0.03489178046584129 0.01445108000189066 0.032109521329402924
v -0.03550684452056885 0.012969007715582848 0.03024459443986416
v -0.03595929592847824 0.01186553854495287 0.028190869837999344
v -0.03623829036951065 0.01118438970297575 0.026216182857751846
v -0.03633139654994011 0.01095555629581213 0.022640502080321312
v -0.036236654967069626 0.011183765716850758 0.0190594419836998
v -0.03595561534166336 0.011864092200994492 0.01708374358713627
v -0.03550205007195473 0.01296608429402113 0.015028714202344418
v -0.034886252135038376 0.014447145164012909 0.013161622919142246
v -0.03413863480091095 0.01625487394630909 0.011606975458562374
v -0.03328827768564224 0.018314281478524208 0.010443548671901226
v -0.03236234933137894 0.020552799105644226 0.009722980670630932
v -0.035424672067165375 0.016857877373695374 0.0336134172976017
v -0.03646761178970337 0.015292377211153507 0.03211022913455963
v -0.03735656663775444 0.013959619216620922 0.030245859175920486
v -0.038016147911548615 0.012968398630619049 0.028193091973662376
v -0.038419537246227264 0.012354363687336445 0.026218369603157043
v -0.038559649139642715 0.012147477827966213 0.02264188788831234
v -0.0384184755384922 0.01235260721296072 0.01905873976647854
v -0.03801168128848076 0.012965946458280087 0.017083672806620598
v -0.03735031932592392 0.013957340270280838 0.015028929337859154
v -0.036460671573877335 0.015289695002138615 0.01316360104829073
v -0.03537484630942345 0.01691446453332901 0.011607089079916477
v -0.03413839265704155 0.018768450245261192 0.010443576611578465
v -0.03279799595475197 0.020782839506864548 0.009723598137497902
v -0.036519575864076614 0.017760498449206352 0.03361444175243378
v -0.037847209721803665 0.01642736606299877 0.03211238980293274
v -0.038977354764938354 0.015291857533156872 0.030245980247855186
v -0.03981805592775345 0.014449535869061947 0.028194956481456757
v -0.040334198623895645 0.013930296525359154 0.026220858097076416
v -0.04050929471850395 0.013753972947597504 0.02264297381043434
v -0.04033076763153076 0.013929474167525768 0.01905960775911808
v -0.03981311246752739 0.01444689929485321 0.0170843917876482
v -0.0389714352786541 0.015289016999304295 0.015031927265226841
v -0.0378401055932045 0.016423454508185387 0.013164077885448933
v -0.03646004945039749 0.01780519261956215 0.011608314700424671
v -0.034885045140981674 0.019384151324629784 0.01044421922415495
v -0.03317512944340706 0.021097861230373383 0.009723572060465813
v -0.03741754591464996 0.018856476992368698 0.03361429274082184
v -0.038979098200798035 0.01780974306166172 0.032112982124090195
v -0.04030914604663849 0.01691686548292637 0.030249109491705894
v -0.04129854962229729 0.01625691168010235 0.028196174651384354
v -0.04190779849886894 0.015849042683839798 0.026223132386803627
v -0.04211065173149109 0.01570657454431057 0.02264413610100746
v -0.04190388694405556 0.0158483125269413 0.01906198263168335
v -0.04129249230027199 0.016254136338829994 0.017086517065763474
v -0.0403013750910759 0.01691354811191559 0.015031233429908752
v -0.03897090256214142 0.017805583775043488 0.01316601037979126
v -0.03734876215457916 0.0188931655138731 0.011608962900936604
v -0.03549967706203461 0.02013537846505642 0.010444785468280315
v -0.03348974511027336 0.021479172632098198 0.009724157862365246
v -0.03808378800749779 0.020112233236432076 0.03361505642533302
v -0.03982001543045044 0.01939084753394127 0.03211434185504913
v -0.041299834847450256 0.018771789968013763 0.030250560492277145
v -0.04240073263645172 0.018316661939024925 0.02819845639169216
v -0.04307590425014496 0.01803348772227764 0.026223985478281975
v -0.043300483375787735 0.017939087003469467 0.022645574063062668
v -0.043071310967206955 0.018033288419246674 0.01906498335301876
v -0.042392805218696594 0.018313733860850334 0.017089445143938065
v -0.04129114747047424 0.01876884698867798 0.015032123774290085
v -0.03981101140379906 0.01938519813120365 0.013164788484573364
v -0.038008544594049454 0.020135894417762756 0.011609427630901337
v -0.03595214709639549 0.02098812162876129 0.01044503040611744
v -0.033722274005413055 0.02191336452960968 0.009723766706883907
v -0.03849569335579872 0.02147115208208561 0.033615946769714355
v -0.040340252220630646 0.02110559679567814 0.0321180559694767
v -0.04191257059574127 0.02078741416335106 0.030253371223807335
v -0.043079767376184464 0.020557302981615067 0.028200535103678703
v -0.04379533231258392 0.02041010372340679 0.026226002722978592
v -0.044034652411937714 0.020361242815852165 0.022647583857178688
v -0.04378913342952728 0.02040887624025345 0.01906559057533741
v -0.043068744242191315 0.020553428679704666 0.017090266570448875
v -0.0419003888964653 0.020783619955182076 0.015033639036118984
v -0.04032685607671738 0.0210983045399189 0.013165740296244621
v -0.038414690643548965 0.021479960530996323 0.011608793400228024
v -0.03623378276824951 0.021913306787610054 0.0104459747672081
v -0.0338657945394516 0.022386930882930756 0.009724263101816177
v 0.024465 -0.029846 0.033754
v 0.023876 -0.029846 0.034249
v 0.022786 -0.029846 0.035513
v 0.020015 -0.029846 0.038634
v 0.016197 -0.029846 0.042446
v 0.011303 -0.029846 0.045941
v 0.006269 -0.029846 0.047894
v 0.000237 -0.029846 0.048279
v -0.005794 -0.029846 0.047572
v -0.010948 -0.029846 0.045609
v -0.015942 -0.029846 0.042162
v -0.019811 -0.029846 0.038364
v -0.022583 -0.029846 0.035220
v -0.023663 -0.029846 0.033913
v -0.024241 -0.029846 0.033386
v 0.024465 -0.060911 0.030796
v 0.023876 -0.060911 0.031290
v 0.022786 -0.060911 0.032554
v 0.020015 -0.060911 0.035676
v 0.016197 -0.060911 0.039487
v 0.011303 -0.060911 0.042983
v 0.006269 -0.060911 0.044936
v 0.000237 -0.060911 0.045321
v -0.005794 -0.060911 0.044614
v -0.010948 -0.060911 0.042650
v -0.015942 -0.060911 0.039203
v -0.019811 -0.060911 0.035405
v -0.022583 -0.060911 0.032262
v -0.023663 -0.060911 0.030954
v -0.024241 -0.060911 0.030427
v 0.024465 -0.044639 0.033754
v 0.023876 -0.044639 0.034249
v 0.022786 -0.044639 0.035513
v 0.020015 -0.044639 0.038634
v 0.016197 -0.044639 0.042446
v 0.011303 -0.044639 0.045941
v 0.006269 -0.044639 0.047894
v 0.000237 -0.044639 0.048279
v -0.005794 -0.044639 0.047572
v -0.010948 -0.044639 0.045609
v -0.015942 -0.044639 0.042162
v -0.019811 -0.044639 0.038364
v -0.022583 -0.044639 0.035220
v -0.023663 -0.044639 0.033913
v -0.024241 -0.044639 0.033386
v 0.024465 -0.046118 0.030796
v 0.023876 -0.046118 0.031290
v 0.022786 -0.046118 0.032554
v 0.020015 -0.046118 0.035676
v 0.016197 -0.046118 0.039487
v 0.011303 -0.046118 0.042983
v 0.006269 -0.046118 0.044936
v 0.000237 -0.046118 0.045321
v -0.005794 -0.046118 0.044614
v -0.010948 -0.046118 0.042650
v -0.015942 -0.046118 0.039203
v -0.019811 -0.046118 0.035405
v -0.022583 -0.046118 0.032262
v -0.023663 -0.046118 0.030954
v -0.024241 -0.046118 0.030427
v 0.024465 -0.029846 0.026358
v 0.023876 -0.029846 0.026853
v 0.022786 -0.029846 0.028116
v 0.020015 -0.029846 0.031238
v 0.016197 -0.029846 0.035049
v 0.011303 -0.029846 0.038545
v 0.006269 -0.029846 0.040498
v 0.000237 -0.029846 0.040883
v -0.005794 -0.029846 0.040176
v -0.010948 -0.029846 0.038212
v -0.015942 -0.029846 0.034766
v -0.019811 -0.029846 0.030968
v -0.022583 -0.029846 0.027824
v -0.023663 -0.029846 0.026517
v -0.024241 -0.029846 0.025989
v 0.024465 -0.044639 0.026358
v 0.023876 -0.044639 0.026853
v 0.022786 -0.044639 0.028116
v 0.020015 -0.044639 0.031238
v 0.016197 -0.044639 0.035049
v 0.011303 -0.044639 0.038545
v 0.006269 -0.044639 0.040498
v 0.000237 -0.044639 0.040883
v -0.005794 -0.044639 0.040176
v -0.010948 -0.044639 0.038212
v -0.015942 -0.044639 0.034766
v -0.019811 -0.044639 0.030968
v -0.022583 -0.044639 0.027824
v -0.023663 -0.044639 0.026517
v -0.024241 -0.044639 0.025989
v 0.024465 -0.060911 0.023399
v 0.023876 -0.060911 0.023894
v 0.022786 -0.060911 0.025158
v 0.020015 -0.060911 0.028280
v 0.016197 -0.060911 0.032091
v 0.011303 -0.060911 0.035586
v 0.006269 -0.060911 0.037540
v 0.000237 -0.060911 0.037924
v -0.005794 -0.060911 0.037217
v -0.010948 -0.060911 0.035254
v -0.015942 -0.060911 0.031807
v -0.019811 -0.060911 0.028009
v -0.022583 -0.060911 0.024865
v -0.023663 -0.060911 0.023558
v -0.024241 -0.060911 0.023031
v 0.024465 -0.046118 0.023399
v 0.023876 -0.046118 0.023894
v 0.022786 -0.046118 0.025158
v 0.020015 -0.046118 0.028280
v 0.016197 -0.046118 0.032091
v 0.011303 -0.046118 0.035586
v 0.006269 -0.046118 0.037540
v 0.000237 -0.046118 0.037924
v -0.005794 -0.046118 0.037217
v -0.010948 -0.046118 0.035254
v -0.015942 -0.046118 0.031807
v -0.019811 -0.046118 0.028009
v -0.022583 -0.046118 0.024865
v -0.023663 -0.046118 0.023558
v -0.024241 -0.046118 0.023031
#tongue
v 0.000231 -0.057943 0.010710
v 0.002927 -0.058025 0.010652
v 0.002823 -0.058064 0.016127
v 0.000089 -0.058028 0.016180
v 0.006689 -0.057233 0.010867
v 0.006360 -0.057263 0.016348
v 0.006111 -0.057361 0.021329
v 0.002842 -0.058126 0.021105
v 0.000056 -0.058155 0.021347
v -0.006835 -0.056532 0.011292
v -0.002931 -0.057835 0.010812
v -0.002708 -0.057882 0.016294
v -0.006347 -0.056805 0.016773
v -0.002404 -0.058045 0.021280
v -0.005759 -0.057173 0.021755
v 0.000223 -0.057706 -0.001786
v 0.003852 -0.057773 -0.001903
v 0.003340 -0.057739 0.004647
v 0.000136 -0.057678 0.004729
v 0.008232 -0.056993 -0.001694
v 0.007378 -0.056959 0.004862
v -0.008257 -0.055823 -0.001164
v -0.003556 -0.057838 -0.001708
v -0.003181 -0.057695 0.004819
v -0.007455 -0.056108 0.005330
v 0.000318 -0.057736 -0.015817
v 0.005007 -0.057925 -0.015735
v 0.004248 -0.058065 -0.009014
v 0.000123 -0.057952 -0.008845
v 0.010600 -0.057504 -0.015541
v 0.009291 -0.057536 -0.008595
v -0.011341 -0.055851 -0.015024
v -0.005107 -0.057986 -0.015786
v -0.004165 -0.058198 -0.008794
v -0.009292 -0.055961 -0.008242
v 0.013435 -0.058242 -0.027351
v 0.011829 -0.057784 -0.021762
v 0.005759 -0.058704 -0.022047
v 0.006784 -0.059165 -0.027780
v 0.000298 -0.058326 -0.022305
v 0.000347 -0.058879 -0.028064
v -0.006393 -0.057701 -0.022030
v -0.007248 -0.058108 -0.028178
v -0.012818 -0.055846 -0.021458
v -0.013882 -0.056741 -0.027277
v 0.013835 -0.059612 -0.039388
v 0.014169 -0.058982 -0.033105
v 0.007368 -0.059605 -0.033699
v 0.007435 -0.060161 -0.040087
v 0.000402 -0.059395 -0.034491
v 0.000443 -0.060177 -0.040759
v -0.006943 -0.058914 -0.034122
v -0.006357 -0.059984 -0.040189
v -0.013639 -0.058218 -0.033600
v -0.012565 -0.059595 -0.039920
v 0.008855 -0.059870 -0.052406
v 0.012203 -0.059971 -0.046561
v 0.006865 -0.060747 -0.047227
v 0.004495 -0.061214 -0.052893
v 0.000560 -0.061143 -0.047443
v 0.000133 -0.061109 -0.052747
v 0.000135 -0.049638 -0.053485
v 0.004498 -0.056590 -0.054706
v 0.000243 -0.059240 -0.054342
v -0.005235 -0.055937 -0.054297
v -0.003193 -0.061094 -0.053044
v -0.008742 -0.059613 -0.052172
v -0.004909 -0.060855 -0.047459
v -0.011527 -0.060279 -0.046832
v 0.000187 -0.058379 0.029508
v -0.002153 -0.058293 0.029468
v -0.001927 -0.058301 0.025786
v 0.000253 -0.058358 0.025662
v -0.004464 -0.057653 0.028833
v -0.004857 -0.057617 0.026224
v 0.005023 -0.057759 0.029624
v 0.002459 -0.058312 0.029512
v 0.002781 -0.058275 0.025617
v 0.005650 -0.057569 0.025829
v 0.004140 -0.056245 0.034017
v 0.001109 -0.056494 0.034442
v 0.001678 -0.057780 0.032637
v 0.004266 -0.057498 0.032487
v -0.002231 -0.056277 0.034572
v -0.001039 -0.057722 0.032509
v 0.004296 -0.050987 0.032498
v 0.001955 -0.050917 0.032698
v 0.001406 -0.053995 0.034375
v 0.004141 -0.053895 0.034005
v -0.000013 -0.050901 0.032746
v 0.000036 -0.053784 0.034657
v 0.006814 -0.056791 0.032179
v 0.007473 -0.055610 0.032976
v 0.008247 -0.056472 0.029987
v 0.010375 -0.054860 0.030738
v 0.009463 -0.051507 0.030854
v 0.007168 -0.051311 0.032021
v 0.007336 -0.053693 0.033095
v 0.010379 -0.053124 0.031251
v 0.005032 -0.046049 0.025531
v 0.002168 -0.045763 0.025655
v 0.002156 -0.048133 0.029675
v 0.004646 -0.048304 0.029546
v 0.000107 -0.045792 0.025715
v -0.000013 -0.048186 0.029735
v 0.009619 -0.055925 0.026463
v 0.012648 -0.054006 0.027289
v 0.010784 -0.055479 0.022016
v 0.014378 -0.053272 0.022949
v 0.012031 -0.048603 0.024731
v 0.008617 -0.046969 0.025247
v 0.007752 -0.048961 0.029241
v 0.010690 -0.050207 0.028755
v 0.012666 -0.052023 0.028079
v 0.014375 -0.050883 0.023910
v 0.005519 -0.041915 0.015619
v 0.002123 -0.041375 0.015756
v 0.002129 -0.043611 0.020984
v 0.005282 -0.044039 0.020837
v 0.000073 -0.041280 0.015698
v 0.000119 -0.043579 0.020919
v 0.011577 -0.055175 0.017057
v 0.015644 -0.052726 0.018037
v 0.012298 -0.054864 0.011601
v 0.016707 -0.052004 0.012649
v 0.014044 -0.045654 0.014798
v 0.009885 -0.043315 0.015351
v 0.009267 -0.045226 0.020529
v 0.013070 -0.047241 0.019971
v 0.015673 -0.049968 0.019074
v 0.016809 -0.048819 0.013806
v 0.006432 -0.037046 0.004058
v 0.002909 -0.036741 0.003998
v 0.002241 -0.039000 0.010061
v 0.005870 -0.039456 0.010032
v -0.000018 -0.036764 0.004051
v 0.000027 -0.038909 0.009852
v 0.013225 -0.054142 0.005664
v 0.017823 -0.050602 0.006879
v 0.014289 -0.053364 -0.000795
v 0.019026 -0.049038 0.000609
v 0.016428 -0.041014 0.003730
v 0.011602 -0.038388 0.004136
v 0.010655 -0.040839 0.009981
v 0.015182 -0.043329 0.009539
v 0.018029 -0.046885 0.008338
v 0.019329 -0.044863 0.002336
v 0.008539 -0.034030 -0.009318
v 0.003439 -0.033506 -0.009140
v 0.002864 -0.034635 -0.002334
v 0.007288 -0.034934 -0.002321
v -0.000125 -0.033501 -0.008845
v -0.000091 -0.034706 -0.002005
v 0.015426 -0.053108 -0.007817
v 0.020361 -0.048079 -0.006283
v 0.016805 -0.053113 -0.014739
v 0.021873 -0.048078 -0.013271
v 0.019284 -0.039277 -0.010519
v 0.014263 -0.035993 -0.009738
v 0.012745 -0.036514 -0.002463
v 0.017723 -0.039457 -0.003090
v 0.020705 -0.043580 -0.004535
v 0.022268 -0.043553 -0.011780
v -0.000343 -0.033548 -0.022668
v -0.000242 -0.033300 -0.015884
v 0.004251 -0.033538 -0.016626
v 0.005205 -0.034155 -0.024109
v 0.010249 -0.034687 -0.017146
v 0.012177 -0.036213 -0.025078
v 0.024007 -0.049710 -0.026216
v 0.023317 -0.048761 -0.019831
v 0.018618 -0.053578 -0.020903
v 0.020166 -0.054676 -0.026769
v 0.023942 -0.044801 -0.018906
v 0.021353 -0.041059 -0.018157
v 0.024404 -0.045423 -0.025872
v 0.022518 -0.042310 -0.025658
v 0.016325 -0.037410 -0.017614
v 0.018469 -0.039591 -0.025494
v 0.015332 -0.042703 -0.039324
v 0.014851 -0.046751 -0.046140
v 0.007445 -0.043692 -0.045794
v 0.007156 -0.038967 -0.037851
v 0.012837 -0.049699 -0.050107
v 0.007959 -0.049228 -0.051978
v -0.000121 -0.042505 -0.044992
v -0.000212 -0.037316 -0.036362
v -0.000265 -0.034584 -0.029022
v 0.006285 -0.035793 -0.030903
v 0.014151 -0.038950 -0.032387
v 0.023924 -0.054314 -0.039028
v 0.024766 -0.052711 -0.032676
v 0.020666 -0.056041 -0.032798
v 0.019808 -0.057222 -0.039151
v 0.017793 -0.056006 -0.049257
v 0.013435 -0.058344 -0.051442
v 0.009650 -0.055413 -0.053650
v 0.015174 -0.053511 -0.050974
v 0.019979 -0.042602 -0.032785
v 0.020362 -0.046208 -0.039577
v 0.023234 -0.045786 -0.032676
v 0.023059 -0.049010 -0.039172
v 0.024825 -0.051530 -0.038668
v 0.022888 -0.053598 -0.043428
v 0.020917 -0.052542 -0.045107
v 0.021116 -0.056031 -0.045084
v 0.017285 -0.058226 -0.045988
v 0.018804 -0.050067 -0.045961
v 0.025153 -0.049257 -0.032638
v -0.001845 -0.053069 0.034194
v -0.003459 -0.053860 0.034270
v -0.001757 -0.050783 0.032770
v -0.003720 -0.051187 0.032836
v -0.009110 -0.055373 0.031515
v -0.006715 -0.056870 0.030424
v -0.003970 -0.057444 0.031984
v -0.005812 -0.056053 0.033384
v -0.006128 -0.054152 0.033723
v -0.009121 -0.053743 0.032158
v -0.006168 -0.051801 0.032680
v -0.008345 -0.052080 0.031720
v -0.013957 -0.053240 0.024124
v -0.010458 -0.055244 0.022844
v -0.008861 -0.056054 0.027195
v -0.011829 -0.054340 0.028310
v -0.002154 -0.048263 0.029829
v -0.004468 -0.048578 0.029911
v -0.002733 -0.045886 0.025809
v -0.005361 -0.046265 0.025915
v -0.011449 -0.048810 0.025848
v -0.013781 -0.051015 0.025172
v -0.011701 -0.052492 0.029178
v -0.009731 -0.050707 0.029740
v -0.007158 -0.049383 0.029933
v -0.008456 -0.047213 0.026012
v -0.016722 -0.051030 0.014034
v -0.012481 -0.053677 0.012504
v -0.011573 -0.054497 0.017920
v -0.015487 -0.052234 0.019313
v -0.003215 -0.043713 0.021145
v -0.006074 -0.044175 0.021268
v -0.003588 -0.041425 0.015942
v -0.006669 -0.041936 0.016128
v -0.013830 -0.045153 0.016408
v -0.016562 -0.048109 0.015468
v -0.015292 -0.049671 0.020528
v -0.012713 -0.047088 0.021320
v -0.009442 -0.045252 0.021446
v -0.010309 -0.043109 0.016456
v -0.019262 -0.047764 0.002399
v -0.014572 -0.051426 0.000348
v -0.013465 -0.052512 0.006676
v -0.017964 -0.049356 0.008442
v -0.003835 -0.038943 0.010304
v -0.007198 -0.039310 0.010656
v -0.004218 -0.036658 0.004312
v -0.007950 -0.036870 0.004847
v -0.016525 -0.040460 0.005956
v -0.019352 -0.044081 0.004558
v -0.017914 -0.046017 0.010214
v -0.015099 -0.042684 0.011363
v -0.011243 -0.040470 0.011259
v -0.012393 -0.038052 0.005723
v -0.022154 -0.046844 -0.011074
v -0.017377 -0.051144 -0.013473
v -0.015845 -0.050942 -0.006567
v -0.020662 -0.046852 -0.004235
v -0.005020 -0.034658 -0.001955
v -0.009229 -0.034985 -0.001303
v -0.006247 -0.033611 -0.008633
v -0.011110 -0.034257 -0.008033
v -0.019973 -0.038918 -0.008578
v -0.022522 -0.042816 -0.008593
v -0.020881 -0.042905 -0.001709
v -0.017987 -0.039061 -0.000849
v -0.014050 -0.036405 -0.000811
v -0.015665 -0.036048 -0.007914
v -0.019261 -0.052035 -0.019772
v -0.020605 -0.053619 -0.025989
v -0.023718 -0.048136 -0.017733
v -0.024846 -0.050139 -0.024260
v -0.016098 -0.036658 -0.023223
v -0.013683 -0.035043 -0.015579
v -0.007513 -0.033715 -0.015863
v -0.008733 -0.034431 -0.022787
v -0.024010 -0.042917 -0.023368
v -0.025655 -0.046554 -0.023538
v -0.024286 -0.044240 -0.016100
v -0.022165 -0.040478 -0.015149
v -0.018921 -0.037421 -0.015821
v -0.020861 -0.039604 -0.023294
v -0.009061 -0.044043 -0.044775
v -0.009303 -0.039276 -0.037871
v -0.008510 -0.049506 -0.051855
v -0.014278 -0.050079 -0.048604
v -0.016267 -0.047142 -0.044418
v -0.017292 -0.042780 -0.036871
v -0.020530 -0.055716 -0.032647
v -0.019341 -0.057624 -0.039227
v -0.025009 -0.052584 -0.030702
v -0.024126 -0.054913 -0.036810
v -0.017049 -0.039236 -0.029979
v -0.009476 -0.036229 -0.029258
v -0.011426 -0.054809 -0.052693
v -0.017239 -0.053613 -0.049622
v -0.014652 -0.058101 -0.049845
v -0.019625 -0.056146 -0.046371
v -0.022049 -0.042473 -0.030450
v -0.024800 -0.045728 -0.030395
v -0.021921 -0.046068 -0.037036
v -0.024398 -0.049041 -0.036528
v -0.017337 -0.058707 -0.045209
v -0.022111 -0.056584 -0.042335
v -0.024667 -0.054093 -0.040852
v -0.023129 -0.052790 -0.042967
v -0.025776 -0.051892 -0.035870
v -0.020615 -0.050325 -0.045235
v -0.026108 -0.049216 -0.030215
usemtl material_1
vt 0.827841 0.456444
vt 0.826865 0.455402
vt 0.827907 0.456096
vt 0.842058 0.471775
vt 0.837976 0.467212
vt 0.842847 0.461572
vt 0.870015 0.218946
vt 0.894946 0.209010
vt 0.891536 0.243748
vt 0.626067 0.713548
vt 0.646852 0.690397
vt 0.655533 0.703344
vt 0.873927 0.494550
vt 0.876257 0.493740
vt 0.875382 0.496354
vt 0.872019 0.483542
vt 0.870940 0.482536
vt 0.871472 0.470778
vt 0.871509 0.449954
vt 0.872148 0.460940
vt 0.869884 0.450896
vt 0.165800 0.455529
vt 0.164845 0.456567
vt 0.164776 0.456219
vt 0.154869 0.467361
vt 0.150856 0.471940
vt 0.149956 0.461721
vt 0.838315 0.395768
vt 0.844026 0.400208
vt 0.840380 0.402876
vt 0.846600 0.382012
vt 0.849120 0.393760
vt 0.841435 0.384948
vt 0.862553 0.515661
vt 0.863353 0.509890
vt 0.865905 0.512859
vt 0.903197 0.443541
vt 0.890997 0.445717
vt 0.896335 0.420583
vt 0.864481 0.490056
vt 0.865943 0.493748
vt 0.862936 0.493077
vt 0.878909 0.496392
vt 0.877836 0.499308
vt 0.823238 0.423976
vt 0.816272 0.418672
vt 0.824230 0.409451
vt 0.838080 0.460496
vt 0.836168 0.468022
vt 0.870187 0.437303
vt 0.863523 0.429405
vt 0.865693 0.426083
vt 0.863829 0.437613
vt 0.863830 0.440753
vt 0.857959 0.433341
vt 0.867019 0.499853
vt 0.864036 0.505455
vt 0.863152 0.504591
vt 0.897221 0.488439
vt 0.899057 0.503323
vt 0.896823 0.503983
vt 0.866905 0.491780
vt 0.869888 0.490883
vt 0.868763 0.493053
vt 0.844697 0.494535
vt 0.847181 0.492958
vt 0.846961 0.495396
vt 0.888614 0.415091
vt 0.878802 0.397244
vt 0.876764 0.389051
vt 0.836173 0.388504
vt 0.834026 0.395287
vt 0.831825 0.387866
vt 0.850583 0.499869
vt 0.851510 0.496872
vt 0.854041 0.497539
vt 0.866125 0.487052
vt 0.868225 0.489363
vt 0.868953 0.463043
vt 0.862904 0.475192
vt 0.864392 0.461427
vt 0.872170 0.490753
vt 0.873166 0.482859
vt 0.814715 0.439052
vt 0.820247 0.442227
vt 0.815386 0.446010
vt 0.874814 0.407608
vt 0.875562 0.396903
vt 0.879540 0.411076
vt 0.857822 0.497888
vt 0.854636 0.491664
vt 0.857133 0.491101
vt 0.852684 0.402568
vt 0.859029 0.403657
vt 0.857200 0.408243
vt 0.863556 0.485000
vt 0.861944 0.487965
vt 0.817191 0.430877
vt 0.822995 0.435592
vt 0.820870 0.466724
vt 0.824843 0.464314
vt 0.825851 0.465959
vt 0.815771 0.465966
vt 0.817856 0.463741
vt 0.818798 0.467103
vt 0.826902 0.466657
vt 0.826344 0.465087
vt 0.826963 0.465058
vt 0.867416 0.476409
vt 0.870879 0.466015
vt 0.869476 0.479087
vt 0.835489 0.444680
vt 0.839104 0.439991
vt 0.837491 0.446209
vt 0.818719 0.449140
vt 0.824589 0.446916
vt 0.821894 0.452148
vt 0.873450 0.448904
vt 0.878909 0.459689
vt 0.875985 0.460354
vt 0.872027 0.503703
vt 0.875232 0.504611
vt 0.873706 0.507233
vt 0.913942 0.372248
vt 0.910810 0.410742
vt 0.892795 0.368057
vt 0.851839 0.409438
vt 0.855720 0.414436
vt 0.849343 0.501995
vt 0.852223 0.501391
vt 0.855562 0.503813
vt 0.838856 0.492407
vt 0.836210 0.497003
vt 0.835143 0.493577
vt 0.833641 0.524315
vt 0.825758 0.523817
vt 0.824494 0.509354
vt 0.876011 0.382443
vt 0.848993 0.398547
vt 0.841142 0.391893
vt 0.836186 0.380433
vt 0.840694 0.489359
vt 0.844147 0.488818
vt 0.842631 0.492279
vt 0.866551 0.496353
vt 0.867676 0.494849
vt 0.865297 0.497855
vt 0.862330 0.499569
vt 0.864020 0.496699
vt 0.846809 0.489395
vt 0.845915 0.486975
vt 0.052020 0.330165
vt 0.031772 0.301144
vt 0.058399 0.292781
vt 0.863402 0.453967
vt 0.865473 0.447501
vt 0.868216 0.455204
vt 0.885552 0.469190
vt 0.889406 0.487571
vt 0.886308 0.487255
vt 0.893600 0.452797
vt 0.906806 0.470475
vt 0.898399 0.469472
vt 0.840313 0.488493
vt 0.841474 0.486048
vt 0.814942 0.400565
vt 0.861999 0.391729
vt 0.865396 0.386821
vt 0.867006 0.399398
vt 0.827310 0.462459
vt 0.827830 0.464426
vt 0.840662 0.499750
vt 0.839852 0.495550
vt 0.853694 0.398236
vt 0.831159 0.479268
vt 0.822201 0.482616
vt 0.825611 0.471616
vt 0.834363 0.443763
vt 0.835726 0.439241
vt 0.848779 0.405351
vt 0.842170 0.480592
vt 0.846995 0.474293
vt 0.843139 0.481763
vt 0.854377 0.382884
vt 0.856214 0.389598
vt 0.850473 0.382115
vt 0.848576 0.488354
vt 0.850112 0.490893
vt 0.848590 0.490914
vt 0.848141 0.485157
vt 0.853582 0.390914
vt 0.870296 0.457783
vt 0.870133 0.493228
vt 0.871296 0.490781
vt 0.828116 0.456781
vt 0.828338 0.457060
vt 0.828099 0.457058
vt 0.828269 0.456009
vt 0.828574 0.456299
vt 0.828169 0.456406
vt 0.828739 0.454554
vt 0.830826 0.453572
vt 0.829438 0.455268
vt 0.873008 0.490889
vt 0.872106 0.493568
vt 0.867798 0.497175
vt 0.869023 0.495378
vt 0.813626 0.451266
vt 0.817093 0.450008
vt 0.816442 0.452822
vt 0.824350 0.395864
vt 0.829501 0.402016
vt 0.844427 0.472826
vt 0.848408 0.462167
vt 0.848950 0.500912
vt 0.847276 0.525033
vt 0.853080 0.519142
vt 0.854777 0.524826
vt 0.828156 0.455564
vt 0.828349 0.454453
vt 0.828385 0.455468
vt 0.827833 0.456816
vt 0.826692 0.456246
vt 0.829235 0.461455
vt 0.827896 0.458828
vt 0.828578 0.458422
vt 0.827866 0.444228
vt 0.828832 0.437216
vt 0.831484 0.443654
vt 0.842333 0.484020
vt 0.851557 0.433941
vt 0.852536 0.429870
vt 0.827043 0.458047
vt 0.826006 0.461257
vt 0.825145 0.460133
vt 0.831353 0.514392
vt 0.839442 0.512336
vt 0.839093 0.521955
vt 0.901202 0.540443
vt 0.906030 0.547063
vt 0.893380 0.565617
vt 0.876358 0.421251
vt 0.880120 0.426829
vt 0.865041 0.495361
vt 0.829413 0.457025
vt 0.828438 0.456741
vt 0.827875 0.457305
vt 0.827333 0.458555
vt 0.834400 0.484499
vt 0.838510 0.482213
vt 0.838422 0.486832
vt 0.829764 0.434392
vt 0.822729 0.430085
vt 0.883518 0.458053
vt 0.876382 0.447390
vt 0.880796 0.445447
vt 0.849181 0.493012
vt 0.852394 0.492252
vt 0.818204 0.452463
vt 0.828647 0.455809
vt 0.884507 0.499233
vt 0.858140 0.395432
vt 0.863034 0.401494
vt 0.830765 0.459446
vt 0.829107 0.457866
vt 0.818032 0.456219
vt 0.821361 0.455110
vt 0.821563 0.458333
vt 0.846693 0.444503
vt 0.845698 0.453704
vt 0.842916 0.451400
vt 0.880686 0.507364
vt 0.878487 0.510394
vt 0.858323 0.545975
vt 0.863625 0.537467
vt 0.872414 0.538309
vt 0.809760 0.419093
vt 0.813500 0.427367
vt 0.840782 0.491898
vt 0.840360 0.490638
vt 0.883175 0.428313
vt 0.855501 0.437323
vt 0.855438 0.443606
vt 0.850535 0.440915
vt 0.866251 0.507358
vt 0.860721 0.441452
vt 0.512697 0.504195
vt 0.513067 0.504456
vt 0.512684 0.504669
vt 0.828563 0.455379
vt 0.505058 0.505642
vt 0.507875 0.503852
vt 0.507972 0.507293
vt 0.512335 0.508938
vt 0.510077 0.512472
vt 0.510052 0.508717
vt 0.514515 0.503892
vt 0.513301 0.503601
vt 0.514308 0.502955
vt 0.515702 0.499885
vt 0.513324 0.500964
vt 0.513730 0.498908
vt 0.607350 0.540611
vt 0.618975 0.526944
vt 0.620706 0.532580
vt 0.124014 0.218952
vt 0.099625 0.209027
vt 0.132266 0.193780
vt 0.831926 0.429504
vt 0.869474 0.498017
vt 0.870133 0.501385
vt 0.867880 0.500126
vt 0.856221 0.485346
vt 0.854964 0.476579
vt 0.859501 0.475270
vt 0.877449 0.485093
vt 0.874834 0.491952
vt 0.875665 0.483738
vt 0.873360 0.501225
vt 0.876614 0.501958
vt 0.841095 0.479381
vt 0.805414 0.436792
vt 0.810321 0.436713
vt 0.892196 0.594266
vt 0.881916 0.571862
vt 0.968926 0.403403
vt 0.946795 0.365227
vt 0.967802 0.369636
vt 0.836877 0.428859
vt 0.833086 0.413826
vt 0.837725 0.414975
vt 0.848004 0.507703
vt 0.845494 0.509822
vt 0.843622 0.504405
vt 0.844002 0.416461
vt 0.828052 0.457252
vt 0.828261 0.457238
vt 0.838708 0.479561
vt 0.839042 0.477802
vt 0.873821 0.482824
vt 0.841574 0.492499
vt 0.953351 0.429482
vt 0.971103 0.462460
vt 0.954995 0.465773
vt 0.735380 0.595059
vt 0.746723 0.622955
vt 0.734142 0.625525
vt 0.806992 0.474518
vt 0.809147 0.456029
vt 0.813424 0.478681
vt 0.688497 0.515273
vt 0.675381 0.493409
vt 0.689271 0.492812
vt 0.834603 0.403046
vt 0.837606 0.403441
vt 0.816953 0.460105
vt 0.815875 0.463681
vt 0.815165 0.461557
vt 0.545483 0.595339
vt 0.561340 0.585414
vt 0.549221 0.600940
vt 0.518794 0.501766
vt 0.516426 0.504569
vt 0.515620 0.502466
vt 0.922067 0.475564
vt 0.916804 0.515723
vt 0.917837 0.459539
vt 0.702609 0.496283
vt 0.700502 0.518907
vt 0.598305 0.177246
vt 0.631221 0.160647
vt 0.650865 0.188922
vt 0.844660 0.377072
vt 0.829147 0.374883
vt 0.846930 0.370751
vt 0.511030 0.672679
vt 0.524864 0.660104
vt 0.526165 0.675057
vt 0.560268 0.788311
vt 0.530673 0.810853
vt 0.527456 0.791432
vt 0.950180 0.399125
vt 0.970058 0.431030
vt 0.834077 0.471401
vt 0.837115 0.474679
vt 0.836102 0.477765
vt 0.884644 0.415077
vt 0.529278 0.623530
vt 0.510111 0.632307
vt 0.510484 0.616017
vt 0.566976 0.806985
vt 0.533546 0.828017
vt 0.829741 0.487902
vt 0.834518 0.490395
vt 0.576070 0.568723
vt 0.590032 0.548918
vt 0.591544 0.553315
vt 0.816021 0.598369
vt 0.834984 0.572839
vt 0.828252 0.619165
vt 0.513764 0.505485
vt 0.513358 0.503917
vt 0.514804 0.507870
vt 0.522578 0.506258
vt 0.516757 0.510849
vt 0.512989 0.503347
vt 0.513175 0.502218
vt 0.513552 0.502344
vt 0.512822 0.504016
vt 0.512796 0.504144
vt 0.503668 0.508524
vt 0.502165 0.512866
vt 0.501425 0.507976
vt 0.513190 0.512449
vt 0.510196 0.504111
vt 0.512053 0.504588
vt 0.510245 0.505628
vt 0.511941 0.503989
vt 0.512554 0.503823
vt 0.512570 0.503939
vt 0.512653 0.504160
vt 0.512338 0.504729
vt 0.508944 0.499425
vt 0.510420 0.501562
vt 0.511322 0.506236
vt 0.512772 0.503886
vt 0.849040 0.430210
vt 0.846823 0.438440
vt 0.844002 0.435579
vt 0.852604 0.489893
vt 0.849713 0.491741
vt 0.859490 0.512043
vt 0.872856 0.496911
vt 0.874405 0.498745
vt 0.799000 0.494613
vt 0.783589 0.486921
vt 0.794853 0.465043
vt 0.848561 0.495287
vt 0.872259 0.469466
vt 0.873147 0.469339
vt 0.812520 0.657031
vt 0.843089 0.635107
vt 0.828194 0.673622
vt 0.617074 0.583026
vt 0.620821 0.582710
vt 0.620252 0.584600
vt 0.623581 0.584615
vt 0.622713 0.586620
vt 0.876467 0.554242
vt 0.867701 0.582874
vt 0.617641 0.580805
vt 0.624187 0.578736
vt 0.587850 0.592882
vt 0.593223 0.589141
vt 0.589369 0.594582
vt 0.605344 0.536366
vt 0.840205 0.489942
vt 0.840085 0.487871
vt 0.603224 0.575080
vt 0.593526 0.578528
vt 0.604336 0.570586
vt 0.609685 0.577108
vt 0.611579 0.573168
vt 0.838182 0.501180
vt 0.831447 0.499300
vt 0.583392 0.593640
vt 0.584890 0.585342
vt 0.585676 0.587324
vt 0.880876 0.470091
vt 0.877545 0.470008
vt 0.587059 0.590707
vt 0.592949 0.586449
vt 0.593757 0.574953
vt 0.845884 0.517276
vt 0.850768 0.513058
vt 0.638269 0.582255
vt 0.630538 0.582823
vt 0.634312 0.579590
vt 0.636311 0.572698
vt 0.640405 0.575426
vt 0.496576 0.591923
vt 0.508928 0.602069
vt 0.496593 0.603855
vt 0.605851 0.566318
vt 0.613550 0.568708
vt 0.818097 0.425891
vt 0.877311 0.433336
vt 0.631134 0.577046
vt 0.627535 0.580742
vt 0.627083 0.569172
vt 0.624238 0.563484
vt 0.630966 0.565091
vt 0.644022 0.578574
vt 0.646048 0.572456
vt 0.650388 0.576026
vt 0.646106 0.581556
vt 0.652481 0.581003
vt 0.856279 0.529400
vt 0.863956 0.531768
vt 0.852631 0.530653
vt 0.647358 0.565863
vt 0.653202 0.569565
vt 0.654610 0.562736
vt 0.661953 0.567757
vt 0.658639 0.574156
vt 0.668028 0.573558
vt 0.636508 0.566538
vt 0.635064 0.561020
vt 0.641742 0.562859
vt 0.368060 0.714197
vt 0.347288 0.690679
vt 0.373206 0.699728
vt 0.601030 0.582653
vt 0.595463 0.590613
vt 0.620449 0.577427
vt 0.613824 0.580182
vt 0.616262 0.576571
vt 0.602971 0.587835
vt 0.608858 0.595982
vt 0.606630 0.597002
vt 0.593675 0.595782
vt 0.597853 0.591954
vt 0.604755 0.598589
vt 0.841014 0.505658
vt 0.606845 0.561903
vt 0.618657 0.556448
vt 0.617669 0.559836
vt 0.940198 0.473328
vt 0.954814 0.509723
vt 0.941717 0.515026
vt 0.626720 0.634207
vt 0.636822 0.632162
vt 0.629149 0.638316
vt 0.617384 0.634586
vt 0.618989 0.639365
vt 0.626287 0.612167
vt 0.621924 0.613739
vt 0.623243 0.610213
vt 0.627677 0.607573
vt 0.624237 0.606726
vt 0.620364 0.643831
vt 0.624525 0.589034
vt 0.628073 0.589723
vt 0.626314 0.591851
vt 0.619302 0.586771
vt 0.613726 0.598335
vt 0.613253 0.597093
vt 0.621266 0.646631
vt 0.609782 0.653721
vt 0.609590 0.650317
vt 0.616548 0.585438
vt 0.625786 0.586908
vt 0.633766 0.586250
vt 0.868540 0.523146
vt 0.864092 0.520060
vt 0.867481 0.516529
vt 0.890929 0.502588
vt 0.622033 0.591282
vt 0.613989 0.600950
vt 0.613890 0.599641
vt 0.621140 0.589013
vt 0.628725 0.598126
vt 0.624071 0.596774
vt 0.627851 0.595228
vt 0.613987 0.604688
vt 0.624498 0.603907
vt 0.613902 0.605946
vt 0.614023 0.603477
vt 0.614042 0.602252
vt 0.630655 0.593375
vt 0.639684 0.593254
vt 0.652386 0.587694
vt 0.645961 0.597584
vt 0.645560 0.586568
vt 0.495457 0.167657
vt 0.536350 0.159940
vt 0.536360 0.173776
vt 0.624571 0.601471
vt 0.628661 0.603948
vt 0.661892 0.579842
vt 0.662230 0.587471
vt 0.659032 0.600032
vt 0.673155 0.589137
vt 0.671188 0.601764
vt 0.633314 0.599519
vt 0.629067 0.600946
vt 0.632284 0.596411
vt 0.640880 0.605832
vt 0.649401 0.607973
vt 0.636899 0.612221
vt 0.643092 0.615417
vt 0.613763 0.607310
vt 0.633479 0.628707
vt 0.643130 0.625490
vt 0.671183 0.580956
vt 0.633474 0.618563
vt 0.638340 0.622042
vt 0.630626 0.609444
vt 0.632324 0.604167
vt 0.628621 0.615007
vt 0.602197 0.606482
vt 0.590147 0.610704
vt 0.590076 0.608379
vt 0.626154 0.620744
vt 0.629593 0.624753
vt 0.620183 0.621710
vt 0.621962 0.626056
vt 0.624159 0.616778
vt 0.614824 0.625560
vt 0.616146 0.630314
vt 0.713764 0.682147
vt 0.740827 0.657366
vt 0.727510 0.687880
vt 0.624110 0.630195
vt 0.611706 0.659848
vt 0.623291 0.649980
vt 0.627693 0.656201
vt 0.602283 0.609196
vt 0.592142 0.616797
vt 0.590957 0.613732
vt 0.608369 0.623222
vt 0.610222 0.613525
vt 0.614127 0.621690
vt 0.602190 0.607792
vt 0.586891 0.613965
vt 0.585111 0.609774
vt 0.589288 0.617568
vt 0.861742 0.372864
vt 0.864851 0.355415
vt 0.633635 0.518804
vt 0.572079 0.738226
vt 0.594420 0.720196
vt 0.602804 0.733237
vt 0.882846 0.503671
vt 0.829832 0.493332
vt 0.967415 0.627599
vt 0.951869 0.602418
vt 0.969915 0.597156
vt 0.605852 0.614092
vt 0.602623 0.623295
vt 0.612999 0.610472
vt 0.618467 0.618403
vt 0.611880 0.612203
vt 0.944497 0.655175
vt 0.935769 0.634601
vt 0.949170 0.629601
vt 0.584545 0.618598
vt 0.580865 0.613953
vt 0.595131 0.619368
vt 0.602539 0.610682
vt 0.603082 0.612132
vt 0.578615 0.609968
vt 0.577721 0.617494
vt 0.575111 0.612782
vt 0.581432 0.622873
vt 0.588887 0.622919
vt 0.591747 0.620938
vt 0.586903 0.627316
vt 0.593472 0.633083
vt 0.594078 0.628190
vt 0.595608 0.625378
vt 0.600734 0.634939
vt 0.608236 0.632113
vt 0.608700 0.636571
vt 0.591943 0.638043
vt 0.600910 0.630655
vt 0.608193 0.627519
vt 0.590113 0.643481
vt 0.584901 0.632138
vt 0.599019 0.644959
vt 0.600064 0.639879
vt 0.582085 0.598236
vt 0.579986 0.594846
vt 0.576821 0.602548
vt 0.586195 0.604614
vt 0.584586 0.599055
vt 0.588547 0.600099
vt 0.591525 0.595390
vt 0.579988 0.603322
vt 0.578209 0.607795
vt 0.573368 0.610167
vt 0.584884 0.606497
vt 0.578919 0.605626
vt 0.584495 0.608159
vt 0.602828 0.602238
vt 0.603497 0.600447
vt 0.574563 0.620965
vt 0.578064 0.627607
vt 0.564820 0.611830
vt 0.568107 0.613336
vt 0.565571 0.616286
vt 0.117210 0.493851
vt 0.119524 0.494663
vt 0.118092 0.496461
vt 0.122329 0.482707
vt 0.121284 0.483697
vt 0.121663 0.470888
vt 0.566433 0.606581
vt 0.567821 0.609808
vt 0.121427 0.449965
vt 0.120919 0.460973
vt 0.119208 0.460784
vt 0.574783 0.635192
vt 0.583111 0.638455
vt 0.569461 0.605710
vt 0.573563 0.606920
vt 0.583094 0.583056
vt 0.153804 0.395813
vt 0.148166 0.400258
vt 0.150946 0.391940
vt 0.581892 0.581599
vt 0.593326 0.571358
vt 0.576582 0.594195
vt 0.574286 0.594011
vt 0.619552 0.552929
vt 0.607395 0.558943
vt 0.607740 0.555933
vt 0.671657 0.151136
vt 0.623360 0.140133
vt 0.669444 0.564513
vt 0.143038 0.393787
vt 0.145432 0.382018
vt 0.150594 0.384988
vt 0.667279 0.553935
vt 0.660996 0.559305
vt 0.130139 0.509993
vt 0.130976 0.515745
vt 0.127630 0.512953
vt 0.090000 0.443329
vt 0.102148 0.445512
vt 0.099618 0.452587
vt 0.651873 0.555060
vt 0.646749 0.559214
vt 0.127396 0.493876
vt 0.128806 0.490204
vt 0.130360 0.493207
vt 0.114594 0.496494
vt 0.115676 0.499407
vt 0.175956 0.418777
vt 0.169078 0.424088
vt 0.167946 0.409559
vt 0.154693 0.460640
vt 0.129095 0.429485
vt 0.122591 0.437322
vt 0.126922 0.426147
vt 0.656382 0.549525
vt 0.644927 0.547206
vt 0.641630 0.552313
vt 0.632092 0.551231
vt 0.685811 0.586527
vt 0.128901 0.440913
vt 0.128874 0.437761
vt 0.134637 0.433513
vt 0.692279 0.573440
vt 0.681662 0.578555
vt 0.126395 0.499946
vt 0.129429 0.505565
vt 0.125558 0.500216
vt 0.697529 0.581880
vt 0.688251 0.599122
vt 0.563943 0.624463
vt 0.570513 0.627714
vt 0.564925 0.633617
vt 0.558059 0.638233
vt 0.567246 0.644244
vt 0.559424 0.649226
vt 0.096339 0.488441
vt 0.094686 0.503314
vt 0.095359 0.488082
vt 0.126427 0.491921
vt 0.123469 0.491033
vt 0.125096 0.489518
vt 0.148451 0.494678
vt 0.145972 0.493106
vt 0.147733 0.491278
vt 0.113607 0.397153
vt 0.104166 0.414911
vt 0.115526 0.388903
vt 0.558152 0.628565
vt 0.557708 0.616970
vt 0.562570 0.619754
vt 0.558072 0.623155
vt 0.563594 0.607429
vt 0.561728 0.614173
vt 0.560378 0.607815
vt 0.592682 0.566585
vt 0.580395 0.580325
vt 0.158063 0.395356
vt 0.155868 0.388546
vt 0.160195 0.387914
vt 0.591798 0.564591
vt 0.578990 0.578766
vt 0.572042 0.593431
vt 0.142643 0.499990
vt 0.141702 0.497001
vt 0.144338 0.498530
vt 0.569248 0.592983
vt 0.127148 0.487213
vt 0.955551 0.539937
vt 0.940933 0.548837
vt 0.128552 0.461564
vt 0.124693 0.455365
vt 0.129459 0.454116
vt 0.937915 0.440042
vt 0.621501 0.346150
vt 0.598586 0.340764
vt 0.608331 0.329450
vt 0.124040 0.463188
vt 0.130206 0.475357
vt 0.125735 0.476585
vt 0.718346 0.475276
vt 0.740050 0.463946
vt 0.732541 0.489889
vt 0.121226 0.490893
vt 0.122083 0.490930
vt 0.087872 0.524952
vt 0.094456 0.509046
vt 0.097096 0.517213
vt 0.496638 0.645071
vt 0.496625 0.631456
vt 0.657002 0.667209
vt 0.668154 0.675497
vt 0.640877 0.678015
vt 0.647816 0.658559
vt 0.510348 0.455822
vt 0.496196 0.459443
vt 0.496203 0.455843
vt 0.697171 0.627110
vt 0.688575 0.612696
vt 0.700980 0.611010
vt 0.685173 0.626475
vt 0.677179 0.613209
vt 0.659318 0.648863
vt 0.669998 0.654597
vt 0.690573 0.643419
vt 0.678244 0.640655
vt 0.177725 0.439167
vt 0.172244 0.442356
vt 0.169441 0.435719
vt 0.667601 0.637631
vt 0.116806 0.396831
vt 0.117675 0.407504
vt 0.113061 0.410951
vt 0.701389 0.596194
vt 0.569947 0.656791
vt 0.583353 0.662647
vt 0.579974 0.670936
vt 0.574124 0.677771
vt 0.590610 0.692187
vt 0.597881 0.681450
vt 0.575217 0.651355
vt 0.562593 0.661933
vt 0.512004 0.500921
vt 0.135470 0.498002
vt 0.138567 0.491801
vt 0.139203 0.497657
vt 0.151168 0.432110
vt 0.143474 0.430336
vt 0.145449 0.425274
vt 0.516445 0.488326
vt 0.507223 0.483405
vt 0.519424 0.482924
vt 0.598283 0.649077
vt 0.133217 0.403715
vt 0.139551 0.402627
vt 0.135087 0.408336
vt 0.175168 0.430982
vt 0.102728 0.502646
vt 0.096889 0.504015
vt 0.912058 0.689267
vt 0.907357 0.733069
vt 0.894950 0.709852
vt 0.582130 0.645108
vt 0.584139 0.644258
vt 0.129668 0.485163
vt 0.131294 0.488114
vt 0.524213 0.609833
vt 0.609219 0.641580
vt 0.609321 0.646571
vt 0.630774 0.640755
vt 0.634069 0.644000
vt 0.171893 0.466849
vt 0.167908 0.464449
vt 0.173095 0.463698
vt 0.529130 0.575825
vt 0.516811 0.567236
vt 0.528800 0.565557
vt 0.174863 0.463852
vt 0.176972 0.466065
vt 0.173963 0.467224
vt 0.654247 0.621616
vt 0.649736 0.618365
vt 0.659657 0.615772
vt 0.659121 0.622906
vt 0.657806 0.611827
vt 0.665029 0.615081
vt 0.166425 0.465229
vt 0.165882 0.466799
vt 0.165807 0.465197
vt 0.144454 0.462305
vt 0.148523 0.472982
vt 0.146000 0.474440
vt 0.581755 0.650305
vt 0.122175 0.466145
vt 0.123731 0.479260
vt 0.588053 0.650969
vt 0.138723 0.524964
vt 0.129487 0.520137
vt 0.598879 0.670340
vt 0.597802 0.658869
vt 0.153467 0.440115
vt 0.157117 0.444812
vt 0.155139 0.446345
vt 0.167973 0.447048
vt 0.173838 0.449263
vt 0.170707 0.452281
vt 0.167236 0.471755
vt 0.173202 0.470992
vt 0.170725 0.482753
vt 0.119500 0.448893
vt 0.114219 0.459663
vt 0.116584 0.447365
vt 0.597704 0.652690
vt 0.167717 0.395948
vt 0.162728 0.374933
vt 0.177105 0.400674
vt 0.121480 0.503791
vt 0.118301 0.504705
vt 0.120134 0.501321
vt 0.152498 0.482205
vt 0.154490 0.482386
vt 0.152980 0.484696
vt 0.937403 0.610412
vt 0.650134 0.641770
vt 0.639670 0.649566
vt 0.643468 0.637218
vt 0.079885 0.372002
vt 0.082758 0.410666
vt 0.071206 0.415476
vt 0.140460 0.409517
vt 0.136635 0.414551
vt 0.168691 0.509508
vt 0.161920 0.514516
vt 0.167555 0.503813
vt 0.112781 0.486667
vt 0.658855 0.633603
vt 0.652118 0.630403
vt 0.516556 0.320179
vt 0.495554 0.309736
vt 0.518283 0.310595
vt 0.143891 0.502148
vt 0.141036 0.501496
vt 0.144269 0.501055
vt 0.156920 0.497164
vt 0.154239 0.492572
vt 0.157942 0.493738
vt 0.505405 0.363885
vt 0.495616 0.354825
vt 0.507392 0.356351
vt 0.167559 0.524009
vt 0.159730 0.524467
vt 0.670031 0.618552
vt 0.675006 0.626496
vt 0.665770 0.625329
vt 0.116235 0.382230
vt 0.096574 0.420337
vt 0.810210 0.446784
vt 0.806560 0.452759
vt 0.807268 0.445544
vt 0.898225 0.488134
vt 0.895254 0.468654
vt 0.161685 0.499450
vt 0.155004 0.501350
vt 0.182428 0.419200
vt 0.145511 0.499814
vt 0.146806 0.498153
vt 0.150486 0.492425
vt 0.148954 0.488973
vt 0.901599 0.500491
vt 0.909515 0.504110
vt 0.899334 0.509068
vt 0.138086 0.476747
vt 0.881500 0.520433
vt 0.873447 0.523940
vt 0.878700 0.516993
vt 0.503805 0.369681
vt 0.495608 0.363008
vt 0.862380 0.433351
vt 0.855370 0.427298
vt 0.854376 0.422465
vt 0.504671 0.536218
vt 0.496478 0.546108
vt 0.496452 0.536719
vt 0.868671 0.497700
vt 0.871113 0.493388
vt 0.928731 0.370200
vt 0.934982 0.410495
vt 0.091285 0.405461
vt 0.127450 0.355243
vt 0.591853 0.421981
vt 0.595072 0.441683
vt 0.579286 0.440476
vt 0.815461 0.468621
vt 0.869930 0.495686
vt 0.863322 0.495722
vt 0.861071 0.499198
vt 0.886046 0.457249
vt 0.887309 0.468437
vt 0.884949 0.457500
vt 0.889009 0.467807
vt 0.892258 0.488113
vt 0.151597 0.494415
vt 0.151537 0.492658
vt 0.152318 0.492064
vt 0.513983 0.490628
vt 0.505197 0.488105
vt 0.511731 0.495495
vt 0.508811 0.497471
vt 0.505713 0.495534
vt 0.143207 0.398593
vt 0.140342 0.487287
vt 0.144954 0.485310
vt 0.144548 0.488507
vt 0.119520 0.482929
vt 0.117974 0.469632
vt 0.120014 0.469379
vt 0.863027 0.435676
vt 0.866641 0.441524
vt 0.866689 0.442450
vt 0.859447 0.384333
vt 0.858188 0.388834
vt 0.155794 0.380475
vt 0.153921 0.477972
vt 0.155801 0.474848
vt 0.154272 0.479734
vt 0.869403 0.451247
vt 0.857741 0.505000
vt 0.855624 0.506390
vt 0.855346 0.505082
vt 0.858856 0.504067
vt 0.858772 0.505629
vt 0.152387 0.489511
vt 0.899227 0.487547
vt 0.182074 0.436830
vt 0.178802 0.427464
vt 0.816356 0.456400
vt 0.509151 0.448815
vt 0.496229 0.446032
vt 0.507452 0.445185
vt 0.846518 0.499773
vt 0.847690 0.499671
vt 0.842088 0.494587
vt 0.843983 0.497553
vt 0.843253 0.497798
vt 0.841529 0.494243
vt 0.832190 0.437950
vt 0.833032 0.443705
vt 0.856721 0.455209
vt 0.858014 0.462012
vt 0.126820 0.496465
vt 0.128304 0.495480
vt 0.131022 0.499687
vt 0.128072 0.497957
vt 0.129326 0.496811
vt 0.146313 0.489547
vt 0.147185 0.487129
vt 0.836807 0.395414
vt 0.153053 0.429013
vt 0.148345 0.416555
vt 0.127337 0.447673
vt 0.132593 0.447971
vt 0.107701 0.469174
vt 0.104093 0.487621
vt 0.105965 0.468379
vt 0.870823 0.495902
vt 0.868386 0.509868
vt 0.841661 0.497002
vt 0.086688 0.470289
vt 0.095034 0.469291
vt 0.179427 0.478817
vt 0.151585 0.486208
vt 0.152753 0.488652
vt 0.116334 0.421189
vt 0.112690 0.426725
vt 0.126773 0.386764
vt 0.130185 0.391694
vt 0.125281 0.399326
vt 0.841673 0.502561
vt 0.842580 0.500445
vt 0.844807 0.501959
vt 0.856067 0.507834
vt 0.859927 0.506638
vt 0.877670 0.540256
vt 0.860885 0.507680
vt 0.856924 0.509300
vt 0.131992 0.441625
vt 0.849388 0.503147
vt 0.846308 0.501544
vt 0.846301 0.500559
vt 0.164936 0.464566
vt 0.165437 0.462594
vt 0.134889 0.462173
vt 0.133575 0.475439
vt 0.131476 0.461645
vt 0.152519 0.499924
vt 0.153281 0.495720
vt 0.842990 0.456347
vt 0.826094 0.464213
vt 0.845951 0.457128
vt 0.138510 0.398275
vt 0.161772 0.479427
vt 0.163263 0.488052
vt 0.149623 0.504591
vt 0.152233 0.505835
vt 0.147824 0.510009
vt 0.847016 0.455126
vt 0.166130 0.451324
vt 0.168069 0.454079
vt 0.814213 0.500474
vt 0.986328 0.431641
vt 0.132405 0.502326
vt 0.132265 0.499317
vt 0.105872 0.501131
vt 0.101277 0.488131
vt 0.851078 0.425043
vt 0.847002 0.425162
vt 0.144619 0.495427
vt 0.143989 0.493156
vt 0.872905 0.435104
vt 0.112404 0.540950
vt 0.117463 0.554329
vt 0.103782 0.548600
vt 0.871495 0.460942
vt 0.135939 0.389594
vt 0.137708 0.382847
vt 0.141577 0.382098
vt 0.156819 0.439362
vt 0.158227 0.443897
vt 0.593085 0.568997
vt 0.871135 0.460681
vt 0.850295 0.419238
vt 0.869330 0.451150
vt 0.123564 0.451261
vt 0.122666 0.457921
vt 0.121885 0.460781
vt 0.856934 0.448765
vt 0.860183 0.447818
vt 0.853972 0.449920
vt 0.852838 0.445365
vt 0.150846 0.480761
vt 0.149900 0.481921
vt 0.112206 0.520501
vt 0.112749 0.532131
vt 0.106476 0.525100
vt 0.107156 0.487330
vt 0.174219 0.425998
vt 0.873566 0.396725
vt 0.507138 0.568350
vt 0.496506 0.557105
vt 0.506955 0.556829
vt 0.840048 0.484530
vt 0.841466 0.483081
vt 0.840797 0.485217
vt 0.859945 0.454421
vt 0.861443 0.461495
vt 0.151824 0.402929
vt 0.143469 0.405418
vt 0.840514 0.482035
vt 0.499339 0.502612
vt 0.496336 0.507190
vt 0.496309 0.502312
vt 0.514640 0.329083
vt 0.495611 0.336761
vt 0.495574 0.327991
vt 0.143041 0.491038
vt 0.144553 0.491062
vt 0.145261 0.491917
vt 0.860830 0.489973
vt 0.857758 0.487913
vt 0.154587 0.490677
vt 0.145308 0.507906
vt 0.137336 0.507935
vt 0.144156 0.506192
vt 0.887687 0.435499
vt 0.825316 0.448901
vt 0.828335 0.448233
vt 0.826493 0.451200
vt 0.149191 0.496841
vt 0.859013 0.484650
vt 0.855113 0.488739
vt 0.852810 0.487134
vt 0.866326 0.499152
vt 0.862646 0.501132
vt 0.129711 0.531843
vt 0.137262 0.529517
vt 0.140890 0.530784
vt 0.138571 0.390932
vt 0.825122 0.462901
vt 0.881463 0.540893
vt 0.890411 0.539287
vt 0.890185 0.548544
vt 0.517524 0.738833
vt 0.496711 0.756070
vt 0.496670 0.739258
vt 0.123253 0.493362
vt 0.124605 0.493188
vt 0.158790 0.471568
vt 0.986328 0.626953
vt 0.164575 0.456905
vt 0.164358 0.457185
vt 0.164254 0.456866
vt 0.834315 0.505848
vt 0.825587 0.503685
vt 0.161841 0.453700
vt 0.163932 0.454680
vt 0.163243 0.455395
vt 0.829213 0.397026
vt 0.846380 0.498011
vt 0.164414 0.456134
vt 0.164114 0.456425
vt 0.164036 0.455935
vt 0.822864 0.453260
vt 0.893447 0.467841
vt 0.131415 0.503692
vt 0.130725 0.501248
vt 0.834744 0.451673
vt 0.832660 0.448714
vt 0.120405 0.491017
vt 0.121315 0.493690
vt 0.166926 0.466103
vt 0.125595 0.497283
vt 0.125695 0.494972
vt 0.540716 0.609765
vt 0.534111 0.603239
vt 0.178927 0.451378
vt 0.175465 0.450129
vt 0.177125 0.446127
vt 0.120599 0.497018
vt 0.162636 0.402109
vt 0.130008 0.495838
vt 0.306173 0.175609
vt 0.271726 0.157314
vt 0.320525 0.151226
vt 0.588936 0.647679
vt 0.140367 0.519298
vt 0.146175 0.525177
vt 0.164522 0.455689
vt 0.164317 0.454580
vt 0.164884 0.454495
vt 0.165981 0.456376
vt 0.164857 0.456939
vt 0.593248 0.582888
vt 0.828108 0.446010
vt 0.163109 0.456245
vt 0.163515 0.461586
vt 0.164821 0.458956
vt 0.164685 0.444351
vt 0.163656 0.437341
vt 0.164294 0.455593
vt 0.164115 0.455504
vt 0.843973 0.496693
vt 0.150714 0.484181
vt 0.839266 0.456671
vt 0.835482 0.447027
vt 0.835077 0.458391
vt 0.832419 0.463270
vt 0.157130 0.455048
vt 0.161233 0.455440
vt 0.161263 0.457448
vt 0.141013 0.434082
vt 0.139986 0.430014
vt 0.149413 0.442856
vt 0.156841 0.477939
vt 0.158598 0.484661
vt 0.872401 0.421509
vt 0.864923 0.400484
vt 0.874771 0.420745
vt 0.164519 0.456530
vt 0.164859 0.465746
vt 0.827853 0.457101
vt 0.826782 0.457215
vt 0.971701 0.560564
vt 0.972241 0.531458
vt 0.831458 0.455309
vt 0.831996 0.445359
vt 0.845799 0.532056
vt 0.868129 0.448996
vt 0.835578 0.454916
vt 0.831453 0.457315
vt 0.157665 0.458528
vt 0.824571 0.453950
vt 0.165654 0.458178
vt 0.166721 0.461394
vt 0.165376 0.458683
vt 0.623362 0.573874
vt 0.631938 0.570488
vt 0.627607 0.575167
vt 0.140795 0.492391
vt 0.153858 0.512492
vt 0.158898 0.505998
vt 0.079974 0.536981
vt 0.092782 0.540463
vt 0.098862 0.565130
vt 0.838484 0.490513
vt 0.873879 0.460770
vt 0.163289 0.457152
vt 0.164823 0.457430
vt 0.126135 0.441577
vt 0.124716 0.439457
vt 0.579609 0.151601
vt 0.534965 0.142921
vt 0.162696 0.434514
vt 0.154613 0.486999
vt 0.922640 0.415840
vt 0.109627 0.458019
vt 0.574187 0.564121
vt 0.152968 0.488039
vt 0.152871 0.490109
vt 0.781214 0.438251
vt 0.796889 0.436436
vt 0.847887 0.491769
vt 0.159548 0.443839
vt 0.158218 0.438982
vt 0.160321 0.438074
vt 0.846460 0.502961
vt 0.152726 0.490804
vt 0.834025 0.445028
vt 0.824334 0.458283
vt 0.822403 0.455957
vt 0.824110 0.456095
vt 0.174386 0.452582
vt 0.176142 0.452936
vt 0.136091 0.491238
vt 0.132418 0.490114
vt 0.544515 0.865441
vt 0.497502 0.886260
vt 0.497474 0.866962
vt 0.642416 0.737327
vt 0.619326 0.759157
vt 0.611275 0.745948
vt 0.839408 0.428900
vt 0.838400 0.433958
vt 0.134055 0.395454
vt 0.165903 0.457346
vt 0.164841 0.457225
vt 0.828944 0.451929
vt 0.828070 0.452461
vt 0.848287 0.442841
vt 0.844662 0.440691
vt 0.164574 0.452586
vt 0.161973 0.459579
vt 0.843203 0.442724
vt 0.841510 0.438158
vt 0.835578 0.435477
vt 0.171270 0.455239
vt 0.174598 0.456333
vt 0.171104 0.458461
vt 0.869775 0.513306
vt 0.876361 0.513264
vt 0.871914 0.519527
vt 0.145959 0.444638
vt 0.147044 0.453862
vt 0.142286 0.446903
vt 0.120239 0.421543
vt 0.119883 0.435109
vt 0.115504 0.433332
vt 0.816892 0.493808
vt 0.101369 0.592903
vt 0.112268 0.571927
vt 0.117596 0.610444
vt 0.112914 0.507447
vt 0.116908 0.502055
vt 0.135412 0.546105
vt 0.121368 0.538391
vt 0.130077 0.537561
vt 0.112192 0.445413
vt 0.112362 0.470085
vt 0.690596 0.462505
vt 0.704884 0.467959
vt 0.527621 0.400626
vt 0.532344 0.403463
vt 0.525828 0.404990
vt 0.590835 0.856742
vt 0.557496 0.885355
vt 0.512562 0.412577
vt 0.510405 0.414236
vt 0.509920 0.412702
vt 0.616530 0.431486
vt 0.607875 0.448149
vt 0.513157 0.414386
vt 0.510772 0.415369
vt 0.706139 0.544956
vt 0.693071 0.552724
vt 0.696843 0.538496
vt 0.614056 0.371650
vt 0.596617 0.363660
vt 0.609313 0.355157
vt 0.579262 0.472490
vt 0.599593 0.462834
vt 0.588878 0.478079
vt 0.638273 0.556895
vt 0.509340 0.415427
vt 0.508982 0.414272
vt 0.546374 0.512126
vt 0.551629 0.507151
vt 0.555587 0.516867
vt 0.860967 0.502216
vt 0.861984 0.503578
vt 0.527162 0.499287
vt 0.523046 0.496975
vt 0.534908 0.497467
vt 0.171035 0.469486
vt 0.170221 0.493284
vt 0.163228 0.493474
vt 0.839064 0.452887
vt 0.745698 0.586680
vt 0.731815 0.564972
vt 0.739753 0.550363
vt 0.512583 0.506208
vt 0.529936 0.585635
vt 0.541892 0.590368
vt 0.530723 0.594725
vt 0.137131 0.437484
vt 0.137258 0.443751
vt 0.132572 0.507788
vt 0.514222 0.501409
vt 0.519405 0.598966
vt 0.517431 0.588507
vt 0.885098 0.429574
vt 0.847930 0.457579
vt 0.590053 0.603431
vt 0.602277 0.605207
vt 0.589971 0.605967
vt 0.521665 0.513111
vt 0.528992 0.506912
vt 0.834313 0.438857
vt 0.833330 0.436734
vt 0.495604 0.155380
vt 0.495763 0.140227
vt 0.456642 0.142801
vt 0.819626 0.463578
vt 0.515322 0.515574
vt 0.526392 0.515320
vt 0.522088 0.521893
vt 0.518357 0.518892
vt 0.510266 0.435417
vt 0.503397 0.432709
vt 0.508429 0.429012
vt 0.696546 0.704386
vt 0.708617 0.712859
vt 0.837775 0.862671
vt 0.800596 0.904287
vt 0.807062 0.878193
vt 0.792384 0.228006
vt 0.810809 0.205530
vt 0.827256 0.237922
vt 0.511452 0.502781
vt 0.496248 0.490635
vt 0.502170 0.493027
vt 0.496263 0.493190
vt 0.606835 0.873017
vt 0.581502 0.903595
vt 0.829584 0.456118
vt 0.479636 0.504410
vt 0.480006 0.504149
vt 0.480021 0.504624
vt 0.497596 0.905660
vt 0.502668 0.429395
vt 0.507072 0.426047
vt 0.479362 0.500914
vt 0.476979 0.499827
vt 0.478947 0.498856
vt 0.514408 0.430152
vt 0.519491 0.443818
vt 0.515806 0.440655
vt 0.554820 0.487678
vt 0.550678 0.479113
vt 0.566053 0.473330
vt 0.480131 0.503895
vt 0.480651 0.504547
vt 0.480085 0.504064
vt 0.526672 0.488971
vt 0.533357 0.482286
vt 0.533546 0.491803
vt 0.539318 0.489023
vt 0.522566 0.491348
vt 0.519136 0.498251
vt 0.517108 0.496102
vt 0.802223 0.635054
vt 0.911653 0.824908
vt 0.909457 0.776219
vt 0.937275 0.784646
vt 0.827920 0.465609
vt 0.548163 0.753960
vt 0.524567 0.772294
vt 0.521114 0.755115
vt 0.512800 0.503781
vt 0.789443 0.262334
vt 0.805713 0.314811
vt 0.772247 0.268393
vt 0.823787 0.461097
vt 0.864087 0.526570
vt 0.524935 0.455792
vt 0.522702 0.452061
vt 0.541686 0.452855
vt 0.539225 0.447545
vt 0.496233 0.488112
vt 0.503545 0.490605
vt 0.589534 0.391848
vt 0.577791 0.384208
vt 0.588611 0.380784
vt 0.588049 0.403513
vt 0.601352 0.390783
vt 0.598814 0.405900
vt 0.573652 0.431877
vt 0.555910 0.440236
vt 0.568941 0.424675
vt 0.560008 0.455333
vt 0.543218 0.459099
vt 0.559393 0.446902
vt 0.822721 0.458698
vt 0.612299 0.596173
vt 0.614196 0.389666
vt 0.610985 0.408415
vt 0.600915 0.376482
vt 0.604171 0.426149
vt 0.558153 0.401767
vt 0.569231 0.394169
vt 0.568140 0.401424
vt 0.578795 0.392815
vt 0.568586 0.388067
vt 0.557248 0.408636
vt 0.566482 0.409114
vt 0.537214 0.409458
vt 0.530182 0.416044
vt 0.529265 0.410116
vt 0.127244 0.507464
vt 0.125146 0.509968
vt 0.839953 0.448188
vt 0.715060 0.503416
vt 0.746934 0.525283
vt 0.727481 0.517036
vt 0.917567 0.439888
vt 0.911571 0.435363
vt 0.528917 0.405202
vt 0.526788 0.408573
vt 0.523558 0.407959
vt 0.513820 0.415534
vt 0.544497 0.397804
vt 0.621038 0.548656
vt 0.608100 0.552583
vt 0.546305 0.401817
vt 0.559107 0.395101
vt 0.535378 0.405270
vt 0.558542 0.392259
vt 0.547091 0.408584
vt 0.538944 0.416983
vt 0.547339 0.416702
vt 0.556224 0.417727
vt 0.531490 0.440960
vt 0.544932 0.433189
vt 0.535487 0.444197
vt 0.521170 0.434825
vt 0.512304 0.419513
vt 0.509637 0.422161
vt 0.510564 0.418688
vt 0.526373 0.436745
vt 0.538877 0.430268
vt 0.511441 0.424242
vt 0.516249 0.423275
vt 0.514804 0.416911
vt 0.511745 0.417312
vt 0.511303 0.416420
vt 0.509763 0.416510
vt 0.510192 0.417292
vt 0.511111 0.459534
vt 0.496174 0.464125
vt 0.531619 0.112351
vt 0.495872 0.125641
vt 0.495922 0.111115
vt 0.526250 0.426483
vt 0.532429 0.428046
vt 0.515662 0.418857
vt 0.642113 0.585364
vt 0.638014 0.590149
vt 0.958163 0.683154
vt 0.974667 0.727263
vt 0.948547 0.713584
vt 0.507264 0.580003
vt 0.496535 0.569162
vt 0.551165 0.435415
vt 0.521241 0.448284
vt 0.509893 0.452544
vt 0.627586 0.559022
vt 0.587537 0.351649
vt 0.581844 0.328914
vt 0.512456 0.410520
vt 0.509192 0.411594
vt 0.551217 0.387898
vt 0.555452 0.373888
vt 0.562644 0.382925
vt 0.576554 0.361362
vt 0.556818 0.358955
vt 0.565554 0.350706
vt 0.572917 0.377375
vt 0.584247 0.371036
vt 0.545776 0.378739
vt 0.547575 0.364595
vt 0.573372 0.455862
vt 0.613185 0.584938
vt 0.610876 0.595720
vt 0.565741 0.369285
vt 0.630099 0.555227
vt 0.526487 0.397253
vt 0.511446 0.403299
vt 0.522995 0.388556
vt 0.779178 0.865621
vt 0.818133 0.848992
vt 0.573557 0.340643
vt 0.532609 0.376887
vt 0.531879 0.390520
vt 0.527872 0.382313
vt 0.555904 0.330797
vt 0.496241 0.482658
vt 0.508994 0.477727
vt 0.527186 0.342028
vt 0.532102 0.333509
vt 0.523723 0.370777
vt 0.529186 0.363661
vt 0.539348 0.370736
vt 0.533212 0.396957
vt 0.549551 0.340559
vt 0.538715 0.313464
vt 0.536257 0.324240
vt 0.560010 0.318855
vt 0.542545 0.348792
vt 0.535360 0.355770
vt 0.517897 0.358633
vt 0.496217 0.449866
vt 0.496210 0.452659
vt 0.506048 0.501805
vt 0.503748 0.504458
vt 0.502951 0.498977
vt 0.500245 0.497900
vt 0.505238 0.500152
vt 0.526393 0.470827
vt 0.538676 0.474398
vt 0.523279 0.476930
vt 0.511587 0.515400
vt 0.509263 0.517317
vt 0.507926 0.519037
vt 0.506925 0.517443
vt 0.512468 0.517712
vt 0.508346 0.515004
vt 0.504635 0.508423
vt 0.504839 0.513087
vt 0.502799 0.515370
vt 0.504546 0.520287
vt 0.503523 0.517641
vt 0.506998 0.511702
vt 0.505680 0.515289
vt 0.513423 0.701458
vt 0.496676 0.721244
vt 0.496674 0.700385
vt 0.513281 0.519556
vt 0.515682 0.525436
vt 0.510898 0.522111
vt 0.508740 0.527931
vt 0.505990 0.523424
vt 0.520906 0.532412
vt 0.530520 0.528431
vt 0.512053 0.371570
vt 0.514715 0.366086
vt 0.504114 0.438864
vt 0.516244 0.382517
vt 0.503897 0.396345
vt 0.508839 0.377906
vt 0.519740 0.376361
vt 0.501592 0.402876
vt 0.498151 0.405557
vt 0.498760 0.402038
vt 0.497085 0.812617
vt 0.473892 0.501702
vt 0.476271 0.504514
vt 0.472945 0.505855
vt 0.495297 0.405251
vt 0.495398 0.401461
vt 0.487660 0.505616
vt 0.484833 0.503820
vt 0.486651 0.501775
vt 0.508756 0.410283
vt 0.508097 0.411771
vt 0.507332 0.410840
vt 0.499975 0.395274
vt 0.495532 0.394835
vt 0.512433 0.408124
vt 0.482669 0.512447
vt 0.480389 0.508903
vt 0.482675 0.508687
vt 0.482274 0.501522
vt 0.482508 0.504076
vt 0.481245 0.502740
vt 0.478183 0.503841
vt 0.479398 0.503552
vt 0.479343 0.503869
vt 0.505628 0.409176
vt 0.507281 0.407375
vt 0.521866 0.350561
vt 0.512286 0.337764
vt 0.503173 0.407559
vt 0.504859 0.404679
vt 0.733657 0.756547
vt 0.746327 0.721236
vt 0.762615 0.728409
vt 0.777683 0.738507
vt 0.787212 0.698478
vt 0.800741 0.715520
vt 0.714002 0.587146
vt 0.723974 0.602233
vt 0.714263 0.607027
vt 0.477070 0.502411
vt 0.478466 0.501355
vt 0.793385 0.840092
vt 0.829469 0.821333
vt 0.853506 0.871477
vt 0.893352 0.854190
vt 0.860410 0.887132
vt 0.848298 0.836743
vt 0.931401 0.257462
vt 0.734656 0.874546
vt 0.756593 0.892816
vt 0.708212 0.900978
vt 0.677667 0.927363
vt 0.664771 0.899138
vt 0.496881 0.792407
vt 0.798186 0.923734
vt 0.896755 0.321851
vt 0.866272 0.315934
vt 0.776610 0.825800
vt 0.755370 0.850882
vt 0.870889 0.385338
vt 0.868375 0.385023
vt 0.901829 0.405782
vt 0.577962 0.401685
vt 0.803765 0.454062
vt 0.919091 0.325182
vt 0.508141 0.399056
vt 0.885073 0.437078
vt 0.888007 0.447280
vt 0.613253 0.582441
vt 0.607792 0.580865
vt 0.625626 0.494808
vt 0.605805 0.500095
vt 0.618592 0.484563
vt 0.853467 0.379892
vt 0.856067 0.378506
vt 0.857310 0.380915
vt 0.870825 0.532831
vt 0.877254 0.535470
vt 0.859359 0.379283
vt 0.861605 0.381166
vt 0.635908 0.533490
vt 0.622640 0.542517
vt 0.622405 0.537558
vt 0.955576 0.744383
vt 0.929285 0.745773
vt 0.861451 0.377472
vt 0.865324 0.381150
vt 0.496610 0.617182
vt 0.496412 0.524952
vt 0.500919 0.521205
vt 0.501516 0.524429
vt 0.855772 0.375851
vt 0.763987 0.383409
vt 0.790724 0.381560
vt 0.782121 0.408923
vt 0.849921 0.378538
vt 0.813714 0.458141
vt 0.816383 0.266551
vt 0.817021 0.309268
vt 0.869605 0.382552
vt 0.896074 0.529959
vt 0.890763 0.525173
vt 0.893818 0.522483
vt 0.871300 0.485865
vt 0.875211 0.469610
vt 0.860547 0.393759
vt 0.583220 0.416632
vt 0.496262 0.430323
vt 0.275629 0.212786
vt 0.260447 0.184716
vt 0.597986 0.621892
vt 0.601471 0.627029
vt 0.910789 0.567847
vt 0.837477 0.449665
vt 0.607836 0.583220
vt 0.601547 0.585579
vt 0.641442 0.569290
vt 0.891717 0.457641
vt 0.859261 0.502416
vt 0.374032 0.527031
vt 0.385766 0.540719
vt 0.372388 0.532676
vt 0.515422 0.497172
vt 0.511436 0.498715
vt 0.511739 0.496967
vt 0.858895 0.244265
vt 0.842644 0.214193
vt 0.880655 0.486596
vt 0.175714 0.460212
vt 0.176836 0.463777
vt 0.109056 0.499326
vt 0.885539 0.447508
vt 0.889706 0.457633
vt 0.897327 0.511008
vt 0.896723 0.517194
vt 0.127065 0.499249
vt 0.895759 0.535702
vt 0.889118 0.533454
vt 0.873903 0.640989
vt 0.889781 0.659102
vt 0.871162 0.677372
vt 0.910038 0.601245
vt 0.891300 0.622943
vt 0.121708 0.519615
vt 0.114955 0.517070
vt 0.117247 0.513351
vt 0.880799 0.536163
vt 0.869393 0.527736
vt 0.875365 0.528482
vt 0.880137 0.433566
vt 0.882567 0.436728
vt 0.849390 0.504553
vt 0.782755 0.752257
vt 0.805886 0.729645
vt 0.758499 0.787390
vt 0.787620 0.765824
vt 0.858718 0.626100
vt 0.854055 0.659370
vt 0.827778 0.454368
vt 0.563991 0.419177
vt 0.575506 0.411629
vt 0.602036 0.579051
vt 0.519208 0.493840
vt 0.115956 0.485171
vt 0.118605 0.492071
vt 0.841335 0.431988
vt 0.876438 0.611078
vt 0.630971 0.887634
vt 0.620961 0.918605
vt 0.849757 0.698009
vt 0.838881 0.683261
vt 0.819717 0.731913
vt 0.819481 0.752818
vt 0.845681 0.722403
vt 0.822423 0.775991
vt 0.848132 0.752101
vt 0.868820 0.702788
vt 0.873191 0.733015
vt 0.881039 0.532059
vt 0.887296 0.525042
vt 0.624362 0.599188
vt 0.762704 0.798304
vt 0.792308 0.777292
vt 0.767442 0.808817
vt 0.793752 0.796129
vt 0.826779 0.691096
vt 0.823396 0.360326
vt 0.837432 0.353794
vt 0.160491 0.429626
vt 0.169641 0.430205
vt 0.136948 0.485503
vt 0.772334 0.682395
vt 0.807641 0.525283
vt 0.790903 0.526456
vt 0.764466 0.543330
vt 0.783086 0.555325
vt 0.773649 0.592049
vt 0.125089 0.523227
vt 0.129539 0.526641
vt 0.793765 0.599501
vt 0.777104 0.638269
vt 0.120883 0.469538
vt 0.123336 0.501475
vt 0.123957 0.498119
vt 0.681220 0.659993
vt 0.147499 0.517437
vt 0.142624 0.513239
vt 0.821763 0.469348
vt 0.635889 0.539468
vt 0.144874 0.457728
vt 0.138784 0.450060
vt 0.145754 0.455280
vt 0.151897 0.479557
vt 0.927190 0.559531
vt 0.924002 0.586949
vt 0.871632 0.499215
vt 0.939129 0.575464
vt 0.496775 0.773065
vt 0.512182 0.502386
vt 0.512249 0.503561
vt 0.186940 0.436927
vt 0.542242 0.495094
vt 0.528193 0.494658
vt 0.142102 0.419351
vt 0.954258 0.566655
vt 0.026627 0.403186
vt 0.048239 0.364844
vt 0.044804 0.398632
vt 0.154283 0.522091
vt 0.894604 0.516829
vt 0.894923 0.511104
vt 0.673244 0.725044
vt 0.683356 0.734852
vt 0.963330 0.658076
vt 0.861350 0.806737
vt 0.888892 0.810067
vt 0.889742 0.684185
vt 0.100373 0.367920
vt 0.812081 0.808772
vt 0.134091 0.502519
vt 0.134519 0.504169
vt 0.923271 0.621656
vt 0.933662 0.653654
vt 0.923245 0.644506
vt 0.938308 0.676322
vt 0.924428 0.665299
vt 0.155566 0.428985
vt 0.159172 0.413941
vt 0.498047 0.923828
vt 0.930272 0.522736
vt 0.930377 0.477399
vt 0.496558 0.581177
vt 0.507950 0.590528
vt 0.922426 0.526688
vt 0.847206 0.786251
vt 0.722598 0.578171
vt 0.708540 0.568110
vt 0.714984 0.554815
vt 0.559332 0.579134
vt 0.554907 0.557706
vt 0.569882 0.552118
vt 0.556184 0.566259
vt 0.701322 0.559063
vt 0.552834 0.550107
vt 0.542384 0.552612
vt 0.550708 0.540023
vt 0.120153 0.482992
vt 0.547982 0.492008
vt 0.555576 0.499506
vt 0.563006 0.495411
vt 0.576610 0.494439
vt 0.569573 0.508144
vt 0.567633 0.489816
vt 0.868056 0.439421
vt 0.579948 0.528232
vt 0.564701 0.534777
vt 0.575773 0.519132
vt 0.539218 0.520125
vt 0.543654 0.539955
vt 0.567410 0.542768
vt 0.584293 0.537043
vt 0.541460 0.508150
vt 0.531686 0.516832
vt 0.822714 0.461454
vt 0.818606 0.460085
vt 0.517337 0.578904
vt 0.604122 0.613375
vt 0.547154 0.528836
vt 0.884307 0.516760
vt 0.889853 0.520964
vt 0.107803 0.429420
vt 0.105305 0.435312
vt 0.571707 0.558377
vt 0.557819 0.572631
vt 0.926279 0.706920
vt 0.598489 0.487734
vt 0.585597 0.503678
vt 0.164138 0.458549
vt 0.164646 0.457376
vt 0.593609 0.513869
vt 0.611453 0.509405
vt 0.598275 0.522763
vt 0.609713 0.472319
vt 0.541731 0.581610
vt 0.608371 0.585714
vt 0.127342 0.400460
vt 0.117889 0.420741
vt 0.639461 0.634378
vt 0.199574 0.227939
vt 0.182088 0.205547
vt 0.217787 0.194349
vt 0.185766 0.474706
vt 0.183433 0.456136
vt 0.185966 0.452887
vt 0.630345 0.467897
vt 0.651839 0.461828
vt 0.639124 0.479975
vt 0.885984 0.506148
vt 0.887740 0.501051
vt 0.454855 0.159803
vt 0.412111 0.151479
vt 0.744264 0.829296
vt 0.729477 0.822526
vt 0.619233 0.456856
vt 0.641231 0.448493
vt 0.616449 0.518158
vt 0.541673 0.572517
vt 0.541304 0.563711
vt 0.646443 0.511842
vt 0.630504 0.506987
vt 0.644504 0.495026
vt 0.691977 0.669071
vt 0.713854 0.652273
vt 0.701432 0.675298
vt 0.703771 0.648991
vt 0.721128 0.627228
vt 0.659743 0.479658
vt 0.674902 0.459042
vt 0.587409 0.542803
vt 0.602181 0.530195
vt 0.660822 0.502336
vt 0.675279 0.514770
vt 0.961043 0.267168
vt 0.936587 0.292931
vt 0.609006 0.547667
vt 0.647505 0.522944
vt 0.591739 0.557127
vt 0.608494 0.544179
vt 0.685582 0.566507
vt 0.683470 0.547308
vt 0.676611 0.571168
vt 0.686388 0.534096
vt 0.211131 0.438388
vt 0.197752 0.465227
vt 0.195407 0.436588
vt 0.676801 0.559572
vt 0.672806 0.542921
vt 0.661263 0.540345
vt 0.755643 0.406277
vt 0.730348 0.416677
vt 0.736441 0.382962
vt 0.661990 0.530569
vt 0.661547 0.519412
vt 0.675141 0.530517
vt 0.592019 0.560426
vt 0.577554 0.575786
vt 0.565456 0.591675
vt 0.576644 0.572628
vt 0.563282 0.589137
vt 0.508508 0.412683
vt 0.247218 0.622931
vt 0.258273 0.595016
vt 0.259780 0.625505
vt 0.529295 0.554604
vt 0.496659 0.671205
vt 0.511232 0.658801
vt 0.542916 0.679180
vt 0.552290 0.664245
vt 0.561314 0.681738
vt 0.556113 0.605785
vt 0.552795 0.603805
vt 0.543467 0.738132
vt 0.426422 0.807363
vt 0.460836 0.828084
vt 0.420582 0.823809
vt 0.541049 0.622296
vt 0.548789 0.630162
vt 0.538146 0.628721
vt 0.041438 0.429023
vt 0.024268 0.462301
vt 0.025410 0.430852
vt 0.547808 0.640473
vt 0.388712 0.874477
vt 0.415288 0.904106
vt 0.363898 0.889133
vt 0.304520 0.515275
vt 0.317494 0.493436
vt 0.317700 0.514819
vt 0.927244 0.444976
vt 0.157559 0.403132
vt 0.154581 0.415071
vt 0.154579 0.403512
vt 0.535788 0.639647
vt 0.548903 0.651875
vt 0.535575 0.651299
vt 0.579010 0.751836
vt 0.711697 0.524783
vt 0.524105 0.648034
vt 0.512224 0.534898
vt 0.499157 0.507497
vt 0.501652 0.503505
vt 0.512037 0.686716
vt 0.529026 0.689131
vt 0.585882 0.766223
vt 0.881142 0.761088
vt 0.374813 0.919108
vt 0.328934 0.900180
vt 0.538760 0.383815
vt 0.886713 0.512933
vt 0.883579 0.510282
vt 0.641367 0.361982
vt 0.627414 0.366446
vt 0.549148 0.693845
vt 0.571604 0.695256
vt 0.512620 0.503757
vt 0.512710 0.503911
vt 0.512631 0.503933
vt 0.726896 0.716572
vt 0.852544 0.355225
vt 0.836203 0.309847
vt 0.620711 0.699293
vt 0.618691 0.685290
vt 0.549706 0.624761
vt 0.697435 0.743748
vt 0.747076 0.687839
vt 0.716922 0.750097
vt 0.538461 0.663803
vt 0.502742 0.376614
vt 0.495592 0.375946
vt 0.535992 0.506945
vt 0.685731 0.695491
vt 0.648277 0.531522
vt 0.648242 0.539062
vt 0.569919 0.615546
vt 0.567350 0.619671
vt 0.497402 0.847661
vt 0.497258 0.830253
vt 0.664094 0.715112
vt 0.676367 0.687001
vt 0.583199 0.707776
vt 0.726790 0.655391
vt 0.710965 0.627794
vt 0.556053 0.708190
vt 0.499857 0.515396
vt 0.499469 0.512721
vt 0.758679 0.652398
vt 0.760912 0.611485
vt 0.756318 0.568753
vt 0.447728 0.595421
vt 0.431841 0.585484
vt 0.433835 0.579215
vt 0.468951 0.772473
vt 0.445251 0.754348
vt 0.472306 0.755271
vt 0.750203 0.764327
vt 0.710324 0.803118
vt 0.705631 0.790142
vt 0.693924 0.779829
vt 0.718486 0.813747
vt 0.698215 0.846391
vt 0.681569 0.837010
vt 0.647750 0.854864
vt 0.554212 0.770317
vt 0.671969 0.823394
vt 0.667754 0.807400
vt 0.633210 0.840430
vt 0.622617 0.825545
vt 0.524926 0.635830
vt 0.500281 0.517925
vt 0.679911 0.770766
vt 0.654052 0.797833
vt 0.641391 0.786875
vt 0.612770 0.812847
vt 0.603576 0.798797
vt 0.667838 0.867928
vt 0.632621 0.725895
vt 0.634105 0.666604
vt 0.616235 0.672830
vt 0.579652 0.839562
vt 0.696245 0.874912
vt 0.418941 0.564213
vt 0.417085 0.568824
vt 0.613493 0.608818
vt 0.720721 0.851737
vt 0.458189 0.844527
vt 0.159468 0.862644
vt 0.195576 0.903893
vt 0.143250 0.871607
vt 0.564791 0.723734
vt 0.593965 0.782357
vt 0.651378 0.749264
vt 0.628274 0.773483
vt 0.510639 0.646052
vt 0.906951 0.664799
vt 0.908048 0.639864
vt 0.071181 0.475285
vt 0.074911 0.508701
vt 0.069036 0.522058
vt 0.942974 0.330423
vt 0.963798 0.301244
vt 0.966389 0.332846
vt 0.495570 0.319257
vt 0.393102 0.177156
vt 0.360617 0.160631
vt 0.853289 0.378041
vt 0.881084 0.281512
vt 0.846312 0.275881
vt 0.819607 0.470858
vt 0.910245 0.284814
vt 0.851133 0.375626
vt 0.986328 0.302734
vt 0.986328 0.236328
vt 0.958748 0.231354
vt 0.512617 0.504109
vt 0.576388 0.132918
vt 0.534131 0.127411
vt 0.298435 0.704796
vt 0.267123 0.687771
vt 0.280797 0.682236
vt 0.512865 0.503394
vt 0.812037 0.382048
vt 0.803885 0.407752
vt 0.512759 0.504025
vt 0.663098 0.760932
vt 0.477842 0.721253
vt 0.460166 0.703687
vt 0.479929 0.701540
vt 0.253594 0.550221
vt 0.271501 0.535961
vt 0.261620 0.564847
vt 0.290347 0.496211
vt 0.292582 0.518840
vt 0.247937 0.586554
vt 0.884227 0.537732
vt 0.590984 0.599951
vt 0.831816 0.185975
vt 0.861880 0.193731
vt 0.774460 0.194304
vt 0.754276 0.220467
vt 0.731676 0.184657
vt 0.775795 0.122966
vt 0.822321 0.156767
vt 0.785955 0.151135
vt 0.893631 0.173540
vt 0.854941 0.132560
vt 0.892355 0.137821
vt 0.560381 0.062199
vt 0.527974 0.080184
vt 0.526501 0.061000
vt 0.637070 0.047301
vt 0.669343 0.029555
vt 0.676534 0.048689
vt 0.433093 0.788766
vt 0.463324 0.810986
vt 0.253407 0.657241
vt 0.267390 0.655371
vt 0.452509 0.609819
vt 0.459101 0.603300
vt 0.463967 0.623579
vt 0.483142 0.632332
vt 0.468342 0.635878
vt 0.374469 0.760661
vt 0.352171 0.738389
vt 0.382516 0.747042
vt 0.623742 0.411266
vt 0.641198 0.389007
vt 0.636611 0.415525
vt 0.551280 0.618398
vt 0.545380 0.616404
vt 0.623233 0.593892
vt 0.404392 0.857625
vt 0.438369 0.885525
vt 0.027789 0.369460
vt 0.597273 0.045757
vt 0.632851 0.029051
vt 0.482293 0.672728
vt 0.468449 0.660177
vt 0.482070 0.658839
vt 0.971919 0.496814
vt 0.387708 0.536462
vt 0.401585 0.553433
vt 0.340867 0.188907
vt 0.147331 0.377070
vt 0.144984 0.370718
vt 0.414545 0.839484
vt 0.450491 0.865387
vt 0.108080 0.414927
vt 0.156670 0.468178
vt 0.185586 0.525446
vt 0.202288 0.526556
vt 0.190820 0.565529
vt 0.177875 0.598430
vt 0.158790 0.572951
vt 0.174423 0.553098
vt 0.134674 0.244184
vt 0.150865 0.214208
vt 0.737942 0.028021
vt 0.759766 0.009766
vt 0.775492 0.028180
vt 0.484258 0.602091
vt 0.023692 0.560366
vt 0.038944 0.539523
vt 0.040481 0.566151
vt 0.403055 0.549017
vt 0.538881 0.721562
vt 0.076371 0.440113
vt 0.079330 0.469524
vt 0.478943 0.505439
vt 0.479901 0.503736
vt 0.479930 0.503841
vt 0.477911 0.507827
vt 0.479709 0.503300
vt 0.479517 0.502171
vt 0.479833 0.503349
vt 0.479880 0.503970
vt 0.479906 0.504099
vt 0.490552 0.512925
vt 0.489026 0.508690
vt 0.491262 0.508049
vt 0.479550 0.512420
vt 0.480761 0.503949
vt 0.480146 0.503779
vt 0.480451 0.503519
vt 0.915584 0.060223
vt 0.883478 0.079411
vt 0.875332 0.056639
vt 0.802216 0.069907
vt 0.749708 0.046472
vt 0.790619 0.047418
vt 0.844160 0.071498
vt 0.832197 0.051132
vt 0.482467 0.505594
vt 0.480050 0.504114
vt 0.480368 0.504686
vt 0.484751 0.507266
vt 0.483070 0.499259
vt 0.481392 0.506198
vt 0.480130 0.506166
vt 0.479141 0.502293
vt 0.478386 0.502903
vt 0.851258 0.100520
vt 0.145774 0.438573
vt 0.185748 0.314880
vt 0.201964 0.262337
vt 0.218894 0.268486
vt 0.634048 0.546276
vt 0.628822 0.438314
vt 0.140573 0.490034
vt 0.143449 0.491888
vt 0.133987 0.512145
vt 0.221921 0.681919
vt 0.181820 0.656863
vt 0.191960 0.634821
vt 0.207008 0.698082
vt 0.166293 0.673633
vt 0.151279 0.635159
vt 0.165886 0.619217
vt 0.193909 0.494800
vt 0.209227 0.487046
vt 0.153841 0.537660
vt 0.126430 0.582940
vt 0.124200 0.423441
vt 0.129219 0.401521
vt 0.884363 0.532713
vt 0.368867 0.578555
vt 0.375378 0.580615
vt 0.372214 0.582504
vt 0.375955 0.582837
vt 0.372792 0.584392
vt 0.369475 0.584399
vt 0.370353 0.586399
vt 0.365542 0.580551
vt 0.401639 0.595379
vt 0.399902 0.589095
vt 0.403800 0.594576
vt 0.405330 0.592890
vt 0.400197 0.586433
vt 0.403200 0.610764
vt 0.391089 0.606420
vt 0.403230 0.608440
vt 0.403174 0.603478
vt 0.390971 0.605142
vt 0.390743 0.603762
vt 0.407057 0.604657
vt 0.403293 0.606024
vt 0.408219 0.609822
vt 0.408809 0.608205
vt 0.389877 0.575043
vt 0.399650 0.578571
vt 0.399914 0.582902
vt 0.391041 0.578972
vt 0.383370 0.577000
vt 0.381507 0.573095
vt 0.388794 0.570586
vt 0.407517 0.587359
vt 0.406127 0.590726
vt 0.379569 0.568668
vt 0.387308 0.566354
vt 0.399435 0.575028
vt 0.408312 0.585397
vt 0.409809 0.593665
vt 0.385817 0.559051
vt 0.399883 0.571468
vt 0.386347 0.561974
vt 0.377681 0.564511
vt 0.374564 0.556491
vt 0.375524 0.559860
vt 0.354885 0.582077
vt 0.347101 0.581401
vt 0.349159 0.578424
vt 0.311704 0.578488
vt 0.307677 0.566460
vt 0.316667 0.571084
vt 0.287043 0.544957
vt 0.300146 0.552713
vt 0.291941 0.559036
vt 0.358809 0.579416
vt 0.362564 0.582629
vt 0.359371 0.586049
vt 0.352744 0.575281
vt 0.356808 0.572557
vt 0.361159 0.570356
vt 0.369698 0.573732
vt 0.365466 0.575008
vt 0.372589 0.577261
vt 0.361961 0.576878
vt 0.376775 0.576425
vt 0.371953 0.567674
vt 0.366003 0.569057
vt 0.368880 0.563430
vt 0.362143 0.564996
vt 0.356613 0.566427
vt 0.351701 0.569170
vt 0.347127 0.572334
vt 0.342824 0.575902
vt 0.340761 0.580867
vt 0.340004 0.569468
vt 0.338597 0.562636
vt 0.345809 0.565765
vt 0.334612 0.574059
vt 0.331272 0.567665
vt 0.351403 0.562768
vt 0.354918 0.556834
vt 0.358069 0.560944
vt 0.346450 0.559125
vt 0.365562 0.558993
vt 0.363100 0.555225
vt 0.392024 0.582528
vt 0.397667 0.590555
vt 0.391532 0.585462
vt 0.385208 0.583077
vt 0.385231 0.580717
vt 0.379190 0.580004
vt 0.384692 0.585576
vt 0.382227 0.595612
vt 0.379858 0.584775
vt 0.379776 0.582270
vt 0.390122 0.587723
vt 0.384255 0.595883
vt 0.395275 0.591881
vt 0.388385 0.598503
vt 0.386498 0.596910
vt 0.399481 0.595757
vt 0.389659 0.600365
vt 0.383849 0.653822
vt 0.372418 0.646619
vt 0.384009 0.650371
vt 0.053832 0.472626
vt 0.039223 0.509364
vt 0.039515 0.465368
vt 0.366854 0.634099
vt 0.356777 0.632041
vt 0.360063 0.628566
vt 0.369411 0.630062
vt 0.363893 0.624594
vt 0.376155 0.634478
vt 0.374597 0.639285
vt 0.364481 0.638233
vt 0.371482 0.613538
vt 0.367084 0.611957
vt 0.370129 0.609984
vt 0.365645 0.607344
vt 0.369092 0.606473
vt 0.379607 0.607136
vt 0.379903 0.608653
vt 0.274395 0.475257
vt 0.287787 0.467935
vt 0.367294 0.586687
vt 0.368567 0.588804
vt 0.365040 0.589500
vt 0.355180 0.589953
vt 0.373746 0.586560
vt 0.379410 0.598187
vt 0.371931 0.588782
vt 0.376491 0.585252
vt 0.379863 0.596958
vt 0.371066 0.591035
vt 0.379198 0.600785
vt 0.369901 0.593632
vt 0.366813 0.591615
vt 0.362503 0.593148
vt 0.536499 0.844537
vt 0.368856 0.598914
vt 0.379321 0.604508
vt 0.368674 0.601200
vt 0.364176 0.600707
vt 0.364482 0.597886
vt 0.369104 0.596505
vt 0.365319 0.594987
vt 0.379223 0.603302
vt 0.368789 0.603640
vt 0.364617 0.603712
vt 0.379437 0.605768
vt 0.347666 0.586400
vt 0.351085 0.585190
vt 0.353534 0.593059
vt 0.340883 0.587537
vt 0.347343 0.597409
vt 0.331398 0.579735
vt 0.331097 0.587343
vt 0.334374 0.599886
vt 0.320193 0.589053
vt 0.322219 0.601654
vt 0.322123 0.580871
vt 0.360907 0.596191
vt 0.359913 0.599303
vt 0.335686 0.611681
vt 0.344013 0.607807
vt 0.352463 0.605640
vt 0.356490 0.612031
vt 0.350358 0.615245
vt 0.355156 0.621879
vt 0.343779 0.618211
vt 0.359965 0.618383
vt 0.350423 0.625343
vt 0.360949 0.603952
vt 0.362705 0.609234
vt 0.364761 0.614814
vt 0.369251 0.616591
vt 0.367272 0.620571
vt 0.373263 0.621549
vt 0.371501 0.625902
vt 0.378642 0.625426
vt 0.377343 0.630179
vt 0.381959 0.659977
vt 0.370444 0.650002
vt 0.383208 0.613401
vt 0.385090 0.623118
vt 0.379324 0.621554
vt 0.401270 0.616828
vt 0.391074 0.609131
vt 0.402424 0.613783
vt 0.391133 0.607729
vt 0.406473 0.614008
vt 0.404107 0.617599
vt 0.387578 0.613989
vt 0.390835 0.623223
vt 0.395466 0.621857
vt 0.390329 0.612052
vt 0.398305 0.619366
vt 0.397842 0.625348
vt 0.401672 0.620946
vt 0.385281 0.627419
vt 0.391996 0.626965
vt 0.028156 0.627357
vt 0.043123 0.601900
vt 0.045959 0.629138
vt 0.374968 0.618238
vt 0.380418 0.610319
vt 0.381547 0.612064
vt 0.059194 0.634011
vt 0.050725 0.654777
vt 0.084193 0.284621
vt 0.063580 0.257415
vt 0.102731 0.243708
vt 0.390849 0.610610
vt 0.408838 0.618629
vt 0.412484 0.613994
vt 0.414702 0.610018
vt 0.415611 0.617534
vt 0.418189 0.612816
vt 0.411931 0.622914
vt 0.404530 0.622931
vt 0.406501 0.627344
vt 0.399986 0.633084
vt 0.399384 0.628165
vt 0.392576 0.630591
vt 0.392759 0.634906
vt 0.385261 0.632016
vt 0.401506 0.638069
vt 0.408490 0.632183
vt 0.403325 0.643529
vt 0.410275 0.638515
vt 0.394483 0.644988
vt 0.393434 0.639877
vt 0.413222 0.594870
vt 0.411137 0.598264
vt 0.413273 0.603359
vt 0.408636 0.599075
vt 0.404663 0.600124
vt 0.415089 0.607849
vt 0.408396 0.606542
vt 0.416436 0.602583
vt 0.414361 0.605675
vt 0.402208 0.599973
vt 0.390352 0.602162
vt 0.418752 0.621002
vt 0.423363 0.615564
vt 0.422811 0.627793
vt 0.425940 0.619701
vt 0.415283 0.627655
vt 0.418600 0.635332
vt 0.419711 0.606956
vt 0.423797 0.605738
vt 0.425440 0.609828
vt 0.426856 0.606609
vt 0.428479 0.611872
vt 0.425164 0.613352
vt 0.427740 0.616337
vt 0.419916 0.610202
vt 0.410116 0.583134
vt 0.411329 0.581702
vt 0.400133 0.569132
vt 0.416623 0.594220
vt 0.418915 0.594053
vt 0.373634 0.552961
vt 0.385444 0.556035
vt 0.372148 0.548689
vt 0.385091 0.552709
vt 0.400517 0.566703
vt 0.401369 0.564686
vt 0.323811 0.564428
vt 0.325225 0.573451
vt 0.316416 0.559540
vt 0.325888 0.553878
vt 0.332202 0.559229
vt 0.341321 0.554983
vt 0.336758 0.549494
vt 0.348209 0.547174
vt 0.351547 0.552262
vt 0.361051 0.551214
vt 0.359074 0.546273
vt 0.307561 0.586409
vt 0.305282 0.599058
vt 0.295917 0.581843
vt 0.292214 0.596189
vt 0.301070 0.573398
vt 0.429350 0.624527
vt 0.428414 0.633725
vt 0.435177 0.628717
vt 0.435293 0.638413
vt 0.426131 0.644382
vt 0.433932 0.649404
vt 0.429706 0.607443
vt 0.431587 0.614251
vt 0.432935 0.607835
vt 0.435631 0.617129
vt 0.430745 0.619809
vt 0.435229 0.623303
vt 0.412827 0.580444
vt 0.414230 0.578911
vt 0.421145 0.593451
vt 0.423936 0.593010
vt 0.056260 0.439487
vt 0.052243 0.514090
vt 0.346023 0.658566
vt 0.353019 0.678134
vt 0.336934 0.667208
vt 0.326024 0.675603
vt 0.323928 0.654556
vt 0.312844 0.660001
vt 0.334525 0.648816
vt 0.316430 0.613134
vt 0.308577 0.626462
vt 0.305072 0.612631
vt 0.296667 0.627112
vt 0.292703 0.611015
vt 0.326210 0.637561
vt 0.315631 0.640629
vt 0.303367 0.643423
vt 0.318697 0.626420
vt 0.410092 0.662818
vt 0.423433 0.656946
vt 0.413433 0.671154
vt 0.419291 0.678031
vt 0.430767 0.662123
vt 0.402913 0.692524
vt 0.394659 0.670561
vt 0.395679 0.681716
vt 0.418169 0.651470
vt 0.409257 0.644332
vt 0.404495 0.647751
vt 0.405374 0.651069
vt 0.411257 0.645191
vt 0.395816 0.652803
vt 0.395227 0.649145
vt 0.083085 0.688973
vt 0.088339 0.733007
vt 0.069192 0.706811
vt 0.373267 0.643783
vt 0.384327 0.641554
vt 0.384248 0.646582
vt 0.362916 0.640696
vt 0.359676 0.643967
vt 0.354199 0.634275
vt 0.350247 0.637137
vt 0.346427 0.627743
vt 0.341549 0.630293
vt 0.339322 0.621474
vt 0.334495 0.622778
vt 0.333884 0.615635
vt 0.328541 0.614950
vt 0.411643 0.650403
vt 0.406540 0.654994
vt 0.395733 0.659011
vt 0.057367 0.609682
vt 0.332479 0.762948
vt 0.312630 0.735829
vt 0.343639 0.750744
vt 0.343634 0.641721
vt 0.354126 0.649562
vt 0.366088 0.656254
vt 0.359693 0.666658
vt 0.334862 0.633516
vt 0.327897 0.625219
vt 0.323594 0.618441
vt 0.527839 0.542455
vt 0.182288 0.446891
vt 0.185196 0.445659
vt 0.098124 0.468502
vt 0.084300 0.504015
vt 0.092151 0.500433
vt 0.120220 0.524028
vt 0.122015 0.486027
vt 0.838344 0.472620
vt 0.138008 0.505171
vt 0.137768 0.503899
vt 0.130264 0.433438
vt 0.137128 0.427456
vt 0.129647 0.435799
vt 0.154558 0.472779
vt 0.124742 0.497805
vt 0.123479 0.495803
vt 0.122603 0.496014
vt 0.124369 0.495498
vt 0.065654 0.369858
vt 0.122290 0.493517
vt 0.177510 0.461653
vt 0.177307 0.468733
vt 0.121831 0.499314
vt 0.099882 0.467726
vt 0.104290 0.467705
vt 0.107147 0.457130
vt 0.108220 0.457424
vt 0.109879 0.445237
vt 0.110751 0.444963
vt 0.126091 0.442541
vt 0.126256 0.443021
vt 0.123040 0.450930
vt 0.123508 0.451316
vt 0.132680 0.384281
vt 0.133964 0.388806
vt 0.135636 0.505098
vt 0.137753 0.506484
vt 0.134624 0.505731
vt 0.874110 0.839431
vt 0.094372 0.487453
vt 0.109688 0.428185
vt 0.117705 0.483830
vt 0.176267 0.456514
vt 0.866519 0.442895
vt 0.882261 0.445038
vt 0.146684 0.499924
vt 0.161083 0.443786
vt 0.151045 0.494754
vt 0.149918 0.497974
vt 0.149188 0.497715
vt 0.136106 0.455355
vt 0.164596 0.457182
vt 0.167616 0.463035
vt 0.166663 0.464351
vt 0.734644 0.921134
vt 0.169994 0.461584
vt 0.167278 0.449027
vt 0.164271 0.448360
vt 0.164469 0.446136
vt 0.119841 0.507324
vt 0.138060 0.422596
vt 0.556944 0.467747
vt 0.151494 0.497178
vt 0.150617 0.500626
vt 0.151543 0.502740
vt 0.148416 0.502146
vt 0.133499 0.506742
vt 0.136515 0.509412
vt 0.130282 0.504705
vt 0.883165 0.445363
vt 0.116153 0.540323
vt 0.146783 0.503145
vt 0.143882 0.504737
vt 0.146918 0.501723
vt 0.143864 0.503317
vt 0.146911 0.500723
vt 0.149789 0.451552
vt 0.152708 0.448331
vt 0.721730 0.536070
vt 0.146571 0.461789
vt 0.146831 0.457277
vt 0.149765 0.456493
vt 0.753802 0.495517
vt 0.772308 0.507639
vt 0.178832 0.500669
vt 0.176112 0.493950
vt 0.850412 0.446767
vt 0.141384 0.425168
vt 0.097803 0.529978
vt 0.142103 0.441050
vt 0.121550 0.461007
vt 0.848863 0.498398
vt 0.496396 0.521160
vt 0.144356 0.442975
vt 0.139862 0.445504
vt 0.135830 0.448912
vt 0.132895 0.454569
vt 0.118767 0.396678
vt 0.151563 0.483246
vt 0.152244 0.485379
vt 0.119078 0.498847
vt 0.839685 0.537490
vt 0.819097 0.552963
vt 0.822803 0.493152
vt 0.178908 0.458246
vt 0.135445 0.488063
vt 0.502940 0.529452
vt 0.496431 0.530039
vt 0.117122 0.460346
vt 0.134177 0.484805
vt 0.138075 0.488885
vt 0.158530 0.490555
vt 0.103493 0.539340
vt 0.109465 0.532777
vt 0.104249 0.525370
vt 0.906030 0.524955
vt 0.615473 0.564518
vt 0.162879 0.397099
vt 0.115667 0.470012
vt 0.889552 0.525322
vt 0.146209 0.495539
vt 0.766255 0.458449
vt 0.059317 0.410018
vt 0.846256 0.461643
vt 0.169759 0.453391
vt 0.160596 0.445488
vt 0.126092 0.516617
vt 0.157925 0.451804
vt 0.868419 0.423396
vt 0.159970 0.448843
vt 0.163699 0.452054
vt 0.685817 0.175559
vt 0.164438 0.457363
vt 0.157146 0.447159
vt 0.158575 0.445160
vt 0.153639 0.453027
vt 0.155185 0.449800
vt 0.153474 0.456812
vt 0.168348 0.458418
vt 0.160362 0.463408
vt 0.115119 0.510478
vt 0.163604 0.457993
vt 0.147704 0.532208
vt 0.124720 0.449144
vt 0.174068 0.460199
vt 0.123792 0.513398
vt 0.168923 0.461229
vt 0.167563 0.460270
vt 0.169957 0.458827
vt 0.168548 0.456226
vt 0.170244 0.456086
vt 0.881013 0.513805
vt 0.151055 0.438284
vt 0.154105 0.434078
vt 0.156925 0.435596
vt 0.147943 0.440821
vt 0.148552 0.435707
vt 0.159176 0.436854
vt 0.845394 0.491128
vt 0.104744 0.533503
vt 0.103062 0.525209
vt 0.600533 0.942036
vt 0.496260 0.439975
vt 0.560880 0.525140
vt 0.802747 0.565452
vt 0.260358 0.489907
vt 0.277956 0.503372
vt 0.265661 0.516952
vt 0.246263 0.525137
vt 0.301986 0.462515
vt 0.303640 0.492758
vt 0.428993 0.382675
vt 0.433181 0.391965
vt 0.423113 0.387854
vt 0.463984 0.399967
vt 0.459393 0.402868
vt 0.458403 0.396408
vt 0.397253 0.441707
vt 0.375651 0.431560
vt 0.387950 0.426198
vt 0.481147 0.413962
vt 0.478652 0.413424
vt 0.481306 0.412817
vt 0.479056 0.411596
vt 0.481552 0.411353
vt 0.482554 0.412565
vt 0.482829 0.411169
vt 0.482465 0.413664
vt 0.394955 0.363596
vt 0.377610 0.371613
vt 0.382211 0.355120
vt 0.392853 0.462862
vt 0.413287 0.472458
vt 0.403728 0.478088
vt 0.425142 0.489789
vt 0.416179 0.494425
vt 0.441499 0.507111
vt 0.446834 0.512106
vt 0.437469 0.516840
vt 0.451977 0.508148
vt 0.437452 0.499492
vt 0.450915 0.494975
vt 0.459206 0.491692
vt 0.444983 0.491922
vt 0.453383 0.488899
vt 0.437962 0.487618
vt 0.473547 0.498214
vt 0.466132 0.499263
vt 0.469710 0.496900
vt 0.458390 0.497388
vt 0.457841 0.506970
vt 0.488921 0.504467
vt 0.451328 0.590484
vt 0.462471 0.594793
vt 0.463236 0.585706
vt 0.451469 0.581726
vt 0.473782 0.599007
vt 0.475726 0.588546
vt 0.469002 0.609877
vt 0.956794 0.159535
vt 0.986328 0.138672
vt 0.986328 0.173828
vt 0.471479 0.512985
vt 0.465466 0.506822
vt 0.466847 0.515226
vt 0.477475 0.515566
vt 0.475967 0.510807
vt 0.470836 0.521907
vt 0.474502 0.518888
vt 0.928408 0.145792
vt 0.890108 0.104814
vt 0.923919 0.114266
vt 0.490343 0.492994
vt 0.084441 0.824908
vt 0.086900 0.776620
vt 0.107727 0.810503
vt 0.511313 0.468276
vt 0.526908 0.465772
vt 0.489247 0.432424
vt 0.482244 0.435005
vt 0.484203 0.428530
vt 0.478054 0.429599
vt 0.481129 0.423560
vt 0.490072 0.429052
vt 0.485669 0.425548
vt 0.484997 0.445039
vt 0.472916 0.443612
vt 0.476623 0.440389
vt 0.488408 0.438642
vt 0.426537 0.473300
vt 0.441959 0.479039
vt 0.473063 0.482826
vt 0.465895 0.488847
vt 0.459229 0.482170
vt 0.476032 0.488229
vt 0.470005 0.491249
vt 0.464590 0.494566
vt 0.477221 0.497128
vt 0.475496 0.496031
vt 0.481244 0.498669
vt 0.480726 0.496912
vt 0.473365 0.493756
vt 0.478486 0.490543
vt 0.480339 0.492901
vt 0.481063 0.468219
vt 0.466084 0.470719
vt 0.465565 0.465667
vt 0.449270 0.458991
vt 0.466012 0.460499
vt 0.488942 0.490570
vt 0.467465 0.455682
vt 0.482057 0.455747
vt 0.481285 0.459464
vt 0.480790 0.463892
vt 0.450735 0.452752
vt 0.469696 0.451939
vt 0.453135 0.447422
vt 0.456864 0.444035
vt 0.432401 0.455272
vt 0.432961 0.446804
vt 0.418553 0.431802
vt 0.436389 0.440106
vt 0.402261 0.391813
vt 0.413888 0.384080
vt 0.412987 0.392703
vt 0.403872 0.403490
vt 0.390438 0.390749
vt 0.377586 0.389646
vt 0.390772 0.376436
vt 0.393146 0.405930
vt 0.380973 0.408454
vt 0.400246 0.421997
vt 0.416443 0.411504
vt 0.408830 0.416612
vt 0.432664 0.394815
vt 0.422535 0.393965
vt 0.433702 0.401484
vt 0.423702 0.401225
vt 0.413922 0.401560
vt 0.425443 0.408921
vt 0.434692 0.408364
vt 0.435822 0.417482
vt 0.428049 0.419003
vt 0.461957 0.415522
vt 0.454777 0.408978
vt 0.462736 0.409526
vt 0.456518 0.404745
vt 0.465113 0.407917
vt 0.477248 0.416131
vt 0.478105 0.414644
vt 0.476539 0.418169
vt 0.462888 0.404574
vt 0.468260 0.407228
vt 0.465902 0.404290
vt 0.447259 0.397374
vt 0.445547 0.401417
vt 0.444867 0.408213
vt 0.453161 0.416564
vt 0.444727 0.416369
vt 0.460859 0.440750
vt 0.447324 0.432981
vt 0.453381 0.429986
vt 0.465989 0.436457
vt 0.459849 0.427680
vt 0.483037 0.421345
vt 0.471220 0.434459
vt 0.480075 0.418565
vt 0.476121 0.422650
vt 0.480432 0.416124
vt 0.480784 0.415127
vt 0.482419 0.414783
vt 0.482119 0.415795
vt 0.481882 0.417405
vt 0.466057 0.426023
vt 0.441089 0.435266
vt 0.423161 0.424526
vt 0.471157 0.448133
vt 0.483278 0.448704
vt 0.482521 0.452456
vt 0.449475 0.390777
vt 0.418686 0.377218
vt 0.407332 0.370970
vt 0.478931 0.409602
vt 0.482096 0.410317
vt 0.440434 0.387549
vt 0.409466 0.328850
vt 0.403905 0.351581
vt 0.392818 0.340707
vt 0.414924 0.361217
vt 0.434584 0.358762
vt 0.425759 0.369080
vt 0.443832 0.364349
vt 0.445729 0.378386
vt 0.436070 0.373620
vt 0.468340 0.388068
vt 0.482997 0.398477
vt 0.479737 0.402556
vt 0.464983 0.396627
vt 0.459604 0.390005
vt 0.463477 0.381888
vt 0.471525 0.376051
vt 0.368669 0.140106
vt 0.415446 0.132840
vt 0.452732 0.383387
vt 0.452036 0.370424
vt 0.458749 0.376511
vt 0.478819 0.407273
vt 0.467555 0.370504
vt 0.462116 0.363431
vt 0.455962 0.355586
vt 0.448776 0.348630
vt 0.441758 0.340437
vt 0.425808 0.350541
vt 0.435385 0.330682
vt 0.417795 0.340542
vt 0.452455 0.313403
vt 0.454982 0.324165
vt 0.464113 0.341937
vt 0.473366 0.358488
vt 0.459208 0.333434
vt 0.573146 0.823606
vt 0.489610 0.498955
vt 0.486774 0.495463
vt 0.483495 0.497399
vt 0.487875 0.513152
vt 0.488035 0.508773
vt 0.493284 0.502616
vt 0.490988 0.503516
vt 0.481189 0.515391
vt 0.484417 0.515003
vt 0.485747 0.511681
vt 0.483523 0.517325
vt 0.480335 0.517715
vt 0.484870 0.519050
vt 0.485849 0.517461
vt 0.487068 0.515320
vt 0.489942 0.515410
vt 0.488247 0.520302
vt 0.489242 0.517667
vt 0.466232 0.791627
vt 0.496669 0.686174
vt 0.477195 0.525438
vt 0.479548 0.519572
vt 0.481934 0.522120
vt 0.482886 0.518884
vt 0.486834 0.523431
vt 0.484121 0.527932
vt 0.472017 0.532395
vt 0.480684 0.534892
vt 0.760141 0.167745
vt 0.496649 0.657621
vt 0.479182 0.371376
vt 0.475013 0.382157
vt 0.485959 0.404066
vt 0.490078 0.405831
vt 0.487338 0.406885
vt 0.482373 0.377683
vt 0.491105 0.395081
vt 0.487209 0.395974
vt 0.487405 0.369578
vt 0.588711 0.456282
vt 0.485818 0.363792
vt 0.476530 0.365913
vt 0.483848 0.356272
vt 0.627507 0.388774
vt 0.469415 0.350442
vt 0.492426 0.405381
vt 0.489199 0.402503
vt 0.492027 0.401846
vt 0.482343 0.409161
vt 0.483123 0.410370
vt 0.483607 0.406525
vt 0.484990 0.408263
vt 0.472833 0.310574
vt 0.474628 0.320157
vt 0.481596 0.347174
vt 0.478933 0.337732
vt 0.476544 0.329047
vt 0.247734 0.719577
vt 0.263324 0.754507
vt 0.231354 0.726775
vt 0.247128 0.760638
vt 0.217012 0.738546
vt 0.179532 0.848324
vt 0.204440 0.838045
vt 0.217793 0.863676
vt 0.149027 0.836997
vt 0.135692 0.807299
vt 0.149351 0.786459
vt 0.168261 0.821222
vt 0.186054 0.808273
vt 0.067085 0.221466
vt 0.055313 0.574565
vt 0.384822 0.636509
vt 0.221675 0.822335
vt 0.241438 0.847909
vt 0.249783 0.827173
vt 0.272228 0.850676
vt 0.296562 0.875117
vt 0.287007 0.900460
vt 0.261170 0.872547
vt 0.238598 0.891050
vt 0.316505 0.927760
vt 0.023356 0.496651
vt 0.197908 0.923734
vt 0.500453 0.406198
vt 0.618250 0.572383
vt 0.515515 0.721143
vt 0.533200 0.703514
vt 0.097042 0.321643
vt 0.232429 0.167840
vt 0.081853 0.435434
vt 0.121310 0.385222
vt 0.123799 0.384932
vt 0.237492 0.220504
vt 0.188755 0.454234
vt 0.175337 0.266374
vt 0.174599 0.309287
vt 0.155778 0.309621
vt 0.075325 0.324930
vt 0.155295 0.395476
vt 0.107908 0.436909
vt 0.110379 0.436584
vt 0.107562 0.447348
vt 0.103515 0.457498
vt 0.122896 0.532908
vt 0.116536 0.535543
vt 0.134784 0.380861
vt 0.132734 0.379209
vt 0.136003 0.378452
vt 0.138595 0.379863
vt 0.138757 0.378006
vt 0.130510 0.381095
vt 0.140226 0.589360
vt 0.122581 0.382430
vt 0.130632 0.377377
vt 0.126815 0.381066
vt 0.130299 0.372713
vt 0.136282 0.375788
vt 0.140880 0.375604
vt 0.142104 0.378531
vt 0.112738 0.433470
vt 0.113549 0.432871
vt 0.849136 0.505998
vt 0.131645 0.393754
vt 0.101344 0.516338
vt 0.104352 0.508329
vt 0.106977 0.512993
vt 0.066521 0.444449
vt 0.063132 0.476444
vt 0.036868 0.231346
vt 0.034520 0.267129
vt 0.082140 0.564458
vt 0.109390 0.516825
vt 0.105120 0.447093
vt 0.101523 0.457471
vt 0.103917 0.521013
vt 0.101839 0.521677
vt 0.099999 0.522520
vt 0.099182 0.516862
vt 0.112637 0.513880
vt 0.110066 0.510355
vt 0.110742 0.503755
vt 0.107650 0.506222
vt 0.096440 0.511025
vt 0.098820 0.511139
vt 0.098149 0.535738
vt 0.102721 0.621827
vt 0.120358 0.640301
vt 0.104722 0.658335
vt 0.086360 0.638881
vt 0.083712 0.599414
vt 0.109626 0.537790
vt 0.113024 0.536228
vt 0.118358 0.528565
vt 0.124278 0.527815
vt 0.212810 0.752255
vt 0.193887 0.715564
vt 0.244211 0.774144
vt 0.238068 0.784440
vt 0.208256 0.765467
vt 0.189076 0.729602
vt 0.135508 0.625789
vt 0.140363 0.658864
vt 0.155645 0.682828
vt 0.145005 0.697200
vt 0.123454 0.676719
vt 0.175809 0.752479
vt 0.175444 0.731959
vt 0.173752 0.775707
vt 0.149266 0.721646
vt 0.147547 0.751794
vt 0.126060 0.702276
vt 0.233389 0.795494
vt 0.203572 0.776555
vt 0.228193 0.806035
vt 0.203920 0.794022
vt 0.167756 0.690884
vt 0.168419 0.360416
vt 0.154515 0.353789
vt 0.239122 0.495473
vt 0.220711 0.507583
vt 0.226297 0.458555
vt 0.228899 0.543102
vt 0.210405 0.555160
vt 0.220121 0.591885
vt 0.200116 0.599281
vt 0.217024 0.638020
vt 0.071286 0.620724
vt 0.070124 0.585598
vt 0.066553 0.557805
vt 0.025586 0.596907
vt 0.122725 0.839807
vt 0.102742 0.854190
vt 0.489920 0.529452
vt 0.322075 0.725839
vt 0.286462 0.713157
vt 0.259862 0.919947
vt 0.114847 0.761151
vt 0.032290 0.657854
vt 0.299425 0.744830
vt 0.316387 0.773132
vt 0.280198 0.749928
vt 0.070603 0.664844
vt 0.056974 0.676019
vt 0.122251 0.732791
vt 0.105091 0.683696
vt 0.100315 0.709570
vt 0.087781 0.664167
vt 0.071562 0.643830
vt 0.061406 0.653167
vt 0.747626 0.433144
vt 0.485203 0.590548
vt 0.485852 0.580020
vt 0.375075 0.685573
vt 0.377431 0.673011
vt 0.053268 0.547849
vt 0.063167 0.520827
vt 0.270877 0.578184
vt 0.269698 0.602206
vt 0.279417 0.606991
vt 0.282902 0.627739
vt 0.272748 0.627181
vt 0.284818 0.568075
vt 0.279522 0.587119
vt 0.278289 0.554812
vt 0.047189 0.713519
vt 0.037478 0.682997
vt 0.436948 0.566348
vt 0.435331 0.572720
vt 0.438201 0.557786
vt 0.423190 0.552197
vt 0.425631 0.542828
vt 0.451515 0.572652
vt 0.440249 0.550167
vt 0.451831 0.563814
vt 0.450642 0.552623
vt 0.442346 0.540039
vt 0.429875 0.495370
vt 0.423335 0.508136
vt 0.432134 0.525147
vt 0.413013 0.528286
vt 0.428319 0.534817
vt 0.408708 0.537116
vt 0.417156 0.519163
vt 0.445906 0.528813
vt 0.453938 0.520106
vt 0.449246 0.539841
vt 0.461531 0.516825
vt 0.462453 0.528397
vt 0.486577 0.546278
vt 0.476242 0.556296
vt 0.477008 0.544825
vt 0.463727 0.554612
vt 0.465110 0.542419
vt 0.421393 0.558461
vt 0.281467 0.524706
vt 0.405632 0.542886
vt 0.394183 0.487758
vt 0.407222 0.503700
vt 0.386947 0.500143
vt 0.399253 0.513918
vt 0.394644 0.522828
vt 0.381370 0.509465
vt 0.382817 0.472348
vt 0.363402 0.438359
vt 0.384485 0.448204
vt 0.373156 0.456893
vt 0.351155 0.448579
vt 0.362192 0.467992
vt 0.340658 0.461892
vt 0.353521 0.480044
vt 0.374031 0.484612
vt 0.367084 0.494868
vt 0.376456 0.518229
vt 0.390802 0.530277
vt 0.346438 0.511923
vt 0.362313 0.507057
vt 0.359305 0.518880
vt 0.348238 0.495096
vt 0.332942 0.479728
vt 0.332071 0.502428
vt 0.331418 0.519490
vt 0.023082 0.531264
vt 0.401375 0.557202
vt 0.384685 0.544309
vt 0.384183 0.547799
vt 0.370527 0.542587
vt 0.370749 0.537649
vt 0.345496 0.523014
vt 0.358353 0.526767
vt 0.317906 0.530579
vt 0.306671 0.534102
vt 0.320281 0.542889
vt 0.309697 0.547298
vt 0.296290 0.538528
vt 0.344853 0.539069
vt 0.357173 0.533525
vt 0.344789 0.531556
vt 0.331068 0.530601
vt 0.331831 0.540335
vt 0.401107 0.560494
vt 0.415664 0.575948
vt 0.427715 0.591666
vt 0.416550 0.572766
vt 0.126639 0.315770
vt 0.165540 0.237832
vt 0.146475 0.275705
vt 0.379174 0.602081
vt 0.486060 0.556834
vt 0.476264 0.567261
vt 0.475788 0.578940
vt 0.464011 0.575893
vt 0.485932 0.568362
vt 0.441046 0.664436
vt 0.444431 0.652108
vt 0.454851 0.664033
vt 0.457739 0.651492
vt 0.450392 0.679395
vt 0.432051 0.681987
vt 0.816524 0.128759
vt 0.858356 0.164485
vt 0.459068 0.617013
vt 0.429876 0.589123
vt 0.437190 0.605859
vt 0.443632 0.624949
vt 0.440475 0.603894
vt 0.442053 0.618601
vt 0.452260 0.622427
vt 0.444565 0.630347
vt 0.445537 0.640703
vt 0.455183 0.628858
vt 0.457542 0.639787
vt 0.469185 0.648092
vt 0.189637 0.877332
vt 0.481303 0.686780
vt 0.467171 0.675155
vt 0.407280 0.767247
vt 0.414337 0.752637
vt 0.066798 0.746023
vt 0.437330 0.708536
vt 0.454490 0.721800
vt 0.428623 0.724192
vt 0.449867 0.738434
vt 0.421323 0.738838
vt 0.390971 0.734066
vt 0.361644 0.726674
vt 0.399239 0.720831
vt 0.444203 0.694106
vt 0.421839 0.695591
vt 0.338887 0.703718
vt 0.267832 0.716018
vt 0.247351 0.687253
vt 0.308903 0.695681
vt 0.292923 0.675326
vt 0.302267 0.669148
vt 0.330712 0.715653
vt 0.280278 0.652252
vt 0.290245 0.648946
vt 0.232955 0.611323
vt 0.235511 0.652201
vt 0.853798 0.589267
vt 0.237216 0.568534
vt 0.664643 0.128626
vt 0.696788 0.115134
vt 0.707541 0.136669
vt 0.516777 0.556289
vt 0.283739 0.802595
vt 0.289154 0.790141
vt 0.928040 0.221479
vt 0.264347 0.820932
vt 0.294429 0.847001
vt 0.275310 0.812685
vt 0.310973 0.839192
vt 0.345714 0.857742
vt 0.325412 0.869883
vt 0.320392 0.826720
vt 0.324485 0.811664
vt 0.360236 0.844002
vt 0.370284 0.829582
vt 0.302195 0.781572
vt 0.339141 0.801751
vt 0.352085 0.789903
vt 0.379556 0.815572
vt 0.388897 0.800713
vt 0.365353 0.775599
vt 0.398844 0.783710
vt 0.482640 0.646082
vt 0.112716 0.281315
vt 0.891955 0.521636
vt 0.439178 0.770765
vt 0.475819 0.738967
vt 0.009766 0.302734
vt 0.029205 0.332718
vt 0.009766 0.333984
vt 0.621138 0.567755
vt 0.009766 0.271484
vt 0.009766 0.236328
vt 0.760109 0.069014
vt 0.713770 0.048318
vt 0.480023 0.504017
vt 0.479943 0.503980
vt 0.479991 0.503866
vt 0.480070 0.503889
vt 0.480684 0.500876
vt 0.480513 0.502342
vt 0.480210 0.503394
vt 0.179782 0.382168
vt 0.188135 0.407893
vt 0.526418 0.460599
vt 0.195600 0.177514
vt 0.161848 0.186033
vt 0.752965 0.777233
vt 0.539544 0.303339
vt 0.518510 0.292089
vt 0.539713 0.293695
vt 0.512680 0.504062
vt 0.955078 0.009766
vt 0.986328 0.041016
vt 0.951793 0.036519
vt 0.682381 0.068892
vt 0.641405 0.066939
vt 0.599883 0.064169
vt 0.810829 0.098936
vt 0.647262 0.088061
vt 0.688650 0.091866
vt 0.563247 0.081760
vt 0.604222 0.084329
vt 0.529700 0.098328
vt 0.567295 0.100334
vt 0.952361 0.065926
vt 0.920421 0.086097
vt 0.596067 0.028271
vt 0.559259 0.044295
vt 0.560091 0.026960
vt 0.721334 0.069797
vt 0.768993 0.096738
vt 0.728507 0.094727
vt 0.703755 0.029073
vt 0.662109 0.009766
vt 0.626953 0.009766
vt 0.595703 0.009766
vt 0.564453 0.009766
vt 0.822266 0.009766
vt 0.818791 0.028907
vt 0.791016 0.009766
vt 0.886942 0.020032
vt 0.923828 0.009766
vt 0.910268 0.032622
vt 0.835322 0.019964
vt 0.867338 0.036144
vt 0.572424 0.115442
vt 0.527057 0.025855
vt 0.986328 0.076172
vt 0.526242 0.042712
vt 0.497091 0.060366
vt 0.497433 0.042052
vt 0.957256 0.195000
vt 0.986328 0.205078
vt 0.927117 0.183865
vt 0.857422 0.009766
vt 0.888672 0.009766
vt 0.529297 0.009766
vt 0.497739 0.025546
vt 0.498047 0.009766
vt 0.736904 0.120469
vt 0.610153 0.103947
vt 0.654860 0.109223
vt 0.862237 0.021112
vt 0.954066 0.095141
vt 0.986328 0.107422
vt 0.955679 0.125864
vt 0.496282 0.097549
vt 0.496695 0.079550
vt 0.724609 0.009766
vt 0.693359 0.009766
vt 0.747939 0.144575
vt 0.797524 0.177441
vt 0.618216 0.120880
vt 0.720382 0.157182
vt 0.512796 0.503761
vt 0.512488 0.503438
vt 0.725821 0.329020
vt 0.754453 0.323143
vt 0.744227 0.353536
vt 0.776450 0.356789
vt 0.599789 0.279618
vt 0.564775 0.269897
vt 0.597053 0.264136
vt 0.495464 0.274345
vt 0.518094 0.281020
vt 0.495495 0.281473
vt 0.593746 0.305942
vt 0.564136 0.289344
vt 0.596567 0.293705
vt 0.518231 0.262132
vt 0.539898 0.272853
vt 0.518599 0.273766
vt 0.563037 0.256850
vt 0.687546 0.249474
vt 0.664434 0.270609
vt 0.653043 0.245857
vt 0.726618 0.268257
vt 0.694508 0.275883
vt 0.788018 0.336888
vt 0.762200 0.299568
vt 0.518466 0.301156
vt 0.726141 0.294492
vt 0.620759 0.243320
vt 0.589855 0.247890
vt 0.588225 0.317139
vt 0.655905 0.394408
vt 0.650256 0.424281
vt 0.670169 0.404683
vt 0.663177 0.438038
vt 0.517984 0.250147
vt 0.539632 0.260307
vt 0.538726 0.247794
vt 0.675353 0.221280
vt 0.637121 0.215670
vt 0.767547 0.280993
vt 0.721308 0.240572
vt 0.606383 0.220172
vt 0.797478 0.322117
vt 0.715973 0.212765
vt 0.582191 0.192787
vt 0.495525 0.286126
vt 0.495556 0.291832
vt 0.532675 0.226089
vt 0.559651 0.241530
vt 0.545774 0.216694
vt 0.580660 0.228572
vt 0.633855 0.269801
vt 0.516557 0.198579
vt 0.495202 0.221982
vt 0.495108 0.198801
vt 0.495271 0.182279
vt 0.540149 0.287122
vt 0.540347 0.281233
vt 0.528268 0.185584
vt 0.562211 0.204190
vt 0.618051 0.318143
vt 0.629571 0.305473
vt 0.564925 0.280694
vt 0.634289 0.337700
vt 0.656947 0.362302
vt 0.666538 0.329639
vt 0.673128 0.367607
vt 0.649254 0.331186
vt 0.689602 0.378173
vt 0.683636 0.419103
vt 0.687584 0.336517
vt 0.707032 0.349492
vt 0.703651 0.391770
vt 0.676317 0.300905
vt 0.702030 0.309617
vt 0.561247 0.307784
vt 0.710671 0.438363
vt 0.697093 0.428864
vt 0.516428 0.224309
vt 0.518259 0.287028
vt 0.495393 0.250567
vt 0.602469 0.603831
vt 0.534166 0.616961
vt 0.721582 0.366152
vt 0.562412 0.297800
vt 0.495430 0.264726
vt 0.716594 0.403850
vt 0.644476 0.293442
vt 0.419489 0.115429
vt 0.382549 0.103945
vt 0.425314 0.100312
vt 0.218106 0.123011
vt 0.171633 0.156815
vt 0.177851 0.128809
vt 0.136095 0.164517
vt 0.139829 0.132598
vt 0.102760 0.137850
vt 0.068170 0.183871
vt 0.067041 0.145817
vt 0.327612 0.128716
vt 0.296399 0.115211
vt 0.338026 0.109274
vt 0.285043 0.136778
vt 0.256643 0.120535
vt 0.101228 0.173558
vt 0.038982 0.159547
vt 0.038436 0.195008
vt 0.433765 0.062158
vt 0.465410 0.080181
vt 0.430143 0.081727
vt 0.357880 0.047291
vt 0.326241 0.029552
vt 0.362691 0.029041
vt 0.397584 0.045710
vt 0.399419 0.028239
vt 0.257804 0.028046
vt 0.236328 0.009766
vt 0.271484 0.009766
vt 0.109083 0.020037
vt 0.138672 0.009766
vt 0.133763 0.021116
vt 0.192978 0.069959
vt 0.163420 0.051156
vt 0.204910 0.047463
vt 0.080283 0.060239
vt 0.112070 0.079442
vt 0.075323 0.086122
vt 0.245663 0.046514
vt 0.234825 0.069066
vt 0.281396 0.048351
vt 0.273344 0.069851
vt 0.318508 0.048706
vt 0.120383 0.056657
vt 0.151195 0.071539
vt 0.143815 0.100569
vt 0.105235 0.104856
vt 0.009766 0.138672
vt 0.040174 0.125881
vt 0.043621 0.065934
vt 0.041855 0.095155
vt 0.071691 0.114293
vt 0.291901 0.029072
vt 0.305195 0.091925
vt 0.220340 0.028203
vt 0.044250 0.036516
vt 0.072266 0.009766
vt 0.085717 0.032633
vt 0.041016 0.009766
vt 0.009766 0.041016
vt 0.009766 0.009766
vt 0.312082 0.068935
vt 0.394301 0.064125
vt 0.435570 0.044252
vt 0.183959 0.098993
vt 0.225445 0.096793
vt 0.346342 0.088082
vt 0.389234 0.084301
vt 0.462872 0.098322
vt 0.265622 0.094788
vt 0.207524 0.151202
vt 0.245055 0.144666
vt 0.352886 0.066942
vt 0.373818 0.120907
vt 0.160679 0.019974
vt 0.333984 0.009766
vt 0.369141 0.009766
vt 0.400391 0.009766
vt 0.435378 0.026938
vt 0.302734 0.009766
vt 0.173828 0.009766
vt 0.177087 0.028918
vt 0.128543 0.036149
vt 0.205078 0.009766
vt 0.009766 0.076172
vt 0.460241 0.112334
vt 0.467660 0.060997
vt 0.468609 0.042710
vt 0.468420 0.025858
vt 0.431641 0.009766
vt 0.466797 0.009766
vt 0.009766 0.173828
vt 0.009766 0.107422
vt 0.457647 0.127332
vt 0.009766 0.205078
vt 0.479905 0.503716
vt 0.480080 0.503713
vt 0.215125 0.356904
vt 0.247322 0.353606
vt 0.227821 0.383498
vt 0.236813 0.323229
vt 0.265541 0.329070
vt 0.264912 0.294536
vt 0.289198 0.309626
vt 0.296495 0.275909
vt 0.314873 0.300921
vt 0.391272 0.279638
vt 0.426107 0.269884
vt 0.426046 0.280686
vt 0.451009 0.272836
vt 0.450635 0.281221
vt 0.472324 0.273753
vt 0.472894 0.281011
vt 0.472603 0.292088
vt 0.451402 0.293692
vt 0.472793 0.287021
vt 0.428717 0.297797
vt 0.450899 0.287115
vt 0.397442 0.305936
vt 0.426918 0.289338
vt 0.373231 0.318135
vt 0.394530 0.293699
vt 0.472613 0.262115
vt 0.451186 0.260281
vt 0.427743 0.256829
vt 0.393908 0.264180
vt 0.401007 0.247943
vt 0.370266 0.243378
vt 0.357202 0.269822
vt 0.338000 0.245915
vt 0.326601 0.270650
vt 0.303410 0.249544
vt 0.264180 0.268285
vt 0.228758 0.299610
vt 0.203345 0.336971
vt 0.201091 0.381689
vt 0.472651 0.301136
vt 0.429942 0.307744
vt 0.431207 0.318796
vt 0.403000 0.317113
vt 0.364229 0.366424
vt 0.364297 0.388796
vt 0.335975 0.394453
vt 0.355419 0.415571
vt 0.341860 0.424331
vt 0.321812 0.404713
vt 0.329083 0.438060
vt 0.368239 0.411319
vt 0.472784 0.250121
vt 0.451996 0.247747
vt 0.431014 0.241495
vt 0.410108 0.228594
vt 0.384584 0.220182
vt 0.354075 0.215753
vt 0.315946 0.221317
vt 0.269875 0.240599
vt 0.223519 0.281046
vt 0.193935 0.322179
vt 0.408859 0.192719
vt 0.428500 0.204157
vt 0.444635 0.216644
vt 0.457824 0.226027
vt 0.473998 0.224270
vt 0.473666 0.198541
vt 0.462324 0.185465
vt 0.454543 0.173634
vt 0.357133 0.337690
vt 0.361672 0.305451
vt 0.334646 0.362347
vt 0.324835 0.329646
vt 0.342120 0.331196
vt 0.383019 0.329430
vt 0.369962 0.346110
vt 0.350233 0.361984
vt 0.350618 0.389030
vt 0.318519 0.367693
vt 0.303869 0.336495
vt 0.302139 0.378228
vt 0.308496 0.419101
vt 0.317621 0.459099
vt 0.284535 0.349513
vt 0.288220 0.391825
vt 0.295169 0.428876
vt 0.281687 0.438356
vt 0.275391 0.403912
vt 0.270097 0.366184
vt 0.346710 0.293462
vt 0.255367 0.383025
vt 0.268074 0.448682
vt 0.261764 0.416750
vt 0.252617 0.463959
vt 0.244656 0.433256
vt 0.236384 0.406375
vt 0.209922 0.409028
vt 0.495526 0.300642
vt 0.451586 0.303307
vt 0.892414 0.516296
vt 0.889327 0.508270
vt 0.515950 0.544835
vt 0.647184 0.627875
vt 0.879292 0.432912
vt 0.509662 0.347234
vt 0.506382 0.546280
vt 0.139545 0.355116
vt 0.419030 0.455810
vt 0.413049 0.440439
vt 0.374813 0.572274
vt 0.380806 0.596052
vt 0.403693 0.456273
vt 0.357213 0.539484
vt 0.435582 0.467684
vt 0.509918 0.518874
vt 0.485259 0.483363
vt 0.487266 0.488061
vt 0.480690 0.495424
vt 0.453858 0.474274
vt 0.449813 0.465922
vt 0.493519 0.507528
vt 0.496358 0.512502
vt 0.493248 0.512751
vt 0.009766 0.400391
vt 0.009766 0.369141
vt 0.009766 0.431641
vt 0.491874 0.521214
vt 0.491306 0.524432
vt 0.293074 0.949356
vt 0.542160 0.391215
vt 0.482736 0.616041
vt 0.492312 0.497887
vt 0.496280 0.434234
vt 0.021308 0.727217
vt 0.009766 0.693359
vt 0.009766 0.662109
vt 0.496207 0.472215
vt 0.481546 0.472459
vt 0.496370 0.515409
vt 0.492883 0.515420
vt 0.496383 0.518175
vt 0.492483 0.517941
vt 0.058819 0.784646
vt 0.040518 0.744383
vt 0.009766 0.529297
vt 0.009766 0.498047
vt 0.009766 0.564453
vt 0.009766 0.626953
vt 0.009766 0.595703
vt 0.986328 0.271484
vt 0.009766 0.466797
vt 0.488448 0.376491
vt 0.495600 0.369416
vt 0.495625 0.345422
vt 0.488233 0.536215
vt 0.395560 0.942036
vt 0.447917 0.616560
vt 0.464292 0.565604
vt 0.724404 0.448669
vt 0.487337 0.500140
vt 0.542674 0.466048
vt 0.703020 0.949356
vt 0.986328 0.529297
vt 0.986328 0.564453
vt 0.496280 0.497402
vt 0.986328 0.693359
vt 0.496188 0.468222
vt 0.986328 0.400391
vt 0.512115 0.492980
vt 0.410289 0.708217
vt 0.464328 0.689261
vt 0.389303 0.613284
vt 0.986328 0.466797
vt 0.986328 0.369141
vt 0.986328 0.595703
vt 0.986328 0.662109
vt 0.986328 0.498047
vt 0.586890 0.654870
vt 0.634697 0.526689
vt 0.318047 0.687163
vt 0.443995 0.600998
vt 0.135684 0.887132
vt 0.469267 0.476833
vt 0.483490 0.477694
vt 0.496229 0.477187
vt 0.403101 0.380735
vt 0.510880 0.472508
vt 0.511591 0.463957
vt 0.608332 0.606220
vt 0.608067 0.614100
vt 0.384974 0.606128
vt 0.385361 0.613987
vt 0.379271 0.599484
vt 0.911391 0.942787
vt 0.918162 0.939607
vt 0.915141 0.945119
vt 0.912275 0.950252
vt 0.907647 0.947216
vt 0.920464 0.932110
vt 0.915739 0.937662
vt 0.917282 0.952478
vt 0.923343 0.933687
vt 0.921093 0.940637
vt 0.919172 0.946966
vt 0.922711 0.953703
vt 0.924951 0.934090
vt 0.924140 0.941299
vt 0.923462 0.947645
vt 0.927800 0.947989
vt 0.928305 0.953722
vt 0.927258 0.941370
vt 0.933810 0.952709
vt 0.928245 0.933727
vt 0.930297 0.940862
vt 0.932046 0.946914
vt 0.936157 0.945427
vt 0.938899 0.950537
vt 0.929791 0.933155
vt 0.933110 0.939595
vt 0.939784 0.942950
vt 0.943383 0.947433
vt 0.931207 0.932288
vt 0.935736 0.937939
vt 0.947467 0.943782
vt 0.937943 0.935764
vt 0.942992 0.939978
vt 0.950441 0.939172
vt 0.933308 0.929765
vt 0.939688 0.933225
vt 0.945289 0.936286
vt 0.952644 0.934207
vt 0.940878 0.930403
vt 0.947106 0.932328
vt 0.953886 0.928861
vt 0.934305 0.926633
vt 0.941513 0.927410
vt 0.947847 0.928103
vt 0.948179 0.923826
vt 0.953879 0.923346
vt 0.941578 0.924364
vt 0.952889 0.917903
vt 0.934034 0.923376
vt 0.941015 0.921365
vt 0.947101 0.919647
vt 0.945669 0.915607
vt 0.950756 0.912842
vt 0.939857 0.918521
vt 0.943168 0.911999
vt 0.947723 0.908346
vt 0.932524 0.920462
vt 0.938212 0.915938
vt 0.940278 0.908729
vt 0.943961 0.904368
vt 0.936060 0.913750
vt 0.939399 0.901353
vt 0.930047 0.918336
vt 0.933537 0.912021
vt 0.936568 0.906464
vt 0.934449 0.899133
vt 0.930696 0.910810
vt 0.932609 0.904623
vt 0.929108 0.897870
vt 0.926910 0.917334
vt 0.927694 0.910155
vt 0.928357 0.903871
vt 0.924019 0.903512
vt 0.923519 0.897817
vt 0.924629 0.910061
vt 0.918038 0.898760
vt 0.923633 0.917587
vt 0.921608 0.910624
vt 0.919825 0.904561
vt 0.915733 0.905954
vt 0.912942 0.900861
vt 0.918730 0.911738
vt 0.912127 0.908428
vt 0.908391 0.903850
vt 0.920699 0.919086
vt 0.916117 0.913403
vt 0.908842 0.911299
vt 0.904297 0.907520
vt 0.913879 0.915531
vt 0.906413 0.914935
vt 0.901320 0.912151
vt 0.918547 0.921567
vt 0.912092 0.918039
vt 0.899011 0.917085
vt 0.910875 0.920877
vt 0.904579 0.918930
vt 0.897697 0.922479
vt 0.917529 0.924700
vt 0.910211 0.923890
vt 0.903816 0.923194
vt 0.903467 0.927529
vt 0.897632 0.928043
vt 0.910152 0.926954
vt 0.898667 0.933501
vt 0.917767 0.927992
vt 0.910765 0.929984
vt 0.904552 0.931737
vt 0.906005 0.935807
vt 0.900805 0.938636
vt 0.911934 0.932865
vt 0.908462 0.939480
vt 0.903844 0.943193
vt 0.918429 0.929508
vt 0.913444 0.935583
vt 0.925956 0.925720
vt 0.921852 0.932984
vt 0.926612 0.933980
vt 0.932315 0.931072
vt 0.933892 0.928225
vt 0.934247 0.924992
vt 0.933340 0.921889
vt 0.931341 0.919329
vt 0.928500 0.917764
vt 0.925265 0.917384
vt 0.922140 0.918276
vt 0.919561 0.920271
vt 0.917955 0.923106
vt 0.917564 0.926350
vt 0.919365 0.930873
vt 0.972934 0.847573
vt 0.973280 0.844993
vt 0.974223 0.846712
vt 0.968500 0.842226
vt 0.972219 0.843005
vt 0.970244 0.844334
vt 0.886838 0.972284
vt 0.899797 0.973007
vt 0.896691 0.978922
vt 0.895318 0.961904
vt 0.906283 0.961080
vt 0.903074 0.967135
vt 0.975113 0.850181
vt 0.976566 0.851027
vt 0.976095 0.851353
vt 0.975058 0.848269
vt 0.974078 0.848945
vt 0.971699 0.846088
vt 0.882558 0.977579
vt 0.893864 0.984919
vt 0.891152 0.966991
vt 0.904179 0.951342
vt 0.899845 0.956471
vt 0.977273 0.852317
vt 0.977038 0.852478
vt 0.975837 0.849694
vt 0.909604 0.977175
vt 0.909635 0.955134
vt 0.913569 0.964263
vt 0.977095 0.850805
vt 0.977535 0.852206
vt 0.976638 0.849348
vt 0.975053 0.844231
vt 0.975643 0.846122
vt 0.970974 0.840625
vt 0.974407 0.842107
vt 0.907789 0.983419
vt 0.911695 0.970779
vt 0.976156 0.847801
vt 0.906134 0.989822
vt 0.920129 0.979218
vt 0.922156 0.959114
vt 0.921459 0.965760
vt 0.977813 0.852147
vt 0.977494 0.849165
vt 0.976943 0.843861
vt 0.977143 0.845832
vt 0.973658 0.839559
vt 0.976712 0.841635
vt 0.919448 0.985762
vt 0.920808 0.972387
vt 0.977655 0.850686
vt 0.977322 0.847556
vt 0.918974 0.992319
vt 0.930070 0.972651
vt 0.930728 0.979168
vt 0.929466 0.965888
vt 0.978228 0.850679
vt 0.978097 0.852145
vt 0.978511 0.847553
vt 0.978367 0.849162
vt 0.978664 0.845814
vt 0.976465 0.839022
vt 0.979071 0.841607
vt 0.931409 0.985915
vt 0.978857 0.843874
vt 0.931992 0.992319
vt 0.941090 0.977383
vt 0.935329 0.957910
vt 0.937242 0.964271
vt 0.978377 0.852197
vt 0.979677 0.847779
vt 0.979222 0.849329
vt 0.980166 0.846097
vt 0.982150 0.839518
vt 0.981376 0.842098
vt 0.943069 0.983682
vt 0.939117 0.970836
vt 0.978791 0.850789
vt 0.980732 0.844226
vt 0.945049 0.990147
vt 0.947709 0.967544
vt 0.950962 0.973439
vt 0.944690 0.961437
vt 0.979320 0.851006
vt 0.978640 0.852304
vt 0.980776 0.848228
vt 0.980028 0.849660
vt 0.981586 0.846669
vt 0.983547 0.842984
vt 0.953987 0.979197
vt 0.982515 0.844936
vt 0.957232 0.984939
vt 0.955465 0.962407
vt 0.959791 0.967526
vt 0.946844 0.951792
vt 0.951235 0.957014
vt 0.978878 0.852459
vt 0.981767 0.848883
vt 0.980750 0.850141
vt 0.982868 0.847511
vt 0.984799 0.840658
vt 0.985518 0.844261
vt 0.964002 0.972662
vt 0.979799 0.851318
vt 0.984104 0.846007
vt 0.968023 0.977689
vt 0.962121 0.955953
vt 0.967173 0.960114
vt 0.951551 0.947189
vt 0.956688 0.951452
vt 0.979081 0.852658
vt 0.981372 0.850746
vt 0.983967 0.848587
vt 0.989255 0.844209
vt 0.987175 0.845930
vt 0.972446 0.964404
vt 0.980205 0.851720
vt 0.982604 0.849720
vt 0.985440 0.847366
vt 0.977718 0.968664
vt 0.973152 0.951548
vt 0.961234 0.945134
vt 0.979241 0.852893
vt 0.983274 0.850695
vt 0.981855 0.851467
vt 0.986523 0.848933
vt 0.984820 0.849866
vt 0.988490 0.847883
vt 0.979030 0.954662
vt 0.967303 0.948297
vt 0.980528 0.852190
vt 0.984998 0.957471
vt 0.977271 0.941841
vt 0.955314 0.941777
vt 0.964390 0.937905
vt 0.980749 0.852716
vt 0.979352 0.853154
vt 0.982197 0.852262
vt 0.987278 0.850690
vt 0.985406 0.851276
vt 0.990840 0.846649
vt 0.989380 0.850047
vt 0.983485 0.943672
vt 0.970882 0.939787
vt 0.983739 0.851786
vt 0.989866 0.945310
vt 0.979325 0.931427
vt 0.959269 0.929402
vt 0.965895 0.930093
vt 0.979411 0.853432
vt 0.982377 0.853112
vt 0.987646 0.852563
vt 0.985697 0.852766
vt 0.991900 0.849301
vt 0.989852 0.852329
vt 0.985839 0.932119
vt 0.972515 0.930766
vt 0.980867 0.853274
vt 0.983983 0.852946
vt 0.992346 0.932575
vt 0.972758 0.921605
vt 0.979238 0.920953
vt 0.965994 0.922185
vt 0.980875 0.853845
vt 0.979413 0.853715
vt 0.982386 0.853979
vt 0.985722 0.854282
vt 0.992439 0.852077
vt 0.989886 0.854666
vt 0.985966 0.920244
vt 0.983986 0.854130
vt 0.987634 0.854458
vt 0.992346 0.919666
vt 0.977479 0.910701
vt 0.958068 0.916378
vt 0.964409 0.914480
vt 0.979361 0.853995
vt 0.982226 0.854833
vt 0.987298 0.856322
vt 0.985424 0.855768
vt 0.991969 0.857713
vt 0.989408 0.856954
vt 0.983760 0.908726
vt 0.970944 0.912638
vt 0.980767 0.854406
vt 0.983760 0.855288
vt 0.990191 0.906725
vt 0.967703 0.904144
vt 0.973579 0.900930
vt 0.961608 0.907121
vt 0.980551 0.854934
vt 0.979255 0.854257
vt 0.983318 0.856380
vt 0.981896 0.855637
vt 0.984867 0.857179
vt 0.988535 0.859112
vt 0.979319 0.897929
vt 0.986594 0.858095
vt 0.985030 0.894658
vt 0.962669 0.896463
vt 0.967725 0.892175
vt 0.952046 0.904942
vt 0.957268 0.900647
vt 0.979100 0.854495
vt 0.982670 0.857366
vt 0.981418 0.856358
vt 0.984037 0.858454
vt 0.990846 0.860347
vt 0.987274 0.861071
vt 0.972845 0.888023
vt 0.980241 0.855412
vt 0.985536 0.859676
vt 0.977852 0.883989
vt 0.956215 0.889890
vt 0.960381 0.884872
vt 0.947411 0.900307
vt 0.951699 0.895235
vt 0.978902 0.854699
vt 0.980817 0.856980
vt 0.982975 0.859550
vt 0.987336 0.864773
vt 0.985624 0.862719
vt 0.964680 0.879648
vt 0.979844 0.855820
vt 0.981842 0.858202
vt 0.984194 0.861007
vt 0.968953 0.874430
vt 0.951934 0.878950
vt 0.945417 0.890704
vt 0.979373 0.856141
vt 0.978668 0.854858
vt 0.980876 0.858874
vt 0.980101 0.857464
vt 0.982645 0.862088
vt 0.981709 0.860404
vt 0.983697 0.864030
vt 0.955085 0.873149
vt 0.948633 0.884716
vt 0.957954 0.867251
vt 0.942301 0.874833
vt 0.942053 0.896536
vt 0.938222 0.887524
vt 0.978848 0.856363
vt 0.978407 0.854970
vt 0.979308 0.857809
vt 0.980909 0.862847
vt 0.980313 0.860996
vt 0.984927 0.866348
vt 0.981560 0.864924
vt 0.944255 0.868716
vt 0.940161 0.881085
vt 0.979792 0.859344
vt 0.946065 0.862443
vt 0.931985 0.872731
vt 0.929668 0.892545
vt 0.930449 0.886009
vt 0.978129 0.855029
vt 0.978460 0.857993
vt 0.979057 0.863226
vt 0.978832 0.861309
vt 0.982313 0.867406
vt 0.979310 0.865409
vt 0.932846 0.866264
vt 0.931176 0.879294
vt 0.978292 0.856484
vt 0.978638 0.859579
vt 0.933719 0.859936
vt 0.921583 0.872552
vt 0.922496 0.885722
vt 0.977721 0.856494
vt 0.977846 0.855032
vt 0.977461 0.859606
vt 0.977594 0.858000
vt 0.977178 0.863245
vt 0.977321 0.861324
vt 0.979580 0.867953
vt 0.977004 0.865474
vt 0.921160 0.865861
vt 0.921957 0.879170
vt 0.921051 0.859362
vt 0.911245 0.874087
vt 0.916591 0.893575
vt 0.914715 0.887234
vt 0.977567 0.854981
vt 0.976741 0.857849
vt 0.975317 0.862937
vt 0.975840 0.861052
vt 0.974073 0.867545
vt 0.974727 0.865059
vt 0.909613 0.867735
vt 0.912928 0.880697
vt 0.977160 0.856388
vt 0.976301 0.859389
vt 0.908283 0.861316
vt 0.904347 0.883753
vt 0.901311 0.877755
vt 0.907257 0.889911
vt 0.976631 0.856175
vt 0.977304 0.854875
vt 0.975203 0.858957
vt 0.975935 0.857525
vt 0.974423 0.860517
vt 0.971430 0.866587
vt 0.972563 0.864228
vt 0.898596 0.871851
vt 0.973535 0.862264
vt 0.896051 0.865748
vt 0.896524 0.888693
vt 0.892381 0.883386
vt 0.904975 0.899477
vt 0.900655 0.894179
vt 0.977065 0.854720
vt 0.974208 0.858317
vt 0.975209 0.857051
vt 0.973131 0.859704
vt 0.968979 0.865126
vt 0.970572 0.863002
vt 0.888408 0.878007
vt 0.976150 0.855867
vt 0.971929 0.861231
vt 0.884747 0.872494
vt 0.889750 0.895063
vt 0.884845 0.890678
vt 0.900221 0.904055
vt 0.895115 0.899693
vt 0.975742 0.855467
vt 0.976862 0.854522
vt 0.974581 0.856452
vt 0.972011 0.858648
vt 0.966813 0.863171
vt 0.968853 0.861385
vt 0.879787 0.886102
vt 0.973360 0.857492
vt 0.970559 0.859903
vt 0.874777 0.881512
vt 0.878642 0.899218
vt 0.890453 0.905995
vt 0.976700 0.854288
vt 0.972675 0.856524
vt 0.974090 0.855734
vt 0.969434 0.858354
vt 0.971131 0.857380
vt 0.967466 0.859470
vt 0.872908 0.895855
vt 0.884404 0.902685
vt 0.975415 0.854998
vt 0.867347 0.892604
vt 0.874199 0.909012
vt 0.896411 0.909459
vt 0.887180 0.913209
vt 0.975191 0.854472
vt 0.976588 0.854027
vt 0.973738 0.854938
vt 0.968637 0.856597
vt 0.970515 0.855969
vt 0.963991 0.858169
vt 0.966520 0.857299
vt 0.868018 0.906913
vt 0.880601 0.911235
vt 0.972196 0.855433
vt 0.861836 0.904544
vt 0.871913 0.919521
vt 0.892270 0.921874
vt 0.885618 0.921070
vt 0.976529 0.853748
vt 0.973549 0.854084
vt 0.968235 0.854703
vt 0.970192 0.854463
vt 0.963275 0.855326
vt 0.966000 0.854982
vt 0.865320 0.918588
vt 0.878790 0.920288
vt 0.975068 0.853913
vt 0.971942 0.854269
vt 0.858584 0.917614
vt 0.878578 0.929570
vt 0.871924 0.930104
vt 0.885348 0.929060
vt 0.975058 0.853338
vt 0.976526 0.853464
vt 0.971918 0.853074
vt 0.973541 0.853210
vt 0.968212 0.852774
vt 0.970175 0.852925
vt 0.965908 0.852587
vt 0.865014 0.930643
vt 0.858540 0.931134
vt 0.873611 0.940541
vt 0.892280 0.928512
vt 0.886848 0.936862
vt 0.976577 0.853184
vt 0.973695 0.852349
vt 0.968541 0.850865
vt 0.970457 0.851414
vt 0.963733 0.849459
vt 0.966378 0.850231
vt 0.867256 0.942484
vt 0.880261 0.938685
vt 0.975165 0.852774
vt 0.972147 0.851902
vt 0.860755 0.944480
vt 0.883564 0.947337
vt 0.877612 0.950556
vt 0.893457 0.935024
vt 0.889718 0.944358
vt 0.975380 0.852243
vt 0.976684 0.852920
vt 0.972578 0.850789
vt 0.974024 0.851537
vt 0.971017 0.849981
vt 0.967265 0.848017
vt 0.871822 0.953597
vt 0.969252 0.849053
vt 0.866065 0.956870
vt 0.888742 0.955199
vt 0.883613 0.959523
vt 0.899459 0.946639
vt 0.894166 0.950992
vt 0.976839 0.852682
vt 0.973237 0.849790
vt 0.974506 0.850809
vt 0.971854 0.848686
vt 0.964893 0.846750
vt 0.968554 0.846014
vt 0.878454 0.963724
vt 0.975691 0.851761
vt 0.970328 0.847441
vt 0.873428 0.967793
vt 0.977971 0.853589
vt 0.895966 0.941083
vt 0.893847 0.915474
vt 0.910534 0.896052
vt 0.936024 0.894040
vt 0.955518 0.910411
vt 0.957780 0.935741
vt 0.941356 0.955315
vt 0.915729 0.957624
vt 0.057212 0.938803
vt 0.064416 0.936718
vt 0.060460 0.941688
vt 0.056792 0.946268
vt 0.052834 0.942489
vt 0.062248 0.934559
vt 0.068917 0.931031
vt 0.061268 0.949297
vt 0.066991 0.938387
vt 0.064029 0.944172
vt 0.066315 0.951424
vt 0.071804 0.932545
vt 0.069829 0.939531
vt 0.068072 0.945628
vt 0.072254 0.946698
vt 0.071766 0.952417
vt 0.072830 0.940101
vt 0.077314 0.952428
vt 0.075065 0.932822
vt 0.075882 0.940040
vt 0.076546 0.946375
vt 0.080780 0.945655
vt 0.082647 0.951185
vt 0.078883 0.939407
vt 0.084743 0.943837
vt 0.087629 0.949008
vt 0.078185 0.931830
vt 0.081698 0.938239
vt 0.088436 0.941549
vt 0.092251 0.946052
vt 0.084238 0.936507
vt 0.091425 0.938379
vt 0.095908 0.942002
vt 0.080712 0.929742
vt 0.086398 0.934307
vt 0.098984 0.937514
vt 0.088019 0.931679
vt 0.093863 0.934739
vt 0.101151 0.932447
vt 0.081567 0.928315
vt 0.089296 0.928881
vt 0.095363 0.930645
vt 0.096416 0.926416
vt 0.102144 0.926929
vt 0.082158 0.926775
vt 0.089829 0.925839
vt 0.102198 0.921354
vt 0.082507 0.923503
vt 0.089733 0.922743
vt 0.096107 0.922098
vt 0.095403 0.917834
vt 0.100966 0.915951
vt 0.089068 0.919716
vt 0.093604 0.913803
vt 0.098749 0.910947
vt 0.082105 0.921915
vt 0.088061 0.916794
vt 0.091293 0.910052
vt 0.095733 0.906312
vt 0.080540 0.919045
vt 0.086156 0.914360
vt 0.091750 0.902504
vt 0.084101 0.912048
vt 0.088036 0.907099
vt 0.087219 0.899454
vt 0.077978 0.917045
vt 0.081424 0.910537
vt 0.084396 0.904636
vt 0.082136 0.897299
vt 0.076492 0.916365
vt 0.078557 0.909365
vt 0.080342 0.903182
vt 0.076138 0.902099
vt 0.076685 0.896267
vt 0.075545 0.908749
vt 0.071121 0.896315
vt 0.073219 0.916065
vt 0.072473 0.908778
vt 0.071815 0.902401
vt 0.067548 0.903139
vt 0.065748 0.897585
vt 0.069444 0.909419
vt 0.063557 0.904961
vt 0.060803 0.899889
vt 0.070099 0.917092
vt 0.066611 0.910620
vt 0.056179 0.902822
vt 0.064088 0.912405
vt 0.059915 0.907371
vt 0.052483 0.906883
vt 0.067592 0.919215
vt 0.061953 0.914621
vt 0.057037 0.910627
vt 0.049498 0.911423
vt 0.060316 0.917238
vt 0.054576 0.914244
vt 0.047369 0.916533
vt 0.066111 0.922153
vt 0.059173 0.920093
vt 0.053136 0.918317
vt 0.052098 0.922535
vt 0.046422 0.922010
vt 0.058616 0.923118
vt 0.046462 0.927573
vt 0.065834 0.925421
vt 0.058695 0.926185
vt 0.052430 0.926843
vt 0.053159 0.931097
vt 0.047673 0.932945
vt 0.059326 0.929196
vt 0.054974 0.935078
vt 0.049845 0.937897
vt 0.066815 0.928536
vt 0.060506 0.932018
vt 0.067814 0.929831
vt 0.074142 0.924466
vt 0.070330 0.931857
vt 0.073428 0.932757
vt 0.076648 0.932412
vt 0.079512 0.930858
vt 0.082410 0.925145
vt 0.081416 0.920430
vt 0.079307 0.917984
vt 0.074865 0.916130
vt 0.071630 0.916494
vt 0.068783 0.918085
vt 0.066775 0.920652
vt 0.065897 0.923774
vt 0.066260 0.927001
vt 0.027180 0.846482
vt 0.029743 0.846354
vt 0.028244 0.847578
vt 0.031538 0.841251
vt 0.031480 0.844956
vt 0.029828 0.843308
vt 0.027873 0.963038
vt 0.040438 0.966189
vt 0.036215 0.971273
vt 0.038214 0.954650
vt 0.049014 0.955773
vt 0.044769 0.961115
vt 0.024052 0.850215
vt 0.025626 0.849676
vt 0.024449 0.850624
vt 0.026880 0.848668
vt 0.026049 0.847832
vt 0.028398 0.845023
vt 0.022589 0.967292
vt 0.032163 0.976257
vt 0.033146 0.958778
vt 0.048745 0.945921
vt 0.043629 0.950167
vt 0.023110 0.851337
vt 0.023308 0.851540
vt 0.025024 0.849055
vt 0.049202 0.972078
vt 0.053364 0.950584
vt 0.055497 0.960163
vt 0.024759 0.851102
vt 0.023463 0.851778
vt 0.026104 0.850398
vt 0.030802 0.847935
vt 0.029072 0.848852
vt 0.035056 0.845676
vt 0.032744 0.846915
vt 0.046148 0.977789
vt 0.052462 0.966234
vt 0.027532 0.849654
vt 0.042831 0.983485
vt 0.058996 0.975966
vt 0.064789 0.956603
vt 0.062860 0.962984
vt 0.023569 0.852041
vt 0.026432 0.851202
vt 0.031508 0.849709
vt 0.029634 0.850263
vt 0.036185 0.848313
vt 0.033620 0.849075
vt 0.056991 0.982274
vt 0.060989 0.969547
vt 0.024974 0.851629
vt 0.027963 0.850752
vt 0.054896 0.988707
vt 0.069226 0.977870
vt 0.070581 0.964558
vt 0.025083 0.852190
vt 0.023621 0.852320
vt 0.028192 0.851909
vt 0.026589 0.852055
vt 0.029932 0.851753
vt 0.034100 0.851367
vt 0.068499 0.984579
vt 0.070028 0.971270
vt 0.031845 0.851576
vt 0.067859 0.990937
vt 0.079728 0.977947
vt 0.077848 0.957818
vt 0.078551 0.964454
vt 0.023619 0.852604
vt 0.026588 0.852922
vt 0.031858 0.853474
vt 0.029907 0.853270
vt 0.036657 0.853961
vt 0.034066 0.853707
vt 0.080377 0.984483
vt 0.079146 0.971097
vt 0.025075 0.852762
vt 0.028190 0.853092
vt 0.080823 0.990998
vt 0.088168 0.969538
vt 0.090207 0.975938
vt 0.086355 0.962980
vt 0.024957 0.853319
vt 0.023560 0.852881
vt 0.027946 0.854250
vt 0.026407 0.853773
vt 0.029615 0.854761
vt 0.036115 0.856741
vt 0.033593 0.855992
vt 0.091997 0.982159
vt 0.031489 0.855348
vt 0.093625 0.988551
vt 0.096698 0.965930
vt 0.099930 0.971821
vt 0.090202 0.953903
vt 0.093527 0.959843
vt 0.023449 0.853143
vt 0.027482 0.855342
vt 0.026064 0.854569
vt 0.029028 0.856171
vt 0.035052 0.859395
vt 0.032700 0.858158
vt 0.103046 0.977714
vt 0.024736 0.853846
vt 0.030733 0.857106
vt 0.105849 0.983691
vt 0.104377 0.960793
vt 0.108533 0.965857
vt 0.095638 0.950195
vt 0.099896 0.955350
vt 0.024413 0.854316
vt 0.023289 0.853378
vt 0.025581 0.855290
vt 0.028175 0.857451
vt 0.033463 0.861835
vt 0.031383 0.860111
vt 0.112842 0.971129
vt 0.026812 0.856316
vt 0.029649 0.858673
vt 0.117098 0.976401
vt 0.116005 0.958439
vt 0.105479 0.949915
vt 0.024007 0.854718
vt 0.023086 0.853576
vt 0.025975 0.857153
vt 0.024958 0.855896
vt 0.028311 0.860031
vt 0.027075 0.858526
vt 0.029724 0.861780
vt 0.121144 0.962654
vt 0.110875 0.954122
vt 0.126159 0.966682
vt 0.121911 0.949590
vt 0.100238 0.945498
vt 0.109876 0.943332
vt 0.023528 0.855030
vt 0.022848 0.853731
vt 0.024236 0.856376
vt 0.026721 0.861101
vt 0.025793 0.859368
vt 0.029001 0.865382
vt 0.027752 0.863055
vt 0.127676 0.952626
vt 0.116003 0.946348
vt 0.024984 0.857808
vt 0.133435 0.955869
vt 0.125860 0.939715
vt 0.106314 0.933951
vt 0.112686 0.935902
vt 0.022585 0.853839
vt 0.023430 0.856707
vt 0.024937 0.861810
vt 0.024372 0.859939
vt 0.026350 0.866519
vt 0.025579 0.863938
vt 0.132177 0.941679
vt 0.119272 0.937783
vt 0.022999 0.855247
vt 0.023884 0.858257
vt 0.138657 0.943663
vt 0.121122 0.928734
vt 0.127653 0.929356
vt 0.114328 0.928123
vt 0.022437 0.855356
vt 0.022305 0.853890
vt 0.022575 0.856873
vt 0.023062 0.862160
vt 0.022871 0.860221
vt 0.023275 0.864426
vt 0.134419 0.930035
vt 0.022718 0.858482
vt 0.140835 0.930585
vt 0.127739 0.918780
vt 0.107614 0.920817
vt 0.114257 0.920138
vt 0.022021 0.853889
vt 0.021702 0.856871
vt 0.021149 0.862172
vt 0.021350 0.860202
vt 0.020667 0.867007
vt 0.020917 0.864397
vt 0.134278 0.918067
vt 0.120903 0.919479
vt 0.021863 0.855349
vt 0.021530 0.858479
vt 0.140835 0.917556
vt 0.119309 0.910340
vt 0.125699 0.908226
vt 0.112774 0.912220
vt 0.021303 0.855230
vt 0.021743 0.853830
vt 0.020365 0.858234
vt 0.020846 0.856688
vt 0.019851 0.859912
vt 0.017862 0.866467
vt 0.018614 0.863923
vt 0.131936 0.906379
vt 0.019260 0.861801
vt 0.138336 0.904707
vt 0.115645 0.901724
vt 0.121520 0.898430
vt 0.103634 0.908324
vt 0.109576 0.904936
vt 0.021481 0.853719
vt 0.019267 0.857766
vt 0.020046 0.856341
vt 0.018432 0.859321
vt 0.015183 0.865400
vt 0.016428 0.863024
vt 0.127431 0.895286
vt 0.020775 0.855008
vt 0.017489 0.861039
vt 0.133432 0.892437
vt 0.110462 0.893965
vt 0.115522 0.889765
vt 0.099874 0.902849
vt 0.105022 0.898523
vt 0.020303 0.854683
vt 0.021246 0.853558
vt 0.019322 0.855854
vt 0.017144 0.858461
vt 0.012716 0.863800
vt 0.014456 0.861696
vt 0.120807 0.885419
vt 0.018288 0.857090
vt 0.015909 0.859945
vt 0.126094 0.881135
vt 0.108072 0.882252
vt 0.099555 0.892839
vt 0.021047 0.853355
vt 0.017448 0.856246
vt 0.018715 0.855227
vt 0.014540 0.858593
vt 0.016063 0.857350
vt 0.012770 0.860019
vt 0.112282 0.877084
vt 0.103757 0.887397
vt 0.019900 0.854275
vt 0.116315 0.872014
vt 0.099157 0.876244
vt 0.095199 0.898112
vt 0.092953 0.888356
vt 0.019589 0.853793
vt 0.020892 0.853116
vt 0.018232 0.854499
vt 0.013465 0.856983
vt 0.015221 0.856055
vt 0.009117 0.859287
vt 0.011483 0.858020
vt 0.102173 0.870442
vt 0.095946 0.882186
vt 0.016793 0.855247
vt 0.105407 0.864661
vt 0.089155 0.872257
vt 0.083677 0.892093
vt 0.085489 0.885488
vt 0.020785 0.852852
vt 0.017901 0.853688
vt 0.012759 0.855176
vt 0.014657 0.854620
vt 0.007956 0.856588
vt 0.010596 0.855812
vt 0.091085 0.865894
vt 0.087314 0.878891
vt 0.019373 0.853262
vt 0.016349 0.854140
vt 0.093039 0.859361
vt 0.078243 0.877204
vt 0.078733 0.870532
vt 0.077153 0.890914
vt 0.077720 0.883973
vt 0.019266 0.852698
vt 0.020734 0.852572
vt 0.016126 0.852966
vt 0.017745 0.852826
vt 0.012419 0.853273
vt 0.014395 0.853110
vt 0.010120 0.853461
vt 0.079263 0.863626
vt 0.079726 0.857150
vt 0.068207 0.870503
vt 0.070534 0.890891
vt 0.069762 0.884234
vt 0.020737 0.852287
vt 0.016149 0.851772
vt 0.017761 0.851952
vt 0.014404 0.851577
vt 0.007481 0.850726
vt 0.010208 0.851065
vt 0.067247 0.863923
vt 0.069013 0.877381
vt 0.019277 0.852124
vt 0.012443 0.851341
vt 0.066247 0.857190
vt 0.059988 0.879162
vt 0.057726 0.872776
vt 0.061940 0.885730
vt 0.019399 0.851565
vt 0.020796 0.852010
vt 0.016404 0.850606
vt 0.017948 0.851099
vt 0.014724 0.850072
vt 0.010725 0.848746
vt 0.055606 0.866595
vt 0.012844 0.849446
vt 0.053223 0.860424
vt 0.051467 0.882941
vt 0.048005 0.877181
vt 0.058161 0.894961
vt 0.054769 0.888990
vt 0.020908 0.851748
vt 0.016882 0.849515
vt 0.018299 0.850304
vt 0.015339 0.848660
vt 0.008192 0.847879
vt 0.011670 0.846573
vt 0.044624 0.871452
vt 0.019623 0.851039
vt 0.013640 0.847687
vt 0.041333 0.865901
vt 0.043826 0.888251
vt 0.039455 0.883345
vt 0.052767 0.898728
vt 0.048441 0.893607
vt 0.019950 0.850570
vt 0.021069 0.851514
vt 0.018789 0.849586
vt 0.016217 0.847391
vt 0.011013 0.842870
vt 0.013056 0.844655
vt 0.034889 0.878286
vt 0.017567 0.848546
vt 0.014764 0.846136
vt 0.030298 0.873276
vt 0.032189 0.890830
vt 0.042918 0.899096
vt 0.021273 0.851316
vt 0.018414 0.847720
vt 0.019417 0.848987
vt 0.016133 0.844807
vt 0.017337 0.846334
vt 0.014775 0.843037
vt 0.026830 0.886838
vt 0.037473 0.894971
vt 0.020358 0.850170
vt 0.021321 0.883155
vt 0.026550 0.899707
vt 0.048138 0.903424
vt 0.038616 0.905704
vt 0.020838 0.849861
vt 0.021511 0.851161
vt 0.020142 0.848513
vt 0.017739 0.843774
vt 0.018628 0.845520
vt 0.013181 0.840912
vt 0.016766 0.841809
vt 0.020676 0.896936
vt 0.032516 0.902765
vt 0.019411 0.847079
vt 0.014599 0.894342
vt 0.022862 0.909613
vt 0.042214 0.915024
vt 0.035854 0.913164
vt 0.021774 0.851055
vt 0.020947 0.848191
vt 0.019520 0.843099
vt 0.020045 0.844983
vt 0.015633 0.839451
vt 0.018930 0.840978
vt 0.016530 0.907880
vt 0.029460 0.911391
vt 0.021367 0.849648
vt 0.020509 0.846645
vt 0.010159 0.906416
vt 0.027740 0.920329
vt 0.021155 0.919908
vt 0.034395 0.920993
vt 0.021928 0.849542
vt 0.022053 0.851004
vt 0.021799 0.848031
vt 0.021526 0.844711
vt 0.018275 0.838493
vt 0.021205 0.840562
vt 0.014498 0.919393
vt 0.021669 0.846427
vt 0.021381 0.842790
vt 0.008135 0.918962
vt 0.027802 0.929537
vt 0.021185 0.930314
vt 0.041125 0.928158
vt 0.034557 0.928894
vt 0.022337 0.851007
vt 0.022667 0.848040
vt 0.023034 0.844726
vt 0.023778 0.838082
vt 0.023510 0.840625
vt 0.014676 0.931069
vt 0.022499 0.849552
vt 0.022848 0.846449
vt 0.023259 0.842808
vt 0.008162 0.931635
vt 0.029533 0.938533
vt 0.023194 0.940613
vt 0.036012 0.936678
vt 0.023056 0.849672
vt 0.022614 0.851066
vt 0.023999 0.846696
vt 0.023515 0.848225
vt 0.024516 0.845035
vt 0.026509 0.838625
vt 0.025760 0.841108
vt 0.016991 0.942492
vt 0.025111 0.843185
vt 0.010609 0.944182
vt 0.033117 0.947005
vt 0.027275 0.950255
vt 0.045025 0.940497
vt 0.039148 0.943843
vt 0.022875 0.851177
vt 0.025083 0.847162
vt 0.024308 0.848571
vt 0.025914 0.845628
vt 0.029125 0.839679
vt 0.027898 0.841999
vt 0.021387 0.953362
vt 0.023580 0.849894
vt 0.026848 0.843943
vt 0.015406 0.956203
vt 0.022179 0.852447
vt 0.042583 0.934489
vt 0.044732 0.908981
vt 0.064153 0.892427
vt 0.089692 0.894632
vt 0.106146 0.914403
vt 0.103741 0.939990
vt 0.084203 0.956330
vt 0.058833 0.954045
vt 0.986328 0.333984
vt 0.483537 0.409555
vt 0.986328 0.009766
vt 0.107422 0.009766
vt 0.928788 0.958957
vt 0.979307 0.839033
vt 0.987145 0.842241
vt 0.959088 0.922854
vt 0.992439 0.854891
vt 0.989281 0.862679
vt 0.923091 0.892611
vt 0.976815 0.867973
vt 0.965194 0.860763
vt 0.963256 0.852378
vt 0.966503 0.844363
vt 0.033487 0.843344
vt 0.071271 0.957636
vt 0.036657 0.851141
vt 0.031349 0.863802
vt 0.107376 0.927434
vt 0.023507 0.867001
vt 0.010724 0.861667
vt 0.007470 0.853676
vt 0.009395 0.845280
vt 0.041240 0.921575
vt 0.021015 0.838064
vt 0.411228 0.944603
vt 0.416504 0.965150
vt 0.415415 0.965255
vt 0.412293 0.944366
vt 0.418792 0.964734
vt 0.414606 0.943862
vt 0.424386 0.963615
vt 0.420414 0.942646
vt 0.431384 0.962111
vt 0.428010 0.941162
vt 0.438999 0.960614
vt 0.436659 0.939794
vt 0.445802 0.959703
vt 0.444585 0.939007
vt 0.453507 0.959312
vt 0.453541 0.938836
vt 0.462532 0.939057
vt 0.461254 0.959815
vt 0.470603 0.939861
vt 0.468255 0.960693
vt 0.479326 0.941218
vt 0.475979 0.962141
vt 0.486973 0.942696
vt 0.483014 0.963641
vt 0.492812 0.943918
vt 0.488615 0.964784
vt 0.495164 0.944433
vt 0.490930 0.965228
vt 0.496247 0.944676
vt 0.492031 0.965351
vt 0.411073 0.993398
vt 0.409446 0.972852
vt 0.410528 0.972829
vt 0.412169 0.993359
vt 0.412849 0.972578
vt 0.414551 0.993234
vt 0.418767 0.971914
vt 0.420521 0.992772
vt 0.426651 0.971053
vt 0.428262 0.992097
vt 0.435775 0.970335
vt 0.436931 0.991494
vt 0.444197 0.969991
vt 0.444745 0.991209
vt 0.453592 0.970034
vt 0.453547 0.991194
vt 0.462392 0.991270
vt 0.462994 0.970102
vt 0.470391 0.991577
vt 0.471534 0.970438
vt 0.479152 0.992164
vt 0.480720 0.971115
vt 0.486939 0.992812
vt 0.488657 0.971936
vt 0.492933 0.993260
vt 0.494611 0.972576
vt 0.495352 0.993385
vt 0.496968 0.972839
vt 0.496467 0.993424
vt 0.498065 0.972877
vt 0.584359 0.965275
vt 0.583270 0.965170
vt 0.588552 0.944625
vt 0.587487 0.944387
vt 0.580982 0.964754
vt 0.585174 0.943882
vt 0.575389 0.963633
vt 0.579366 0.942665
vt 0.568391 0.962127
vt 0.571770 0.941179
vt 0.560777 0.960628
vt 0.563123 0.939808
vt 0.553974 0.959715
vt 0.555197 0.939019
vt 0.546269 0.959322
vt 0.546240 0.938845
vt 0.537250 0.939064
vt 0.538522 0.959822
vt 0.529178 0.939866
vt 0.531520 0.960698
vt 0.520455 0.941221
vt 0.523796 0.962145
vt 0.512807 0.942696
vt 0.516761 0.963643
vt 0.506968 0.943917
vt 0.511159 0.964784
vt 0.504616 0.944431
vt 0.508845 0.965227
vt 0.503533 0.944674
vt 0.507743 0.965351
vt 0.588694 0.993420
vt 0.589244 0.972851
vt 0.590326 0.972874
vt 0.587598 0.993380
vt 0.586923 0.972599
vt 0.585216 0.993254
vt 0.581006 0.971934
vt 0.579245 0.992791
vt 0.573121 0.971070
vt 0.571504 0.992114
vt 0.563998 0.970350
vt 0.562836 0.991508
vt 0.555575 0.970003
vt 0.555022 0.991222
vt 0.546180 0.970043
vt 0.546220 0.991203
vt 0.537375 0.991277
vt 0.536779 0.970109
vt 0.529376 0.991582
vt 0.528239 0.970443
vt 0.520615 0.992166
vt 0.519053 0.971117
vt 0.512828 0.992813
vt 0.511116 0.971936
vt 0.506833 0.993259
vt 0.505161 0.972574
vt 0.504414 0.993383
vt 0.502805 0.972837
vt 0.503300 0.993422
vt 0.501707 0.972874
#tongue
vt 0.232134 0.985008
vt 0.231140 0.981673
vt 0.238848 0.979814
vt 0.240031 0.982892
vt 0.229793 0.977156
vt 0.237228 0.975707
vt 0.243790 0.973734
vt 0.245762 0.977270
vt 0.247277 0.980010
vt 0.769267 0.978645
vt 0.768555 0.983281
vt 0.760854 0.982037
vt 0.761845 0.977784
vt 0.768002 0.986780
vt 0.760089 0.985284
vt 0.752829 0.983276
vt 0.753903 0.980308
vt 0.755206 0.976518
vt 0.214742 0.988473
vt 0.213622 0.984262
vt 0.222651 0.982954
vt 0.223642 0.986679
vt 0.212505 0.978843
vt 0.221452 0.978014
vt 0.786275 0.979499
vt 0.785902 0.985146
vt 0.776945 0.984233
vt 0.777460 0.979118
vt 0.785325 0.989631
vt 0.776451 0.988164
vt 0.196001 0.993546
vt 0.194697 0.987907
vt 0.204098 0.986112
vt 0.205392 0.990865
vt 0.194005 0.981163
vt 0.203091 0.980124
vt 0.804968 0.979965
vt 0.805027 0.986759
vt 0.795477 0.986103
vt 0.795689 0.979940
vt 0.804247 0.992712
vt 0.794767 0.991194
vt 0.178328 0.980873
vt 0.185986 0.981155
vt 0.186047 0.988688
vt 0.177401 0.988862
vt 0.186901 0.995674
vt 0.177126 0.996938
vt 0.822921 0.994891
vt 0.813305 0.994058
vt 0.813837 0.986744
vt 0.822794 0.986495
vt 0.813258 0.979143
vt 0.821463 0.978449
vt 0.161699 0.980188
vt 0.170407 0.980727
vt 0.168184 0.988443
vt 0.158102 0.986678
vt 0.166034 0.996501
vt 0.153994 0.993394
vt 0.844816 0.992371
vt 0.833530 0.994706
vt 0.832736 0.986247
vt 0.842891 0.984607
vt 0.830571 0.978491
vt 0.839628 0.977775
vt 0.144285 0.974656
vt 0.151886 0.978104
vt 0.147361 0.982107
vt 0.139698 0.976899
vt 0.142311 0.986442
vt 0.137134 0.980691
vt 0.134454 0.961144
vt 0.139245 0.970907
vt 0.133766 0.974250
vt 0.864001 0.975931
vt 0.858353 0.970829
vt 0.863967 0.962700
vt 0.860787 0.982090
vt 0.858506 0.977430
vt 0.853103 0.973780
vt 0.855765 0.986868
vt 0.852059 0.980801
vt 0.847375 0.975697
vt 0.741837 0.976659
vt 0.743819 0.974654
vt 0.747817 0.978030
vt 0.746484 0.980522
vt 0.746325 0.973206
vt 0.749356 0.974897
vt 0.253732 0.968288
vt 0.256265 0.969993
vt 0.251758 0.973938
vt 0.249484 0.971272
vt 0.258707 0.971234
vt 0.253658 0.976017
vt 0.256764 0.962961
vt 0.260071 0.962907
vt 0.259062 0.966060
vt 0.256226 0.965491
vt 0.263978 0.962447
vt 0.262264 0.966483
vt 0.254208 0.956859
vt 0.256616 0.955620
vt 0.259237 0.959710
vt 0.256191 0.960262
vt 0.258689 0.954535
vt 0.261620 0.959115
vt 0.253566 0.964454
vt 0.253073 0.962831
vt 0.250892 0.965741
vt 0.249280 0.963215
vt 0.248932 0.959697
vt 0.251444 0.958523
vt 0.252719 0.960921
vt 0.249053 0.961436
vt 0.244911 0.950728
vt 0.246807 0.947912
vt 0.252421 0.951476
vt 0.250336 0.953513
vt 0.248412 0.945407
vt 0.254257 0.949646
vt 0.246619 0.967139
vt 0.244810 0.963307
vt 0.241135 0.968271
vt 0.239529 0.963352
vt 0.240768 0.957864
vt 0.242665 0.954286
vt 0.247924 0.956146
vt 0.245958 0.958894
vt 0.244790 0.961230
vt 0.239613 0.960868
vt 0.231545 0.946324
vt 0.233087 0.942532
vt 0.240301 0.945037
vt 0.238601 0.948408
vt 0.234399 0.939313
vt 0.241713 0.942103
vt 0.234940 0.969212
vt 0.233568 0.963413
vt 0.227903 0.969903
vt 0.226787 0.963408
vt 0.227933 0.956202
vt 0.229644 0.951279
vt 0.236524 0.952715
vt 0.234726 0.957021
vt 0.233660 0.960591
vt 0.226897 0.960205
vt 0.215417 0.942462
vt 0.216603 0.937854
vt 0.225153 0.940119
vt 0.223774 0.944273
vt 0.217806 0.933995
vt 0.226420 0.936666
vt 0.219943 0.970194
vt 0.219122 0.963148
vt 0.211375 0.970468
vt 0.210873 0.962868
vt 0.212798 0.954257
vt 0.214128 0.948540
vt 0.222147 0.949830
vt 0.220597 0.955208
vt 0.219450 0.959424
vt 0.211521 0.958642
vt 0.197654 0.941180
vt 0.198181 0.935246
vt 0.207543 0.936088
vt 0.206638 0.941308
vt 0.198812 0.929583
vt 0.208547 0.931454
vt 0.202462 0.971034
vt 0.202303 0.962789
vt 0.193998 0.971492
vt 0.194062 0.962867
vt 0.196138 0.953754
vt 0.197006 0.947773
vt 0.205641 0.947691
vt 0.204481 0.953614
vt 0.203158 0.958225
vt 0.194962 0.958345
vt 0.177450 0.928814
vt 0.188337 0.928426
vt 0.188147 0.935558
vt 0.178017 0.937476
vt 0.188134 0.942490
vt 0.178706 0.945357
vt 0.179906 0.964735
vt 0.186768 0.963589
vt 0.186549 0.971681
vt 0.179459 0.971980
vt 0.187381 0.959469
vt 0.188053 0.955277
vt 0.180284 0.961148
vt 0.180371 0.957493
vt 0.188246 0.949418
vt 0.179735 0.952180
vt 0.162533 0.954719
vt 0.154977 0.960477
vt 0.149888 0.954016
vt 0.159564 0.946125
vt 0.150044 0.964474
vt 0.144575 0.963339
vt 0.143220 0.946262
vt 0.155873 0.935854
vt 0.167163 0.930941
vt 0.168818 0.940966
vt 0.170324 0.949652
vt 0.166132 0.967922
vt 0.173058 0.966214
vt 0.172216 0.972634
vt 0.164456 0.973391
vt 0.153525 0.970339
vt 0.148822 0.972682
vt 0.145055 0.969738
vt 0.150886 0.968340
vt 0.172058 0.955750
vt 0.164836 0.959753
vt 0.173242 0.959980
vt 0.166285 0.962777
vt 0.167165 0.965139
vt 0.161510 0.967179
vt 0.159049 0.966439
vt 0.158865 0.969765
vt 0.155729 0.973634
vt 0.157376 0.964269
vt 0.173478 0.963100
vt 0.739435 0.967095
vt 0.738243 0.962212
vt 0.739848 0.962125
vt 0.741280 0.963887
vt 0.739745 0.957657
vt 0.741422 0.958858
vt 0.743042 0.960470
vt 0.747739 0.966741
vt 0.746587 0.969924
vt 0.742988 0.970439
vt 0.743672 0.967060
vt 0.739840 0.971864
vt 0.744119 0.964810
vt 0.747679 0.964956
vt 0.745285 0.962223
vt 0.747713 0.963217
vt 0.757702 0.966138
vt 0.756828 0.970890
vt 0.751199 0.970298
vt 0.752371 0.966442
vt 0.745105 0.955124
vt 0.746874 0.957173
vt 0.743451 0.953184
vt 0.748979 0.949161
vt 0.750519 0.951620
vt 0.752184 0.954281
vt 0.755751 0.960777
vt 0.757191 0.963773
vt 0.752004 0.964476
vt 0.750591 0.962182
vt 0.748815 0.959653
vt 0.754022 0.957506
vt 0.770269 0.965317
vt 0.770105 0.971492
vt 0.763099 0.971310
vt 0.763624 0.965793
vt 0.756838 0.948564
vt 0.758331 0.951704
vt 0.755452 0.945703
vt 0.762505 0.942472
vt 0.763806 0.945627
vt 0.765146 0.949164
vt 0.768016 0.957991
vt 0.769491 0.962116
vt 0.762989 0.963044
vt 0.761555 0.959426
vt 0.759963 0.955529
vt 0.766561 0.953542
vt 0.785561 0.963777
vt 0.786225 0.971177
vt 0.777872 0.971348
vt 0.777651 0.964542
vt 0.771363 0.942420
vt 0.772574 0.946360
vt 0.770105 0.939002
vt 0.778373 0.935474
vt 0.779574 0.939326
vt 0.780596 0.943779
vt 0.782430 0.954731
vt 0.784113 0.959416
vt 0.776613 0.960772
vt 0.775048 0.956322
vt 0.773751 0.951366
vt 0.781390 0.949386
vt 0.801854 0.963119
vt 0.803603 0.971090
vt 0.795038 0.971188
vt 0.793819 0.963283
vt 0.788487 0.937026
vt 0.789127 0.942146
vt 0.787456 0.932400
vt 0.797263 0.930084
vt 0.797839 0.935992
vt 0.797917 0.942013
vt 0.797928 0.953428
vt 0.799736 0.958148
vt 0.791850 0.958444
vt 0.789988 0.953613
vt 0.789320 0.948127
vt 0.797598 0.948067
vt 0.811285 0.970623
vt 0.818776 0.970574
vt 0.809415 0.963264
vt 0.816674 0.963989
vt 0.815989 0.946215
vt 0.807086 0.943563
vt 0.807572 0.936616
vt 0.817219 0.938523
vt 0.807873 0.929199
vt 0.818867 0.929787
vt 0.815324 0.956258
vt 0.815626 0.960040
vt 0.807843 0.958787
vt 0.806744 0.954505
vt 0.806639 0.949554
vt 0.815441 0.951900
vt 0.841463 0.936687
vt 0.855246 0.947018
vt 0.847366 0.952651
vt 0.836108 0.945251
vt 0.853369 0.962471
vt 0.847050 0.961883
vt 0.841776 0.957712
vt 0.832744 0.952502
vt 0.826774 0.971233
vt 0.834707 0.971518
vt 0.823797 0.965226
vt 0.830692 0.966302
vt 0.824268 0.949044
vt 0.826250 0.941212
vt 0.829456 0.931947
vt 0.851639 0.968173
vt 0.845179 0.965478
vt 0.847294 0.970316
vt 0.841674 0.967159
vt 0.823139 0.954416
vt 0.822695 0.958238
vt 0.830681 0.957218
vt 0.829487 0.960433
vt 0.841790 0.971064
vt 0.837016 0.967085
vt 0.833969 0.964525
vt 0.836188 0.963523
vt 0.828918 0.963149
vt 0.838501 0.961293
vt 0.822718 0.961594
s off
f 4/1 2/2 1/3
f 8/4 6/5 5/6
f 13/7 15/8 14/9
f 17/10 19/11 18/12
f 32/13 30/14 29/15
f 36/16 34/17 33/18
f 37/19 39/20 38/21
f 21/22 23/23 20/24
f 25/25 27/26 24/27
f 41/28 43/29 42/30
f 48/31 46/32 45/33
f 52/34 50/35 49/36
f 53/37 55/38 54/39
f 60/40 58/41 57/42
f 29/15 62/43 61/44
f 66/45 64/46 63/47
f 67/48 6/5 68/49
f 72/50 70/51 69/52
f 76/53 74/54 73/55
f 77/56 79/57 78/58
f 81/59 83/60 82/61
f 59/62 86/63 85/64
f 88/65 90/66 89/67
f 96/68 94/69 93/70
f 100/71 98/72 97/73
f 101/74 103/75 102/76
f 106/77 34/17 87/78
f 108/79 115/80 107/81
f 117/82 36/16 118/83
f 124/84 126/85 125/86
f 131/87 129/88 128/89
f 132/90 134/91 133/92
f 142/93 140/94 139/95
f 148/96 60/40 147/97
f 144/98 127/99 124/84
f 149/100 151/101 150/102
f 156/103 154/104 153/105
f 159/106 158/107 157/108
f 116/109 164/110 105/111
f 171/112 169/113 168/114
f 174/115 173/116 172/117
f 179/118 181/119 180/120
f 186/121 188/122 187/123
f 194/124 196/125 195/126
f 199/127 139/95 198/128
f 206/129 208/130 207/131
f 213/132 211/133 210/134
f 202/135 214/136 201/137
f 96/68 216/138 54/39
f 92/139 43/29 44/140
f 97/73 246/141 100/71
f 250/142 229/143 228/144
f 252/145 58/41 253/146
f 258/147 256/148 255/149
f 260/150 229/143 259/151
f 110/152 112/153 113/154
f 114/155 263/156 109/157
f 265/158 267/159 266/160
f 56/161 270/162 269/163
f 274/164 249/165 250/142
f 185/166 63/47 64/46
f 280/167 278/168 276/169
f 285/170 283/171 157/108
f 288/172 211/133 212/173
f 141/174 92/139 46/32
f 289/175 175/176 176/177
f 148/96 105/111 106/77
f 312/178 170/179 171/112
f 238/180 42/30 43/29
f 318/181 160/182 317/183
f 310/184 308/185 307/186
f 241/187 325/188 324/189
f 160/182 240/190 317/183
f 47/191 307/186 308/185
f 108/79 315/192 164/110
f 345/193 86/63 119/194
f 348/195 350/196 349/197
f 356/198 358/199 357/200
f 355/201 353/202 352/203
f 363/204 32/13 362/205
f 149/100 150/102 176/177
f 364/206 253/146 365/207
f 366/208 368/209 367/210
f 183/211 371/212 63/47
f 163/213 161/214 160/182
f 209/215 101/74 208/130
f 378/216 165/217 166/218
f 379/219 381/220 380/221
f 383/222 3/223 4/1
f 284/224 386/225 385/226
f 387/227 389/228 388/229
f 391/230 229/143 249/165
f 73/55 397/231 396/232
f 405/233 407/234 406/235
f 203/236 411/237 410/238
f 414/239 413/240 412/241
f 1/3 357/200 4/1
f 277/242 131/87 275/243
f 254/244 57/42 58/41
f 358/199 415/245 351/246
f 417/247 386/225 408/248
f 401/249 192/250 420/251
f 419/252 127/99 143/253
f 421/254 182/255 422/256
f 103/75 302/257 409/258
f 428/259 368/209 174/115
f 380/221 359/260 356/198
f 62/43 266/160 323/261
f 140/94 431/262 430/263
f 357/200 351/246 348/195
f 356/198 379/219 380/221
f 415/245 403/264 434/265
f 437/266 436/267 435/268
f 438/269 440/270 439/271
f 188/122 450/272 449/273
f 452/274 454/275 453/276
f 265/158 181/119 421/254
f 224/277 64/46 225/278
f 237/279 213/132 427/280
f 275/243 128/89 458/281
f 281/282 460/283 459/284
f 50/35 79/57 461/285
f 73/55 282/286 281/282
f 468/287 466/288 465/289
f 390/290 352/203 359/260
f 482/291 484/292 483/293
f 489/294 487/295 486/296
f 493/297 495/298 494/299
f 472/300 470/301 469/302
f 502/303 500/304 499/305
f 220/306 222/307 223/308
f 512/309 143/253 66/45
f 518/310 511/311 80/312
f 513/313 230/314 286/315
f 205/316 31/317 244/318
f 189/319 451/320 188/122
f 163/213 532/321 8/4
f 533/322 225/278 251/323
f 446/324 447/325 412/241
f 335/326 540/327 334/328
f 544/329 546/330 545/331
f 329/332 291/333 292/334
f 199/127 262/335 238/180
f 385/226 416/336 550/337
f 532/321 191/338 247/339
f 363/204 118/83 243/340
f 236/341 237/279 250/142
f 578/342 580/343 579/344
f 573/345 571/346 570/347
f 561/348 562/349 272/350
f 241/187 259/151 240/190
f 590/351 592/352 591/353
f 545/331 595/354 594/355
f 503/356 155/357 504/358
f 606/359 624/360 623/361
f 478/362 480/363 479/364
f 646/365 648/366 647/367
f 590/351 689/368 684/369
f 564/370 651/371 650/372
f 728/373 184/374 727/375
f 714/376 716/377 715/378
f 692/379 575/380 693/381
f 541/382 581/383 578/342
f 346/384 248/385 400/386
f 161/214 230/314 160/182
f 128/89 94/69 95/387
f 698/388 704/389 703/390
f 574/391 576/392 575/380
f 290/393 401/249 328/394
f 630/395 725/396 726/397
f 733/398 735/399 734/400
f 755/401 496/402 493/297
f 759/403 481/404 760/405
f 757/406 762/407 761/408
f 764/409 466/288 467/410
f 768/411 3808/412 3809/413
f 759/403 488/414 489/294
f 492/415 475/416 771/417
f 474/418 769/419 473/420
f 773/421 465/289 772/422
f 771/417 486/296 483/293
f 484/292 775/423 491/424
f 774/425 489/294 486/296
f 495/298 764/409 756/426
f 495/298 761/408 494/299
f 137/427 784/428 136/429
f 325/188 797/430 547/431
f 165/217 51/432 52/34
f 369/433 29/15 370/434
f 730/435 568/436 569/437
f 90/66 301/438 89/67
f 243/340 516/439 242/440
f 800/441 806/442 805/443
f 817/444 808/445 816/446
f 816/446 823/447 822/448
f 306/449 447/325 807/450
f 815/451 809/452 808/445
f 829/453 828/454 825/455
f 726/397 501/456 502/303
f 274/164 424/457 423/458
f 879/459 881/460 880/461
f 884/462 879/459 885/463
f 219/464 217/465 211/133
f 906/466 904/467 897/468
f 455/469 205/316 542/470
f 898/471 830/472 829/453
f 903/473 880/461 881/460
f 906/466 897/468 898/471
f 377/474 519/475 165/217
f 923/476 948/477 946/478
f 946/478 951/479 950/480
f 3519/481 739/482 3517/483
f 900/484 886/485 880/461
f 225/278 65/486 144/98
f 182/255 442/487 422/256
f 809/452 947/488 824/489
f 954/490 962/491 961/492
f 927/493 965/494 966/495
f 885/463 880/461 886/485
f 925/496 966/495 967/497
f 343/498 341/499 340/500
f 965/494 971/501 968/502
f 968/502 970/503 969/504
f 972/505 969/504 973/506
f 963/507 981/508 978/509
f 336/510 338/511 339/512
f 992/513 827/514 828/454
f 810/515 996/516 959/517
f 1007/518 1002/519 1008/520
f 1012/521 827/514 1009/522
f 1011/523 1007/518 1008/520
f 294/524 292/334 291/333
f 907/525 920/526 919/527
f 1017/528 1019/529 1018/530
f 1020/531 1022/532 1021/533
f 1035/534 1020/531 1044/535
f 1061/536 1047/537 1046/538
f 1063/539 1046/538 1062/540
f 1044/535 1021/533 1045/541
f 1102/542 1097/543 1109/544
f 1116/545 1118/546 1117/547
f 1016/548 1014/549 1013/550
f 881/460 904/467 903/473
f 816/446 1127/551 817/444
f 1094/552 949/553 1097/543
f 514/554 167/555 515/556
f 146/557 81/59 82/61
f 1133/558 1130/559 1129/560
f 1102/542 1126/561 822/448
f 822/448 1116/545 816/446
f 1145/562 1148/563 1136/564
f 1076/565 1151/566 1069/567
f 1148/563 1086/568 1087/569
f 1109/544 1114/570 1136/564
f 1154/571 1156/572 1155/573
f 1153/574 967/497 1156/572
f 3464/575 463/576 3714/577
f 1144/578 1152/579 1151/566
f 1156/572 1163/580 1162/581
f 1164/582 1169/583 1165/584
f 1145/562 1176/585 1147/586
f 1114/570 1154/571 1171/587
f 1183/588 1164/582 1177/589
f 1184/590 1177/589 1185/591
f 1069/567 1062/540 1064/592
f 1023/593 1194/594 1022/532
f 1162/581 1170/595 1169/583
f 1195/596 1185/591 1191/597
f 1183/588 1176/585 1155/573
f 1201/598 1152/579 1196/599
f 1061/536 1201/598 1202/600
f 3825/601 843/602 3836/603
f 1203/604 1195/596 1034/605
f 1202/600 1184/590 1195/596
f 1218/606 1203/604 1217/607
f 1060/608 1202/600 1203/604
f 1225/609 1217/607 1219/610
f 671/611 694/612 670/613
f 1219/610 1024/614 1035/534
f 1217/607 1034/605 1024/614
f 1226/615 1015/616 1227/617
f 1243/618 1234/619 1233/620
f 1231/621 1229/622 1228/623
f 847/624 1233/620 843/602
f 843/602 1244/625 878/626
f 1233/620 1245/627 1244/625
f 1923/628 233/629 216/138
f 2100/630 499/305 500/304
f 3914/631 2135/632 3900/633
f 61/44 323/261 505/634
f 210/134 217/465 457/635
f 1299/636 1309/637 1300/638
f 3863/639 1231/621 3862/640
f 1066/641 1321/642 1322/643
f 1322/643 1228/623 1229/622
f 1060/608 1321/642 1047/537
f 1325/644 1323/645 1310/646
f 1244/625 1332/647 1330/648
f 1290/649 1242/650 1288/651
f 1337/652 1339/653 1338/654
f 1330/648 1340/655 1339/653
f 1341/656 1245/627 1294/657
f 1342/658 1332/647 1341/656
f 1343/659 1341/656 1344/660
f 1344/660 1294/657 1293/661
f 3857/662 1345/663 1346/664
f 1347/665 1342/658 1343/659
f 3856/666 1295/667 1345/663
f 1349/668 1348/669 1347/665
f 3861/670 1347/665 3853/671
f 3853/671 1343/659 3857/662
f 906/466 829/453 1353/672
f 905/673 1353/672 1354/674
f 865/675 1355/676 1357/677
f 1355/676 829/453 825/455
f 1357/677 825/455 826/678
f 1356/679 1353/672 1355/676
f 3834/680 1338/654 3833/681
f 866/682 1356/679 865/675
f 1358/683 1354/674 1356/679
f 3828/684 1337/652 3834/680
f 838/685 1012/521 841/686
f 1363/687 1338/654 1339/653
f 1368/688 1339/653 1340/655
f 1348/669 1340/655 1342/658
f 1371/689 3824/690 3829/691
f 524/692 526/693 523/694
f 528/695 530/696 527/697
f 1372/698 1369/699 1371/689
f 535/700 537/701 538/702
f 1367/703 1348/669 1350/704
f 1370/705 1359/706 1369/699
f 1369/699 3833/681 3824/690
f 1373/707 903/473 904/467
f 555/708 557/709 558/710
f 1374/711 910/712 1373/707
f 1373/707 905/673 1375/713
f 1374/711 1375/713 1376/714
f 1375/713 1354/674 1370/705
f 1378/715 908/716 1377/717
f 376/718 651/371 1387/719
f 1388/720 973/506 969/504
f 586/721 588/722 585/723
f 1390/724 1388/720 1391/725
f 1391/725 969/504 970/503
f 597/726 599/727 596/728
f 600/729 602/730 603/731
f 1392/732 970/503 979/733
f 608/734 610/735 607/736
f 612/737 523/694 611/738
f 614/739 616/740 613/741
f 617/742 25/25 24/27
f 620/743 622/744 619/745
f 1397/746 1391/725 1392/732
f 1398/747 1392/732 1399/748
f 1400/749 920/526 1378/715
f 1402/750 1165/584 1169/583
f 636/751 638/752 635/753
f 930/754 1402/750 929/755
f 641/756 643/757 644/758
f 929/755 1169/583 1170/595
f 1404/759 1403/760 1402/750
f 1411/761 1365/762 1406/763
f 1412/764 1415/765 1414/766
f 652/767 654/768 655/769
f 609/770 657/771 658/772
f 659/773 661/774 662/775
f 558/710 586/721 585/723
f 665/776 667/777 664/778
f 1413/779 1406/763 1412/764
f 1418/780 3810/781 3813/782
f 1417/783 1371/689 1416/784
f 1416/784 3829/691 3810/781
f 1419/785 1416/784 1418/780
f 1386/786 1374/711 1420/787
f 677/788 679/789 676/790
f 1385/791 1420/787 1421/792
f 1420/787 1376/714 1422/793
f 685/794 687/795 688/796
f 1421/792 1422/793 1423/797
f 528/695 691/798 658/772
f 1422/793 1372/698 1417/783
f 1018/530 747/799 1425/800
f 699/801 701/802 702/803
f 1424/804 579/344 1017/528
f 3663/805 1767/806 3660/807
f 700/808 711/809 712/810
f 1093/811 3754/812 1571/813
f 717/814 530/696 719/815
f 721/816 723/817 720/818
f 704/389 3543/819 3554/820
f 19/11 1426/821 1430/822
f 1429/823 1427/824 1426/821
f 1658/825 3542/826 3544/827
f 1439/828 1434/829 1438/830
f 1437/831 1435/832 1434/829
f 1426/821 1433/833 1432/834
f 1442/835 1432/834 1440/836
f 742/837 744/838 745/839
f 1432/834 1441/840 1440/836
f 751/841 753/842 750/843
f 1438/830 1403/760 1405/844
f 1446/845 1444/846 1443/847
f 1447/848 1446/845 1443/847
f 3860/849 1443/847 3848/850
f 1415/765 1445/851 1446/845
f 1414/766 1446/845 1448/852
f 2173/853 469/302 470/301
f 777/854 779/855 686/856
f 780/857 782/858 783/859
f 1676/860 1806/861 1675/862
f 3859/863 1349/668 3861/670
f 789/864 791/865 788/866
f 745/839 793/867 742/837
f 652/767 795/868 653/869
f 1455/870 1457/871 1456/872
f 1454/873 1350/704 1452/874
f 610/735 802/875 801/876
f 3831/877 698/388 703/390
f 1352/878 1045/541 1351/879
f 1015/616 1459/880 1460/881
f 811/882 813/883 814/884
f 2118/885 3817/886 2117/887
f 819/888 821/889 818/890
f 1466/891 1194/594 1190/892
f 1467/893 1465/894 1466/891
f 1182/895 1468/896 1467/893
f 832/897 833/898 831/899
f 835/900 837/901 834/902
f 1467/893 1190/892 1182/895
f 1469/903 1444/846 1445/851
f 840/904 712/810 690/905
f 1453/906 1469/903 1454/873
f 599/727 845/907 846/908
f 1226/615 3849/909 3855/910
f 851/911 853/912 850/913
f 855/914 856/915 854/916
f 858/917 860/918 857/919
f 861/920 863/921 864/922
f 1014/549 3855/910 3858/923
f 867/924 868/925 869/926
f 870/927 872/928 873/929
f 874/930 876/931 877/932
f 1310/646 1471/933 1309/637
f 1476/934 1427/824 1475/935
f 1461/936 1475/935 1460/881
f 887/937 889/938 890/939
f 788/866 892/940 891/941
f 894/942 896/943 893/944
f 1460/881 1227/617 1015/616
f 901/945 524/692 612/737
f 1465/894 1477/946 1464/947
f 1865/948 3500/949 1864/950
f 911/951 913/952 914/953
f 916/954 918/955 915/956
f 1850/957 3507/958 1851/959
f 921/960 895/961 894/942
f 1479/962 1436/963 1478/964
f 926/965 667/777 601/966
f 1481/967 563/968 1480/969
f 269/163 84/970 1482/971
f 931/972 933/973 916/954
f 934/974 614/739 869/926
f 936/975 688/796 937/976
f 938/977 662/775 939/978
f 1484/979 122/980 123/981
f 941/982 835/900 834/902
f 320/983 509/984 510/985
f 1849/986 3505/987 1850/957
f 84/970 1484/979 83/60
f 1487/988 1488/989 539/990
f 1757/991 3502/992 3509/993
f 365/207 1491/994 364/206
f 461/285 80/312 511/311
f 117/82 362/205 1496/995
f 1494/996 541/382 1495/997
f 926/965 957/998 958/999
f 1477/946 1433/833 1476/934
f 1709/1000 1585/1001 1700/1002
f 119/194 1496/995 345/193
f 271/1003 504/358 156/103
f 511/311 189/319 186/121
f 345/193 1492/1004 365/207
f 255/149 344/1005 254/244
f 57/42 299/1006 132/90
f 1501/1007 268/1008 1500/1009
f 267/159 1499/1010 145/1011
f 974/1012 976/1013 977/1014
f 1678/1015 1693/1016 1676/860
f 3846/1017 1807/1018 3840/1019
f 557/709 663/1020 558/710
f 983/1021 984/1022 985/1023
f 1443/847 3849/909 3848/850
f 421/254 268/1008 265/158
f 989/1024 991/1025 988/1026
f 1490/1027 418/1028 1504/1029
f 279/1030 309/1031 310/184
f 997/1032 676/790 679/789
f 998/1033 999/1034 875/1035
f 1504/1029 38/21 1505/1036
f 1506/1037 1507/1038 1486/1039
f 360/1040 1508/1041 1506/1037
f 1506/1037 207/131 360/1040
f 939/978 1006/1042 938/977
f 270/162 1483/1043 269/163
f 66/45 546/330 512/309
f 1010/1044 793/867 935/1045
f 367/210 437/266 1509/1046
f 244/318 363/204 243/340
f 1670/1047 3534/1048 1669/1049
f 209/215 1510/1050 226/1051
f 235/1052 1512/1053 1511/1054
f 1511/1054 234/1055 235/1052
f 388/229 426/1056 425/1057
f 427/280 250/142 237/279
f 161/214 521/1058 231/1059
f 100/71 45/33 44/140
f 1025/1060 608/734 1027/1061
f 1029/1062 1031/1063 1028/1064
f 939/978 1033/1065 1032/1066
f 41/28 594/355 99/1067
f 1036/1068 783/859 1037/1069
f 702/803 1038/1070 1039/1071
f 1040/1072 1042/1073 1043/1074
f 362/205 369/433 1493/1075
f 187/123 477/1076 186/121
f 70/51 539/990 198/128
f 1511/1054 1521/1077 234/1055
f 1049/1078 603/731 1048/1079
f 613/741 869/926 614/739
f 860/918 1051/1080 857/919
f 1005/1081 1053/1082 1006/1042
f 753/842 1056/1083 1054/1084
f 1057/1085 1059/1086 1055/1087
f 293/1088 1522/1089 292/334
f 288/172 1521/1077 1522/1089
f 292/334 1523/1090 329/332
f 331/1091 1508/1041 1524/1092
f 306/449 453/276 305/1093
f 100/71 41/28 99/1067
f 462/1094 78/58 79/57
f 330/1095 1524/1092 462/1094
f 635/753 1068/1096 636/751
f 1485/1097 1526/1098 1528/1099
f 206/129 1528/1099 1510/1050
f 1070/1100 1072/1101 831/899
f 942/1102 1073/1103 1074/1104
f 916/954 1075/1105 917/1106
f 440/270 1530/1107 439/271
f 157/108 1514/1108 285/170
f 1529/1109 5/6 1530/1107
f 371/212 546/330 63/47
f 790/1110 663/1020 791/865
f 1077/1111 857/919 1078/1112
f 1403/760 1435/832 1165/584
f 1080/1113 1082/1114 1079/1115
f 531/1116 1529/1109 440/270
f 21/22 1084/1117 1085/1118
f 272/350 1531/1119 561/348
f 137/427 396/232 397/231
f 690/905 802/875 691/798
f 335/326 3567/1120 581/383
f 1090/1121 1029/1062 1091/1122
f 1092/1123 794/1124 1042/1073
f 1533/1125 137/427 138/1126
f 661/774 1095/1127 1096/1128
f 69/52 445/1129 72/50
f 1099/1130 1101/1131 1098/1132
f 38/21 1536/1133 1505/1036
f 1104/1134 1106/1135 1103/1136
f 852/1137 1108/1138 853/912
f 1377/717 909/1139 1386/786
f 291/333 411/237 294/524
f 316/1140 516/439 33/18
f 539/990 1533/1125 534/1141
f 1505/1036 316/1140 313/1142
f 1110/1143 1112/1144 1113/1145
f 1539/1146 460/283 264/1147
f 522/1148 1537/1149 1539/1146
f 834/902 1120/1150 1119/1151
f 1122/1152 1124/1153 1121/1154
f 612/737 1041/1155 901/945
f 935/1045 615/1156 614/739
f 276/169 130/1157 131/87
f 1686/1158 3522/1159 1685/1160
f 193/1161 1541/1162 273/1163
f 231/1059 1540/1164 287/1165
f 556/1166 982/1167 557/709
f 365/207 85/64 345/193
f 190/1168 318/181 1541/1162
f 1810/1169 3574/1170 3528/1171
f 3924/1172 3512/1173 3791/1174
f 1132/1175 985/1023 1131/1176
f 208/130 102/76 132/90
f 1134/1177 662/775 661/774
f 1491/994 80/312 77/56
f 429/1178 1542/1179 147/97
f 1137/1180 915/956 918/955
f 172/117 428/259 174/115
f 1139/1181 1141/1182 1142/1183
f 549/1184 54/39 55/38
f 1517/1185 1518/1186 296/1187
f 976/1013 1146/1188 938/977
f 834/902 984/1022 941/982
f 1543/1189 286/315 115/80
f 1544/1190 239/1191 513/313
f 133/92 1544/1190 1542/1179
f 506/1192 257/1193 258/147
f 420/251 328/394 401/249
f 1158/1194 1160/1195 1157/1196
f 587/1197 1103/1136 588/722
f 1513/1198 1514/1108 151/101
f 607/736 1027/1061 608/734
f 304/1199 1545/1200 303/1201
f 364/206 77/56 506/1192
f 69/52 198/128 139/95
f 1006/1042 976/1013 938/977
f 700/808 1112/1144 701/802
f 3877/1202 3525/1203 3787/1204
f 1166/1205 657/771 656/1206
f 1167/1207 858/917 1077/1111
f 1300/638 3524/1208 1299/636
f 1172/1209 1174/1210 1175/1211
f 218/1212 200/1213 217/465
f 1179/1214 1181/1215 1178/1216
f 372/1217 97/73 98/72
f 89/67 227/1218 88/65
f 1186/1219 1188/1220 1189/1221
f 172/117 1517/1185 1549/1222
f 1482/971 81/59 1498/1223
f 1090/1121 1193/1224 1030/1225
f 394/1226 353/202 1551/1227
f 526/693 1198/1228 1197/1229
f 811/882 858/917 812/1230
f 1199/1231 1026/1232 1025/1060
f 606/359 697/1233 696/1234
f 1204/1235 1206/1236 743/1237
f 1207/1238 523/694 526/693
f 1209/1239 867/924 613/741
f 914/953 685/794 936/975
f 1478/964 1441/840 1477/946
f 1029/1062 1161/1240 1091/1122
f 1211/1241 1213/1242 1214/1243
f 3858/923 1451/1244 3859/863
f 844/1245 1216/1246 845/907
f 423/458 273/1163 274/164
f 1220/1247 1222/1248 1083/1249
f 22/1250 1224/1251 23/23
f 882/1252 897/468 881/460
f 1519/1253 173/116 387/227
f 1189/1221 1232/1254 1178/1216
f 349/197 550/337 416/336
f 1071/1255 1236/1256 1072/1101
f 1237/1257 1239/1258 745/839
f 1221/1259 1189/1221 1240/1260
f 1510/1050 1512/1053 333/1261
f 939/978 1241/1262 1005/1081
f 1556/1263 5/6 67/48
f 1553/1264 394/1226 1551/1227
f 404/1265 67/48 347/1266
f 1247/1267 1249/1268 1246/1269
f 142/93 238/180 92/139
f 1251/1270 635/753 1250/1271
f 850/913 1253/1272 851/911
f 1254/1273 1077/1111 1255/1274
f 57/42 133/92 429/1178
f 443/1275 552/1276 551/1277
f 1187/1278 1175/1211 1188/1220
f 1256/1279 831/899 833/898
f 432/1280 382/1281 383/222
f 741/1282 747/799 746/1283
f 434/265 351/246 415/245
f 349/197 383/222 348/195
f 251/323 1481/967 1480/969
f 395/1284 352/203 353/202
f 1518/1186 1550/1285 1551/1227
f 1558/1286 378/216 340/500
f 109/157 314/1287 315/192
f 285/170 1513/1198 407/234
f 395/1284 393/1288 392/1289
f 202/135 410/238 1558/1286
f 417/247 405/233 432/1280
f 1246/1269 1258/1290 1247/1267
f 3/223 297/1291 2/2
f 1259/1292 1261/1293 1262/1294
f 403/264 347/1266 284/224
f 955/1295 953/1296 952/1297
f 462/1094 51/432 330/1095
f 1096/1128 687/795 1263/1298
f 429/1178 60/40 57/42
f 896/943 1265/1299 932/1300
f 1267/1301 1268/1302 1266/1303
f 423/458 327/1304 420/251
f 37/19 180/120 40/1305
f 20/24 1187/1278 1186/1219
f 1256/1279 1071/1255 1070/1100
f 155/357 156/103 504/358
f 1188/1220 1269/1306 1232/1254
f 1236/1256 1271/1307 1262/1294
f 1272/1308 535/700 621/1309
f 565/1310 463/576 464/1311
f 1273/1312 745/839 1239/1258
f 876/931 1255/1274 1274/1313
f 316/1140 164/110 315/192
f 437/266 503/356 1509/1046
f 194/124 1495/997 197/1314
f 1275/1315 864/922 863/921
f 624/360 631/1316 630/395
f 1277/1317 1137/1180 1278/1318
f 569/437 567/1319 566/1320
f 1481/967 125/86 366/208
f 324/189 547/431 326/1321
f 1279/1322 1107/1323 1280/1324
f 1525/1325 329/332 1523/1090
f 1281/1326 1137/1180 918/955
f 171/112 1553/1264 1552/1327
f 1488/989 396/232 1533/1125
f 1557/1328 1562/1329 1559/1330
f 1282/1331 1206/1236 1205/1332
f 1053/1082 1278/1318 1281/1326
f 778/1333 607/736 1283/1334
f 713/1335 3566/1336 3569/1337
f 251/323 144/98 124/84
f 4/1 348/195 383/222
f 709/1338 707/1339 706/1340
f 728/373 45/33 246/141
f 261/1341 1563/1342 544/329
f 789/864 1287/1343 790/1110
f 74/54 263/156 282/286
f 403/264 385/226 434/265
f 1178/1216 1240/1260 1189/1221
f 1223/1344 1289/1345 1224/1251
f 158/107 150/102 151/101
f 1220/1247 1186/1219 1221/1259
f 296/1187 354/1346 433/1347
f 784/428 1538/1348 1566/1349
f 1181/1215 1291/1350 1222/1248
f 1269/1306 1257/1351 1246/1269
f 1566/1349 438/269 399/1352
f 136/429 1566/1349 1564/1353
f 1563/1342 169/113 1565/1354
f 107/81 109/157 108/79
f 1297/1355 1298/1356 1296/1357
f 1464/947 1476/934 1461/936
f 1520/1358 507/1359 508/1360
f 1301/1361 1303/1362 1304/1363
f 1306/1364 1308/1365 1305/1366
f 175/176 1532/1367 272/350
f 1532/1367 200/1213 201/137
f 1311/1368 1312/1369 1313/1370
f 872/928 1315/1371 1316/1372
f 1317/1373 1318/1374 1319/1375
f 3836/603 878/626 3828/684
f 1305/1366 864/922 1276/1376
f 1040/1072 863/921 1320/1377
f 1564/1353 399/1352 169/113
f 592/352 1575/1378 591/353
f 591/353 1088/1379 689/368
f 1581/1380 1583/1381 1582/1382
f 1196/599 1147/586 1176/585
f 710/1383 583/1384 713/1335
f 285/170 408/248 386/225
f 953/1296 961/492 963/507
f 1594/1385 1589/1386 1593/1387
f 1585/1001 1587/1388 1586/1389
f 1592/1390 1590/1391 1589/1386
f 3885/1392 944/1393 3899/1394
f 1600/1395 1598/1396 1597/1397
f 1604/1398 1602/1399 1601/1400
f 1399/748 979/733 980/1401
f 1589/1386 1596/1402 1595/1403
f 1610/1404 1608/1405 1607/1406
f 298/1407 361/1408 360/1040
f 551/1277 276/169 277/242
f 1627/1409 3814/1410 3819/1411
f 859/1412 818/890 860/918
f 1078/1112 1328/1413 1329/1414
f 1555/1415 1530/1107 1556/1263
f 572/1416 680/1417 681/1418
f 772/422 776/1419 774/425
f 977/1014 918/955 917/1106
f 404/1265 392/1289 393/1288
f 1054/1084 750/843 753/842
f 1644/1420 1643/1421 1642/1422
f 932/1300 1082/1114 933/973
f 1067/1423 1334/1424 1068/1096
f 1540/1164 264/1147 114/155
f 597/726 643/757 1336/1425
f 471/1426 762/407 470/301
f 1642/1422 3831/877 3842/1427
f 1644/1420 3842/1427 3843/1428
f 923/476 950/480 927/493
f 96/68 548/1429 95/387
f 520/1430 522/1148 521/1058
f 445/1129 443/1275 442/487
f 849/1431 848/1432 842/1433
f 480/363 755/401 493/297
f 1646/1434 481/404 1639/1435
f 311/1436 1567/1437 170/179
f 464/1311 3497/1438 3495/1439
f 3497/1438 1361/1440 3495/1439
f 234/1055 236/341 235/1052
f 190/1168 192/250 191/338
f 153/105 152/1441 149/100
f 231/1059 286/315 230/314
f 1552/1327 1551/1227 1550/1285
f 760/405 1648/1442 488/414
f 3832/1443 1649/1444 3830/1445
f 828/454 826/678 825/455
f 52/34 166/218 165/217
f 1663/1446 1661/1447 1660/1448
f 287/1165 115/80 286/315
f 668/1449 670/613 669/1450
f 634/1451 640/1452 639/1453
f 553/1454 559/1455 554/1456
f 118/83 33/18 516/439
f 492/415 491/424 490/1457
f 3552/1458 1651/1459 3553/1460
f 582/1461 584/1462 583/1384
f 384/1463 392/1289 415/245
f 1381/1464 1383/1465 1380/1466
f 1562/1329 435/268 436/267
f 952/1297 951/479 947/488
f 3529/1467 583/1384 584/1462
f 1660/1448 1667/1468 1666/1469
f 1394/1470 1396/1471 1393/1472
f 1660/1448 1664/1473 1663/1446
f 1671/1474 1669/1049 1668/1475
f 1624/1476 1673/1477 1672/1478
f 1407/1479 1409/1480 1410/1481
f 1677/1482 1675/862 1674/1483
f 1613/1484 1677/1482 1625/1485
f 1679/1486 1676/860 1677/1482
f 1626/1487 3811/1488 3814/1410
f 534/1141 198/128 539/990
f 176/177 150/102 159/106
f 803/1489 734/400 800/441
f 400/386 191/338 192/250
f 65/486 143/253 144/98
f 3526/1490 1656/1491 3540/1492
f 402/1493 157/108 283/171
f 629/1494 627/1495 626/1496
f 461/285 49/36 50/35
f 758/1497 495/298 756/426
f 796/1498 786/1499 785/1500
f 406/235 1513/1198 1560/1501
f 342/1502 166/218 167/555
f 1694/1503 1658/825 1695/1504
f 1692/1505 1694/1503 1696/1506
f 3557/1507 1652/1508 3552/1458
f 3921/1509 1703/1510 3923/1511
f 326/1321 302/257 90/66
f 3916/1512 1702/1513 1706/1514
f 3919/1515 1698/1516 1701/1517
f 1699/1518 3927/1519 3918/1520
f 1557/1328 1560/1501 1561/1521
f 1127/551 1117/547 1128/1522
f 400/386 289/175 346/384
f 1706/1514 1707/1523 1708/1524
f 1707/1523 1599/1525 1600/1395
f 1709/1000 1708/1524 1588/1526
f 1714/1527 1711/1528 1713/1529
f 3919/1515 1709/1000 1700/1002
f 1704/1530 1577/1531 1703/1510
f 1716/1532 1713/1529 1715/1533
f 1559/1330 1549/1222 297/1291
f 1722/1534 1720/1535 1719/1536
f 1335/1537 596/728 1489/1538
f 410/238 377/474 378/216
f 973/506 1163/580 972/505
f 168/114 399/1352 398/1539
f 1571/813 1089/1540 1093/811
f 1572/1541 682/1542 1571/813
f 749/1543 647/367 754/1544
f 1730/1545 1723/1546 1729/1547
f 1594/1385 1729/1547 1592/1390
f 1729/1547 1591/1548 1592/1390
f 1731/1549 1730/1545 1583/1381
f 1384/1550 1377/717 1379/1551
f 1732/1552 1712/1553 1714/1527
f 1724/1554 1731/1549 1732/1552
f 1712/1553 1731/1549 1580/1555
f 1722/1534 1732/1552 1733/1556
f 1721/1557 1733/1556 1734/1558
f 1734/1558 1716/1532 1717/1559
f 1735/1560 1736/1561 1697/1562
f 1733/1556 1714/1527 1716/1532
f 1663/1446 1741/1563 1668/1475
f 1742/1564 1740/1565 1743/1566
f 1738/1567 1737/1568 1735/1560
f 1665/1569 1666/1469 1740/1565
f 1665/1569 1744/1570 1664/1473
f 1725/1571 1746/1572 1745/1573
f 1591/1548 1745/1573 1590/1391
f 1590/1391 1747/1574 1596/1402
f 1745/1573 1748/1575 1747/1574
f 1659/1576 3538/1577 3542/826
f 3287/1578 3545/1579 3282/1580
f 1185/591 1182/895 1190/892
f 1664/1473 1749/1581 1741/1563
f 1741/1563 1739/1582 1738/1567
f 1746/1572 1743/1566 1748/1575
f 1726/1583 1742/1564 1746/1572
f 1153/574 924/1584 925/496
f 1115/1585 1153/574 1154/571
f 1654/1586 3575/1587 1655/1588
f 1896/1589 3549/1590 1686/1158
f 1720/1535 1744/1570 1726/1583
f 1721/1557 1749/1581 1720/1535
f 1750/1591 1701/1517 1698/1516
f 1697/1562 1750/1591 1696/1506
f 1151/566 1063/539 1062/540
f 1751/1592 1670/1047 1671/1474
f 1695/1504 1752/1593 1751/1592
f 961/492 986/1594 981/508
f 1770/1595 1768/1596 1767/806
f 1766/1597 1593/1387 1765/1598
f 1731/1549 1579/1599 1580/1555
f 1579/1599 1774/1600 1578/1601
f 3928/1602 1771/1603 3929/1604
f 1764/1605 3928/1602 3917/1606
f 1777/1607 1775/1608 1774/1600
f 3762/1609 1699/1518 1700/1002
f 1004/1610 1128/1522 1003/1611
f 1774/1600 1771/1603 1772/1612
f 987/1613 1399/748 980/1401
f 1578/1601 1772/1612 1764/1605
f 1783/1614 1781/1615 1778/1616
f 1597/1397 1770/1595 1767/806
f 639/1453 3895/1617 3884/1618
f 3928/1602 1769/1619 1770/1595
f 1793/1620 1789/1621 1788/1622
f 3929/1604 1798/1623 1769/1619
f 3508/1624 3773/1625 1806/861
f 1802/1626 3924/1172 3922/1627
f 1788/1622 1794/1628 1793/1620
f 1793/1620 1795/1629 1776/1630
f 3773/1625 1675/862 1806/861
f 1584/1631 1783/1614 1789/1621
f 1771/1603 3920/1632 3929/1604
f 1801/1633 1798/1623 1800/1634
f 1768/1596 1798/1623 1799/1635
f 1775/1608 1797/1636 1771/1603
f 508/1360 515/556 1520/1358
f 1796/1637 1802/1626 1797/1636
f 1800/1634 3920/1632 3922/1627
f 1794/1628 1804/1638 1795/1629
f 3532/1639 1752/1593 3547/1640
f 485/1641 1807/1018 775/423
f 3809/413 1640/1642 768/411
f 3837/1643 1810/1169 1653/1644
f 485/1641 1640/1642 1808/1645
f 1690/1646 3770/1647 3772/1648
f 487/295 1648/1442 1811/1649
f 3839/1650 1816/1651 3822/1652
f 3838/1653 1648/1442 3830/1445
f 3839/1650 1811/1649 3838/1653
f 1812/1654 487/295 1811/1649
f 1641/1655 767/1656 768/411
f 465/289 755/401 776/1419
f 767/1656 3823/1657 3808/412
f 3822/1652 3826/1658 3847/1659
f 1809/1660 1815/1661 767/1656
f 3837/1643 1651/1459 3840/1019
f 675/1662 3541/1663 3496/1664
f 1814/1665 1822/1666 1821/1667
f 1821/1667 3821/1668 3820/1669
f 1824/1670 1649/1444 1825/1671
f 1827/1672 1850/957 1805/1673
f 1668/1475 1662/1674 1663/1446
f 1779/1675 1848/1676 1828/1677
f 1790/1678 1805/1673 1794/1628
f 1833/1679 1853/1680 1852/1681
f 3521/1682 693/381 575/380
f 1614/1683 1616/1684 1617/1685
f 1852/1681 3498/1686 3501/1687
f 1620/1688 1622/1689 1623/1690
f 1855/1691 1574/1692 1861/1693
f 1847/1694 3501/1687 3513/1695
f 1766/1597 1855/1691 1782/1696
f 1629/1697 1631/1698 1628/1699
f 1633/1700 1634/1701 1632/1702
f 1635/1703 1637/1704 1638/1705
f 1848/1676 1852/1681 1847/1694
f 1855/1691 1863/1706 1862/1707
f 1803/1708 1867/1709 1802/1626
f 1862/1707 1831/1710 1832/1711
f 1782/1696 1862/1707 1781/1615
f 3922/1627 1865/948 1800/1634
f 1873/1712 1870/1713 1869/1714
f 1874/1715 799/1716 804/1717
f 2045/1718 3897/1719 2044/1720
f 1219/610 1295/667 1225/609
f 1615/1721 1396/1471 1395/1722
f 3884/1618 1877/1723 1876/1724
f 645/1725 3786/1726 3559/1727
f 1345/663 1035/534 1346/664
f 634/1451 3884/1618 3880/1728
f 15/8 1327/1729 14/9
f 3910/1730 1878/1731 1893/1732
f 1894/1733 605/1734 1893/1732
f 3506/1735 627/1495 693/381
f 3560/1736 645/1725 3559/1727
f 340/500 454/275 1558/1286
f 1897/1737 195/126 1898/1738
f 1889/1739 1877/1723 1890/1740
f 1901/1741 129/88 1900/1742
f 196/125 754/1544 232/1743
f 1705/1744 3921/1509 3916/1512
f 340/500 166/218 343/498
f 1570/1745 563/968 561/348
f 1904/1746 194/124 1897/1737
f 1781/1615 1832/1711 1780/1747
f 1905/1748 55/38 1906/1749
f 1000/1750 995/1751 996/516
f 986/1594 920/526 987/1613
f 1191/597 1190/892 1194/594
f 2094/1752 2075/1753 2093/1754
f 1920/1755 1919/1756 1915/1757
f 453/276 1912/1758 1911/1759
f 1915/1757 1918/1760 1916/1761
f 3882/1762 2106/1763 3901/1764
f 1655/1588 3531/1765 1868/1766
f 1916/1761 1926/1767 1925/1768
f 704/389 3561/1769 703/390
f 278/168 1925/1768 1900/1742
f 3565/1770 1818/1771 1820/1772
f 1097/543 1115/1585 1114/570
f 1927/1773 727/375 1923/628
f 3578/1774 3654/1775 3758/1776
f 1920/1755 307/186 1929/1777
f 1929/1777 48/31 728/373
f 503/356 1497/1778 1509/1046
f 1902/1779 787/1780 796/1498
f 1816/1651 3820/1669 3826/1658
f 1925/1768 1923/628 1924/1781
f 1535/1782 1568/1783 1534/1784
f 254/244 258/147 255/149
f 1509/1046 366/208 367/210
f 119/194 35/1785 36/16
f 219/464 293/1088 294/524
f 141/174 47/191 431/262
f 542/470 244/318 245/1786
f 1940/1787 430/263 431/262
f 1779/1675 1827/1672 1790/1678
f 1701/1517 3915/1788 3919/1515
f 1661/1447 3515/1789 1667/1468
f 270/162 754/1544 647/367
f 197/1314 749/1543 196/125
f 1727/1790 1212/1791 1211/1241
f 53/37 232/1743 754/1544
f 1465/894 1479/962 1478/964
f 1284/1792 3854/1793 1293/661
f 1951/1794 412/241 413/240
f 168/114 1554/1795 1553/1264
f 1486/1039 206/129 207/131
f 506/1192 78/58 361/1408
f 994/1796 1007/518 993/1797
f 951/479 963/507 964/1798
f 1013/550 3861/670 1351/879
f 3826/1658 1820/1772 1818/1771
f 1498/1223 1954/1799 1482/971
f 299/1006 543/1800 132/90
f 1754/1801 1756/1802 1753/1803
f 1681/1804 1683/1805 1682/1806
f 1696/1506 1695/1504 1697/1562
f 13/7 738/1807 737/1808
f 473/420 475/416 474/418
f 482/291 768/411 1640/1642
f 204/1809 30/14 205/316
f 1761/1810 820/1811 819/888
f 611/738 1125/1812 612/737
f 1501/1007 1908/1813 1909/1814
f 1074/1104 711/809 699/801
f 1960/1815 82/61 83/60
f 120/1816 1960/1815 123/981
f 35/1785 87/78 34/17
f 1773/1817 1025/1060 1031/1063
f 1965/1818 1569/1819 1535/1782
f 494/299 471/1426 479/364
f 1966/1820 1969/1821 1968/1822
f 446/324 1971/1823 1967/1824
f 174/115 125/86 126/85
f 1580/1555 1578/1601 1577/1531
f 1785/1825 1787/1826 1784/1827
f 1972/1828 304/1199 305/1093
f 1254/1273 875/1035 999/1034
f 1973/1829 342/1502 514/554
f 321/1830 1973/1829 509/984
f 1910/1831 275/243 1907/1832
f 509/984 514/554 508/1360
f 1486/1039 1527/1833 1485/1097
f 1974/1834 804/1717 1975/1835
f 1977/1836 1974/1834 1978/1837
f 1980/1838 1966/1820 1981/1839
f 379/219 2/2 295/1840
f 1718/1841 1710/1842 1701/1517
f 884/462 992/513 883/1843
f 1680/1844 1678/1015 1679/1486
f 902/1845 525/1846 524/692
f 344/1005 256/148 299/1006
f 135/1847 137/427 136/429
f 236/341 228/144 333/1261
f 448/1848 1967/1824 1966/1820
f 589/1849 604/1850 584/1462
f 910/712 908/716 907/525
f 1981/1839 1968/1822 1987/1851
f 1982/1852 1987/1851 1979/1853
f 1988/1854 1987/1851 1989/1855
f 1990/1856 1989/1855 1991/1857
f 1991/1857 1993/1858 1992/1859
f 322/1860 320/983 319/1861
f 992/513 830/472 883/1843
f 1144/578 1086/568 1143/1862
f 1995/1863 1978/1837 1994/1864
f 1133/558 1118/546 1126/561
f 1997/1865 1994/1864 1996/1866
f 870/927 1335/1537 1489/1538
f 805/443 1982/1852 1998/1867
f 727/375 2000/1868 1999/1869
f 1996/1866 1988/1854 1990/1856
f 1994/1864 1979/1853 1988/1854
f 1829/1870 792/1871 1273/1312
f 1830/1872 941/982 983/1021
f 798/1873 800/441 799/1716
f 729/1874 731/1875 730/435
f 2011/1876 2023/1877 2022/1878
f 1834/1879 846/908 1159/1880
f 402/1493 284/224 347/1266
f 2022/1878 2024/1881 2025/1882
f 1838/1883 989/1024 988/1026
f 810/515 952/1297 809/452
f 1823/1884 1840/1885 644/758
f 1430/822 1432/834 1431/1886
f 1215/1887 1841/1888 1079/1115
f 149/100 176/177 177/1889
f 1316/1372 873/929 872/928
f 2112/1890 1384/1550 2106/1763
f 1842/1891 1844/1892 1845/1893
f 1159/1880 845/907 1160/1195
f 837/901 1846/1894 1120/1150
f 1971/1823 2030/1895 2027/1896
f 517/1897 370/434 189/319
f 858/917 833/898 812/1230
f 1471/933 2027/1896 1888/1898
f 3551/1899 626/1496 627/1495
f 2174/1900 770/1901 490/1457
f 935/1045 1854/1902 1010/1044
f 1613/1484 1611/1903 1618/1904
f 1231/621 1225/609 1295/667
f 1856/1905 891/941 892/940
f 1300/638 748/1906 741/1282
f 1150/1907 1858/1908 1859/1909
f 1643/1421 696/1234 1642/1422
f 1215/1887 1264/1910 1216/1246
f 1320/1377 902/1845 901/945
f 1956/1911 1944/1912 1960/1815
f 2031/1913 669/1450 1474/1914
f 2034/1915 1310/646 1299/636
f 1879/1916 1656/1491 1657/1917
f 40/1305 242/440 39/20
f 1992/1859 2039/1918 1456/872
f 888/1919 957/998 889/938
f 1882/1920 1996/1866 1990/1856
f 1078/1112 1255/1274 1077/1111
f 1871/1921 1192/1922 1090/1121
f 294/524 218/1212 219/464
f 1323/645 2026/1923 1471/933
f 123/981 83/60 1484/979
f 1324/1924 2041/1925 1323/645
f 384/1463 359/260 352/203
f 1324/1924 2038/1926 2036/1927
f 1883/1928 1885/1929 1829/1870
f 287/1165 114/155 107/81
f 1096/1128 1134/1177 661/774
f 915/956 931/972 916/954
f 806/442 1981/1839 1982/1852
f 3533/1930 584/1462 604/1850
f 1425/800 2042/1931 1018/530
f 1018/530 1948/1932 1017/528
f 3562/1933 740/1934 3519/481
f 1948/1932 649/1935 646/365
f 1881/1936 1990/1856 1991/1857
f 1900/1742 130/1157 278/168
f 992/513 994/1796 993/1797
f 923/476 925/496 924/1584
f 3878/1937 2047/1938 3876/1939
f 1643/1421 625/1940 606/359
f 2050/1941 2051/1942 2049/1943
f 2045/1718 1404/759 2047/1938
f 3876/1939 945/1944 3885/1392
f 1139/1181 1079/1115 1841/1888
f 1037/1069 892/940 982/1167
f 2055/1945 2057/1946 2056/1947
f 1198/1228 718/1948 717/814
f 1619/1949 1612/1950 1611/1903
f 2058/1951 1606/1952 2059/1953
f 2059/1953 1607/1406 2058/1951
f 2058/1951 1624/1476 1605/1954
f 71/1955 179/118 37/19
f 405/233 1557/1328 382/1281
f 976/1013 1006/1042 977/1014
f 322/1860 1972/1828 1911/1759
f 2061/1956 2063/1957 2062/1958
f 2066/1959 2067/1960 1825/1671
f 2052/1961 2064/1962 2051/1942
f 1609/1963 2066/1959 1647/1964
f 1515/1965 152/1441 1516/1966
f 1009/522 993/1797 1007/518
f 1644/1420 3815/1967 2118/885
f 279/1030 1916/1761 278/168
f 1285/1968 3862/640 1284/1792
f 1647/1964 1825/1671 1649/1444
f 2056/1947 2067/1960 2065/1969
f 319/1861 1953/1970 1952/1971
f 667/777 1913/1972 1914/1973
f 2070/1974 625/1940 2048/1975
f 2052/1961 2055/1945 2063/1957
f 2038/1926 1655/1588 1458/1976
f 1606/1952 2073/1977 2072/1978
f 1235/1979 1270/1980 1236/1256
f 2072/1978 2075/1753 2074/1981
f 2059/1953 2072/1978 2062/1958
f 2074/1981 2077/1982 2076/1983
f 1601/1400 2078/1984 2073/1977
f 2049/1943 1643/1421 1645/1985
f 1000/1750 1001/1986 994/1796
f 1089/1540 684/369 689/368
f 1931/1987 1306/1364 1930/1988
f 1462/1989 1021/533 1022/532
f 1932/1990 1934/1991 1935/1992
f 875/1035 1846/1894 998/1033
f 1936/1993 1937/1994 1938/1995
f 44/140 46/32 92/139
f 1534/1784 1956/1911 120/1816
f 1541/1162 317/183 391/230
f 2081/1996 2084/1997 2083/1998
f 146/557 1959/1999 300/2000
f 1360/2001 1942/2002 1361/1440
f 985/1023 1032/1066 1033/1065
f 1995/1863 1892/2003 2043/2004
f 2079/2005 2082/2006 2081/1996
f 2095/2007 2076/1983 2077/1982
f 2081/1996 2078/1984 2079/2005
f 2055/1945 2054/2008 2053/2009
f 501/456 2095/2007 500/304
f 2097/2010 2099/2011 2098/2012
f 2098/2012 2094/1752 2083/1998
f 2140/2013 3893/2014 3866/2015
f 2141/2016 3894/2017 3893/2014
f 2051/1942 2048/1975 2049/1943
f 592/352 2101/2018 1576/2019
f 2071/2020 2076/1983 2096/2021
f 2102/2022 2098/2012 2101/2018
f 593/2023 2102/2022 592/352
f 1019/529 746/1283 747/799
f 1950/2024 12/2025 1327/1729
f 725/396 2096/2021 501/456
f 1385/791 2104/2026 1379/1551
f 1379/1551 2106/1763 1384/1550
f 2107/2027 2100/630 2097/2010
f 3908/2028 502/303 3896/2029
f 3896/2029 499/305 3901/1764
f 940/2030 2109/2031 944/1393
f 928/2032 1170/595 973/506
f 3868/2033 684/369 3899/1394
f 1962/2034 1964/2035 1961/2036
f 3878/1937 573/345 3897/1719
f 2039/1918 1968/1822 1969/1821
f 1389/2037 2110/2038 2109/2031
f 1398/747 2113/2039 1397/746
f 3757/2040 3753/2041 3743/2042
f 3911/2043 2107/2027 2103/2044
f 949/553 924/1584 1115/1585
f 260/150 324/189 326/1321
f 1390/724 2113/2039 2110/2038
f 2070/1974 2064/1962 2071/2020
f 3867/2045 2103/2044 593/2023
f 2105/2046 1421/792 2114/2047
f 2114/2047 1423/797 2115/2048
f 3892/2049 2115/2048 3903/2050
f 3908/2028 2114/2047 3892/2049
f 554/1456 1902/1779 553/1454
f 972/505 967/497 966/495
f 1765/1598 1573/2051 1574/1692
f 1984/2052 1986/2053 1983/2054
f 2053/2009 2069/2055 2057/1946
f 3573/2056 724/2057 714/376
f 1625/1485 1674/1483 1673/1477
f 3881/2058 2119/2059 2122/2060
f 3903/2050 2123/2061 3904/2062
f 56/161 1906/1749 55/38
f 626/1496 3879/2063 629/1494
f 2001/2064 2003/2065 2004/2066
f 3912/2067 2127/2068 3907/2069
f 2006/2070 2008/2071 2009/2072
f 2127/2068 1412/764 2128/2073
f 2014/2074 2016/2075 2017/2076
f 2018/2077 2020/2078 2021/2079
f 1495/997 1947/2080 197/1314
f 1379/1551 1386/786 1385/791
f 3814/1410 1680/1844 1618/1904
f 2029/2081 1884/2082 2028/2083
f 3902/2084 2120/2085 3887/2086
f 629/1494 3914/631 3872/2087
f 682/1542 943/2088 1089/1540
f 724/2057 2121/2089 716/377
f 1757/991 3821/1668 3845/2090
f 765/2091 3844/2092 3809/413
f 3851/2093 715/378 3852/2094
f 706/1340 3870/2095 3872/2087
f 981/508 987/1613 980/1401
f 1457/871 1656/1491 1880/2096
f 2017/2076 2032/2097 2033/2098
f 1458/1976 1868/1766 1457/871
f 1776/1630 1792/2099 1793/1620
f 1959/1999 1946/2100 1958/2101
f 3663/805 3725/2102 3661/2103
f 3913/2104 2122/2060 3850/2105
f 1093/811 689/368 1088/1379
f 966/495 968/502 972/505
f 3852/2094 3881/2058 3913/2104
f 2172/2106 2170/2107 2171/2108
f 670/613 2137/2109 669/1450
f 3761/2110 1903/2111 233/629
f 1429/823 28/2112 1449/2113
f 964/1798 978/509 971/501
f 3841/2114 1413/779 2127/2068
f 1473/2115 669/1450 2137/2109
f 3834/680 1359/706 1358/683
f 2138/2116 1870/1713 2137/2109
f 1872/2117 2137/2109 1870/1713
f 715/378 3888/2118 3881/2058
f 1881/1936 1992/1859 1880/2096
f 3843/1428 739/482 740/1934
f 1837/2119 3513/1695 3514/2120
f 253/146 59/62 85/64
f 1808/1645 3840/1019 1807/1018
f 1647/1964 3818/2121 1609/1963
f 3865/2122 671/611 668/1449
f 2112/1890 3883/2123 2111/2124
f 1405/844 2044/1720 1438/830
f 3829/691 1364/2125 1366/2126
f 273/1163 391/230 249/165
f 576/392 3520/2127 3555/2128
f 3875/2129 668/1449 2031/1913
f 1430/822 2140/2013 2139/2130
f 2136/2131 3860/849 28/2112
f 1430/822 18/12 19/11
f 3893/2014 570/347 695/2132
f 1442/835 2046/2133 2141/2016
f 1431/1886 2141/2016 2140/2013
f 3869/2134 3850/2105 2136/2131
f 3808/412 1817/2135 766/2136
f 3866/2015 695/2132 671/611
f 2142/2137 798/1873 2138/2116
f 571/346 2142/2137 694/612
f 3819/1411 1618/1904 1611/1903
f 2143/2138 2025/1882 2142/2137
f 694/612 2138/2116 670/613
f 681/1418 2144/2139 572/1416
f 2144/2139 2022/1878 2143/2138
f 328/394 457/635 290/393
f 1572/1541 2011/1876 2144/2139
f 630/395 3903/2050 624/360
f 2085/2140 2087/2141 2088/2142
f 2090/2143 2092/2144 2089/2145
f 572/1416 2143/2138 571/346
f 1875/2146 2153/2147 2149/2148
f 1873/1712 2149/2148 2154/2149
f 2103/2044 2097/2010 2102/2022
f 2157/2150 2155/2151 2156/2152
f 2128/2073 1414/766 2120/2085
f 3874/2153 589/1849 582/1461
f 3872/2087 628/2154 629/1494
f 2149/2148 2158/2155 2159/2156
f 2159/2156 3905/2157 3890/2158
f 698/388 3902/2084 705/2159
f 3823/1657 3827/2160 1817/2135
f 2158/2155 3874/2153 3905/2157
f 1438/830 2046/2133 1439/828
f 2035/2161 2160/2162 2161/2163
f 2161/2163 3889/2164 3886/2165
f 3871/2166 605/1734 589/1849
f 3873/2167 18/12 3875/2129
f 370/434 61/44 451/320
f 649/1935 413/240 648/366
f 2153/2147 2156/2152 2158/2155
f 1428/2168 1449/2113 1450/2169
f 1490/1027 73/55 1488/989
f 3890/2158 710/1383 633/2170
f 2155/2151 3891/2171 3871/2166
f 1456/872 1880/2096 1992/1859
f 2125/2172 2087/2141 2124/2173
f 2160/2162 3890/2158 3889/2164
f 300/2000 505/634 323/261
f 1064/592 1046/538 1065/2174
f 2043/2004 1891/2175 2155/2151
f 2129/2176 2004/2066 2003/2065
f 2131/2177 2133/2178 2134/2179
f 3848/850 1450/2169 1449/2113
f 1998/1867 804/1717 805/443
f 3879/2063 3864/2180 3914/631
f 474/418 490/1457 770/1901
f 1164/582 1182/895 1177/589
f 707/1339 3909/2181 3870/2095
f 708/2182 2162/2183 707/1339
f 2162/2183 3886/2165 3909/2181
f 548/1429 1905/1748 458/281
f 1145/562 1114/570 1171/587
f 705/2159 1650/2184 704/389
f 2043/2004 1977/1836 1995/1863
f 737/1808 554/1456 559/1455
f 1034/605 1191/597 1023/593
f 458/281 1907/1832 275/243
f 195/126 232/1743 233/629
f 2040/2185 1969/1821 1970/2186
f 2145/2187 2147/2188 2148/2189
f 2054/2008 2049/1943 1645/1985
f 3832/1443 1639/1435 3818/2121
f 9/2190 11/2191 10/2192
f 252/145 506/1192 258/147
f 472/300 479/364 471/1426
f 1865/948 3791/1174 3503/2193
f 900/484 910/712 907/525
f 1941/2194 2151/2195 1942/2002
f 1921/2196 1927/1773 1919/1756
f 2163/2197 1898/1738 2116/2198
f 271/1003 153/105 178/2199
f 1904/1746 12/2025 9/2190
f 282/286 264/1147 460/283
f 1872/2117 2154/2149 2035/2161
f 1326/2200 1897/1737 2163/2197
f 628/2154 693/381 627/1495
f 1724/1554 1719/1536 1723/1546
f 1549/1222 436/267 172/117
f 1582/1382 1730/1545 1729/1547
f 1921/2196 1929/1777 1928/2201
f 3563/2202 10/2192 11/2191
f 2152/2203 1950/2024 1949/2204
f 475/416 774/425 771/417
f 769/419 2171/2108 473/420
f 2171/2108 476/2205 473/420
f 476/2205 772/422 475/416
f 1791/2206 464/1311 1760/2207
f 2166/2208 2168/2209 2169/2210
f 595/354 372/1217 98/72
f 483/293 1641/1655 482/291
f 762/407 2173/853 470/301
f 771/417 484/292 492/415
f 486/296 1809/1660 483/293
f 297/1291 1517/1185 296/1187
f 763/2211 2174/1900 762/407
f 776/1419 759/403 489/294
f 184/374 2176/2212 2000/1868
f 412/241 303/1201 414/239
f 2005/2213 185/166 224/277
f 3811/1488 1682/1806 3846/1017
f 2164/2214 756/426 764/409
f 1472/2215 2161/2163 2162/2183
f 950/480 964/1798 965/494
f 2177/2216 2179/2217 2180/2218
f 227/1218 1510/1050 333/1261
f 764/409 467/410 2164/2214
f 2182/2219 2184/2220 2181/2221
f 2186/2222 2018/2077 2185/2223
f 1985/2224 2181/2221 1986/2053
f 214/136 729/1874 1531/1119
f 1545/1200 1546/2225 1569/1819
f 865/675 842/1433 866/682
f 849/1431 1357/677 1362/2226
f 452/274 1558/1286 454/275
f 559/1455 3188/2227 737/1808
f 16/2228 737/1808 3188/2227
f 560/2229 498/2230 374/2231
f 3193/2232 3195/2233 3194/2234
f 3200/2235 3198/2236 3199/2237
f 3211/2238 3213/2239 3212/2240
f 3215/2241 3217/2242 3216/2243
f 2187/2244 2002/2245 2001/2064
f 2169/2210 2189/2246 2190/2247
f 2192/2248 2085/2140 2191/2249
f 2193/2250 2195/2251 2196/2252
f 2198/2253 2200/2254 2197/2255
f 1998/1867 1979/1853 1975/1835
f 3664/2256 3668/2257 3671/2258
f 2116/2198 1903/2111 1902/1779
f 1859/1909 2009/2072 1150/1907
f 3904/2062 2126/2259 3906/2260
f 1135/2261 1087/569 1130/559
f 2201/2262 2015/2263 2014/2074
f 1149/2264 110/152 1858/1908
f 3221/2265 3218/2266 3215/2241
f 2203/2267 2205/2268 2206/2269
f 579/344 1895/2270 1019/529
f 1755/2271 2208/2272 1756/1802
f 3891/2171 1893/1732 605/1734
f 1211/1241 2150/2273 1727/1790
f 868/925 2210/2274 2209/2275
f 944/1393 930/754 940/2030
f 2130/2276 2202/2277 2201/2262
f 233/629 1898/1738 195/126
f 665/776 750/843 666/2278
f 1167/1207 999/1034 618/2279
f 2211/2280 2213/2281 2214/2282
f 2215/2283 2217/2284 2218/2285
f 3867/2045 590/351 3868/2033
f 2220/2286 220/306 2219/2287
f 823/447 948/477 1094/552
f 3225/2288 3227/2289 3226/2290
f 266/160 455/469 265/158
f 3882/1762 2107/2027 3883/2123
f 2221/2291 3519/481 3517/483
f 2223/2292 2225/2293 2226/2294
f 2207/2295 2124/2173 2208/2272
f 673/2296 3869/2134 3864/2180
f 817/444 996/516 815/451
f 2227/2297 2146/2298 2145/2187
f 1947/2080 646/365 749/1543
f 3900/633 17/10 3873/2167
f 2229/2299 1638/1705 1381/1464
f 1679/1486 1618/1904 1680/1844
f 1637/1704 2232/2300 2230/2301
f 2233/2302 1617/1685 1616/1684
f 2231/2303 2236/2304 2237/2305
f 1381/1464 2238/2306 1382/2307
f 3586/2308 2242/2309 3587/2310
f 1630/2311 2233/2302 1631/1698
f 1681/1804 472/300 469/302
f 1408/2312 2243/2313 2244/2314
f 3236/2315 3238/2316 3237/2317
f 3232/2318 3240/2319 3235/2320
f 1637/1704 2238/2306 1638/1705
f 3237/2317 3233/2321 3234/2322
f 1409/1480 1634/1701 2245/2323
f 1380/1466 2247/2324 2246/2325
f 1628/1699 2245/2323 1621/2326
f 2249/2327 1622/1689 1633/1700
f 1632/1702 1408/2312 2244/2314
f 2248/2328 1631/1698 2250/2329
f 2235/2330 1637/1704 1636/2331
f 3245/2332 3199/2237 3198/2236
f 631/1316 2071/2020 725/396
f 515/556 52/34 49/36
f 782/858 2251/2333 1251/1270
f 2253/2334 2255/2335 2252/2336
f 397/231 459/284 784/428
f 1456/872 2040/2185 1455/870
f 2040/2185 2036/1927 1455/870
f 1401/2337 2111/2124 1398/747
f 2041/1925 1970/2186 2026/1923
f 1535/1782 414/239 1965/1818
f 1586/1389 2080/2338 2079/2005
f 2256/2339 1132/1175 1886/2340
f 1700/1002 3918/1520 3919/1515
f 3815/1967 1686/1158 3817/886
f 1263/1298 1886/2340 1096/1128
f 598/2341 844/1245 599/727
f 2257/2342 2259/2343 2260/2344
f 2258/2345 2262/2346 2259/2343
f 2259/2343 2263/2347 2216/2348
f 2260/2344 2216/2348 2215/2283
f 1967/1824 1970/2186 1969/1821
f 2212/2349 1963/2350 2213/2281
f 922/2351 2218/2285 2217/2284
f 1312/1369 1101/1131 2264/2352
f 1307/2353 1286/2354 789/864
f 1548/2355 1546/2225 1972/1828
f 2266/2356 2268/2357 2265/2358
f 2265/2358 2270/2359 2269/2360
f 2272/2361 2269/2360 2271/2362
f 2273/2363 2265/2358 2272/2361
f 2275/2364 2277/2365 2274/2366
f 2278/2367 2277/2365 2279/2368
f 2284/2369 3617/2370 3639/2371
f 2287/2372 2286/2373 2281/2374
f 2288/2375 2283/2376 2287/2372
f 2290/2377 3639/2371 3620/2378
f 2291/2379 2293/2380 2294/2381
f 2295/2382 2294/2381 2279/2368
f 2296/2383 2291/2379 2295/2382
f 2297/2384 2292/2385 2291/2379
f 2294/2381 2299/2386 2300/2387
f 2279/2368 2300/2387 2278/2367
f 2298/2388 2302/2389 2292/2385
f 2292/2385 2303/2390 2293/2380
f 2293/2380 2304/2391 2299/2386
f 2304/2391 2306/2392 2299/2386
f 2306/2392 2300/2387 2299/2386
f 2308/2393 2310/2394 2307/2395
f 2302/2389 2310/2394 2303/2390
f 2301/2396 2307/2395 2302/2389
f 2312/2397 2307/2395 2311/2398
f 2313/2399 2315/2400 2316/2401
f 2318/2402 2320/2403 2317/2404
f 3748/2405 2322/2406 2323/2407
f 2324/2408 2273/2363 2326/2409
f 2313/2399 2326/2409 2327/2410
f 2328/2411 2313/2399 2316/2401
f 2329/2412 2324/2408 2328/2411
f 2331/2413 2333/2414 2330/2415
f 2330/2415 2267/2416 2266/2356
f 2325/2417 2266/2356 2273/2363
f 2329/2412 2330/2415 2325/2417
f 2333/2414 2335/2418 2267/2416
f 2336/2419 2333/2414 2332/2420
f 2338/2421 2332/2420 2337/2422
f 2331/2413 2337/2422 2332/2420
f 2329/2412 2339/2423 2331/2413
f 2328/2411 2340/2424 2329/2412
f 2316/2401 2341/2425 2328/2411
f 2342/2426 2315/2400 2343/2427
f 2344/2428 2346/2429 2347/2430
f 2341/2425 2347/2430 2340/2424
f 2342/2426 2344/2428 2341/2425
f 2348/2431 2345/2432 2344/2428
f 2350/2433 2352/2434 2353/2435
f 2339/2423 2353/2435 2337/2422
f 2340/2424 2350/2433 2339/2423
f 2347/2430 2351/2436 2350/2433
f 2337/2422 2354/2437 2338/2421
f 2353/2435 2355/2438 2354/2437
f 2356/2439 2276/2440 2357/2441
f 2356/2439 2358/2442 2359/2443
f 2356/2439 2296/2383 2295/2382
f 2279/2368 2356/2439 2295/2382
f 2360/2444 2270/2359 2268/2357
f 2267/2416 2360/2444 2268/2357
f 2362/2445 2364/2446 2365/2447
f 2362/2445 2361/2448 2358/2442
f 2366/2449 2358/2442 2357/2441
f 2366/2449 2363/2450 2362/2445
f 2357/2441 2368/2451 2366/2449
f 2366/2449 2369/2452 2367/2453
f 2276/2440 2370/2454 2368/2451
f 2368/2451 2282/2455 2369/2452
f 2372/2456 2374/2457 2371/2458
f 2375/2459 2377/2460 2007/2461
f 2378/2462 2380/2463 2381/2464
f 2382/2465 2381/2464 2383/2466
f 2384/2467 2378/2462 2382/2465
f 2385/2468 2379/2469 2378/2462
f 2388/2470 2390/2471 2387/2472
f 2387/2472 2392/2473 2391/2474
f 2393/2475 2387/2472 2391/2474
f 2394/2476 2388/2470 2387/2472
f 2186/2222 2402/2477 2400/2478
f 2403/2479 2327/2410 2326/2409
f 2272/2361 2326/2409 2273/2363
f 2271/2362 2403/2479 2272/2361
f 2405/2480 2404/2481 2403/2479
f 2404/2481 2408/2482 2327/2410
f 2409/2483 2411/2484 2412/2485
f 2409/2483 2271/2362 2269/2360
f 2413/2486 2269/2360 2270/2359
f 2413/2486 2410/2487 2409/2483
f 2417/2488 2416/2489 2418/2490
f 2417/2488 2406/2491 2405/2480
f 2412/2485 2405/2480 2271/2362
f 2411/2484 2417/2488 2412/2485
f 2406/2491 2407/2492 2404/2481
f 3569/1337 632/2493 713/1335
f 2420/2494 2397/2495 2421/2496
f 2420/2494 2423/2497 2422/2498
f 2424/2499 2422/2498 2419/2500
f 2424/2499 2398/2501 2420/2494
f 2425/2502 2392/2473 2426/2503
f 2421/2496 2426/2503 2423/2497
f 2397/2495 2425/2502 2421/2496
f 2396/2504 2391/2474 2425/2502
f 2427/2505 2315/2400 2314/2506
f 2427/2505 2408/2482 2428/2507
f 2430/2508 2428/2507 2429/2509
f 2343/2427 2427/2505 2430/2508
f 2432/2510 2430/2508 2431/2511
f 2431/2511 2429/2509 2433/2512
f 2435/2513 2433/2512 2434/2514
f 2436/2515 2431/2511 2435/2513
f 2428/2507 2407/2492 2437/2516
f 2422/2498 2407/2492 2419/2500
f 2438/2517 2422/2498 2423/2497
f 2429/2509 2437/2516 2438/2517
f 2440/2518 2433/2512 2439/2519
f 2441/2520 2433/2512 2429/2509
f 2442/2521 2439/2519 2441/2520
f 2443/2522 2440/2518 2439/2519
f 2445/2523 2444/2524 2443/2522
f 2447/2525 2443/2522 2442/2521
f 2383/2466 2445/2523 2447/2525
f 2381/2464 2446/2526 2445/2523
f 2448/2527 2423/2497 2426/2503
f 2449/2528 2426/2503 2392/2473
f 2441/2520 2449/2528 2442/2521
f 2441/2520 2438/2517 2448/2527
f 2449/2528 2390/2471 2450/2529
f 2450/2529 2389/2530 2451/2531
f 2447/2525 2451/2531 2383/2466
f 2442/2521 2450/2529 2447/2525
f 2451/2531 2453/2532 2452/2533
f 2452/2533 2455/2534 2454/2535
f 2382/2465 2454/2535 2384/2467
f 2383/2466 2452/2533 2382/2465
f 2456/2536 2373/2537 2372/2456
f 2459/2538 2461/2539 2458/2540
f 2463/2541 2465/2542 2462/2543
f 2462/2543 2285/2544 2284/2369
f 2466/2545 2284/2369 2290/2377
f 2467/2546 2462/2543 2466/2545
f 2461/2539 3703/2547 3701/2548
f 2468/2549 2470/2550 2471/2551
f 2472/2552 2471/2551 2473/2553
f 2474/2554 3701/2548 3688/2555
f 2475/2556 2477/2557 2478/2558
f 2458/2540 2453/2532 2479/2559
f 2479/2559 2389/2530 2388/2470
f 2395/2560 2479/2559 2388/2470
f 2480/2561 2458/2540 2479/2559
f 2481/2562 2483/2563 2478/2558
f 2484/2564 2485/2565 221/2566
f 2471/2551 2464/2567 2463/2541
f 2473/2553 2463/2541 2467/2546
f 2487/2568 2466/2545 2486/2569
f 2486/2569 2290/2377 2488/2570
f 2490/2571 2488/2570 2489/2572
f 2491/2573 2486/2569 2490/2571
f 2492/2574 2467/2546 2487/2568
f 2493/2575 2487/2568 2491/2573
f 2494/2576 2492/2574 2493/2575
f 2495/2577 2473/2553 2492/2574
f 3690/2578 2474/2554 3688/2555
f 3691/2579 2496/2580 3690/2578
f 2498/2581 2493/2575 2499/2582
f 2500/2583 2499/2582 2501/2584
f 3700/2585 2498/2581 2500/2583
f 3687/2586 2494/2576 2498/2581
f 2306/2392 2278/2367 2300/2387
f 2305/2587 2504/2588 2306/2392
f 2504/2588 2507/2589 2506/2590
f 2506/2590 2288/2375 2508/2591
f 2274/2366 2508/2591 2275/2364
f 2278/2367 2506/2590 2274/2366
f 3633/2592 2489/2572 2488/2570
f 3620/2378 2488/2570 2290/2377
f 2507/2589 2289/2593 2288/2375
f 2505/2594 2509/2595 2507/2589
f 2508/2591 2287/2372 2511/2596
f 2511/2596 2281/2374 2280/2597
f 2370/2454 2280/2597 2282/2455
f 2275/2364 2511/2596 2370/2454
f 2512/2598 2489/2572 2513/2599
f 2514/2600 2513/2599 2515/2601
f 2517/2602 2514/2600 2516/2603
f 2517/2602 2490/2571 2512/2598
f 2499/2582 2491/2573 2517/2602
f 2499/2582 2516/2603 2501/2584
f 2510/2604 2519/2605 2518/2606
f 2518/2606 2521/2607 2520/2608
f 3616/2609 2520/2608 3621/2610
f 3632/2611 2518/2606 3616/2609
f 2522/2612 2303/2390 2310/2394
f 2523/2613 2310/2394 2309/2614
f 2305/2587 2522/2612 2524/2615
f 2524/2615 2523/2613 2525/2616
f 2519/2605 2525/2616 2521/2607
f 2505/2594 2524/2615 2519/2605
f 2308/2393 2527/2617 2526/2618
f 2526/2618 2529/2619 2528/2620
f 2531/2621 2528/2620 2530/2622
f 2309/2614 2526/2618 2531/2621
f 1214/1243 2151/2195 1211/1241
f 2419/2500 2418/2490 2424/2499
f 2533/2623 2349/2624 2317/2404
f 2534/2625 2317/2404 2320/2403
f 2535/2626 2533/2623 2534/2625
f 2536/2627 2345/2432 2533/2623
f 2537/2628 2346/2429 2536/2627
f 2538/2629 2536/2627 2535/2626
f 2539/2630 2537/2628 2538/2629
f 2540/2631 2351/2436 2537/2628
f 2312/2397 2541/2632 2527/2617
f 2527/2617 2542/2633 2529/2619
f 2543/2634 2434/2514 2544/2635
f 2545/2636 2544/2635 2546/2637
f 2319/2638 2543/2634 2545/2636
f 2318/2402 2435/2513 2543/2634
f 2514/2600 2548/2639 2547/2640
f 2547/2640 2550/2641 2549/2642
f 2552/2643 2549/2642 2551/2644
f 2552/2643 2514/2600 2547/2640
f 2520/2608 2554/2645 2553/2646
f 2553/2646 2556/2647 2555/2648
f 3590/2649 2555/2648 3593/2650
f 3621/2610 2553/2646 3590/2649
f 2523/2613 2531/2621 2557/2651
f 2557/2651 2530/2622 2558/2652
f 2525/2616 2557/2651 2559/2653
f 2559/2653 2558/2652 2560/2654
f 2554/2645 2560/2654 2556/2647
f 2521/2607 2559/2653 2554/2645
f 2561/2655 2007/2461 2006/2070
f 2376/2656 2225/2293 2377/2460
f 2564/2657 2566/2658 2563/2659
f 2563/2659 338/511 2567/2660
f 2569/2661 2567/2660 2568/2662
f 2570/2663 2563/2659 2569/2661
f 2572/2664 2574/2665 2571/2666
f 2571/2666 2576/2667 2575/2668
f 2544/2635 2575/2668 2546/2637
f 2544/2635 2572/2664 2571/2666
f 2578/2669 2569/2661 2577/2670
f 2579/2671 2569/2661 2568/2662
f 2574/2665 2579/2671 2576/2667
f 2573/2672 2577/2670 2574/2665
f 2581/2673 2583/2674 2580/2675
f 2584/2676 2583/2674 2585/2677
f 3697/2678 2580/2675 2584/2676
f 3676/2679 2580/2675 3675/2680
f 2582/2681 2552/2643 2583/2674
f 2583/2674 2551/2644 2585/2677
f 2500/2583 2589/2682 2588/2683
f 2590/2684 2589/2682 2591/2685
f 3693/2686 2588/2683 2590/2684
f 3695/2687 2500/2583 2588/2683
f 2501/2584 2591/2685 2589/2682
f 2592/2688 2594/2689 2595/2690
f 2386/2691 2503/2692 2502/2693
f 2596/2694 2386/2691 2374/2457
f 2596/2694 2373/2537 2597/2695
f 2599/2696 2597/2695 2598/2697
f 2599/2696 2379/2469 2596/2694
f 2600/2698 2380/2463 2599/2696
f 2600/2698 2598/2697 2601/2699
f 2603/2700 2601/2699 2602/2701
f 2603/2700 2446/2526 2600/2698
f 2604/2702 2602/2701 2605/2703
f 2440/2518 2605/2703 2434/2514
f 2444/2524 2604/2702 2440/2518
f 2606/2704 2581/2673 2607/2705
f 2606/2704 2590/2684 2591/2685
f 2591/2685 2582/2681 2606/2704
f 3676/2679 2456/2536 3689/2706
f 3689/2706 2372/2456 3693/2686
f 2478/2558 2608/2707 2481/2562
f 2609/2708 2611/2709 2199/2710
f 2564/2657 2613/2711 2612/2712
f 2612/2712 2598/2697 2597/2695
f 2457/2713 2597/2695 2373/2537
f 2565/2714 2612/2712 2457/2713
f 2614/2715 2570/2663 2578/2669
f 2615/2716 2578/2669 2573/2672
f 2602/2701 2614/2715 2615/2716
f 2601/2699 2613/2711 2614/2715
f 2572/2664 2605/2703 2616/2717
f 2616/2717 2602/2701 2615/2716
f 2573/2672 2616/2717 2615/2716
f 1459/880 1045/541 1021/533
f 1265/1299 1079/1115 1082/1114
f 1612/1950 1609/1963 1611/1903
f 2067/1960 2069/2055 2068/2718
f 1135/2261 1136/564 1148/563
f 1938/1995 2618/2719 2617/2720
f 95/387 458/281 128/89
f 2058/1951 1608/1405 1612/1950
f 1454/873 1445/851 1367/703
f 655/769 1048/1079 2619/2721
f 722/2722 2621/2723 723/817
f 1131/1176 1033/1065 1134/1177
f 562/349 366/208 1497/1778
f 1723/1546 1725/1571 1591/1548
f 1786/2724 1122/1152 1787/1826
f 267/159 323/261 266/160
f 1325/644 1654/1586 2038/1926
f 1468/896 1435/832 1479/962
f 658/772 529/2725 528/695
f 8/4 247/339 7/2726
f 382/1281 1559/1330 3/223
f 788/866 1307/2353 789/864
f 940/2030 929/755 928/2032
f 911/951 2623/2727 912/2728
f 2621/2723 655/769 654/768
f 2624/2729 2625/2730 2626/2731
f 998/1033 27/26 26/2732
f 635/753 2626/2731 2625/2730
f 2627/2733 644/758 1840/1885
f 2628/2734 1840/1885 2629/2735
f 1200/2736 2627/2733 2628/2734
f 1199/1231 641/756 2627/2733
f 1520/1358 49/36 477/1076
f 1452/874 1349/668 1451/1244
f 2630/2737 1859/1909 1858/1908
f 644/758 1335/1537 1823/1884
f 1197/1229 717/814 2632/2738
f 2632/2738 719/815 1166/1205
f 2628/2734 1166/1205 1200/2736
f 2629/2735 2632/2738 2628/2734
f 1762/2739 1050/2740 821/889
f 1823/1884 873/929 1839/2741
f 2634/2742 794/1124 652/767
f 1028/1064 1027/1061 1161/1240
f 1042/1073 2635/2743 1043/1074
f 93/70 1901/1741 1924/1781
f 2036/1927 1458/1976 1455/870
f 1527/1833 1525/1325 1526/1098
f 877/932 1274/1313 1277/1317
f 134/91 797/430 1544/1190
f 1328/1413 931/972 1329/1414
f 607/736 1091/1122 1161/1240
f 1043/1074 2637/2744 2636/2745
f 2636/2745 2639/2746 2638/2747
f 1275/1315 2638/2747 1276/1376
f 1275/1315 1043/1074 2636/2745
f 1272/1308 2626/2731 2640/2748
f 2640/2748 638/752 637/2749
f 1110/1143 2640/2748 637/2749
f 536/2750 2640/2748 2641/2751
f 1472/2215 1474/1914 1473/2115
f 2042/1931 1951/1794 649/1935
f 1058/2752 1105/2753 1059/1086
f 2642/2754 2643/2755 2644/2756
f 1192/1922 2644/2756 1193/1224
f 912/2728 2642/2754 1192/1922
f 3898/2757 3526/1490 3786/1726
f 1049/1078 2620/2758 2621/2723
f 616/740 1885/1929 613/741
f 1331/2759 666/2278 750/843
f 990/2760 1198/1228 525/1846
f 1911/1759 321/1830 322/1860
f 1298/1356 1205/1332 2645/2761
f 76/53 1504/1029 75/2762
f 1502/2763 421/254 422/256
f 610/735 658/772 691/798
f 1146/1188 659/773 938/977
f 2646/2764 914/953 936/975
f 1280/1324 1238/2765 1279/1322
f 975/2766 2647/2767 2648/2768
f 2647/2767 975/2766 974/1012
f 1453/906 1452/874 1451/1244
f 1514/1108 158/107 151/101
f 835/900 1843/2769 1842/1891
f 1271/1307 1173/2770 1289/1345
f 2649/2771 813/883 2650/2772
f 1893/1732 1826/2773 1894/1733
f 1050/2740 1937/1994 1051/1080
f 2651/2774 814/884 813/883
f 1006/1042 1281/1326 977/1014
f 2653/2775 2654/2776 2655/2777
f 1001/1986 1003/1611 1002/519
f 585/723 679/789 558/710
f 2624/2729 621/1309 620/743
f 555/708 2028/2083 556/1166
f 1207/1238 1197/1229 2629/2735
f 1626/1487 478/362 472/300
f 426/1056 419/252 1567/1437
f 1030/1225 1773/1817 1031/1063
f 3898/2757 634/1451 3880/1728
f 534/1141 138/1126 262/335
f 1125/1812 1042/1073 1041/1155
f 333/1261 88/65 227/1218
f 569/437 561/348 730/435
f 1489/1538 871/2778 870/927
f 1857/2779 620/743 891/941
f 1673/1477 3770/1647 3763/2780
f 622/744 864/922 1308/1365
f 2647/2767 974/1012 2657/2781
f 619/745 891/941 620/743
f 261/1341 545/331 262/335
f 393/1288 1556/1263 404/1265
f 2658/2782 2647/2767 2657/2781
f 1075/1105 2657/2781 917/1106
f 1081/2783 2658/2782 1075/1105
f 1080/1113 2659/2784 2658/2782
f 2644/2756 1141/1182 2660/2785
f 2660/2785 1140/2786 1336/1425
f 642/2787 1336/1425 643/757
f 1193/1224 2660/2785 642/2787
f 679/789 555/708 558/710
f 1503/2788 1500/1009 1502/2763
f 1318/1374 1101/1131 1100/2789
f 2661/2790 1139/1181 1142/1183
f 2661/2790 2663/2791 2662/2792
f 2662/2792 2659/2784 2661/2790
f 2662/2792 2622/2793 2664/2794
f 2664/2794 911/951 2646/2764
f 2648/2768 2646/2764 1146/1188
f 2648/2768 2662/2792 2664/2794
f 2083/1998 2093/1754 2081/1996
f 1442/835 1437/831 1439/828
f 519/475 330/1095 51/432
f 1885/1929 1209/1239 613/741
f 799/1716 805/443 804/1717
f 1946/2100 1952/1971 1953/1970
f 1302/2795 1253/1272 1252/2796
f 566/1320 224/277 533/322
f 1389/2037 928/2032 1388/720
f 683/2797 681/1418 680/1417
f 836/2798 1842/1891 2665/2799
f 2665/2799 1845/1893 1303/1362
f 2666/2800 1303/1362 1302/2795
f 24/27 2665/2799 2666/2800
f 831/899 2650/2772 832/897
f 1845/1893 1304/1363 1303/1362
f 2010/2801 2012/2802 2011/1876
f 1051/1080 2667/2803 2668/2804
f 1522/1089 1511/1054 1523/1090
f 531/1116 441/2805 522/1148
f 782/858 1251/1270 1250/1271
f 1250/1271 2625/2730 2669/2806
f 2669/2806 1857/2779 1856/1905
f 783/859 1856/1905 1037/1069
f 782/858 2669/2806 783/859
f 720/818 2671/2807 721/816
f 1055/1087 1930/1988 1056/1083
f 1333/2808 1251/1270 2251/2333
f 619/745 1308/1365 1307/2353
f 652/767 2619/2721 2634/2742
f 521/1058 1539/1146 1540/1164
f 1838/1883 537/701 2672/2809
f 2672/2809 536/2750 2641/2751
f 1113/1145 2641/2751 1110/1143
f 1113/1145 1838/1883 2672/2809
f 1016/548 1351/879 1045/541
f 3897/1719 570/347 3894/2017
f 226/1051 104/2810 101/74
f 3564/2811 3827/2160 1818/1771
f 1036/1068 1884/2082 1883/1928
f 2674/2812 1304/1363 2673/2813
f 2673/2813 1844/1892 2675/2814
f 1334/1424 2675/2814 1039/1071
f 1333/2808 2673/2813 1334/1424
f 2676/2815 1039/1071 2675/2814
f 1843/2769 2675/2814 1844/1892
f 942/1102 2676/2815 1843/2769
f 1074/1104 702/803 2676/2815
f 811/882 859/1412 858/917
f 752/2816 1055/1087 753/842
f 1200/2736 656/1206 1026/1232
f 1120/1150 874/930 2677/2817
f 2677/2817 877/932 1052/2818
f 1241/1262 1052/2818 1005/1081
f 1119/1151 2677/2817 1241/1262
f 1560/1501 151/101 1515/1965
f 1208/2819 611/738 523/694
f 215/2820 736/2821 214/136
f 1460/881 1462/1989 1461/936
f 1208/2819 1839/2741 873/929
f 854/916 1282/1331 1297/1355
f 72/50 182/255 179/118
f 544/329 1565/1354 512/309
f 217/465 456/2822 457/635
f 2047/1938 930/754 945/1944
f 1204/1235 1937/1994 2633/2823
f 913/952 686/856 685/794
f 840/904 1113/1145 1112/1144
f 1531/1119 730/435 561/348
f 2678/2824 1283/1334 801/876
f 601/966 1914/1973 602/730
f 1537/1149 459/284 460/283
f 1819/2825 3509/993 3527/2826
f 991/1025 862/2827 538/702
f 2679/2828 1073/1103 1830/1872
f 2680/2829 983/1021 2256/2339
f 779/855 2256/2339 1263/1298
f 778/1333 2680/2829 779/855
f 2678/2824 1830/1872 2680/2829
f 180/120 245/1786 40/1305
f 1886/2340 1131/1176 1134/1177
f 1138/2830 1274/1313 1255/1274
f 1841/1888 1140/2786 1139/1181
f 75/2762 314/1287 74/54
f 193/1161 420/251 192/250
f 2681/2831 1099/1130 1098/1132
f 170/179 1565/1354 169/113
f 349/197 417/247 432/1280
f 1121/1154 2684/2832 2683/2833
f 547/431 409/258 302/257
f 123/981 121/2834 120/1816
f 2643/2755 1142/1183 1141/1182
f 1542/1179 513/313 1543/1189
f 899/2835 907/525 919/527
f 1210/2836 676/790 867/924
f 791/865 982/1167 892/940
f 24/27 837/901 836/2798
f 893/944 932/1300 931/972
f 1860/2837 863/921 862/2827
f 535/700 862/2827 861/920
f 832/897 813/883 812/1230
f 2650/2772 813/883 832/897
f 1569/1819 1547/2838 1568/1783
f 181/119 542/470 180/120
f 660/2839 937/976 688/796
f 2013/2840 568/436 2012/2802
f 887/937 2631/2841 2630/2737
f 1524/1092 361/1408 78/58
f 520/1430 162/2842 1529/1109
f 2653/2775 854/916 2685/2843
f 1238/2765 2655/2777 2686/2844
f 718/1948 527/697 530/696
f 1492/1004 518/310 1491/994
f 792/1871 615/1156 793/867
f 599/727 1835/2845 596/728
f 290/393 456/2822 175/176
f 312/178 1552/1327 425/1057
f 1248/2846 1179/1214 1249/1268
f 153/105 177/1889 178/2199
f 1240/1260 1222/1248 1221/1259
f 1257/1351 1235/1979 1071/1255
f 1291/1350 1083/1249 1222/1248
f 1052/2818 1277/1317 1053/1082
f 743/1237 2618/2719 1204/1235
f 444/2847 430/263 443/1275
f 23/23 1172/1209 1187/1278
f 2687/2848 1180/2849 1179/1214
f 102/76 409/258 134/91
f 1283/1334 610/735 801/876
f 373/2850 650/372 651/371
f 1180/2849 1084/1117 1291/1350
f 855/914 2655/2777 1237/1257
f 1173/2770 1917/2851 1174/1210
f 2689/2852 853/912 2688/2853
f 2688/2853 1108/1138 1279/1322
f 2686/2844 1279/1322 1238/2765
f 2687/2848 2688/2853 2686/2844
f 2691/2854 1252/2796 2690/2855
f 2690/2855 850/913 2689/2852
f 1248/2846 2689/2852 2687/2848
f 1248/2846 2691/2854 2690/2855
f 2692/2856 24/27 2666/2800
f 2691/2854 2666/2800 1302/2795
f 1247/1267 2692/2856 2691/2854
f 1258/1290 617/742 2692/2856
f 394/1226 1555/1415 393/1288
f 2693/2857 1259/1292 1223/1344
f 1072/1101 1262/1294 1261/1293
f 1257/1351 1168/2858 1258/1290
f 398/1539 1555/1415 1554/1795
f 871/2778 1314/2859 872/928
f 1178/1216 1249/1268 1179/1214
f 1224/1251 1173/2770 1172/1209
f 1010/1044 2618/2719 742/837
f 1175/1211 1292/2860 1269/1306
f 2654/2776 2686/2844 2655/2777
f 2694/2861 1216/1246 1264/1910
f 71/1955 1487/988 70/51
f 701/802 1111/2862 1038/1070
f 1072/1101 2649/2771 2650/2772
f 1085/1118 22/1250 21/22
f 895/961 1264/1910 896/943
f 1601/1400 1605/1954 1604/1398
f 1259/1292 1271/1307 1289/1345
f 21/22 1220/1247 1083/1249
f 988/1026 538/702 537/701
f 598/2341 1336/1425 1140/2786
f 820/1811 1762/2739 821/889
f 1050/2740 818/890 821/889
f 1298/1356 1761/1810 2652/2863
f 1168/2858 618/2279 617/742
f 858/917 1256/1279 833/898
f 39/20 516/439 1536/1133
f 2652/2863 819/888 814/884
f 313/1142 315/192 314/1287
f 2026/1923 1971/1823 2027/1896
f 2656/2864 596/728 1835/2845
f 814/884 818/890 811/882
f 2696/2865 813/883 2649/2771
f 1260/2866 2649/2771 1261/1293
f 2693/2857 2696/2865 1260/2866
f 2697/2867 2651/2774 2696/2865
f 381/220 390/290 380/221
f 3818/2121 1611/1903 1609/1963
f 1475/935 1428/2168 1227/617
f 1292/2860 1917/2851 1235/1979
f 1551/1227 354/1346 1518/1186
f 1526/1098 1523/1090 1511/1054
f 1593/1387 1595/1403 1573/2051
f 1232/1254 1246/1269 1249/1268
f 2695/2868 1223/1344 22/1250
f 2698/2869 1296/1357 2697/2867
f 2698/2869 2693/2857 2695/2868
f 2685/2843 2695/2868 1085/1118
f 2685/2843 1297/1355 2698/2869
f 562/349 271/1003 272/350
f 2652/2863 1296/1357 1298/1356
f 1365/762 1364/2125 1363/687
f 1958/2101 1953/1970 1957/2870
f 585/723 2210/2274 997/1032
f 1561/1521 1515/1965 435/268
f 975/2766 1146/1188 976/1013
f 347/1266 68/49 346/384
f 1038/1070 636/751 1068/1096
f 2700/2871 780/857 2699/2872
f 2699/2872 1036/1068 1883/1928
f 2701/2873 1883/1928 1829/1870
f 851/911 2699/2872 2701/2873
f 2674/2812 2251/2333 2702/2874
f 2702/2874 781/2875 2700/2871
f 1253/1272 2700/2871 851/911
f 1301/1361 2702/2874 1253/1272
f 1519/1253 388/229 1550/1285
f 1273/1312 1280/1324 2703/2876
f 2703/2876 1107/1323 852/1137
f 2701/2873 852/1137 851/911
f 1829/1870 2703/2876 2701/2873
f 91/2877 326/1321 90/66
f 1784/1827 2656/2864 1785/1825
f 2683/2833 2705/2878 2704/2879
f 604/1850 3499/2880 3533/1930
f 1669/1049 3548/2881 1662/1674
f 2062/1958 2060/2882 2059/1953
f 621/1309 861/920 622/744
f 2023/1877 732/2883 2024/1881
f 686/856 1263/1298 687/795
f 857/919 2668/2804 1328/1413
f 883/1843 882/1252 879/459
f 637/2749 1111/2862 1110/1143
f 2668/2804 893/944 1328/1413
f 2667/2803 894/942 2668/2804
f 1039/1071 1068/1096 1334/1424
f 313/1142 1504/1029 1505/1036
f 1911/1759 305/1093 453/276
f 1936/1993 1964/2035 2212/2349
f 2707/2884 2401/2885 2183/2886
f 2708/2887 2183/2886 2182/2219
f 738/1807 2116/2198 554/1456
f 2349/2624 2432/2510 2436/2515
f 2711/2888 2020/2078 2019/2889
f 2400/2478 2019/2889 2186/2222
f 2714/2890 2716/2891 2713/2892
f 2717/2893 2719/2894 2720/2895
f 2721/2896 2723/2897 2724/2898
f 2726/2899 2728/2900 2725/2901
f 2725/2901 2730/2902 2729/2903
f 2731/2904 2729/2903 2709/2905
f 2732/2906 2725/2901 2731/2904
f 2734/2907 2736/2908 2733/2909
f 2738/2910 2740/2911 2737/2912
f 2737/2912 2741/2913 2742/2914
f 2744/2915 2746/2916 2743/2917
f 2745/2918 2748/2919 2747/2920
f 2749/2921 2747/2920 2751/2922
f 2753/2923 2751/2922 2752/2924
f 2250/2329 2246/2325 2248/2328
f 2754/2925 1614/1683 2755/2926
f 3598/2927 2755/2926 3609/2928
f 3608/2929 2747/2920 3609/2928
f 1617/1685 2755/2926 1614/1683
f 2242/2309 1620/1688 2757/2930
f 2191/2249 2760/2931 2759/2932
f 2761/2933 2760/2931 2762/2934
f 3648/2935 2761/2933 3649/2936
f 3623/2937 2759/2932 3648/2935
f 3209/2938 3223/2939 3224/2940
f 1395/1722 2236/2304 2235/2330
f 1395/1722 1636/2331 1615/1721
f 1616/1684 2229/2299 2233/2302
f 1617/1685 2763/2941 2756/2942
f 2756/2942 3628/2943 3608/2929
f 2765/2944 2234/2945 1630/2311
f 2766/2946 3628/2943 3622/2947
f 3202/2948 3246/2949 3247/2950
f 1516/1966 435/268 1515/1965
f 2768/2951 3552/1458 3553/1460
f 1495/997 578/342 1424/804
f 2135/632 28/2112 17/10
f 3526/2952 2773/2953 2774/2954
f 1690/1646 3926/2955 3925/2956
f 2778/2957 2780/2958 2777/2959
f 2777/2959 2781/2960 2782/2961
f 2784/2962 2777/2959 2783/2963
f 3555/2128 575/380 576/392
f 1494/996 9/2190 540/327
f 3529/1467 2015/2263 3566/1336
f 451/320 505/634 450/272
f 2786/2964 2788/2965 2785/2966
f 2779/2967 2785/2966 2780/2958
f 2789/2968 2741/2913 2740/2911
f 2790/2969 2752/2924 2789/2968
f 2792/2970 2794/2971 2791/2972
f 2793/2973 2796/2974 2794/2971
f 2796/2974 2750/2975 2749/2921
f 2794/2971 2749/2921 2753/2923
f 2798/2976 1396/1471 2754/2925
f 3591/2977 2754/2925 3598/2927
f 2798/2976 2800/2978 1393/1472
f 3591/2977 2799/2979 2798/2976
f 2797/2980 2795/2981 2801/2982
f 2791/2972 2753/2923 2790/2969
f 216/138 232/1743 54/39
f 3804/2983 2807/2984 3803/2985
f 3805/2986 2804/2987 3803/2985
f 2769/2988 3557/1507 3552/1458
f 183/211 184/374 97/73
f 2811/2989 2775/2990 2776/2991
f 2804/2987 2776/2991 2805/2992
f 2809/2993 2811/2989 2804/2987
f 2812/2994 2813/2995 2814/2996
f 3805/2986 2816/2997 3795/2998
f 3796/2999 2815/3000 3795/2998
f 3798/3001 2820/3002 2821/3003
f 3793/3004 2819/3005 3798/3001
f 2824/3006 2735/3007 2819/3005
f 2823/3008 2824/3006 2819/3005
f 2825/3009 2826/3010 2724/2898
f 3793/3004 2827/3011 3792/3012
f 3796/2999 2826/3010 3792/3012
f 2713/2892 2829/3013 2828/3014
f 2828/3014 2831/3015 2830/3016
f 2822/3017 2828/3014 2830/3016
f 2821/3003 2713/2892 2828/3014
f 2832/3018 2822/3017 2830/3016
f 2833/3019 2830/3016 2831/3015
f 2834/3020 2832/3018 2833/3019
f 2835/3021 2827/3011 2832/3018
f 2837/3022 2839/3023 2836/3024
f 2836/3024 2841/3025 2840/3026
f 2842/3027 2840/3026 2727/3028
f 2843/3029 2836/3024 2842/3027
f 2840/3026 2845/3030 2844/3031
f 2718/3032 2845/3030 2719/2894
f 2730/2902 2844/3031 2718/3032
f 2727/3028 2844/3031 2728/2900
f 2846/3033 2719/2894 2845/3030
f 2846/3033 2841/3025 2847/3034
f 2829/3013 2847/3034 2831/3015
f 2829/3013 2716/2891 2846/3033
f 2847/3034 2839/3023 2848/3035
f 2848/3035 2838/3036 2849/3037
f 2833/3019 2849/3037 2834/3020
f 2831/3015 2848/3035 2833/3019
f 2850/3038 2851/3039 2852/3040
f 2853/3041 2852/3040 2854/3042
f 2783/2963 2782/2961 2855/3043
f 2785/2966 2853/3041 2856/3044
f 2780/2958 2856/3044 2781/2960
f 2857/3045 2855/3043 2782/2961
f 2859/3046 2782/2961 2781/2960
f 2861/3047 2842/3027 2860/3048
f 2860/3048 2727/3028 2726/2899
f 2862/3049 2726/2899 2732/2906
f 2863/3050 2860/3048 2862/3049
f 2861/3047 2858/3051 2857/3045
f 2843/3029 2857/3045 2859/3046
f 2856/3044 2854/3042 2864/3052
f 2781/2960 2864/3052 2859/3046
f 2837/3022 2859/3046 2864/3052
f 2838/3036 2864/3052 2854/3042
f 2852/3040 2834/3020 2849/3037
f 2854/3042 2849/3037 2838/3036
f 2865/3053 2818/3054 2835/3021
f 2851/3039 2835/3021 2834/3020
f 2813/2995 2815/3000 2865/3053
f 2814/2996 2865/3053 2851/3039
f 2866/3055 2814/2996 2850/3038
f 2788/2965 2850/3038 2853/3041
f 2866/3055 2787/3056 2867/3057
f 2812/2994 2867/3057 2775/2990
f 1892/2003 1890/1740 1891/2175
f 2720/2895 2846/3033 2870/3058
f 298/1407 256/148 257/1193
f 2872/3059 2713/2892 2820/3002
f 3794/3060 2735/3007 2734/2907
f 2729/2903 2874/3061 2873/3062
f 2846/3033 2715/3063 2870/3058
f 2876/3064 2878/3065 2875/3066
f 2733/2909 2878/3065 2734/2907
f 3806/3067 2879/3068 2880/3069
f 3806/3067 2872/3059 3794/3060
f 2882/3070 2884/3071 2881/3072
f 2881/3072 2715/3063 2714/2890
f 2880/3069 2714/2890 2872/3059
f 2879/3068 2881/3072 2880/3069
f 2885/3073 2887/3074 2888/3075
f 2888/3075 2890/3076 2885/3073
f 2885/3073 2892/3077 2891/3078
f 2893/3079 2885/3073 2891/3078
f 1942/2002 2532/3080 2894/3081
f 2895/3082 2720/2895 2870/3058
f 2884/3071 2870/3058 2715/3063
f 2883/3083 2895/3082 2884/3071
f 2896/3084 2892/3077 2895/3082
f 2889/3085 2717/2893 2890/3076
f 2890/3076 2720/2895 2892/3077
f 2897/3086 2891/3078 2896/3084
f 2898/3087 2896/3084 2883/3083
f 2899/3088 2883/3083 2882/3070
f 2900/3089 2882/3070 2879/3068
f 3797/3090 2879/3068 3807/3091
f 2876/3064 2901/3092 2877/3093
f 2901/3092 2904/3094 2903/3095
f 1785/1825 1835/2845 1834/1879
f 2905/3096 2899/3088 2900/3089
f 2907/3097 2897/3086 2898/3087
f 3797/3090 2903/3095 3799/3098
f 632/2493 577/3099 633/2170
f 3532/1639 2867/3057 2787/3056
f 434/265 550/337 350/196
f 2768/2951 3640/3100 3643/3101
f 2910/3102 1623/1690 2249/2327
f 2241/3103 2758/3104 2242/2309
f 3640/3100 2913/3105 3652/3106
f 1623/1690 2757/2930 1620/1688
f 3587/2310 2757/2930 3652/3106
f 2229/2299 1380/1466 2250/2329
f 2765/2944 1629/1697 2914/3107
f 2915/3108 1629/1697 2912/3109
f 3642/3110 2914/3107 2915/3108
f 3641/3111 2765/2944 2914/3107
f 2919/3112 3642/3110 3613/3113
f 2918/3114 2912/3109 2241/3103
f 3614/3115 2241/3103 3586/2308
f 3618/3116 3613/3113 3670/3117
f 3541/1663 2180/2218 3496/1664
f 3521/1682 2188/3118 3506/1735
f 3705/3119 714/376 3851/2093
f 2925/3120 2917/3121 2924/3122
f 2924/3122 2916/3123 2919/3112
f 3610/3124 2919/3112 3618/3116
f 3611/3125 2924/3122 3610/3124
f 2926/3126 2766/2946 2925/3120
f 3658/3127 2925/3120 3611/3125
f 1715/1533 1705/1744 1710/1842
f 785/1500 498/2230 796/1498
f 1387/719 565/1310 1791/2206
f 374/2231 1899/3128 560/2229
f 3573/2056 2206/2269 3556/3129
f 2929/3130 2886/3131 2893/3079
f 2932/3132 2934/3133 2931/3134
f 1905/1748 1908/1813 1907/1832
f 2930/3135 2936/3136 2937/3137
f 2938/3138 2930/3135 2929/3130
f 1493/1075 517/1897 518/310
f 1603/3139 1586/1389 1602/1399
f 2939/3140 2929/3130 2908/3141
f 2940/3142 2908/3141 2907/3097
f 3665/3143 1600/1395 3661/2103
f 2886/3131 2937/3137 2887/3074
f 2906/3144 2898/3087 2899/3088
f 2908/3141 2893/3079 2897/3086
f 2942/3145 2933/3146 2941/3147
f 2941/3147 2937/3137 2936/3136
f 3501/1687 2936/3136 3513/1695
f 3498/1686 2941/3147 3501/1687
f 2943/3148 2710/3149 2873/3062
f 2943/3148 2874/3061 2889/3085
f 2945/3150 2889/3085 2888/3075
f 2946/3151 2943/3148 2945/3150
f 2932/3132 2888/3075 2887/3074
f 2931/3134 2945/3150 2932/3132
f 727/375 1929/1777 728/373
f 2903/3095 2947/3152 2948/3153
f 545/331 42/30 262/335
f 1480/969 533/322 251/323
f 2907/3097 2949/3154 2940/3142
f 2906/3144 2950/3155 2949/3154
f 1558/1286 215/2820 202/135
f 3799/3098 2948/3153 3801/3156
f 2054/2008 1644/1420 2118/885
f 3705/3119 2203/2267 3573/2056
f 1828/1677 1849/986 1827/1672
f 2953/3157 2955/3158 2952/3159
f 2952/3159 2957/3160 2956/3161
f 2956/3161 2258/2345 2952/3159
f 2953/3157 2258/2345 2257/2342
f 2454/2535 2474/2554 2496/2580
f 3747/3162 2959/3163 3766/3164
f 3747/3162 2131/2177 3737/3165
f 2961/3166 2963/3167 2958/3168
f 2958/3168 2964/3169 2959/3163
f 222/307 2485/2565 2965/3170
f 2477/2557 2966/3171 2608/2707
f 2631/2841 2006/2070 1859/1909
f 2384/2467 2496/2580 2497/3172
f 2967/3173 2959/3163 2964/3169
f 2968/3174 2970/3175 2969/3176
f 3759/3177 2971/3178 3784/3179
f 3784/3179 2960/3180 3766/3164
f 2972/3181 2033/2098 2032/2097
f 2007/2461 2973/3182 2008/2071
f 3560/3183 2134/2179 2133/2178
f 1836/3184 1832/1711 1831/1710
f 3506/1735 2090/2143 3551/1899
f 955/1295 959/517 956/3185
f 672/3186 674/3187 673/2296
f 633/2170 713/1335 632/2493
f 2024/1881 733/398 803/1489
f 2025/1882 803/1489 798/1873
f 425/1057 1550/1285 388/229
f 2975/3188 888/1919 887/937
f 1319/1375 1157/1196 2694/2861
f 1212/1791 2977/3189 1213/1242
f 889/938 2228/3190 2227/2297
f 1978/1837 1975/1835 1979/1853
f 1138/2830 1329/1414 915/956
f 751/841 2979/3191 2978/3192
f 1619/1949 1625/1485 1624/1476
f 2252/2336 1728/3193 1727/1790
f 1157/1196 845/907 1216/1246
f 2706/3194 1938/1995 2617/2720
f 2980/3195 2254/3196 2981/3197
f 2982/3198 887/937 2630/2737
f 802/875 711/809 2679/2828
f 678/3199 2029/2081 2028/2083
f 527/697 690/905 528/695
f 1839/2741 2629/2735 1840/1885
f 2983/3200 602/730 1914/1973
f 2983/3200 1913/1972 1331/2759
f 2985/3201 1331/2759 1054/1084
f 2986/3202 2983/3200 2985/3201
f 2987/3203 2635/2743 2634/2742
f 2985/3201 2639/2746 2986/3202
f 2990/3204 1318/1374 2989/3205
f 2991/3206 2993/3207 2994/3208
f 2995/3209 2994/3208 2996/3210
f 1106/1135 2991/3206 2995/3209
f 1058/2752 2992/3211 2991/3206
f 1415/765 1365/762 1367/703
f 1317/1373 2217/2284 2997/3212
f 1932/1990 2255/2335 2980/3195
f 926/965 2999/3213 664/778
f 3001/3214 2992/3211 3000/3215
f 3000/3215 1057/1085 2978/3192
f 2999/3213 2978/3192 2979/3191
f 2998/3216 3000/3215 2999/3213
f 3002/3217 2209/2275 3003/3218
f 3002/3217 2996/3210 2994/3208
f 2993/3207 3002/3217 2994/3208
f 3001/3214 2998/3216 3002/3217
f 1103/1136 2995/3209 3004/3219
f 3004/3219 2996/3210 3003/3218
f 2209/2275 3004/3219 3003/3218
f 588/722 3004/3219 2210/2274
f 295/1840 433/1347 381/220
f 2638/2747 2988/3220 3005/3221
f 3005/3221 1056/1083 1930/1988
f 1305/1366 1930/1988 1306/1364
f 1276/1376 3005/3221 1305/1366
f 1987/1851 1993/1858 1989/1855
f 2633/2823 1761/1810 2645/2761
f 1423/797 1417/783 1419/785
f 3561/1769 739/482 703/390
f 2671/2807 2704/2879 2705/2878
f 1473/2115 2035/2161 1472/2215
f 922/2351 2694/2861 895/961
f 1401/2337 1378/715 1384/1550
f 556/1166 1884/2082 1037/1069
f 842/1433 3825/601 3836/603
f 1854/1902 2617/2720 1010/1044
f 933/973 1081/2783 1075/1105
f 1440/836 1436/963 1437/831
f 529/2725 719/815 530/696
f 1031/1063 1027/1061 1028/1064
f 777/854 912/2728 1871/1921
f 2645/2761 1204/1235 2633/2823
f 441/2805 1538/1348 1537/1149
f 790/1110 587/1197 586/721
f 2065/1969 1610/1404 1607/1406
f 1860/2837 990/2760 902/1845
f 60/40 87/78 59/62
f 1424/804 1948/1932 1947/2080
f 332/3222 1507/1038 331/1091
f 261/1341 138/1126 135/1847
f 187/123 449/273 507/1359
f 1719/1536 1726/1583 1725/1571
f 1931/1987 1059/1086 3006/3223
f 3006/3223 1105/2753 1104/1134
f 1287/1343 1104/1134 587/1197
f 1286/2354 3006/3223 1287/1343
f 3007/3224 3009/3225 3010/3226
f 3009/3225 653/869 795/868
f 618/2279 26/2732 25/25
f 2029/2081 1210/2836 1209/1239
f 957/998 600/729 2228/3190
f 1049/1078 2228/3190 600/729
f 2631/2841 3011/3227 2561/2655
f 890/939 2227/2297 3011/3227
f 3011/3227 2145/2187 3012/3228
f 2561/2655 3012/3228 2375/2459
f 1026/1232 609/770 608/734
f 2706/3194 1961/2036 1964/2035
f 3013/3229 2485/2565 3014/3230
f 2148/2189 1267/1301 3015/3231
f 3015/3231 1266/1303 1311/1368
f 2997/3212 1101/1131 1317/1373
f 642/2787 1773/1817 1193/1224
f 186/121 461/285 511/311
f 1041/1155 1320/1377 901/945
f 1121/1154 3017/3232 1122/1152
f 2984/3233 2987/3203 3018/3234
f 3018/3234 2634/2742 2619/2721
f 1048/1079 3018/3234 2619/2721
f 603/731 2984/3233 3018/3234
f 2679/2828 801/876 802/875
f 2062/1958 2074/1981 2061/1956
f 2061/1956 2076/1983 2064/1962
f 414/239 1545/1200 1965/1818
f 3016/3235 2683/2833 3019/3236
f 3019/3236 2704/2879 2670/3237
f 3020/3238 2670/3237 720/818
f 3007/3224 3019/3236 3020/3238
f 1871/1921 1091/1122 777/854
f 3021/3239 1122/1152 3017/3232
f 3022/3240 3017/3232 3010/3226
f 1314/2859 3022/3240 1315/1371
f 1784/1827 3021/3239 1314/2859
f 1316/1372 1763/3241 611/738
f 3023/3242 3010/3226 3009/3225
f 3023/3242 795/868 1092/1123
f 1763/3241 1092/1123 1125/1812
f 1315/1371 3023/3242 1763/3241
f 3016/3235 3010/3226 3017/3232
f 752/2816 2978/3192 1057/1085
f 2986/3202 2637/2744 2987/3203
f 3024/3243 653/869 3008/3244
f 3020/3238 3008/3244 3007/3224
f 720/818 3024/3243 3020/3238
f 723/817 654/768 3024/3243
f 2681/2831 1268/1302 3025/3245
f 2671/2807 1268/1302 721/816
f 2705/2878 3025/3245 2671/2807
f 1313/1370 3027/3246 1311/1368
f 3026/3247 3029/3248 3027/3246
f 3027/3246 3030/3249 3031/3250
f 1311/1368 3031/3250 3015/3231
f 2012/2802 731/1875 2023/1877
f 917/1106 974/1012 977/1014
f 743/1237 856/915 744/838
f 1888/1898 2030/1895 1425/800
f 2682/3251 2684/2832 3032/3252
f 3032/3252 1124/1153 2989/3205
f 1100/2789 2989/3205 1318/1374
f 1099/1130 3032/3252 1100/2789
f 1123/3253 2989/3205 1124/1153
f 3033/3254 1159/1880 1158/1194
f 2990/3204 1158/1194 1319/1375
f 1123/3253 3033/3254 2990/3204
f 1786/2724 1834/1879 3033/3254
f 1054/1084 2988/3220 2985/3201
f 2979/3191 664/778 2999/3213
f 2623/2727 2663/2791 2643/2755
f 1095/1127 688/796 687/795
f 3034/3255 2261/3256 2956/3161
f 3036/3257 2956/3161 2957/3160
f 3037/3258 3034/3255 3036/3257
f 3038/3259 3035/3260 3034/3255
f 3040/3261 3026/3247 1313/1370
f 2263/2347 3041/3262 3040/3261
f 3042/3263 3043/3264 3041/3262
f 3041/3262 3028/3265 3026/3247
f 3044/3266 3043/3264 3039/3267
f 3046/3268 3045/3269 3044/3266
f 3047/3270 3049/3271 3045/3269
f 3043/3264 3049/3271 3028/3265
f 3038/3259 3051/3272 3050/3273
f 3050/3273 3053/3274 3052/3275
f 3052/3275 3044/3266 3050/3273
f 3039/3267 3050/3273 3044/3266
f 3054/3276 3039/3267 3042/3263
f 3042/3263 2262/2346 3054/3276
f 2261/3256 3054/3276 2262/2346
f 2216/2348 2997/3212 2217/2284
f 2212/2349 2667/2803 1936/1993
f 3056/3277 2209/2275 3055/3278
f 934/974 1961/2036 1854/1902
f 2013/2840 3757/2040 567/1319
f 3058/3279 3060/3280 3061/3281
f 3059/3282 3063/3283 3060/3280
f 3060/3280 2213/2281 1963/2350
f 3061/3281 1963/2350 1962/2034
f 3063/3283 2214/2282 2213/2281
f 3062/3284 3064/3285 3063/3283
f 3065/3286 2260/2344 3064/3285
f 3064/3285 2215/2283 2214/2282
f 3066/3287 3031/3250 3030/3249
f 2608/2707 3067/3288 3066/3287
f 2966/3171 3068/3289 3067/3288
f 3031/3250 3068/3289 3015/3231
f 2455/2534 2461/2539 2474/2554
f 2476/3290 2226/2294 2477/2557
f 3551/1899 2089/2145 3525/1203
f 3526/2952 3769/3291 3786/3292
f 433/1347 355/201 381/220
f 2115/2048 1419/785 2123/2061
f 3509/993 2922/3293 3527/2826
f 3769/3291 2131/2177 2134/2179
f 3069/3294 2167/3295 2166/2208
f 2971/3178 2928/3296 2960/3180
f 2961/3166 2773/2953 2962/3297
f 3070/3298 2478/2558 2483/2563
f 2610/3299 3071/3300 2954/3301
f 2502/2693 2374/2457 2386/2691
f 3072/3302 2595/2690 3073/3303
f 2964/3169 3052/3275 2967/3173
f 3048/3304 3074/3305 3049/3271
f 2593/3306 3075/3307 3074/3305
f 3075/3307 3029/3248 3074/3305
f 3074/3305 3028/3265 3049/3271
f 3072/3302 3075/3307 2592/2688
f 3076/3308 2482/3309 2481/2562
f 2481/2562 3066/3287 3076/3308
f 3076/3308 3030/3249 3075/3307
f 2967/3173 3053/3274 2970/3175
f 2482/3309 3073/3303 2483/2563
f 479/364 493/297 494/299
f 706/1340 3873/2167 709/1338
f 3561/1769 2221/2291 3517/483
f 2013/2840 3754/812 3755/3310
f 3533/1930 2016/2075 3529/1467
f 3562/1933 2222/3311 2974/3312
f 1171/587 1155/573 1176/585
f 2586/3313 2565/2714 2587/3314
f 2982/3198 113/154 2484/2564
f 2562/3315 3077/3316 3068/3289
f 2376/2656 3012/3228 3077/3316
f 3012/3228 2148/2189 3077/3316
f 3077/3316 3015/3231 3068/3289
f 2963/3167 3046/3268 2964/3169
f 3051/3272 2970/3175 3053/3274
f 1683/1805 491/424 775/423
f 3850/2105 1447/848 3860/849
f 1986/2053 3734/3317 3768/3318
f 3079/3319 2546/2637 2575/2668
f 3081/3320 2575/2668 2576/2667
f 1983/2054 3768/3318 3765/3321
f 3082/3322 2319/2638 2545/2636
f 3080/3323 2545/2636 2546/2637
f 3734/3317 3082/3322 3080/3323
f 3732/3324 2323/2407 3082/3322
f 1309/637 1888/1898 748/1906
f 3073/3303 2772/3325 2771/3326
f 2760/2931 3084/3327 2762/2934
f 2760/2931 2088/2142 3083/3328
f 3085/3329 3086/3330 3087/3331
f 3089/3332 3090/3333 3088/3334
f 3089/3332 3084/3327 3085/3329
f 3092/3335 3090/3333 3091/3336
f 3093/3337 2744/2915 2743/2917
f 2751/2922 2748/2919 3093/3337
f 3093/3337 2752/2924 2751/2922
f 2742/2914 3093/3337 3094/3338
f 3094/3338 2743/2917 3095/3339
f 3096/3340 3098/3341 3087/3331
f 3099/3342 3087/3331 3086/3330
f 3097/3343 3095/3339 3098/3341
f 3100/3344 2746/2916 3101/3345
f 3101/3345 3102/3346 3100/3344
f 2764/3347 2927/3348 3101/3345
f 2745/2918 3101/3345 2746/2916
f 3102/3346 3091/3336 3100/3344
f 3100/3344 3095/3339 2743/2917
f 2869/3349 3592/3350 3634/3351
f 3102/3346 3104/3352 3092/3335
f 3658/3127 2869/3349 3634/3351
f 2927/3348 3103/3353 3102/3346
f 3098/3341 3091/3336 3090/3333
f 3087/3331 3090/3333 3085/3329
f 2088/2142 3105/3354 3083/3328
f 3083/3328 3086/3330 3084/3327
f 2483/2563 2771/3326 3070/3298
f 2401/2885 2185/2223 2321/3355
f 3099/3342 3105/3354 3106/3356
f 2125/2172 3106/3356 3105/3354
f 3108/3357 2742/2914 3107/3358
f 3107/3358 3094/3338 3097/3343
f 3110/3359 3107/3358 3109/3360
f 3109/3360 3097/3343 3096/3340
f 3111/3361 3096/3340 3099/3342
f 3112/3362 3109/3360 3111/3361
f 3113/3363 2737/2912 3108/3357
f 3115/3364 2722/3365 3114/3366
f 3117/3367 3114/3366 3116/3368
f 3119/3369 3116/3368 3118/3370
f 3118/3370 3120/3371 3121/3372
f 3116/3368 3113/3363 3120/3371
f 3122/3373 3111/3361 3123/3374
f 3122/3373 1755/2271 1754/1801
f 3124/3375 3126/3376 3127/3377
f 3125/3378 3121/3372 3126/3376
f 3128/3379 3118/3370 3125/3378
f 3129/3380 3125/3378 3124/3375
f 2020/2078 3128/3379 3129/3380
f 3853/671 1346/664 1352/878
f 1065/2174 1047/537 1066/641
f 1814/1665 3830/1445 1649/1444
f 2021/2079 3129/3380 3130/3381
f 3111/3361 3106/3356 3123/3374
f 3123/3374 2207/2295 1755/2271
f 2377/2460 2224/3382 2973/3182
f 3014/3230 113/154 112/153
f 1756/1802 3782/3383 3767/3384
f 3131/3385 2530/2622 2528/2620
f 3133/3386 2528/2620 2529/2619
f 1753/1803 3767/3384 3775/3387
f 3134/3388 3127/3377 3135/3389
f 2327/2410 2314/2506 2313/2399
f 2436/2515 2317/2404 2349/2624
f 2018/2077 3711/3390 3712/3391
f 2534/2625 3137/3392 2535/2626
f 2320/2403 3136/3393 2534/2625
f 2185/2223 3712/3391 3771/3394
f 3138/3395 2542/2633 2539/2630
f 3134/3388 3744/3396 3745/3397
f 3785/3398 3134/3388 3745/3397
f 3140/3399 2539/2630 2538/2629
f 2535/2626 3140/3399 2538/2629
f 3711/3390 3130/3381 3785/3398
f 2558/2652 3132/3400 3141/3401
f 3782/3383 3141/3401 3132/3400
f 2560/2654 3141/3401 3142/3402
f 3760/3403 3142/3402 3141/3401
f 958/999 2976/3404 2981/3197
f 1933/3405 2980/3195 3143/3406
f 2399/3407 2418/2490 2416/2489
f 2348/2431 2343/2427 2432/2510
f 2322/2406 2319/2638 2323/2407
f 2718/3032 2874/3061 2730/2902
f 2709/2905 2873/3062 2710/3149
f 2894/3081 1361/1440 1942/2002
f 346/384 176/177 347/1266
f 1876/1724 1882/1920 1881/1936
f 2802/3408 3607/3409 3592/3350
f 3104/3352 3088/3334 3092/3335
f 2974/3312 3649/2936 3603/3410
f 3089/3332 2761/2933 2762/2934
f 3088/3334 3145/3411 3089/3332
f 2803/3412 3603/3410 3607/3409
f 3870/2095 692/379 628/2154
f 2123/2061 1418/780 2126/2259
f 1365/762 1368/688 1367/703
f 1581/1380 1782/1696 1783/1614
f 3569/1337 2129/2176 3520/2127
f 3555/2128 2002/2245 3521/1682
f 3146/3413 2551/2644 3147/3414
f 3751/3415 3147/3414 3750/3416
f 3742/3417 3146/3413 3751/3415
f 3149/3418 2585/2677 3146/3413
f 3196/3419 3197/3420 3195/2233
f 3604/3421 2191/2249 3623/2937
f 3142/3402 2556/2647 2560/2654
f 3777/3422 3150/3423 3142/3402
f 3646/3424 2550/2641 3593/2650
f 3150/3423 2555/2648 2556/2647
f 3778/3425 3151/3426 3150/3423
f 3788/3427 3152/3428 3646/3424
f 3153/3429 2551/2644 2549/2642
f 3152/3428 2549/2642 2550/2641
f 3781/3430 3153/3429 3152/3428
f 3776/3431 3147/3414 3153/3429
f 3148/3432 2206/2269 2205/2268
f 2183/2886 2321/3355 2184/2220
f 2132/3433 2928/3296 2133/2178
f 3684/3434 2204/3435 2203/2267
f 3719/3436 2197/2255 3721/3437
f 2594/2689 2773/2953 2951/3438
f 2595/2690 2951/3438 2772/3325
f 1870/1713 799/1716 1869/1714
f 3713/3439 2178/3440 3706/3441
f 3706/3441 3736/3442 3790/3443
f 336/510 3774/3444 3722/3445
f 339/512 3154/3446 336/510
f 3789/3447 3149/3418 3742/3417
f 3683/3448 2584/2676 3149/3418
f 2963/3167 3048/3304 3047/3270
f 3722/3445 337/3449 336/510
f 339/512 2566/2658 2586/3313
f 3156/3450 2168/2209 2167/3295
f 2610/3299 2167/3295 2611/2709
f 2954/3301 3156/3450 2610/3299
f 3157/3451 2953/3157 2257/2342
f 3707/3452 2169/2210 3709/3453
f 2567/2660 3159/3454 2568/2662
f 337/3449 2567/2660 338/511
f 3730/3455 2166/2208 3707/3452
f 3764/3456 1983/2054 3765/3321
f 2579/2671 3081/3320 2576/2667
f 2568/2662 3160/3457 2579/2671
f 3709/3453 2190/2247 3764/3456
f 3065/3286 3162/3458 3161/3459
f 3161/3459 1984/2052 2189/2246
f 3157/3451 2189/2246 2168/2209
f 2257/2342 3161/3459 3157/3451
f 734/400 1922/3460 806/442
f 3059/3282 2708/2887 3163/3461
f 3163/3461 2182/2219 1985/2224
f 3162/3458 1985/2224 1984/2052
f 3062/3284 3163/3461 3162/3458
f 3203/3462 3205/3463 3204/3464
f 2122/2060 1448/852 1447/848
f 3817/886 1685/1160 3812/3465
f 139/95 444/2847 69/52
f 1570/1745 566/1320 533/322
f 2957/3160 3165/3466 3036/3257
f 2955/3158 3164/3467 2957/3160
f 1912/1758 341/499 1973/1829
f 3130/3381 3124/3375 3134/3388
f 1548/2355 319/1861 1547/2838
f 1949/2204 1327/1729 1887/3468
f 2969/3176 3078/3469 3167/3470
f 3167/3470 3169/3471 3168/3472
f 3724/3473 2017/2076 3720/3474
f 3720/3474 2033/2098 3759/3177
f 3168/3472 3165/3466 3170/3475
f 3170/3475 3164/3467 3171/3476
f 3779/3477 3171/3476 3756/3478
f 3724/3473 3170/3475 3779/3477
f 3171/3476 3166/3479 3172/3480
f 3172/3480 3071/3300 3173/3481
f 3752/3482 3173/3481 3749/3483
f 3756/3478 3172/3480 3752/3482
f 3169/3471 3036/3257 3165/3466
f 2593/3306 2962/3297 2594/2689
f 3173/3481 2609/2708 3174/3484
f 3174/3484 2199/2710 2198/2253
f 3783/3485 2198/2253 3719/3436
f 3749/3483 3174/3484 3783/3485
f 2190/2247 1984/2052 1983/2054
f 2196/2252 2767/3486 3148/3432
f 2119/2059 1414/766 1448/852
f 1464/947 1466/891 1465/894
f 2199/2710 3069/3294 2200/2254
f 2457/2713 2587/3314 2565/2714
f 2226/2294 2562/3315 2966/3171
f 481/404 1627/1409 1639/1435
f 333/1261 235/1052 236/341
f 3078/3469 3037/3258 3169/3471
f 3040/3261 2997/3212 2263/2347
f 2219/2287 1933/3405 2220/2286
f 2385/2468 2497/3172 2503/2692
f 221/2566 3175/3487 2484/2564
f 2220/2286 3143/3406 3175/3487
f 3175/3487 2976/3404 2975/3188
f 2484/2564 2975/3188 2982/3198
f 2954/3301 3166/3479 2955/3158
f 2630/2737 110/152 2982/3198
f 1547/2838 1952/1971 1955/3488
f 2091/3489 2188/3118 2187/2244
f 3733/3490 2178/3440 2177/2216
f 1918/1760 1927/1773 1926/1767
f 3563/3491 111/3492 3511/3493
f 955/1295 960/3494 954/490
f 2037/3495 112/153 3563/3491
f 3143/3406 2981/3197 2976/3404
f 2218/2285 2214/2282 2215/2283
f 672/3186 3787/1204 3541/1663
f 2152/3496 3014/3230 2037/3495
f 1147/586 1143/1862 1145/562
f 2248/2328 1409/1480 2245/2323
f 1615/1721 1635/1703 1616/1684
f 1410/1481 2246/2325 2247/2324
f 3241/3497 3242/3498 3240/2319
f 3177/3499 1383/1465 1382/2307
f 2238/2306 3176/3500 1382/2307
f 3176/3500 2230/2301 3178/3501
f 1410/1481 3179/3502 1407/1479
f 3179/3502 2243/2313 1407/1479
f 1633/1700 2800/2978 2249/2327
f 1621/2326 2758/3104 2912/3109
f 1622/1689 2245/2323 1634/1701
f 2236/2304 3181/3503 3182/3504
f 2237/2305 3182/3504 3183/3505
f 2250/2329 2233/2302 2229/2299
f 2912/3109 1628/1699 1621/2326
f 135/1847 1564/1353 1563/1342
f 1567/1437 512/309 1565/1354
f 1085/1118 2653/2775 2685/2843
f 3184/3506 868/925 3056/3277
f 869/926 3057/3507 934/974
f 1266/1303 1098/1132 1312/1369
f 1267/1301 722/2722 721/816
f 937/976 2646/2764 936/975
f 2146/2298 722/2722 2147/2188
f 2211/2280 921/960 2667/2803
f 1957/2870 507/1359 449/273
f 1313/1370 2264/2352 3040/3261
f 1496/995 1493/1075 1492/1004
f 2681/2831 2705/2878 2682/3251
f 2887/3074 2933/3146 2932/3132
f 1687/3508 1659/1576 1694/1503
f 145/1011 1498/1223 81/59
f 1317/1373 1319/1375 2694/2861
f 37/19 418/1028 71/1955
f 1935/1992 3185/3509 2977/3189
f 104/2810 301/438 103/75
f 2101/2018 2083/1998 2084/1997
f 543/1800 360/1040 207/131
f 1934/1991 3186/3510 3185/3509
f 234/1055 212/173 237/279
f 3845/2090 1822/1666 1824/1670
f 1976/3511 1874/1715 1974/1834
f 223/308 2219/2287 220/306
f 3655/3512 3605/3513 3612/3514
f 468/287 773/421 2165/3515
f 1935/1992 1728/3193 1932/1990
f 3240/2319 3226/2290 3235/2320
f 3261/3516 3250/3517 3260/3518
f 3215/2241 3244/3519 3264/3520
f 3265/3521 3215/2241 3264/3520
f 3267/3522 3198/2236 3196/3419
f 3205/3463 3269/3523 3255/3524
f 3214/3525 3265/3521 3270/3526
f 3271/3527 3214/3525 3192/3528
f 3251/3529 3239/3530 3236/2315
f 3222/3531 3266/3532 3272/3533
f 3232/2318 3234/2322 3233/2321
f 3216/2243 3243/3534 3244/3519
f 3196/3419 3268/3535 3267/3522
f 3244/3519 3254/3536 3255/3524
f 3238/2316 3247/2950 3246/2949
f 3264/3520 3255/3524 3269/3523
f 3253/3537 3216/2243 3217/2242
f 3211/2238 3221/2265 3265/3521
f 3257/3538 3218/2266 3256/3539
f 3258/3540 3272/3533 3259/3541
f 3274/3542 3280/3543 3273/3544
f 3228/3545 3262/3546 3263/3547
f 3275/3548 3281/3549 3280/3543
f 3226/2290 3273/3544 3280/3543
f 3236/2315 3260/3518 3251/3529
f 3281/3549 3236/2315 3237/2317
f 3287/1578 3192/3528 3189/3550
f 3235/2320 3280/3543 3234/2322
f 3234/2322 3281/3549 3237/2317
f 3288/3551 3259/3541 3272/3533
f 3260/3518 3276/3552 3251/3529
f 3289/3553 3278/3554 3284/3555
f 3210/3556 3224/2940 3283/3557
f 3199/2237 3201/3558 3200/2235
f 3228/3545 3230/3559 3229/3560
f 3290/3561 3285/3562 3286/3563
f 3282/1580 3271/3527 3287/1578
f 3260/3518 3262/3546 3261/3516
f 3243/3534 3268/3535 3254/3536
f 3267/3522 3241/3497 3232/2318
f 3194/2234 3208/3564 3193/2232
f 3191/3565 3269/3523 3206/3566
f 3270/3526 3192/3528 3214/3525
f 3275/3548 3230/3559 3231/3567
f 3264/3520 3270/3526 3265/3521
f 3252/3568 3276/3552 3291/3569
f 3248/3570 3291/3569 3223/2939
f 3213/2239 3279/3571 3277/3572
f 3272/3533 3289/3553 3288/3551
f 3277/3572 3212/2240 3213/2239
f 3228/3545 3281/3549 3231/3567
f 3220/3573 3253/3537 3219/3574
f 3219/3574 3217/2242 3257/3538
f 3256/3539 3222/3531 3258/3540
f 3247/2950 3252/3568 3248/3570
f 3245/2332 3232/2318 3233/2321
f 3266/3532 3212/2240 3289/3553
f 3208/3564 3255/3524 3254/3536
f 3288/3551 3284/3555 3285/3562
f 3204/3464 3208/3564 3207/3575
f 560/2229 3187/3576 559/1455
f 3209/2938 3201/3558 3202/2948
f 3189/3550 3191/3565 3190/3577
f 448/1848 807/450 447/325
f 647/367 122/980 270/162
f 1833/1679 1780/1747 1832/1711
f 510/985 508/1360 507/1359
f 3210/3556 1887/3468 3201/3558
f 1887/3468 3200/2235 3201/3558
f 15/8 3197/3420 3200/2235
f 16/2228 3195/2233 3197/3420
f 3195/2233 3187/3576 3194/2234
f 3194/2234 1899/3128 3207/3575
f 3207/3575 375/3578 3204/3464
f 387/227 126/85 127/99
f 3189/3550 1760/2207 3287/1578
f 3577/3579 757/406 758/1497
f 763/2211 2172/2106 2175/3580
f 3583/3581 3580/3582 3581/3583
f 3581/3583 3579/3584 3578/1774
f 3594/3585 3596/3586 3595/3587
f 3400/3588 3602/3589 3401/3590
f 3626/3591 3625/3592 3627/3593
f 3631/3594 3599/3595 3601/3596
f 3636/3597 3595/3587 3596/3586
f 3647/3598 3588/3599 3645/3600
f 3650/3601 3584/3602 3647/3598
f 3653/3603 3580/3582 3651/3604
f 3653/3603 3654/1775 3579/3584
f 1801/1633 3656/3605 3655/3512
f 3651/3604 3582/3606 3650/3601
f 3644/3607 3595/3587 3637/3608
f 1767/806 3659/3609 3660/807
f 1597/1397 3661/2103 1600/1395
f 1708/1524 3665/3143 3664/2256
f 3671/2258 3667/3610 3666/3611
f 3666/3611 3673/3612 3672/3613
f 1588/1526 3664/2256 1587/1388
f 2080/2338 3666/3611 2082/2006
f 2082/2006 3672/3613 2084/1997
f 3674/3614 3635/3615 3631/3594
f 3677/3616 3636/3597 3635/3615
f 3682/3617 3645/3600 3681/3618
f 3692/3619 3650/3601 3686/3620
f 3681/3618 3644/3607 3680/3621
f 786/1499 3692/3619 785/1500
f 3694/3622 3651/3604 3692/3619
f 785/1500 3686/3620 497/3623
f 497/3623 3682/3617 650/372
f 650/372 3681/3618 564/370
f 3696/3624 3681/3618 3680/3621
f 3405/3625 3605/3513 3402/3626
f 3702/3627 3678/3628 3677/3616
f 3699/3629 3679/3630 3678/3628
f 3645/3600 3638/3631 3644/3607
f 1799/1635 3659/3609 1768/1596
f 3708/3632 3458/3633 3460/3634
f 3462/3635 3708/3632 3460/3634
f 3714/577 564/370 3696/3624
f 3615/3636 3602/3589 3600/3637
f 3710/3638 3696/3624 3698/3639
f 3635/3615 3596/3586 3599/3595
f 3629/3640 3627/3593 3630/3641
f 3597/3642 3599/3595 3596/3586
f 3630/3641 3715/3643 3629/3640
f 3627/3593 3597/3642 3594/3585
f 3717/3644 3723/3645 3718/3646
f 3715/3643 3660/807 3629/3640
f 3716/3647 3725/2102 3715/3643
f 3668/2257 3661/2103 3725/2102
f 3668/2257 3717/3644 3667/3610
f 3667/3610 3718/3646 3673/3612
f 3727/3648 3673/3612 3718/3646
f 3728/3649 3672/3613 3673/3612
f 3726/3650 3718/3646 3723/3645
f 1576/2019 2084/1997 3672/3613
f 3727/3648 3731/3651 3729/3652
f 3203/3462 1387/719 3190/3577
f 3190/3577 1791/2206 3189/3550
f 3283/3557 1949/2204 3210/3556
f 317/183 259/151 391/230
f 2000/1868 3653/3603 3694/3622
f 3601/3596 3600/3637 3602/3589
f 3589/3653 3584/3602 3585/3654
f 3577/3579 756/426 2170/2107
f 3585/3654 3582/3606 3583/3581
f 3678/3628 3637/3608 3636/3597
f 3204/3464 376/718 3203/3462
f 1801/1633 3657/3655 1799/1635
f 3729/3652 3728/3649 3727/3648
f 1575/1378 3738/3656 1088/1379
f 3735/3657 1576/2019 3728/3649
f 1776/1630 1796/1637 1775/1608
f 1293/661 1290/649 1284/1792
f 1326/2200 1327/1729 12/2025
f 1294/657 1234/619 1290/649
f 878/626 1330/648 1337/652
f 497/3623 374/2231 498/2230
f 122/980 413/240 121/2834
f 3699/3629 3704/3658 3708/3632
f 3606/3659 3401/3590 3602/3589
f 3708/3632 3698/3639 3699/3629
f 3464/575 3710/3638 3462/3635
f 3704/3658 3443/3660 3458/3633
f 439/271 399/1352 438/269
f 1512/1053 1526/1098 1511/1054
f 1668/1475 1738/1567 1671/1474
f 839/3661 1362/2226 838/685
f 1362/2226 826/678 1012/521
f 3843/1428 1896/1589 3815/1967
f 2053/2009 2118/885 2117/887
f 3888/2118 2120/2085 2119/2059
f 696/1234 3816/3662 3831/877
f 1826/2773 639/1453 640/1452
f 3740/3663 3729/3652 3731/3651
f 956/3185 886/485 960/3494
f 1980/1838 1922/3460 807/450
f 33/18 105/111 164/110
f 1343/659 3856/666 3857/662
f 3907/2069 2128/2073 3902/2084
f 1766/1597 1582/1382 1594/1385
f 14/9 2163/2197 738/1807
f 595/354 99/1067 594/355
f 3233/2321 3246/2949 3245/2332
f 1346/664 1044/535 1352/878
f 748/1906 1425/800 747/799
f 3193/2232 3254/3536 3268/3535
f 3190/3577 3206/3566 3203/3462
f 3612/3514 3606/3659 3615/3636
f 3624/3664 3615/3636 3625/3592
f 3631/3594 3443/3660 3674/3614
f 3679/3630 3644/3607 3637/3608
f 3686/3620 3647/3598 3682/3617
f 3702/3627 3674/3614 3704/3658
f 3625/3592 3600/3637 3597/3642
f 3601/3596 3415/3665 3631/3594
f 3739/3666 3735/3657 3729/3652
f 3630/3641 3594/3585 3741/3667
f 3741/3667 3716/3647 3630/3641
f 1284/1792 1288/651 1285/1968
f 3698/3639 3680/3621 3679/3630
f 1778/1616 1780/1747 1779/1675
f 1792/2099 1584/1631 1789/1621
f 695/2132 571/346 694/612
f 3638/3631 3594/3585 3595/3587
f 3741/3667 3588/3599 3589/3653
f 3247/2950 3209/2938 3202/2948
f 3292/3668 3294/3669 3295/3670
f 3296/3671 3298/3672 3299/3673
f 3299/3673 3300/3674 3301/3675
f 3302/3676 3304/3677 3305/3678
f 3306/3679 3308/3680 3309/3681
f 3307/3682 3311/3683 3308/3680
f 3303/3684 3301/3675 3300/3674
f 3312/3685 3304/3677 3313/3686
f 3314/3687 3316/3688 3317/3689
f 3318/3690 3320/3691 3321/3692
f 3324/3693 3321/3692 3325/3694
f 3326/3695 3328/3696 3323/3697
f 3329/3698 3331/3699 3332/3700
f 3333/3701 3335/3702 3336/3703
f 3337/3704 3339/3705 3340/3706
f 3333/3701 3341/3707 3342/3708
f 3342/3708 3343/3709 3344/3710
f 3319/3711 3344/3710 3343/3709
f 3338/3712 3334/3713 3339/3705
f 3346/3714 3302/3676 3347/3715
f 3305/3678 3347/3715 3302/3676
f 3312/3685 3223/3716 3349/3717
f 3350/3718 3340/3706 3351/3719
f 3312/3685 3348/3720 3305/3678
f 3352/3721 3341/3707 3326/3695
f 3311/3683 3354/3722 3308/3680
f 3341/3707 3327/3723 3326/3695
f 3359/3724 3361/3725 3362/3726
f 3360/3727 3250/3728 3249/3729
f 3318/3690 3345/3730 3319/3711
f 3364/3731 3318/3690 3324/3693
f 3314/3687 3324/3693 3365/3732
f 3366/3733 3301/3675 3346/3714
f 3299/3673 3367/3734 3296/3671
f 3308/3680 3368/3735 3309/3681
f 3369/3736 3295/3670 3294/3669
f 3317/3689 3364/3731 3314/3687
f 3370/3737 3317/3689 3316/3688
f 3325/3694 3365/3732 3324/3693
f 3352/3721 3319/3711 3343/3709
f 3296/3671 3353/3738 3311/3683
f 3297/3739 3311/3683 3310/3740
f 3363/3741 3354/3722 3345/3730
f 3345/3730 3353/3738 3344/3710
f 3344/3710 3367/3734 3342/3708
f 3366/3733 3342/3708 3367/3734
f 3347/3715 3334/3713 3346/3714
f 3339/3705 3348/3720 3340/3706
f 3348/3720 3351/3719 3340/3706
f 3363/3741 3369/3736 3368/3735
f 3294/3669 3368/3735 3369/3736
f 3293/3742 3309/3681 3294/3669
f 3331/3699 3374/3743 3332/3700
f 3346/3714 3333/3701 3366/3733
f 3323/3697 3352/3721 3326/3695
f 3356/3744 3321/3692 3320/3691
f 3355/3745 3325/3694 3321/3692
f 3357/3746 3371/3747 3325/3694
f 3322/3748 3320/3691 3352/3721
f 3361/3725 3329/3698 3362/3726
f 3373/3749 3375/3750 3374/3743
f 3374/3743 3376/3751 3332/3700
f 3329/3698 3376/3751 3362/3726
f 3327/3723 3372/3752 3328/3696
f 3336/3703 3375/3750 3327/3723
f 3335/3702 3376/3751 3375/3750
f 3376/3751 3337/3704 3362/3726
f 3337/3704 3359/3724 3362/3726
f 3359/3724 3276/3753 3250/3728
f 3377/3754 3295/3670 3370/3737
f 3277/3572 3315/3755 3278/3554
f 3371/3747 3379/3756 3365/3732
f 3378/3757 3358/3758 3380/3759
f 3365/3732 3315/3755 3314/3687
f 3316/3688 3279/3571 3370/3737
f 3282/1580 3370/3737 3279/3571
f 3313/3686 3224/3760 3312/3685
f 3378/3757 3284/3555 3379/3756
f 3380/3759 3285/3562 3378/3757
f 3379/3756 3278/3554 3315/3755
f 3276/3753 3351/3719 3291/3761
f 3291/3761 3349/3717 3223/3716
f 3313/3686 2965/3170 3013/3229
f 2965/3170 3303/3684 222/307
f 222/307 3300/3674 223/308
f 223/308 3298/3672 3186/3510
f 3298/3672 3185/3509 3186/3510
f 3297/3739 2977/3189 3185/3509
f 3310/3740 1213/1242 2977/3189
f 3307/3682 1214/1243 1213/1242
f 2532/3080 3306/3679 3293/3742
f 2894/3081 3293/3742 3292/3668
f 2871/3762 3292/3668 3377/3754
f 3253/3537 3240/2319 3242/3498
f 3283/3763 3013/3229 2152/3496
f 1997/1865 1889/1739 1892/2003
f 1237/1257 744/838 855/914
f 1535/1782 120/1816 121/2834
f 1531/1119 201/137 214/136
f 1119/1151 1032/1066 984/1022
f 946/478 824/489 947/488
f 163/213 5/6 162/2842
f 3589/3653 3723/3645 3741/3667
f 1155/573 1162/581 1164/582
f 427/280 327/1304 424/457
f 553/1454 796/1498 498/2230
f 3381/3764 2231/2303 2237/2305
f 3381/3764 2230/2301 2232/2300
f 2237/2305 3180/3765 3381/3764
f 3383/3766 3385/3767 3382/3768
f 3384/3769 3387/3770 3385/3767
f 3386/3771 3389/3772 3387/3770
f 3388/3773 3391/3774 3389/3772
f 3392/3775 3394/3776 3395/3777
f 3395/3777 3396/3778 3397/3779
f 3398/3780 3397/3779 3396/3778
f 3400/3588 3399/3781 3398/3780
f 3403/3782 3405/3625 3402/3626
f 3406/3783 3404/3784 3403/3782
f 3408/3785 3407/3786 3406/3783
f 3410/3787 3409/3788 3408/3785
f 3412/3789 3411/3790 3410/3787
f 3415/3665 3398/3780 3414/3791
f 3414/3791 3396/3778 3416/3792
f 3416/3792 3394/3776 3417/3793
f 3417/3793 3393/3794 3418/3795
f 3393/3794 3420/3796 3418/3795
f 3419/3797 3421/3798 3420/3796
f 3390/3799 3422/3800 3421/3798
f 3388/3773 3423/3801 3422/3800
f 3386/3771 3424/3802 3423/3801
f 3384/3769 3425/3803 3424/3802
f 3425/3803 3426/3804 3184/3506
f 2904/3094 3428/3805 2947/3152
f 3429/3806 2904/3094 2902/3807
f 3430/3808 2902/3807 2876/3064
f 2875/3066 3430/3808 2876/3064
f 3432/3809 2733/2909 2736/2908
f 2825/3009 3435/3810 2824/3006
f 3437/3811 3439/3812 3436/3813
f 3441/3814 3436/3813 3440/3815
f 2724/2898 3434/3816 2825/3009
f 3436/3813 3115/3364 3117/3367
f 3440/3815 3117/3367 3119/3369
f 3443/3660 3414/3791 3442/3817
f 3442/3817 3416/3792 3444/3818
f 3444/3818 3417/3793 3445/3819
f 3445/3819 3418/3795 3446/3820
f 3446/3820 3420/3796 3447/3821
f 3420/3796 3448/3822 3447/3821
f 3421/3798 3449/3823 3448/3822
f 3422/3800 3450/3824 3449/3823
f 3423/3801 3451/3825 3450/3824
f 3424/3802 3452/3826 3451/3825
f 3425/3803 3056/3277 3452/3826
f 3451/3825 2253/2334 2252/2336
f 3450/3824 2252/2336 1727/1790
f 3449/3823 1727/1790 2150/2273
f 3448/3822 2150/2273 1941/2194
f 3453/3827 3448/3822 1941/2194
f 3454/3828 3447/3821 3453/3827
f 3455/3829 3446/3820 3454/3828
f 3456/3830 3445/3819 3455/3829
f 3442/3817 3456/3830 3457/3831
f 3443/3660 3457/3831 3458/3633
f 3459/3832 3458/3633 3457/3831
f 3457/3831 3455/3829 3459/3832
f 3459/3832 3454/3828 3461/3833
f 3462/3635 3459/3832 3461/3833
f 3461/3833 3453/3827 3463/3834
f 3464/575 3461/3833 3463/3834
f 3463/3834 1941/2194 1360/2001
f 3404/3784 3401/3590 3405/3625
f 3407/3786 3399/3781 3404/3784
f 3409/3788 3397/3779 3407/3786
f 3411/3790 3395/3777 3409/3788
f 3465/3835 3413/3836 3412/3789
f 3467/3837 3469/3838 3466/3839
f 3465/3835 3431/3840 3433/3841
f 3470/3842 3466/3839 3465/3835
f 3438/3843 3432/3809 3435/3810
f 3467/3837 3438/3843 3437/3811
f 3468/3844 3437/3811 3441/3814
f 3471/3845 3468/3844 3472/3846
f 3472/3846 3441/3814 3473/3847
f 3473/3847 3440/3815 2712/3848
f 2712/3848 3119/3369 3128/3379
f 3475/3849 3472/3846 3474/3850
f 3474/3850 3473/3847 3476/3851
f 3476/3851 2712/3848 2711/2888
f 3477/3852 2711/2888 2400/2478
f 3478/3853 3476/3851 3477/3852
f 3479/3854 3474/3850 3478/3853
f 3392/3775 3413/3836 3480/3855
f 3466/3839 3480/3855 3413/3836
f 3419/3797 3392/3775 3480/3855
f 3390/3799 3480/3855 3391/3774
f 3469/3838 3391/3774 3480/3855
f 3389/3772 3471/3845 3475/3849
f 3387/3770 3475/3849 3479/3854
f 3385/3767 3479/3854 3481/3856
f 3482/3857 2400/2478 2402/2477
f 3483/3858 3477/3852 3482/3857
f 3481/3856 3478/3853 3483/3858
f 3484/3859 2402/2477 2707/2884
f 3058/3279 2707/2884 2708/2887
f 3061/3281 3484/3859 3058/3279
f 3485/3860 3482/3857 3484/3859
f 3382/3768 3481/3856 3486/3861
f 3486/3861 3483/3858 3485/3860
f 3426/3804 3382/3768 3487/3862
f 3487/3862 3486/3861 1962/2034
f 3486/3861 3061/3281 1962/2034
f 1961/2036 3487/3862 1962/2034
f 3057/3507 3426/3804 3487/3862
f 3428/3805 3402/3626 3488/3863
f 3427/3864 3403/3782 3428/3805
f 3429/3806 3406/3783 3427/3864
f 3430/3808 3408/3785 3429/3806
f 3431/3840 3410/3787 3430/3808
f 3470/3842 3433/3841 3432/3809
f 3434/3816 3438/3843 3435/3810
f 2723/2897 3439/3812 3434/3816
f 2875/3066 3433/3841 3431/3840
f 2736/2908 3435/3810 3432/3809
f 2947/3152 3488/3863 3500/949
f 3464/575 1360/2001 3497/1438
f 1900/1742 1924/1781 1901/1741
f 1736/1561 1718/1841 1750/1591
f 1955/3488 1943/3865 1956/1911
f 1671/1474 1735/1560 1751/1592
f 1696/1506 1698/1516 1692/1505
f 1800/1634 1864/950 1801/1633
f 2063/1957 2056/1947 2060/2882
f 1737/1568 1717/1559 1736/1561
f 1751/1592 1697/1562 1695/1504
f 943/2088 3899/1394 684/369
f 3656/3605 3402/3626 3605/3513
f 1577/1531 1764/1605 1703/1510
f 3917/1606 1599/1525 3923/1511
f 1945/3866 82/61 1944/1912
f 68/49 7/2726 248/385
f 147/97 1543/1189 148/96
f 1109/544 1133/558 1102/542
f 1503/2788 1907/1832 1908/1813
f 1499/1010 1909/1814 1498/1223
f 452/274 735/399 215/2820
f 1824/1670 3835/3867 3845/2090
f 1825/1671 2068/2718 1824/1670
f 1463/3868 1022/532 1194/594
f 841/686 1009/522 1011/523
f 1568/1783 1955/3488 1534/1784
f 1926/1767 1927/1773 1923/628
f 1910/1831 1502/2763 1939/3869
f 1939/3869 422/256 442/487
f 309/1031 1940/1787 308/185
f 1804/1638 1866/3870 1803/1708
f 269/163 1954/1799 56/161
f 2065/1969 2060/2882 2056/1947
f 3812/3465 1758/3871 3835/3867
f 280/167 552/1276 1940/1787
f 1875/2146 1869/1714 1874/1715
f 1739/1582 1734/1558 1737/1568
f 1778/1616 1790/1678 1788/1622
f 310/184 1915/1757 279/1030
f 1909/1814 1906/1749 1954/1799
f 1789/1621 1778/1616 1788/1622
f 978/509 980/1401 979/733
f 1584/1631 1731/1549 1583/1381
f 425/1057 311/1436 312/178
f 148/96 115/80 116/109
f 2044/1720 3894/2017 2046/2133
f 277/242 1939/3869 551/1277
f 1943/3865 1945/3866 1944/1912
f 1461/936 1463/3868 1464/947
f 2253/2334 3056/3277 3055/3278
f 2981/3197 3489/3872 958/999
f 2209/2275 3489/3872 3055/3278
f 2254/3196 3055/3278 3489/3872
f 2998/3216 958/999 3489/3872
f 2826/3010 2721/2896 2724/2898
f 3490/3873 2721/2896 2817/3874
f 2816/2997 3490/3873 2817/3874
f 2334/3875 2296/2383 2335/2418
f 2298/2388 2334/3875 2336/2419
f 2301/2396 2336/2419 2338/2421
f 2311/2398 2338/2421 2354/2437
f 2312/2397 2354/2437 2355/2438
f 2359/2443 2361/2448 2360/2444
f 2335/2418 2359/2443 2360/2444
f 2414/3876 2365/2447 2364/2446
f 2413/2486 2361/2448 2365/2447
f 2355/2438 2540/2631 2541/2632
f 2541/2632 2539/2630 2542/2633
f 2722/3365 2739/3877 2738/2910
f 3114/3366 2738/2910 3113/3363
f 3110/3359 3121/3372 3120/3371
f 3108/3357 3120/3371 3113/3363
f 3122/3373 3127/3377 3126/3376
f 3112/3362 3126/3376 3121/3372
f 3127/3377 1753/1803 3135/3389
f 3139/3878 2529/2619 2542/2633
f 3744/3396 3133/3386 3139/3878
f 3490/3873 2740/2911 2739/3877
f 3491/3879 2789/2968 3490/3873
f 228/144 91/2877 88/65
f 245/1786 243/340 242/440
f 248/385 247/339 191/338
f 2/2 296/1187 295/1840
f 145/1011 300/2000 267/159
f 327/1304 210/134 328/394
f 329/332 331/1091 330/1095
f 250/142 228/144 236/341
f 239/1191 240/190 230/314
f 373/2850 375/3578 374/2231
f 178/2199 176/177 175/176
f 1218/606 1228/623 1321/642
f 3862/640 1295/667 3854/1793
f 808/445 824/489 823/447
f 3858/923 1013/550 1014/549
f 3813/782 1411/761 1413/779
f 2154/2149 2159/2156 2160/2162
f 3845/2090 1758/3871 1757/991
f 306/449 1922/3460 452/274
f 2157/2150 1976/3511 1977/1836
f 708/2182 2031/1913 1474/1914
f 1450/2169 1227/617 1428/2168
f 1672/1478 1605/1954 1624/1476
f 1813/3880 1821/1667 1816/1651
f 1717/1559 1715/1533 1718/1841
f 176/177 402/1493 347/1266
f 1710/1842 3916/1512 3915/1788
f 1712/1553 1577/1531 1711/1528
f 1705/1744 1711/1528 1704/1530
f 971/501 979/733 970/503
f 822/448 1094/552 1102/542
f 2909/3881 2793/2973 2792/2970
f 2810/3882 2795/2981 2793/2973
f 2799/2979 2249/2327 2800/2978
f 3662/3883 2910/3102 2799/2979
f 2769/2988 2801/2982 2795/2981
f 3177/3499 3178/3501 3179/3502
f 3178/3501 3180/3765 3179/3502
f 3181/3503 1393/1472 2800/2978
f 3181/3503 1632/1702 3182/3504
f 3182/3504 2244/2314 3183/3505
f 3183/3505 2243/2313 3180/3765
f 3492/3884 2790/2969 3491/3879
f 2808/3885 3491/3879 2816/2997
f 2239/3886 3572/3887 2240/3888
f 1149/2264 3571/3889 3570/3890
f 1150/1907 3567/3891 3571/3889
f 2202/2277 3566/1336 2015/2263
f 2921/3892 3565/1770 2923/3893
f 3568/3894 2133/2178 2928/3296
f 1777/1607 1759/3895 1792/2099
f 1201/598 1183/588 1184/590
f 3561/1769 2195/2251 2194/3896
f 3553/1460 2770/3897 2768/2951
f 3927/1519 1687/3508 1692/1505
f 1516/1966 154/104 503/356
f 3549/1590 2974/3312 2803/3412
f 3550/3898 2779/2967 2778/2957
f 2771/3326 3575/3899 3546/3900
f 3070/3298 3546/3900 3558/3901
f 3547/1640 2775/2990 2867/3057
f 1376/714 1370/705 1372/698
f 2767/3486 3556/3129 2206/2269
f 2195/2251 3543/819 2767/3486
f 2775/2990 3542/826 2776/2991
f 3377/3754 3545/1579 2871/3762
f 3804/2983 3539/3902 2806/3903
f 2776/2991 3538/1577 2805/2992
f 2240/3888 3535/3904 2920/3905
f 2920/3905 3669/3906 3619/3907
f 3548/2881 2786/2964 2779/2967
f 1805/1673 1851/959 1804/1638
f 3534/1048 2787/3056 2786/2964
f 2951/3438 3540/3908 3531/3909
f 2772/3325 3531/3909 3575/3899
f 2973/3182 3530/3910 3536/3911
f 2224/3382 3537/3912 3530/3910
f 1957/2870 320/983 510/985
f 306/449 304/1199 303/1201
f 2770/3897 3528/1171 2913/3105
f 2913/3105 3574/1170 2239/3886
f 2923/3893 3527/2826 2922/3293
f 308/185 431/262 47/191
f 207/131 132/90 543/1800
f 1879/1916 1881/1936 1880/2096
f 3733/3490 3525/1203 2089/2145
f 2475/2556 3558/3901 3524/3913
f 2476/3290 3524/3913 3523/3914
f 2223/2292 3523/3914 3537/3912
f 3522/1159 2803/3412 2802/3408
f 2037/3915 11/2191 1950/2024
f 1959/1999 450/272 505/634
f 2003/2065 3520/2127 2129/2176
f 9/2190 334/328 540/327
f 2009/2072 3518/3916 3567/3891
f 2008/2071 3536/3911 3518/3916
f 3877/1202 673/2296 3879/2063
f 3515/1789 2778/2957 2784/2962
f 2935/3917 3513/1695 2936/3136
f 111/3492 3570/3890 3511/3493
f 3510/3918 2935/3917 2938/3138
f 683/2797 3885/1392 943/2088
f 3508/1624 2810/3882 2909/3881
f 736/2821 732/2883 729/1874
f 1795/1629 1803/1708 1796/1637
f 3505/987 2938/3138 2939/3140
f 3507/958 2939/3140 2940/3142
f 2950/3155 3504/3919 2949/3154
f 2940/3142 3504/3919 3507/958
f 3801/3156 3512/1173 2950/3155
f 2868/3920 3502/992 2869/3349
f 2869/3349 3522/1159 2802/3408
f 1024/614 1023/593 1020/531
f 3500/949 2948/3153 2947/3152
f 551/1277 442/487 443/1275
f 2972/3181 3568/3894 2928/3296
f 2032/2097 3499/3921 2972/3181
f 216/138 1924/1781 1923/628
f 203/236 201/137 200/1213
f 1828/1677 1847/1694 1837/2119
f 1958/2101 449/273 450/272
f 272/350 178/2199 175/176
f 2871/3762 3495/1439 1361/1440
f 3619/3907 3564/2811 2921/3892
f 2801/2982 3643/3101 3662/3883
f 2005/2213 3654/1775 2176/2212
f 960/3494 899/2835 962/491
f 3657/3655 3612/3514 3624/3664
f 3780/3922 3646/3424 3151/3426
f 3151/3426 3593/2650 2555/2648
f 2193/2250 3623/2937 2194/3896
f 3607/3409 3145/3411 3144/3923
f 3603/3410 2761/2933 3145/3411
f 3592/3350 3144/3923 3104/3352
f 2926/3126 3634/3351 3103/3353
f 3634/3351 3104/3352 3103/3353
f 3755/3310 3746/3924 3753/2041
f 566/1320 3758/1776 2005/2213
f 3488/3863 1864/950 3500/949
f 1602/1399 2079/2005 2078/1984
f 2868/3920 3611/3125 2922/3293
f 2922/3293 3610/3124 2923/3893
f 2923/3893 3618/3116 2921/3892
f 3670/3117 2918/3114 3614/3115
f 3619/3907 3614/3115 2920/3905
f 2921/3892 3670/3117 3619/3907
f 2920/3905 3586/2308 2240/3888
f 3613/3113 2915/3108 2918/3114
f 2917/3121 3622/2947 3641/3111
f 2916/3123 3641/3111 3642/3110
f 2239/3886 3652/3106 2913/3105
f 2911/3925 3652/3106 2757/2930
f 3643/3101 2911/3925 2910/3102
f 2797/2980 3662/3883 3591/2977
f 2797/2980 3598/2927 2750/2975
f 3622/2947 2763/2941 2765/2944
f 3608/2929 2764/3347 2745/2918
f 2194/3896 3648/2935 2221/2291
f 2221/2291 3649/2936 2222/3311
f 2756/2942 3609/2928 2755/2926
f 2750/2975 3609/2928 2747/2920
f 3669/3906 1817/2135 3827/2160
f 3763/2780 1691/3926 1699/1518
f 2515/2601 3590/2649 2548/2639
f 2548/2639 3593/2650 2550/2641
f 2513/2599 3632/2611 3616/2609
f 2513/2599 3621/2610 2515/2601
f 2509/2595 3620/2378 2289/2593
f 2510/2604 3633/2592 2509/2595
f 2289/2593 3639/2371 2283/2376
f 2283/2376 3617/2370 2286/2373
f 2240/3888 3587/2310 2239/3886
f 3659/3609 3624/3664 3626/3591
f 716/377 3887/2086 3888/2118
f 727/375 3761/2110 1923/628
f 2165/3515 2170/2107 2164/2214
f 3660/807 3626/3591 3629/3640
f 3743/2042 3578/1774 3757/2040
f 2175/3580 769/419 770/1901
f 2100/630 2095/2007 2099/2011
f 3758/1776 3757/2040 3578/1774
f 640/1452 3568/3927 1826/2773
f 1653/1644 3553/1460 1651/1459
f 1895/2270 3530/3928 746/1283
f 746/1283 3537/3929 741/1282
f 1653/1644 3528/1171 3576/3930
f 3762/1609 1604/1398 1672/1478
f 2093/1754 2073/1977 2078/1984
f 959/517 995/1751 884/462
f 962/491 919/527 986/1594
f 1400/749 1398/747 1399/748
f 1000/1750 1127/551 1004/1610
f 956/3185 884/462 885/463
f 1662/1674 3550/3898 1661/1447
f 2034/1915 3546/3931 1654/1586
f 3926/2955 3539/3902 3802/3932
f 3535/3904 766/2136 1817/2135
f 3572/3887 765/2091 766/2136
f 334/328 3571/3933 335/326
f 1868/1766 3540/1492 1656/1491
f 1684/3934 1652/1508 1678/1015
f 1682/1806 775/423 1807/1018
f 1585/1001 3762/1609 1700/1002
f 3763/2780 1672/1478 1673/1477
f 2173/853 490/1457 491/424
f 1658/825 3547/1640 1752/1593
f 3556/3129 1650/2184 724/2057
f 1571/813 2010/2801 1572/1541
f 1587/1388 3671/2258 2080/2338
f 2099/2011 2077/1982 2094/1752
f 787/1780 1999/1869 786/1499
f 2000/1868 786/1499 1999/1869
f 3155/3935 3697/2678 3683/3448
f 3713/3439 3683/3448 3789/3447
f 2180/2218 3685/3936 3684/3434
f 3496/1664 3684/3434 3705/3119
f 1684/3934 3840/1019 1651/1459
f 1760/2207 3495/1439 3545/1579
f 2607/2705 3693/2686 2590/2684
f 2581/2673 3689/2706 2607/2705
f 2371/2458 3700/2585 3695/2687
f 2371/2458 3693/2686 2372/2456
f 2587/3314 3675/2680 2586/3313
f 2586/3313 3697/2678 339/512
f 2497/3172 3687/2586 2503/2692
f 2502/2693 3687/2586 3700/2585
f 2494/2576 3690/2578 2495/2577
f 3690/2578 2472/2552 2495/2577
f 3688/2555 2468/2549 2472/2552
f 3701/2548 2469/3937 2468/2549
f 726/397 3892/2049 630/395
f 581/383 3518/3938 580/343
f 10/2192 3570/3939 334/328
f 1837/2119 3510/3918 1849/986
f 741/1282 3523/3940 1300/638
f 1299/636 3558/3941 2034/1915
f 1851/959 3504/3919 1866/3870
f 3527/2826 1820/1772 1819/2825
f 580/343 3536/3942 1895/2270
f 1758/3871 3522/1159 3502/992
f 1693/1016 3508/1624 1806/861
f 3504/3919 1867/1709 1866/3870
f 1894/1733 3568/3927 3499/2880
f 2126/2259 3813/782 3841/2114
f 3906/2260 3841/2114 3912/2067
f 2113/2039 3867/2045 2110/2038
f 2179/2217 3789/3447 3685/3936
f 624/360 3904/2062 623/361
f 2192/2248 3788/3427 3780/3922
f 2177/2216 3787/1204 3733/3490
f 1364/2125 3833/681 1338/654
f 3858/923 1470/3943 1453/906
f 3135/3389 3775/3387 3744/3396
f 2069/2055 3835/3867 2068/2718
f 1351/879 3853/671 1352/878
f 2108/3944 3901/1764 499/305
f 2089/2145 3736/3442 3733/3490
f 3828/684 1358/683 866/682
f 2001/2064 3783/3485 2187/2244
f 2187/2244 3719/3436 2091/3489
f 2130/2276 3752/3482 2004/2066
f 2004/2066 3749/3483 2001/2064
f 2014/2074 3779/3477 2201/2262
f 2201/2262 3756/3478 2130/2276
f 3167/3470 3759/3177 2969/3176
f 3168/3472 3720/3474 3167/3470
f 3159/3454 3764/3456 3160/3457
f 3160/3457 3765/3321 3081/3320
f 3730/3455 3158/3945 337/3449
f 3158/3945 3709/3453 3159/3454
f 2200/2254 3730/3455 3722/3445
f 3685/3936 3742/3417 2204/3435
f 3722/3445 2197/2255 2200/2254
f 3790/3443 2092/2144 3721/3437
f 3774/3444 3721/3437 2197/2255
f 3154/3446 3790/3443 3774/3444
f 3155/3935 3706/3441 3154/3446
f 2091/3489 3721/3437 2092/2144
f 2196/2252 3750/3416 3776/3431
f 2193/2250 3776/3431 3781/3430
f 3604/3421 3781/3430 3788/3427
f 2086/3946 3780/3922 3778/3425
f 2087/2141 3778/3425 3777/3422
f 2204/3435 3751/3415 2205/2268
f 2205/2268 3750/3416 3148/3432
f 3909/2181 574/391 692/379
f 2124/2173 3777/3422 3760/3403
f 2208/2272 3760/3403 3782/3383
f 3711/3390 3140/3399 3137/3392
f 3785/3398 3138/3395 3140/3399
f 3745/3397 3139/3878 3138/3395
f 3771/3394 3136/3393 2322/2406
f 3712/3391 3137/3392 3136/3393
f 3775/3387 3131/3385 3133/3386
f 3767/3384 3132/3400 3131/3385
f 1813/3880 3838/1653 1814/1665
f 1293/661 3856/666 1344/660
f 2184/2220 3748/2405 3732/3324
f 2181/2221 3732/3324 3734/3317
f 3765/3321 3079/3319 3081/3320
f 3768/3318 3080/3323 3079/3319
f 709/1338 3875/2129 2031/1913
f 2774/2954 3737/3165 3769/3291
f 3786/3292 2134/2179 3559/3947
f 3809/413 766/2136 765/2091
f 2968/3174 3766/3164 2959/3163
f 2969/3176 3784/3179 2968/3174
f 2958/3168 3737/3165 2961/3166
f 2132/3433 3766/3164 2960/3180
f 2321/3355 3771/3394 3748/2405
f 3860/849 1449/2113 28/2112
f 3905/2157 582/1461 710/1383
f 3886/2165 577/3099 574/391
f 3847/1659 1818/1771 3827/2160
f 705/2159 3887/2086 2121/2089
f 3816/3662 3907/2069 698/388
f 2111/2124 3911/2043 2113/2039
f 3810/781 1366/2126 1411/761
f 1812/1654 3822/1652 1815/1661
f 675/1662 3852/2094 674/3187
f 3496/1664 3851/2093 675/1662
f 2110/2038 3868/2033 2109/2031
f 2104/2026 3901/1764 2106/1763
f 2109/2031 3899/1394 944/1393
f 3842/1427 703/390 739/482
f 1680/1844 3846/1017 1684/3934
f 1639/1435 3819/1411 3818/2121
f 623/361 3906/2260 697/1233
f 2139/2130 3866/2015 3865/2122
f 1808/1645 3844/2092 3837/1643
f 3820/1669 1819/2825 1820/1772
f 3872/2087 3900/633 706/1340
f 1646/1434 3830/1445 1648/1442
f 3889/2164 633/2170 577/3099
f 2139/2130 3875/2129 18/12
f 2156/2152 3871/2166 3874/2153
f 674/3187 3913/2104 3869/2134
f 2117/887 3812/3465 2069/2055
f 1815/1661 3847/1659 3823/1657
f 3855/910 1444/846 1470/3943
f 697/1233 3912/2067 3816/3662
f 866/682 3836/603 3828/684
f 3864/2180 2136/2131 2135/632
f 3585/3654 3726/3650 3589/3653
f 3583/3581 3731/3651 3585/3654
f 3753/2041 3738/3656 3739/3666
f 3740/3663 3581/3583 3743/2042
f 1088/1379 3746/3924 1093/811
f 3739/3666 3743/2042 3753/2041
f 2791/2972 3493/3948 2792/2970
f 3492/3884 2807/2984 3493/3948
f 2792/2970 3494/3949 2909/3881
f 3493/3948 2806/3903 3494/3949
f 3508/1624 3494/3949 3516/3950
f 3516/3950 2806/3903 3539/3902
f 2948/3153 3791/1174 3801/3156
f 2105/2046 3896/2029 2104/2026
f 3538/1577 3804/2983 2805/2992
f 680/1417 3876/1939 683/2797
f 1891/2175 3910/1730 3891/2171
f 2905/3096 3801/3156 2950/3155
f 2900/3089 3799/3098 2905/3096
f 2901/3092 3807/3091 2877/3093
f 2734/2907 3806/3067 3794/3060
f 2877/3093 3806/3067 2878/3065
f 2820/3002 3794/3060 2872/3059
f 2818/3054 3792/3012 2827/3011
f 2823/3008 3792/3012 2826/3010
f 2822/3017 3798/3001 2821/3003
f 2819/3005 3800/3951 3798/3001
f 2817/3874 3795/2998 2816/2997
f 2809/2993 3795/2998 2815/3000
f 2808/3885 3803/2985 2807/2984
f 2805/2992 3803/2985 2804/2987
f 1702/1513 3923/1511 1599/1525
f 3922/1627 1797/1636 1802/1626
f 3915/1788 1706/1514 1709/1000
f 3918/1520 1692/1505 1698/1516
f 1657/1917 3880/1728 1879/1916
f 1890/1740 3895/1617 3910/1730
f 3772/1648 1674/1483 1675/862
f 1689/3952 3772/1648 3773/1625
f 3926/2955 3538/1577 1688/3953
f 3516/3950 1689/3952 3773/1625
f 3917/1606 1703/1510 1764/1605
f 1598/1396 3928/1602 1770/1595
f 3880/1728 1876/1724 1879/1916
f 1691/3926 3925/2956 3927/1519
f 3925/2956 1688/3953 1687/3508
f 1117/547 1118/546 3930/3954
f 1066/641 1322/643 3930/3954
f 1243/618 847/624 3930/3954
f 3825/601 848/1432 3930/3954
f 1128/1522 1117/547 3930/3954
f 1129/560 1130/559 3930/3954
f 841/686 1011/523 3930/3954
f 1230/3955 3863/639 3930/3954
f 1242/650 1243/618 3930/3954
f 1322/643 1229/622 3930/3954
f 1064/592 1065/2174 3930/3954
f 1003/1611 1128/1522 3930/3954
f 1229/622 1230/3955 3930/3954
f 3863/639 1285/1968 3930/3954
f 1285/1968 1288/651 3930/3954
f 848/1432 839/3661 3930/3954
f 847/624 3825/601 3930/3954
f 1118/546 1129/560 3930/3954
f 1065/2174 1066/641 3930/3954
f 1087/569 1086/568 3930/3954
f 1008/520 1002/519 3930/3954
f 1011/523 1008/520 3930/3954
f 1002/519 1003/1611 3930/3954
f 1076/565 1069/567 3930/3954
f 838/685 841/686 3930/3954
f 839/3661 838/685 3930/3954
f 1288/651 1242/650 3930/3954
f 1130/559 1087/569 3930/3954
f 1086/568 1076/565 3930/3954
f 1069/567 1064/592 3930/3954
f 2410/2487 2414/3876 3931/3956
f 2411/2484 2410/2487 3931/3956
f 3617/2370 2285/2544 3931/3956
f 2394/2476 2393/2475 3931/3956
f 2393/2475 2396/2504 3931/3956
f 2281/2374 2286/2373 3931/3956
f 2282/2455 2280/2597 3931/3956
f 2398/2501 2399/3407 3931/3956
f 2465/2542 2464/2567 3931/3956
f 2396/2504 2397/2495 3931/3956
f 2470/2550 2469/3937 3931/3956
f 2399/3407 2416/2489 3931/3956
f 2480/2561 2395/2560 3931/3956
f 2459/2538 2480/2561 3931/3956
f 2369/2452 2282/2455 3931/3956
f 2460/3957 2459/2538 3931/3956
f 2415/3958 2411/2484 3931/3956
f 2416/2489 2415/3958 3931/3956
f 2364/2446 2363/2450 3931/3956
f 2286/2373 3617/2370 3931/3956
f 2464/2567 2470/2550 3931/3956
f 2469/3937 3703/2547 3931/3956
f 2285/2544 2465/2542 3931/3956
f 2414/3876 2364/2446 3931/3956
f 2395/2560 2394/2476 3931/3956
f 2363/2450 2367/2453 3931/3956
f 2397/2495 2398/2501 3931/3956
f 2280/2597 2281/2374 3931/3956
f 3703/2547 2460/3957 3931/3956
f 2367/2453 2369/2452 3931/3956
f 3934/3959 3937/3960 3938/3961
f 3934/3959 3939/3962 3935/3963
f 3932/3964 3937/3960 3933/3965
f 3938/3961 3943/3966 3939/3962
f 3937/3960 3940/3967 3941/3968
f 3937/3960 3942/3969 3938/3961
f 3942/3969 3947/3970 3943/3966
f 3941/3968 3944/3971 3945/3972
f 3942/3969 3945/3972 3946/3973
f 3947/3970 3950/3974 3951/3975
f 3944/3971 3949/3976 3945/3972
f 3945/3972 3950/3974 3946/3973
f 3950/3974 3955/3977 3951/3975
f 3949/3976 3952/3978 3953/3979
f 3950/3974 3953/3979 3954/3980
f 3955/3977 3958/3981 3959/3982
f 3953/3979 3956/3983 3957/3984
f 3953/3979 3958/3981 3954/3980
f 3959/3982 3962/3985 3963/3986
f 3957/3984 3960/3987 3961/3988
f 3958/3981 3961/3988 3962/3985
f 3962/3985 3967/3989 3963/3986
f 3960/3987 3965/3990 3961/3988
f 3961/3988 3966/3991 3962/3985
f 3966/3991 3971/3992 3967/3989
f 3965/3990 3968/3993 3969/3994
f 3966/3991 3969/3994 3970/3995
f 3970/3995 3975/3996 3971/3992
f 3968/3993 3973/3997 3969/3994
f 3969/3994 3974/3998 3970/3995
f 3974/3998 3979/3999 3975/3996
f 3973/3997 3976/4000 3977/4001
f 3974/3998 3977/4001 3978/4002
f 3979/3999 3982/4003 3983/4004
f 3976/4000 3981/4005 3977/4001
f 3977/4001 3982/4003 3978/4002
f 3982/4003 3987/4006 3983/4004
f 3981/4005 3984/4007 3985/4008
f 3982/4003 3985/4008 3986/4009
f 3987/4006 3990/4010 3991/4011
f 3984/4007 3989/4012 3985/4008
f 3985/4008 3990/4010 3986/4009
f 3991/4011 3994/4013 3995/4014
f 3989/4012 3992/4015 3993/4016
f 3990/4010 3993/4016 3994/4013
f 3995/4014 3998/4017 3999/4018
f 3992/4015 3997/4019 3993/4016
f 3993/4016 3998/4017 3994/4013
f 3998/4017 4003/4020 3999/4018
f 3997/4019 4000/4021 4001/4022
f 3998/4017 4001/4022 4002/4023
f 4002/4023 4007/4024 4003/4020
f 4000/4021 4005/4025 4001/4022
f 4001/4022 4006/4026 4002/4023
f 4006/4026 4011/4027 4007/4024
f 4005/4025 4008/4028 4009/4029
f 4006/4026 4009/4029 4010/4030
f 4011/4027 4014/4031 4015/4032
f 4008/4028 4013/4033 4009/4029
f 4009/4029 4014/4031 4010/4030
f 4014/4031 4019/4034 4015/4032
f 4013/4033 4016/4035 4017/4036
f 4014/4031 4017/4036 4018/4037
f 4019/4034 4022/4038 4023/4039
f 4016/4035 4021/4040 4017/4036
f 4017/4036 4022/4038 4018/4037
f 4023/4039 4026/4041 4027/4042
f 4021/4040 4024/4043 4025/4044
f 4022/4038 4025/4044 4026/4041
f 4027/4042 4030/4045 4031/4046
f 4024/4043 4029/4047 4025/4044
f 4025/4044 4030/4045 4026/4041
f 4031/4046 4034/4048 4035/4049
f 4029/4047 4032/4050 4033/4051
f 4030/4045 4033/4051 4034/4048
f 4034/4048 4039/4052 4035/4049
f 4032/4050 4037/4053 4033/4051
f 4033/4051 4038/4054 4034/4048
f 4038/4054 4043/4055 4039/4052
f 4037/4053 4040/4056 4041/4057
f 4038/4054 4041/4057 4042/4058
f 4043/4055 4046/4059 4047/4060
f 4040/4056 4045/4061 4041/4057
f 4041/4057 4046/4059 4042/4058
f 4046/4059 4051/4062 4047/4060
f 4045/4061 4048/4063 4049/4064
f 4046/4059 4049/4064 4050/4065
f 4051/4062 4055/4066 4056/4067
f 4048/4063 4054/4068 4049/4064
f 4049/4064 4055/4066 4050/4065
f 4056/4067 4059/4069 4060/4070
f 4053/4071 4058/4072 4054/4068
f 4055/4066 4058/4072 4059/4069
f 3932/3964 4052/4073 3936/4074
f 3936/4074 4052/4073 3940/3967
f 3940/3967 4052/4073 3944/3971
f 3944/3971 4052/4073 3948/4075
f 3948/4075 4052/4073 3952/3978
f 3952/3978 4052/4073 3956/3983
f 3956/3983 4052/4073 3960/3987
f 3960/3987 4052/4073 3964/4076
f 3964/4076 4052/4073 3968/3993
f 3968/3993 4052/4073 3972/4077
f 3972/4077 4052/4073 3976/4000
f 3976/4000 4052/4073 3980/4078
f 3980/4078 4052/4073 3984/4007
f 3984/4007 4052/4073 3988/4079
f 3988/4079 4052/4073 3992/4015
f 3992/4015 4052/4073 3996/4080
f 3996/4080 4052/4073 4000/4021
f 4000/4021 4052/4073 4004/4081
f 4004/4081 4052/4073 4008/4028
f 4008/4028 4052/4073 4012/4082
f 4012/4082 4052/4073 4016/4035
f 4016/4035 4052/4073 4020/4083
f 4020/4083 4052/4073 4024/4043
f 4024/4043 4052/4073 4028/4084
f 4028/4084 4052/4073 4032/4050
f 4032/4050 4052/4073 4036/4085
f 4036/4085 4052/4073 4040/4056
f 4040/4056 4052/4073 4044/4086
f 4044/4086 4052/4073 4048/4063
f 4048/4063 4052/4073 4053/4071
f 4053/4071 4052/4073 4057/4087
f 4060/4070 3934/3959 3935/3963
f 4058/4072 3932/3964 3933/3965
f 4058/4072 3934/3959 4059/4069
f 4057/4087 4052/4073 3932/3964
f 4069/4088 4081/4089 4082/4090
f 4066/4091 4080/4092 4067/4093
f 4065/4094 4077/4095 4078/4096
f 4063/4097 4075/4098 4076/4099
f 4071/4100 4085/4101 4072/4102
f 4069/4088 4083/4103 4070/4104
f 4067/4093 4081/4089 4068/4105
f 4066/4106 4078/4096 4079/4107
f 4063/4097 4077/4095 4064/4108
f 4061/4109 4075/4098 4062/4110
f 4072/4102 4086/4111 4073/4112
f 4071/4100 4083/4103 4084/4113
f 4076/4099 4090/4114 4077/4095
f 4074/4115 4088/4116 4075/4098
f 4086/4111 4098/4117 4099/4118
f 4083/4103 4097/4119 4084/4113
f 4082/4090 4094/4120 4095/4121
f 4079/4122 4093/4123 4080/4092
f 4078/4096 4090/4114 4091/4124
f 4076/4099 4088/4116 4089/4125
f 4085/4101 4097/4119 4098/4117
f 4082/4090 4096/4126 4083/4103
f 4080/4092 4094/4120 4081/4089
f 4079/4107 4091/4124 4092/4127
f 4089/4125 4103/4128 4090/4114
f 4088/4116 4100/4129 4101/4130
f 4098/4117 4112/4131 4099/4118
f 4096/4126 4110/4132 4097/4119
f 4095/4121 4107/4133 4108/4134
f 4092/4135 4106/4136 4093/4123
f 4090/4114 4104/4137 4091/4124
f 4089/4125 4101/4130 4102/4138
f 4097/4119 4111/4139 4098/4117
f 4095/4121 4109/4140 4096/4126
f 4094/4120 4106/4136 4107/4133
f 4092/4127 4104/4137 4105/4141
f 4103/4128 4115/4142 4116/4143
f 4100/4129 4114/4144 4101/4130
f 4112/4131 4124/4145 4125/4146
f 4110/4132 4122/4147 4123/4148
f 4107/4133 4121/4149 4108/4134
f 4105/4150 4119/4151 4106/4136
f 4103/4128 4117/4152 4104/4137
f 4101/4130 4115/4142 4102/4138
f 4110/4132 4124/4145 4111/4139
f 4109/4140 4121/4149 4122/4147
f 4107/4133 4119/4151 4120/4153
f 4105/4141 4117/4152 4118/4154
f 4115/4142 4129/4155 4116/4143
f 4114/4144 4126/4156 4127/4157
f 4124/4145 4138/4158 4125/4146
f 4123/4148 4135/4159 4136/4160
f 4120/4153 4134/4161 4121/4149
f 4119/4151 4131/4162 4132/4163
f 4117/4152 4129/4155 4130/4164
f 4114/4144 4128/4165 4115/4142
f 4124/4145 4136/4160 4137/4166
f 4122/4147 4134/4161 4135/4159
f 4119/4151 4133/4167 4120/4153
f 4117/4152 4131/4168 4118/4154
f 4129/4155 4141/4169 4142/4170
f 4126/4156 4140/4171 4127/4157
f 4138/4158 4150/4172 4151/4173
f 4136/4160 4148/4174 4149/4175
f 4133/4167 4147/4176 4134/4161
f 4131/4162 4145/4177 4132/4163
f 4130/4164 4142/4170 4143/4178
f 4127/4157 4141/4169 4128/4165
f 4137/4166 4149/4175 4150/4172
f 4135/4159 4147/4176 4148/4174
f 4132/4163 4146/4179 4133/4167
f 4131/4168 4143/4178 4144/4180
f 4142/4170 4154/4181 4155/4182
f 4140/4171 4152/4183 4153/4184
f 4150/4172 4164/4185 4151/4173
f 4149/4175 4161/4186 4162/4187
f 4146/4179 4160/4188 4147/4176
f 4144/4189 4158/4190 4145/4177
f 4142/4170 4156/4191 4143/4178
f 4140/4171 4154/4181 4141/4169
f 4149/4175 4163/4192 4150/4172
f 4148/4174 4160/4188 4161/4186
f 4146/4179 4158/4190 4159/4193
f 4144/4180 4156/4191 4157/4194
f 4155/4182 4167/4195 4168/4196
f 4153/4184 4165/4197 4166/4198
f 4163/4192 4177/4199 4164/4185
f 4161/4186 4175/4200 4162/4187
f 4159/4193 4173/4201 4160/4188
f 4158/4190 4170/4202 4171/4203
f 4155/4182 4169/4204 4156/4191
f 4153/4184 4167/4195 4154/4181
f 4163/4192 4175/4200 4176/4205
f 4161/4186 4173/4201 4174/4206
f 4159/4193 4171/4203 4172/4207
f 4156/4191 4170/4208 4157/4194
f 4167/4195 4181/4209 4168/4196
f 4165/4197 4179/4210 4166/4198
f 4176/4205 4190/4211 4177/4199
f 4175/4200 4187/4212 4188/4213
f 4173/4201 4185/4214 4186/4215
f 4170/4202 4184/4216 4171/4203
f 4169/4204 4181/4209 4182/4217
f 4167/4195 4179/4210 4180/4218
f 4175/4200 4189/4219 4176/4205
f 4173/4201 4187/4212 4174/4206
f 4171/4203 4185/4214 4172/4207
f 4170/4208 4182/4217 4183/4220
f 4180/4218 4194/4221 4181/4209
f 4178/4222 4192/4223 4179/4210
f 4190/4211 4202/4224 4203/4225
f 4187/4212 4201/4226 4188/4213
f 4186/4215 4198/4227 4199/4228
f 4183/4229 4197/4230 4184/4216
f 4182/4217 4194/4221 4195/4231
f 4180/4218 4192/4223 4193/4232
f 4189/4219 4201/4226 4202/4224
f 4186/4215 4200/4233 4187/4212
f 4184/4216 4198/4227 4185/4214
f 4183/4220 4195/4231 4196/4234
f 4193/4232 4207/4235 4194/4221
f 4192/4223 4204/4236 4205/4237
f 4202/4224 4216/4238 4203/4225
f 4200/4233 4214/4239 4201/4226
f 4199/4228 4211/4240 4212/4241
f 4196/4242 4210/4243 4197/4230
f 4194/4221 4208/4244 4195/4231
f 4193/4232 4205/4237 4206/4245
f 4201/4226 4215/4246 4202/4224
f 4199/4228 4213/4247 4200/4233
f 4198/4227 4210/4243 4211/4240
f 4196/4234 4208/4244 4209/4248
f 4207/4235 4219/4249 4220/4250
f 4204/4236 4218/4251 4205/4237
f 4216/4238 4228/4252 4229/4253
f 4213/4247 4227/4254 4214/4239
f 4211/4240 4225/4255 4212/4241
f 4209/4256 4223/4257 4210/4243
f 4207/4235 4221/4258 4208/4244
f 4205/4237 4219/4249 4206/4245
f 4214/4239 4228/4252 4215/4246
f 4213/4247 4225/4255 4226/4259
f 4211/4240 4223/4257 4224/4260
f 4209/4248 4221/4258 4222/4261
f 4219/4249 4233/4262 4220/4250
f 4218/4251 4230/4263 4231/4264
f 4228/4252 4242/4265 4229/4253
f 4226/4259 4240/4266 4227/4254
f 4225/4255 4237/4267 4238/4268
f 4223/4257 4235/4269 4236/4270
f 4221/4258 4233/4262 4234/4271
f 4218/4251 4232/4272 4219/4249
f 4228/4252 4240/4266 4241/4273
f 4226/4259 4238/4268 4239/4274
f 4223/4257 4237/4267 4224/4260
f 4221/4258 4235/4275 4222/4261
f 4233/4262 4245/4276 4246/4277
f 4230/4263 4244/4278 4231/4264
f 4242/4265 4254/4279 4255/4280
f 4240/4266 4252/4281 4253/4282
f 4237/4267 4251/4283 4238/4268
f 4235/4269 4249/4284 4236/4270
f 4234/4271 4246/4277 4247/4285
f 4231/4264 4245/4276 4232/4272
f 4241/4273 4253/4282 4254/4279
f 4239/4274 4251/4283 4252/4281
f 4236/4270 4250/4286 4237/4267
f 4235/4275 4247/4285 4248/4287
f 4246/4277 4258/4288 4259/4289
f 4244/4278 4256/4290 4257/4291
f 4254/4279 4268/4292 4255/4280
f 4253/4282 4265/4293 4266/4294
f 4250/4286 4264/4295 4251/4283
f 4248/4296 4262/4297 4249/4284
f 4246/4277 4260/4298 4247/4285
f 4244/4278 4258/4288 4245/4276
f 4253/4282 4267/4299 4254/4279
f 4252/4281 4264/4295 4265/4293
f 4250/4286 4262/4297 4263/4300
f 4248/4287 4260/4298 4261/4301
f 4259/4289 4271/4302 4272/4303
f 4257/4291 4269/4304 4270/4305
f 4267/4299 4281/4306 4268/4292
f 4265/4293 4279/4307 4266/4294
f 4263/4300 4277/4308 4264/4295
f 4262/4297 4274/4309 4275/4310
f 4259/4289 4273/4311 4260/4298
f 4257/4291 4271/4302 4258/4288
f 4266/4294 4280/4312 4267/4299
f 4265/4293 4277/4308 4278/4313
f 4263/4300 4275/4310 4276/4314
f 4260/4298 4274/4315 4261/4301
f 4271/4302 4285/4316 4272/4303
f 4269/4304 4283/4317 4270/4305
f 4281/4306 4293/4318 4294/4319
f 4279/4307 4291/4320 4292/4321
f 4277/4308 4289/4322 4290/4323
f 4274/4309 4288/4324 4275/4310
f 4273/4311 4285/4316 4286/4325
f 4271/4302 4283/4317 4284/4326
f 4280/4312 4292/4321 4293/4318
f 4277/4308 4291/4320 4278/4313
f 4275/4310 4289/4322 4276/4314
f 4274/4315 4286/4325 4287/4327
f 4284/4326 4298/4328 4285/4316
f 4282/4329 4296/4330 4283/4317
f 4294/4319 4306/4331 4307/4332
f 4291/4320 4305/4333 4292/4321
f 4290/4323 4302/4334 4303/4335
f 4287/4336 4301/4337 4288/4324
f 4286/4325 4298/4328 4299/4338
f 4284/4326 4296/4330 4297/4339
f 4293/4318 4305/4333 4306/4331
f 4290/4323 4304/4340 4291/4320
f 4288/4324 4302/4334 4289/4322
f 4287/4327 4299/4338 4300/4341
f 4297/4339 4311/4342 4298/4328
f 4296/4330 4308/4343 4309/4344
f 4306/4331 4320/4345 4307/4332
f 4304/4340 4318/4346 4305/4333
f 4303/4335 4315/4347 4316/4348
f 4300/4349 4314/4350 4301/4337
f 4298/4328 4312/4351 4299/4338
f 4297/4339 4309/4344 4310/4352
f 4305/4333 4319/4353 4306/4331
f 4304/4340 4316/4348 4317/4354
f 4302/4334 4314/4350 4315/4347
f 4300/4341 4312/4351 4313/4355
f 4310/4352 4324/4356 4311/4342
f 4308/4343 4322/4357 4309/4344
f 4320/4345 4332/4358 4333/4359
f 4318/4346 4330/4360 4331/4361
f 4316/4348 4328/4362 4329/4363
f 4313/4364 4327/4365 4314/4350
f 4311/4342 4325/4366 4312/4351
f 4310/4352 4322/4357 4323/4367
f 4318/4346 4332/4358 4319/4353
f 4316/4348 4330/4360 4317/4354
f 4315/4347 4327/4365 4328/4362
f 4312/4351 4326/4368 4313/4355
f 4323/4367 4337/4369 4324/4356
f 4322/4357 4334/4370 4335/4371
f 4332/4358 4346/4372 4333/4359
f 4330/4360 4344/4373 4331/4361
f 4329/4363 4341/4374 4342/4375
f 4327/4365 4339/4376 4340/4377
f 4325/4366 4337/4369 4338/4378
f 4322/4357 4336/4379 4323/4367
f 4332/4358 4344/4373 4345/4380
f 4330/4360 4342/4375 4343/4381
f 4327/4365 4341/4374 4328/4362
f 4325/4366 4339/4382 4326/4368
f 4337/4369 4350/4383 4351/4384
f 4334/4370 4349/4385 4335/4371
f 4346/4372 4359/4386 4360/4387
f 4344/4373 4357/4388 4358/4389
f 4341/4374 4356/4390 4342/4375
f 4340/4377 4353/4391 4354/4392
f 4338/4378 4351/4384 4352/4393
f 4335/4371 4350/4383 4336/4379
f 4345/4380 4358/4389 4359/4386
f 4343/4381 4356/4390 4357/4388
f 4340/4377 4355/4394 4341/4374
f 4338/4378 4353/4395 4339/4382
f 4351/4384 4363/4396 4364/4397
f 4349/4385 4361/4398 4362/4399
f 4359/4386 4373/4400 4360/4387
f 4358/4389 4370/4401 4371/4402
f 4355/4394 4369/4403 4356/4390
f 4354/4392 4366/4404 4367/4405
f 4351/4384 4365/4406 4352/4393
f 4349/4385 4363/4396 4350/4383
f 4358/4389 4372/4407 4359/4386
f 4357/4388 4369/4403 4370/4401
f 4355/4394 4367/4405 4368/4408
f 4352/4393 4366/4409 4353/4395
f 4364/4397 4376/4410 4377/4411
f 4362/4399 4374/4412 4375/4413
f 4373/4400 4385/4414 4386/4415
f 4370/4401 4384/4416 4371/4402
f 4368/4408 4382/4417 4369/4403
f 4367/4405 4379/4418 4380/4419
f 4364/4397 4378/4420 4365/4406
f 4362/4399 4376/4410 4363/4396
f 4372/4407 4384/4416 4385/4414
f 4370/4401 4382/4417 4383/4421
f 4368/4408 4380/4419 4381/4422
f 4365/4406 4379/4423 4366/4409
f 4376/4410 4390/4424 4377/4411
f 4374/4412 4388/4425 4375/4413
f 4385/4414 4399/4426 4386/4415
f 4384/4416 4396/4427 4397/4428
f 4382/4417 4394/4429 4395/4430
f 4379/4418 4393/4431 4380/4419
f 4378/4420 4390/4424 4391/4432
f 4376/4410 4388/4425 4389/4433
f 4384/4416 4398/4434 4385/4414
f 4382/4417 4396/4427 4383/4421
f 4380/4419 4394/4429 4381/4422
f 4379/4423 4391/4432 4392/4435
f 4389/4433 4403/4436 4390/4424
f 4387/4437 4401/4438 4388/4425
f 4399/4426 4411/4439 4412/4440
f 4396/4427 4410/4441 4397/4428
f 4395/4430 4407/4442 4408/4443
f 4393/4431 4405/4444 4406/4445
f 4391/4432 4403/4436 4404/4446
f 4389/4433 4401/4438 4402/4447
f 4398/4434 4410/4441 4411/4439
f 4395/4430 4409/4448 4396/4427
f 4393/4431 4407/4442 4394/4429
f 4391/4432 4405/4449 4392/4435
f 4402/4447 4416/4450 4403/4436
f 4401/4438 4413/4451 4414/4452
f 4411/4439 4425/4453 4412/4440
f 4409/4448 4423/4454 4410/4441
f 4408/4443 4420/4455 4421/4456
f 4406/4445 4418/4457 4419/4458
f 4403/4436 4417/4459 4404/4446
f 4402/4447 4414/4452 4415/4460
f 4410/4441 4424/4461 4411/4439
f 4408/4443 4422/4462 4409/4448
f 4407/4442 4419/4458 4420/4455
f 4404/4446 4418/4463 4405/4449
f 4416/4450 4428/4464 4429/4465
f 4413/4451 4427/4466 4414/4452
f 4425/4453 4437/4467 4438/4468
f 4423/4454 4435/4469 4436/4470
f 4421/4456 4433/4471 4434/4472
f 4418/4457 4432/4473 4419/4458
f 4416/4450 4430/4474 4417/4459
f 4415/4460 4427/4466 4428/4464
f 4423/4454 4437/4467 4424/4461
f 4421/4456 4435/4469 4422/4462
f 4420/4455 4432/4473 4433/4471
f 4418/4463 4430/4474 4431/4475
f 4428/4464 4442/4476 4429/4465
f 4426/4477 4440/4478 4427/4466
f 4437/4467 4451/4479 4438/4468
f 4435/4469 4449/4480 4436/4470
f 4434/4472 4446/4481 4447/4482
f 4432/4473 4444/4483 4445/4484
f 4430/4474 4442/4476 4443/4485
f 4427/4466 4441/4486 4428/4464
f 4437/4467 4449/4480 4450/4487
f 4435/4469 4447/4482 4448/4488
f 4432/4473 4446/4481 4433/4471
f 4430/4474 4444/4489 4431/4475
f 4442/4476 4454/4490 4455/4491
f 4439/4492 4453/4493 4440/4478
f 4451/4479 4463/4494 4464/4495
f 4449/4480 4461/4496 4462/4497
f 4446/4481 4460/4498 4447/4482
f 4444/4483 4458/4499 4445/4484
f 4443/4485 4455/4491 4456/4500
f 4440/4478 4454/4490 4441/4486
f 4450/4487 4462/4497 4463/4494
f 4447/4482 4461/4496 4448/4488
f 4445/4484 4459/4501 4446/4481
f 4444/4489 4456/4500 4457/4502
f 4455/4491 4467/4503 4468/4504
f 4453/4493 4465/4505 4466/4506
f 4463/4494 4477/4507 4464/4495
f 4462/4497 4474/4508 4475/4509
f 4459/4501 4473/4510 4460/4498
f 4457/4511 4471/4512 4458/4499
f 4455/4491 4469/4513 4456/4500
f 4453/4493 4467/4503 4454/4490
f 4462/4497 4476/4514 4463/4494
f 4461/4496 4473/4510 4474/4508
f 4459/4501 4471/4512 4472/4515
f 4457/4502 4469/4513 4470/4516
f 4347/4517 4073/4112 4086/4111
f 4347/4517 4086/4111 4099/4118
f 4347/4517 4099/4118 4112/4131
f 4347/4517 4112/4131 4125/4146
f 4347/4517 4125/4146 4138/4158
f 4347/4517 4138/4158 4151/4173
f 4347/4517 4151/4173 4164/4185
f 4347/4517 4164/4185 4177/4199
f 4347/4517 4177/4199 4190/4211
f 4347/4517 4190/4211 4203/4225
f 4347/4517 4203/4225 4216/4238
f 4347/4517 4216/4238 4229/4253
f 4347/4517 4229/4253 4242/4265
f 4347/4517 4242/4265 4255/4280
f 4347/4517 4255/4280 4268/4292
f 4347/4517 4268/4292 4281/4306
f 4347/4517 4281/4306 4294/4319
f 4347/4517 4294/4319 4307/4332
f 4347/4517 4307/4332 4320/4345
f 4347/4517 4320/4345 4333/4359
f 4347/4517 4333/4359 4346/4372
f 4347/4517 4346/4372 4360/4387
f 4347/4517 4360/4387 4373/4400
f 4347/4517 4373/4400 4386/4415
f 4347/4517 4386/4415 4399/4426
f 4347/4517 4399/4426 4412/4440
f 4347/4517 4412/4440 4425/4453
f 4347/4517 4425/4453 4438/4468
f 4347/4517 4438/4468 4451/4479
f 4347/4517 4451/4479 4464/4495
f 4347/4517 4464/4495 4477/4507
f 4468/4504 4063/4097 4064/4108
f 4466/4506 4061/4109 4062/4110
f 4477/4507 4072/4102 4073/4112
f 4474/4508 4071/4100 4475/4509
f 4472/4515 4069/4088 4473/4510
f 4471/4512 4066/4091 4067/4093
f 4468/4504 4065/4094 4469/4513
f 4466/4506 4063/4097 4467/4503
f 4347/4517 4477/4507 4073/4112
f 4476/4514 4071/4100 4072/4102
f 4474/4508 4069/4088 4070/4104
f 4472/4515 4067/4093 4068/4105
f 4469/4513 4066/4106 4470/4516
f 3935/3963 4465/4505 4060/4070
f 4465/4505 4056/4067 4060/4070
f 4452/4518 4051/4062 4056/4067
f 4439/4492 4047/4060 4051/4062
f 4047/4060 4413/4451 4043/4055
f 4043/4055 4400/4519 4039/4052
f 4039/4052 4387/4437 4035/4049
f 4387/4437 4031/4046 4035/4049
f 4031/4046 4361/4398 4027/4042
f 4361/4398 4023/4039 4027/4042
f 4348/4520 4019/4034 4023/4039
f 4334/4370 4015/4032 4019/4034
f 4015/4032 4308/4343 4011/4027
f 4011/4027 4295/4521 4007/4024
f 4007/4024 4282/4329 4003/4020
f 4282/4329 3999/4018 4003/4020
f 3999/4018 4256/4290 3995/4014
f 4256/4290 3991/4011 3995/4014
f 4243/4522 3987/4006 3991/4011
f 4230/4263 3983/4004 3987/4006
f 3983/4004 4204/4236 3979/3999
f 3979/3999 4191/4523 3975/3996
f 3975/3996 4178/4222 3971/3992
f 4178/4222 3967/3989 3971/3992
f 3967/3989 4152/4183 3963/3986
f 4152/4183 3959/3982 3963/3986
f 4139/4524 3955/3977 3959/3982
f 4126/4156 3951/3975 3955/3977
f 3951/3975 4100/4129 3947/3970
f 3947/3970 4087/4525 3943/3966
f 3943/3966 4074/4115 3939/3962
f 4074/4115 3935/3963 3939/3962
f 4480/4526 4483/4527 4484/4528
f 4480/4526 4485/4529 4481/4530
f 4479/4531 4482/4532 4483/4527
f 4484/4528 4489/4533 4485/4529
f 4482/4532 4487/4534 4483/4527
f 4483/4527 4488/4535 4484/4528
f 4488/4535 4493/4536 4489/4533
f 4487/4534 4490/4537 4491/4538
f 4488/4535 4491/4538 4492/4539
f 4493/4536 4496/4540 4497/4541
f 4490/4537 4495/4542 4491/4538
f 4491/4538 4496/4540 4492/4539
f 4496/4540 4501/4543 4497/4541
f 4495/4542 4498/4544 4499/4545
f 4496/4540 4499/4545 4500/4546
f 4501/4543 4504/4547 4505/4548
f 4498/4544 4503/4549 4499/4545
f 4499/4545 4504/4547 4500/4546
f 4505/4548 4508/4550 4509/4551
f 4503/4549 4506/4552 4507/4553
f 4504/4547 4507/4553 4508/4550
f 4509/4551 4512/4554 4513/4555
f 4506/4552 4511/4556 4507/4553
f 4507/4553 4512/4554 4508/4550
f 4513/4555 4516/4557 4517/4558
f 4511/4556 4514/4559 4515/4560
f 4512/4554 4515/4560 4516/4557
f 4516/4557 4521/4561 4517/4558
f 4514/4559 4519/4562 4515/4560
f 4515/4560 4520/4563 4516/4557
f 4520/4563 4525/4564 4521/4561
f 4518/4565 4523/4566 4519/4562
f 4520/4563 4523/4566 4524/4567
f 4525/4564 4528/4568 4529/4569
f 4522/4570 4527/4571 4523/4566
f 4523/4566 4528/4568 4524/4567
f 4528/4568 4533/4572 4529/4569
f 4527/4571 4530/4573 4531/4574
f 4528/4568 4531/4574 4532/4575
f 4533/4572 4536/4576 4537/4577
f 4530/4573 4535/4578 4531/4574
f 4531/4574 4536/4576 4532/4575
f 4537/4577 4540/4579 4541/4580
f 4534/4581 4539/4582 4535/4578
f 4536/4576 4539/4582 4540/4579
f 4541/4580 4544/4583 4545/4584
f 4539/4582 4542/4585 4543/4586
f 4539/4582 4544/4583 4540/4579
f 4544/4583 4549/4587 4545/4584
f 4542/4585 4547/4588 4543/4586
f 4544/4583 4547/4588 4548/4589
f 4548/4589 4553/4590 4549/4587
f 4547/4588 4550/4591 4551/4592
f 4547/4588 4552/4593 4548/4589
f 4552/4593 4557/4594 4553/4590
f 4551/4592 4554/4595 4555/4596
f 4552/4593 4555/4596 4556/4597
f 4557/4594 4560/4598 4561/4599
f 4554/4595 4559/4600 4555/4596
f 4555/4596 4560/4598 4556/4597
f 4560/4598 4565/4601 4561/4599
f 4559/4600 4562/4602 4563/4603
f 4560/4598 4563/4603 4564/4604
f 4565/4601 4568/4605 4569/4606
f 4562/4602 4567/4607 4563/4603
f 4563/4603 4568/4605 4564/4604
f 4569/4606 4572/4608 4573/4609
f 4567/4607 4570/4610 4571/4611
f 4568/4605 4571/4611 4572/4608
f 4572/4608 4577/4612 4573/4609
f 4570/4610 4575/4613 4571/4611
f 4571/4611 4576/4614 4572/4608
f 4576/4614 4581/4615 4577/4612
f 4575/4613 4578/4616 4579/4617
f 4576/4614 4579/4617 4580/4618
f 4580/4618 4585/4619 4581/4615
f 4578/4616 4583/4620 4579/4617
f 4579/4617 4584/4621 4580/4618
f 4584/4621 4589/4622 4585/4619
f 4583/4620 4586/4623 4587/4624
f 4584/4621 4587/4624 4588/4625
f 4589/4622 4592/4626 4593/4627
f 4586/4623 4591/4628 4587/4624
f 4587/4624 4592/4626 4588/4625
f 4592/4626 4597/4629 4593/4627
f 4591/4628 4594/4630 4595/4631
f 4592/4626 4595/4631 4596/4632
f 4597/4629 4601/4633 4602/4634
f 4594/4630 4600/4635 4595/4631
f 4595/4631 4601/4633 4596/4632
f 4602/4634 4605/4636 4606/4637
f 4600/4635 4603/4638 4604/4639
f 4601/4633 4604/4639 4605/4636
f 4478/4640 4598/4641 4482/4532
f 4482/4532 4598/4641 4486/4642
f 4486/4642 4598/4641 4490/4537
f 4490/4537 4598/4641 4494/4643
f 4494/4643 4598/4641 4498/4544
f 4498/4544 4598/4641 4502/4644
f 4502/4644 4598/4641 4506/4552
f 4506/4552 4598/4641 4510/4645
f 4510/4645 4598/4641 4514/4559
f 4514/4559 4598/4641 4518/4565
f 4518/4565 4598/4641 4522/4570
f 4522/4570 4598/4641 4526/4646
f 4526/4646 4598/4641 4530/4573
f 4530/4573 4598/4641 4534/4581
f 4534/4581 4598/4641 4538/4647
f 4538/4647 4598/4641 4542/4585
f 4542/4585 4598/4641 4546/4648
f 4546/4648 4598/4641 4550/4591
f 4550/4591 4598/4641 4554/4595
f 4554/4595 4598/4641 4558/4649
f 4558/4649 4598/4641 4562/4602
f 4562/4602 4598/4641 4566/4650
f 4566/4650 4598/4641 4570/4610
f 4570/4610 4598/4641 4574/4651
f 4574/4651 4598/4641 4578/4616
f 4578/4616 4598/4641 4582/4652
f 4582/4652 4598/4641 4586/4623
f 4586/4623 4598/4641 4590/4653
f 4590/4653 4598/4641 4594/4630
f 4594/4630 4598/4641 4599/4654
f 4599/4654 4598/4641 4603/4638
f 4606/4637 4480/4526 4481/4530
f 4603/4638 4479/4531 4604/4639
f 4604/4639 4480/4526 4605/4636
f 4603/4638 4598/4641 4478/4640
f 4615/4655 4627/4656 4628/4657
f 4612/4658 4626/4659 4613/4660
f 4611/4661 4623/4662 4624/4663
f 4609/4664 4621/4665 4622/4666
f 4618/4667 4630/4668 4631/4669
f 4615/4655 4629/4670 4616/4671
f 4613/4660 4627/4656 4614/4672
f 4612/4673 4624/4663 4625/4674
f 4609/4664 4623/4662 4610/4675
f 4607/4676 4621/4665 4608/4677
f 4619/4678 4631/4669 4632/4679
f 4617/4680 4629/4670 4630/4668
f 4622/4666 4636/4681 4623/4662
f 4620/4682 4634/4683 4621/4665
f 4632/4679 4644/4684 4645/4685
f 4629/4670 4643/4686 4630/4668
f 4628/4657 4640/4687 4641/4688
f 4626/4659 4638/4689 4639/4690
f 4624/4663 4636/4681 4637/4691
f 4622/4666 4634/4683 4635/4692
f 4631/4669 4643/4686 4644/4684
f 4628/4657 4642/4693 4629/4670
f 4626/4659 4640/4687 4627/4656
f 4624/4663 4638/4694 4625/4674
f 4635/4692 4649/4695 4636/4681
f 4634/4683 4646/4696 4647/4697
f 4644/4684 4658/4698 4645/4685
f 4642/4693 4656/4699 4643/4686
f 4641/4688 4653/4700 4654/4701
f 4639/4690 4651/4702 4652/4703
f 4636/4681 4650/4704 4637/4691
f 4635/4692 4647/4697 4648/4705
f 4643/4686 4657/4706 4644/4684
f 4642/4693 4654/4701 4655/4707
f 4640/4687 4652/4703 4653/4700
f 4637/4691 4651/4708 4638/4694
f 4648/4705 4662/4709 4649/4695
f 4646/4696 4660/4710 4647/4697
f 4658/4698 4670/4711 4671/4712
f 4656/4699 4668/4713 4669/4714
f 4653/4700 4667/4715 4654/4701
f 4651/4702 4665/4716 4652/4703
f 4649/4695 4663/4717 4650/4704
f 4648/4705 4660/4710 4661/4718
f 4656/4699 4670/4711 4657/4706
f 4654/4701 4668/4713 4655/4707
f 4653/4700 4665/4716 4666/4719
f 4651/4708 4663/4717 4664/4720
f 4661/4718 4675/4721 4662/4709
f 4660/4710 4672/4722 4673/4723
f 4670/4711 4684/4724 4671/4712
f 4668/4713 4682/4725 4669/4714
f 4667/4715 4679/4726 4680/4727
f 4665/4716 4677/4728 4678/4729
f 4663/4717 4675/4721 4676/4730
f 4661/4718 4673/4723 4674/4731
f 4670/4711 4682/4725 4683/4732
f 4667/4715 4681/4733 4668/4713
f 4665/4716 4679/4726 4666/4719
f 4663/4717 4677/4734 4664/4720
f 4675/4721 4687/4735 4688/4736
f 4672/4722 4686/4737 4673/4723
f 4684/4724 4696/4738 4697/4739
f 4682/4725 4694/4740 4695/4741
f 4679/4726 4693/4742 4680/4727
f 4678/4729 4690/4743 4691/4744
f 4676/4730 4688/4736 4689/4745
f 4673/4723 4687/4735 4674/4731
f 4683/4732 4695/4741 4696/4738
f 4681/4733 4693/4742 4694/4740
f 4678/4729 4692/4746 4679/4726
f 4676/4730 4690/4747 4677/4734
f 4688/4736 4700/4748 4701/4749
f 4686/4737 4698/4750 4699/4751
f 4696/4738 4710/4752 4697/4739
f 4695/4741 4707/4753 4708/4754
f 4692/4746 4706/4755 4693/4742
f 4691/4744 4703/4756 4704/4757
f 4688/4736 4702/4758 4689/4745
f 4686/4737 4700/4748 4687/4735
f 4695/4741 4709/4759 4696/4738
f 4694/4740 4706/4755 4707/4753
f 4692/4746 4704/4757 4705/4760
f 4689/4745 4703/4761 4690/4747
f 4701/4749 4713/4762 4714/4763
f 4699/4751 4711/4764 4712/4765
f 4710/4752 4722/4766 4723/4767
f 4707/4753 4721/4768 4708/4754
f 4705/4760 4719/4769 4706/4755
f 4704/4757 4716/4770 4717/4771
f 4701/4749 4715/4772 4702/4758
f 4699/4751 4713/4762 4700/4748
f 4709/4759 4721/4768 4722/4766
f 4707/4753 4719/4769 4720/4773
f 4705/4760 4717/4771 4718/4774
f 4702/4758 4716/4775 4703/4761
f 4713/4762 4727/4776 4714/4763
f 4711/4764 4725/4777 4712/4765
f 4723/4767 4735/4778 4736/4779
f 4721/4768 4733/4780 4734/4781
f 4719/4769 4731/4782 4732/4783
f 4716/4770 4730/4784 4717/4771
f 4715/4772 4727/4776 4728/4785
f 4713/4762 4725/4777 4726/4786
f 4721/4768 4735/4778 4722/4766
f 4719/4769 4733/4780 4720/4773
f 4717/4771 4731/4782 4718/4774
f 4716/4775 4728/4785 4729/4787
f 4726/4786 4740/4788 4727/4776
f 4724/4789 4738/4790 4725/4777
f 4736/4779 4748/4791 4749/4792
f 4733/4780 4747/4793 4734/4781
f 4732/4783 4744/4794 4745/4795
f 4730/4784 4742/4796 4743/4797
f 4728/4785 4740/4788 4741/4798
f 4726/4786 4738/4790 4739/4799
f 4735/4778 4747/4793 4748/4791
f 4732/4783 4746/4800 4733/4780
f 4730/4784 4744/4794 4731/4782
f 4728/4785 4742/4801 4729/4787
f 4739/4799 4753/4802 4740/4788
f 4738/4790 4750/4803 4751/4804
f 4748/4791 4762/4805 4749/4792
f 4746/4800 4760/4806 4747/4793
f 4745/4795 4757/4807 4758/4808
f 4743/4797 4755/4809 4756/4810
f 4740/4788 4754/4811 4741/4798
f 4739/4799 4751/4804 4752/4812
f 4747/4793 4761/4813 4748/4791
f 4745/4795 4759/4814 4746/4800
f 4744/4794 4756/4810 4757/4807
f 4741/4798 4755/4815 4742/4801
f 4753/4802 4765/4816 4766/4817
f 4750/4803 4764/4818 4751/4804
f 4762/4805 4774/4819 4775/4820
f 4759/4814 4773/4821 4760/4806
f 4758/4808 4770/4822 4771/4823
f 4755/4809 4769/4824 4756/4810
f 4753/4802 4767/4825 4754/4811
f 4752/4812 4764/4818 4765/4816
f 4760/4806 4774/4819 4761/4813
f 4758/4808 4772/4826 4759/4814
f 4757/4807 4769/4824 4770/4822
f 4755/4815 4767/4825 4768/4827
f 4765/4816 4779/4828 4766/4817
f 4764/4818 4776/4829 4777/4830
f 4774/4819 4788/4831 4775/4820
f 4772/4826 4786/4832 4773/4821
f 4771/4823 4783/4833 4784/4834
f 4769/4824 4781/4835 4782/4836
f 4767/4825 4779/4828 4780/4837
f 4765/4816 4777/4830 4778/4838
f 4774/4819 4786/4832 4787/4839
f 4771/4823 4785/4840 4772/4826
f 4769/4824 4783/4833 4770/4822
f 4767/4825 4781/4841 4768/4827
f 4779/4828 4791/4842 4792/4843
f 4776/4829 4790/4844 4777/4830
f 4788/4831 4800/4845 4801/4846
f 4786/4832 4798/4847 4799/4848
f 4783/4833 4797/4849 4784/4834
f 4782/4836 4794/4850 4795/4851
f 4780/4837 4792/4843 4793/4852
f 4777/4830 4791/4842 4778/4838
f 4787/4839 4799/4848 4800/4845
f 4785/4840 4797/4849 4798/4847
f 4782/4836 4796/4853 4783/4833
f 4780/4837 4794/4854 4781/4841
f 4792/4843 4804/4855 4805/4856
f 4790/4844 4802/4857 4803/4858
f 4800/4845 4814/4859 4801/4846
f 4799/4848 4811/4860 4812/4861
f 4796/4853 4810/4862 4797/4849
f 4795/4851 4807/4863 4808/4864
f 4792/4843 4806/4865 4793/4852
f 4790/4844 4804/4855 4791/4842
f 4799/4848 4813/4866 4800/4845
f 4798/4847 4810/4862 4811/4860
f 4796/4853 4808/4864 4809/4867
f 4793/4852 4807/4868 4794/4854
f 4805/4856 4817/4869 4818/4870
f 4803/4858 4815/4871 4816/4872
f 4814/4859 4826/4873 4827/4874
f 4811/4860 4825/4875 4812/4861
f 4809/4867 4823/4876 4810/4862
f 4808/4864 4820/4877 4821/4878
f 4805/4856 4819/4879 4806/4865
f 4803/4858 4817/4869 4804/4855
f 4813/4866 4825/4875 4826/4873
f 4811/4860 4823/4876 4824/4880
f 4809/4867 4821/4878 4822/4881
f 4806/4865 4820/4882 4807/4868
f 4817/4869 4831/4883 4818/4870
f 4815/4871 4829/4884 4816/4872
f 4826/4873 4840/4885 4827/4874
f 4825/4875 4837/4886 4838/4887
f 4823/4876 4835/4888 4836/4889
f 4820/4877 4834/4890 4821/4878
f 4819/4879 4831/4883 4832/4891
f 4817/4869 4829/4884 4830/4892
f 4825/4875 4839/4893 4826/4873
f 4823/4876 4837/4886 4824/4880
f 4821/4878 4835/4888 4822/4881
f 4820/4882 4832/4891 4833/4894
f 4830/4892 4844/4895 4831/4883
f 4828/4896 4842/4897 4829/4884
f 4840/4885 4852/4898 4853/4899
f 4837/4886 4851/4900 4838/4887
f 4836/4889 4848/4901 4849/4902
f 4834/4890 4846/4903 4847/4904
f 4832/4891 4844/4895 4845/4905
f 4830/4892 4842/4897 4843/4906
f 4839/4893 4851/4900 4852/4898
f 4836/4889 4850/4907 4837/4886
f 4834/4890 4848/4901 4835/4888
f 4832/4891 4846/4908 4833/4894
f 4843/4906 4857/4909 4844/4895
f 4842/4897 4854/4910 4855/4911
f 4852/4898 4866/4912 4853/4899
f 4850/4907 4864/4913 4851/4900
f 4849/4902 4861/4914 4862/4915
f 4847/4904 4859/4916 4860/4917
f 4844/4895 4858/4918 4845/4905
f 4843/4906 4855/4911 4856/4919
f 4851/4900 4865/4920 4852/4898
f 4849/4902 4863/4921 4850/4907
f 4848/4901 4860/4917 4861/4914
f 4845/4905 4859/4922 4846/4908
f 4857/4909 4869/4923 4870/4924
f 4855/4911 4867/4925 4868/4926
f 4866/4912 4878/4927 4879/4928
f 4864/4913 4876/4929 4877/4930
f 4862/4915 4874/4931 4875/4932
f 4859/4916 4873/4933 4860/4917
f 4857/4909 4871/4934 4858/4918
f 4856/4919 4868/4926 4869/4923
f 4864/4913 4878/4927 4865/4920
f 4862/4915 4876/4929 4863/4921
f 4861/4914 4873/4933 4874/4931
f 4859/4922 4871/4934 4872/4935
f 4869/4923 4883/4936 4870/4924
f 4868/4926 4880/4937 4881/4938
f 4878/4927 4892/4939 4879/4928
f 4877/4930 4889/4940 4890/4941
f 4874/4931 4888/4942 4875/4932
f 4873/4933 4885/4943 4886/4944
f 4871/4934 4883/4936 4884/4945
f 4868/4926 4882/4946 4869/4923
f 4878/4927 4890/4941 4891/4947
f 4876/4929 4888/4942 4889/4940
f 4873/4933 4887/4948 4874/4931
f 4871/4934 4885/4949 4872/4935
f 4883/4936 4896/4950 4897/4951
f 4880/4937 4895/4952 4881/4938
f 4892/4939 4905/4953 4906/4954
f 4890/4941 4903/4955 4904/4956
f 4887/4948 4902/4957 4888/4942
f 4885/4943 4900/4958 4886/4944
f 4884/4945 4897/4951 4898/4959
f 4881/4938 4896/4950 4882/4946
f 4891/4947 4904/4956 4905/4953
f 4889/4940 4902/4957 4903/4955
f 4886/4944 4901/4960 4887/4948
f 4885/4949 4898/4959 4899/4961
f 4897/4951 4909/4962 4910/4963
f 4895/4952 4907/4964 4908/4965
f 4905/4953 4919/4966 4906/4954
f 4904/4956 4916/4967 4917/4968
f 4901/4960 4915/4969 4902/4957
f 4899/4970 4913/4971 4900/4958
f 4897/4951 4911/4972 4898/4959
f 4895/4952 4909/4962 4896/4950
f 4904/4956 4918/4973 4905/4953
f 4903/4955 4915/4969 4916/4967
f 4901/4960 4913/4971 4914/4974
f 4899/4961 4911/4972 4912/4975
f 4910/4963 4922/4976 4923/4977
f 4908/4965 4920/4978 4921/4979
f 4919/4966 4931/4980 4932/4981
f 4916/4967 4930/4982 4917/4968
f 4914/4974 4928/4983 4915/4969
f 4913/4971 4925/4984 4926/4985
f 4910/4963 4924/4986 4911/4972
f 4908/4965 4922/4976 4909/4962
f 4918/4973 4930/4982 4931/4980
f 4916/4967 4928/4983 4929/4987
f 4914/4974 4926/4985 4927/4988
f 4911/4972 4925/4989 4912/4975
f 4922/4976 4936/4990 4923/4977
f 4920/4978 4934/4991 4921/4979
f 4931/4980 4945/4992 4932/4981
f 4930/4982 4942/4993 4943/4994
f 4928/4983 4940/4995 4941/4996
f 4925/4984 4939/4997 4926/4985
f 4924/4986 4936/4990 4937/4998
f 4922/4976 4934/4991 4935/4999
f 4930/4982 4944/5000 4931/4980
f 4928/4983 4942/4993 4929/4987
f 4926/4985 4940/4995 4927/4988
f 4925/4989 4937/4998 4938/5001
f 4935/4999 4949/5002 4936/4990
f 4933/5003 4947/5004 4934/4991
f 4945/4992 4957/5005 4958/5006
f 4942/4993 4956/5007 4943/4994
f 4941/4996 4953/5008 4954/5009
f 4938/5010 4952/5011 4939/4997
f 4937/4998 4949/5002 4950/5012
f 4935/4999 4947/5004 4948/5013
f 4944/5000 4956/5007 4957/5005
f 4941/4996 4955/5014 4942/4993
f 4939/4997 4953/5008 4940/4995
f 4938/5001 4950/5012 4951/5015
f 4948/5013 4962/5016 4949/5002
f 4947/5004 4959/5017 4960/5018
f 4957/5005 4971/5019 4958/5006
f 4955/5014 4969/5020 4956/5007
f 4954/5009 4966/5021 4967/5022
f 4951/5023 4965/5024 4952/5011
f 4949/5002 4963/5025 4950/5012
f 4948/5013 4960/5018 4961/5026
f 4956/5007 4970/5027 4957/5005
f 4954/5009 4968/5028 4955/5014
f 4953/5008 4965/5024 4966/5021
f 4951/5015 4963/5025 4964/5029
f 4962/5016 4974/5030 4975/5031
f 4959/5017 4973/5032 4960/5018
f 4971/5019 4983/5033 4984/5034
f 4968/5028 4982/5035 4969/5020
f 4966/5021 4980/5036 4967/5022
f 4964/5037 4978/5038 4965/5024
f 4962/5016 4976/5039 4963/5025
f 4960/5018 4974/5030 4961/5026
f 4969/5020 4983/5033 4970/5027
f 4967/5022 4981/5040 4968/5028
f 4966/5021 4978/5038 4979/5041
f 4964/5029 4976/5039 4977/5042
f 4975/5031 4987/5043 4988/5044
f 4973/5032 4985/5045 4986/5046
f 4983/5033 4997/5047 4984/5034
f 4981/5040 4995/5048 4982/5035
f 4979/5041 4993/5049 4980/5036
f 4978/5038 4990/5050 4991/5051
f 4976/5039 4988/5044 4989/5052
f 4973/5032 4987/5043 4974/5030
f 4983/5033 4995/5048 4996/5053
f 4981/5040 4993/5049 4994/5054
f 4978/5038 4992/5055 4979/5041
f 4976/5039 4990/5056 4977/5042
f 4988/5044 5000/5057 5001/5058
f 4985/5045 4999/5059 4986/5046
f 4997/5047 5009/5060 5010/5061
f 4995/5048 5007/5062 5008/5063
f 4992/5055 5006/5064 4993/5049
f 4991/5051 5003/5065 5004/5066
f 4989/5052 5001/5058 5002/5067
f 4986/5046 5000/5057 4987/5043
f 4996/5053 5008/5063 5009/5060
f 4994/5054 5006/5064 5007/5062
f 4991/5051 5005/5068 4992/5055
f 4989/5052 5003/5069 4990/5056
f 5001/5058 5013/5070 5014/5071
f 4999/5059 5011/5072 5012/5073
f 5009/5060 5023/5074 5010/5061
f 5008/5063 5020/5075 5021/5076
f 5005/5068 5019/5077 5006/5064
f 5004/5066 5016/5078 5017/5079
f 5001/5058 5015/5080 5002/5067
f 4999/5059 5013/5070 5000/5057
f 5008/5063 5022/5081 5009/5060
f 5007/5062 5019/5077 5020/5075
f 5005/5068 5017/5079 5018/5082
f 5002/5067 5016/5083 5003/5069
f 4893/5084 4619/4678 4632/4679
f 4893/5084 4632/4679 4645/4685
f 4893/5084 4645/4685 4658/4698
f 4893/5084 4658/4698 4671/4712
f 4893/5084 4671/4712 4684/4724
f 4893/5084 4684/4724 4697/4739
f 4893/5084 4697/4739 4710/4752
f 4893/5084 4710/4752 4723/4767
f 4893/5084 4723/4767 4736/4779
f 4893/5084 4736/4779 4749/4792
f 4893/5084 4749/4792 4762/4805
f 4893/5084 4762/4805 4775/4820
f 4893/5084 4775/4820 4788/4831
f 4893/5084 4788/4831 4801/4846
f 4893/5084 4801/4846 4814/4859
f 4893/5084 4814/4859 4827/4874
f 4893/5084 4827/4874 4840/4885
f 4893/5084 4840/4885 4853/4899
f 4893/5084 4853/4899 4866/4912
f 4893/5084 4866/4912 4879/4928
f 4893/5084 4879/4928 4892/4939
f 4893/5084 4892/4939 4906/4954
f 4893/5084 4906/4954 4919/4966
f 4893/5084 4919/4966 4932/4981
f 4893/5084 4932/4981 4945/4992
f 4893/5084 4945/4992 4958/5006
f 4893/5084 4958/5006 4971/5019
f 4893/5084 4971/5019 4984/5034
f 4893/5084 4984/5034 4997/5047
f 4893/5084 4997/5047 5010/5061
f 4893/5084 5010/5061 5023/5074
f 5014/5071 4609/4664 4610/4675
f 5012/5073 4607/4676 4608/4677
f 5022/5081 4619/4678 5023/5074
f 5020/5075 4617/4680 5021/5076
f 5018/5082 4615/4655 5019/5077
f 5017/5079 4612/4658 4613/4660
f 5014/5071 4611/4661 5015/5080
f 5012/5073 4609/4664 5013/5070
f 4893/5084 5023/5074 4619/4678
f 5021/5076 4618/4667 5022/5081
f 5020/5075 4615/4655 4616/4671
f 5018/5082 4613/4660 4614/4672
f 5015/5080 4612/4673 5016/5083
f 4481/4530 5011/5072 4606/4637
f 5011/5072 4602/4634 4606/4637
f 4998/5085 4597/4629 4602/4634
f 4985/5045 4593/4627 4597/4629
f 4593/4627 4959/5017 4589/4622
f 4589/4622 4946/5086 4585/4619
f 4585/4619 4933/5003 4581/4615
f 4933/5003 4577/4612 4581/4615
f 4577/4612 4907/4964 4573/4609
f 4907/4964 4569/4606 4573/4609
f 4894/5087 4565/4601 4569/4606
f 4880/4937 4561/4599 4565/4601
f 4561/4599 4854/4910 4557/4594
f 4557/4594 4841/5088 4553/4590
f 4553/4590 4828/4896 4549/4587
f 4828/4896 4545/4584 4549/4587
f 4545/4584 4802/4857 4541/4580
f 4802/4857 4537/4577 4541/4580
f 4789/5089 4533/4572 4537/4577
f 4776/4829 4529/4569 4533/4572
f 4529/4569 4750/4803 4525/4564
f 4525/4564 4737/5090 4521/4561
f 4521/4561 4724/4789 4517/4558
f 4724/4789 4513/4555 4517/4558
f 4513/4555 4698/4750 4509/4551
f 4698/4750 4505/4548 4509/4551
f 4685/5091 4501/4543 4505/4548
f 4672/4722 4497/4541 4501/4543
f 4497/4541 4646/4696 4493/4536
f 4493/4536 4633/5092 4489/4533
f 4489/4533 4620/4682 4485/4529
f 4620/4682 4481/4530 4485/4529
f 4/1 3/223 2/2
f 8/4 7/2726 6/5
f 13/7 16/2228 15/8
f 17/10 28/2112 19/11
f 32/13 31/317 30/14
f 36/16 35/1785 34/17
f 37/19 40/1305 39/20
f 21/22 22/1250 23/23
f 25/25 26/2732 27/26
f 41/28 44/140 43/29
f 48/31 47/191 46/32
f 52/34 51/432 50/35
f 53/37 56/161 55/38
f 60/40 59/62 58/41
f 29/15 30/14 62/43
f 66/45 65/486 64/46
f 67/48 5/6 6/5
f 72/50 71/1955 70/51
f 76/53 75/2762 74/54
f 77/56 80/312 79/57
f 81/59 84/970 83/60
f 59/62 87/78 86/63
f 88/65 91/2877 90/66
f 96/68 95/387 94/69
f 100/71 99/1067 98/72
f 101/74 104/2810 103/75
f 106/77 105/111 34/17
f 108/79 116/109 115/80
f 117/82 119/194 36/16
f 124/84 127/99 126/85
f 131/87 130/1157 129/88
f 132/90 102/76 134/91
f 142/93 141/174 140/94
f 148/96 106/77 60/40
f 144/98 143/253 127/99
f 149/100 152/1441 151/101
f 156/103 155/357 154/104
f 159/106 150/102 158/107
f 116/109 108/79 164/110
f 171/112 170/179 169/113
f 174/115 126/85 173/116
f 179/118 182/255 181/119
f 186/121 189/319 188/122
f 194/124 197/1314 196/125
f 199/127 142/93 139/95
f 206/129 209/215 208/130
f 213/132 212/173 211/133
f 202/135 215/2820 214/136
f 96/68 93/70 216/138
f 92/139 238/180 43/29
f 97/73 184/374 246/141
f 250/142 249/165 229/143
f 252/145 254/244 58/41
f 258/147 257/1193 256/148
f 260/150 91/2877 229/143
f 110/152 111/3492 112/153
f 114/155 264/1147 263/156
f 265/158 268/1008 267/159
f 56/161 53/37 270/162
f 274/164 273/1163 249/165
f 185/166 183/211 63/47
f 280/167 279/1030 278/168
f 285/170 284/224 283/171
f 288/172 219/464 211/133
f 141/174 142/93 92/139
f 289/175 290/393 175/176
f 148/96 116/109 105/111
f 312/178 311/1436 170/179
f 238/180 262/335 42/30
f 318/181 163/213 160/182
f 310/184 309/1031 308/185
f 241/187 239/1191 325/188
f 160/182 230/314 240/190
f 47/191 48/31 307/186
f 108/79 109/157 315/192
f 345/193 85/64 86/63
f 348/195 351/246 350/196
f 356/198 359/260 358/199
f 355/201 354/1346 353/202
f 363/204 31/317 32/13
f 364/206 252/145 253/146
f 366/208 125/86 368/209
f 183/211 372/1217 371/212
f 163/213 162/2842 161/214
f 209/215 226/1051 101/74
f 378/216 377/474 165/217
f 379/219 295/1840 381/220
f 383/222 382/1281 3/223
f 284/224 285/170 386/225
f 387/227 127/99 389/228
f 391/230 259/151 229/143
f 73/55 281/282 397/231
f 405/233 408/248 407/234
f 203/236 218/1212 411/237
f 414/239 121/2834 413/240
f 1/3 356/198 357/200
f 277/242 276/169 131/87
f 254/244 344/1005 57/42
f 358/199 384/1463 415/245
f 417/247 416/336 386/225
f 401/249 400/386 192/250
f 419/252 389/228 127/99
f 421/254 181/119 182/255
f 103/75 301/438 302/257
f 428/259 367/210 368/209
f 380/221 390/290 359/260
f 62/43 204/1809 266/160
f 140/94 141/174 431/262
f 357/200 358/199 351/246
f 356/198 1/3 379/219
f 415/245 392/1289 403/264
f 437/266 428/259 436/267
f 438/269 441/2805 440/270
f 188/122 451/320 450/272
f 265/158 455/469 181/119
f 224/277 185/166 64/46
f 237/279 212/173 213/132
f 275/243 131/87 128/89
f 281/282 282/286 460/283
f 50/35 462/1094 79/57
f 73/55 74/54 282/286
f 468/287 467/410 466/288
f 390/290 355/201 352/203
f 482/291 485/1641 484/292
f 489/294 488/414 487/295
f 493/297 496/402 495/298
f 472/300 471/1426 470/301
f 502/303 501/456 500/304
f 220/306 221/2566 222/307
f 512/309 419/252 143/253
f 518/310 517/1897 511/311
f 513/313 239/1191 230/314
f 205/316 30/14 31/317
f 189/319 370/434 451/320
f 163/213 318/181 532/321
f 533/322 224/277 225/278
f 446/324 448/1848 447/325
f 335/326 541/382 540/327
f 544/329 512/309 546/330
f 329/332 519/475 291/333
f 199/127 534/1141 262/335
f 385/226 386/225 416/336
f 532/321 190/1168 191/338
f 363/204 117/82 118/83
f 578/342 581/383 580/343
f 573/345 572/1416 571/346
f 561/348 563/968 562/349
f 241/187 260/150 259/151
f 590/351 593/2023 592/352
f 545/331 546/330 595/354
f 503/356 154/104 155/357
f 606/359 625/1940 624/360
f 478/362 481/404 480/363
f 646/365 649/1935 648/366
f 590/351 591/353 689/368
f 564/370 565/1310 651/371
f 728/373 246/141 184/374
f 714/376 724/2057 716/377
f 692/379 574/391 575/380
f 541/382 335/326 581/383
f 346/384 68/49 248/385
f 161/214 231/1059 230/314
f 128/89 129/88 94/69
f 698/388 705/2159 704/389
f 574/391 577/3099 576/392
f 290/393 289/175 401/249
f 630/395 631/1316 725/396
f 733/398 736/2821 735/399
f 755/401 466/288 496/402
f 759/403 480/363 481/404
f 757/406 763/2211 762/407
f 764/409 496/402 466/288
f 768/411 767/1656 3808/412
f 759/403 760/405 488/414
f 492/415 474/418 475/416
f 474/418 770/1901 769/419
f 773/421 468/287 465/289
f 771/417 774/425 486/296
f 484/292 485/1641 775/423
f 774/425 776/1419 489/294
f 495/298 496/402 764/409
f 495/298 757/406 761/408
f 137/427 397/231 784/428
f 325/188 239/1191 797/430
f 165/217 519/475 51/432
f 369/433 32/13 29/15
f 730/435 731/1875 568/436
f 90/66 302/257 301/438
f 243/340 118/83 516/439
f 800/441 734/400 806/442
f 817/444 815/451 808/445
f 816/446 808/445 823/447
f 306/449 303/1201 447/325
f 815/451 810/515 809/452
f 829/453 830/472 828/454
f 726/397 725/396 501/456
f 274/164 427/280 424/457
f 879/459 882/1252 881/460
f 884/462 883/1843 879/459
f 219/464 218/1212 217/465
f 906/466 905/673 904/467
f 455/469 204/1809 205/316
f 898/471 882/1252 830/472
f 903/473 900/484 880/461
f 377/474 291/333 519/475
f 923/476 949/553 948/477
f 946/478 947/488 951/479
f 3519/481 740/1934 739/482
f 900/484 899/2835 886/485
f 225/278 64/46 65/486
f 182/255 445/1129 442/487
f 809/452 952/1297 947/488
f 954/490 960/3494 962/491
f 927/493 950/480 965/494
f 885/463 879/459 880/461
f 925/496 927/493 966/495
f 343/498 342/1502 341/499
f 965/494 964/1798 971/501
f 968/502 971/501 970/503
f 972/505 968/502 969/504
f 963/507 961/492 981/508
f 336/510 337/3449 338/511
f 992/513 993/1797 827/514
f 810/515 815/451 996/516
f 1007/518 1001/1986 1002/519
f 1012/521 826/678 827/514
f 1011/523 1009/522 1007/518
f 294/524 293/1088 292/334
f 907/525 908/716 920/526
f 1017/528 579/344 1019/529
f 1020/531 1023/593 1022/532
f 1035/534 1024/614 1020/531
f 1061/536 1060/608 1047/537
f 1063/539 1061/536 1046/538
f 1044/535 1020/531 1021/533
f 1102/542 1094/552 1097/543
f 1116/545 1126/561 1118/546
f 1016/548 1015/616 1014/549
f 881/460 897/468 904/467
f 816/446 1116/545 1127/551
f 1094/552 948/477 949/553
f 514/554 342/1502 167/555
f 146/557 145/1011 81/59
f 1133/558 1135/2261 1130/559
f 1102/542 1133/558 1126/561
f 822/448 1126/561 1116/545
f 1145/562 1143/1862 1148/563
f 1076/565 1144/578 1151/566
f 1148/563 1143/1862 1086/568
f 1109/544 1097/543 1114/570
f 1154/571 1153/574 1156/572
f 1153/574 925/496 967/497
f 3464/575 3497/1438 463/576
f 1144/578 1147/586 1152/579
f 1156/572 967/497 1163/580
f 1164/582 1162/581 1169/583
f 1145/562 1171/587 1176/585
f 1114/570 1115/1585 1154/571
f 1183/588 1155/573 1164/582
f 1184/590 1183/588 1177/589
f 1069/567 1151/566 1062/540
f 1023/593 1191/597 1194/594
f 1162/581 1163/580 1170/595
f 1195/596 1184/590 1185/591
f 1183/588 1196/599 1176/585
f 1201/598 1063/539 1152/579
f 1061/536 1063/539 1201/598
f 3825/601 847/624 843/602
f 1203/604 1202/600 1195/596
f 1202/600 1201/598 1184/590
f 1218/606 1060/608 1203/604
f 1060/608 1061/536 1202/600
f 1225/609 1218/606 1217/607
f 671/611 695/2132 694/612
f 1219/610 1217/607 1024/614
f 1217/607 1203/604 1034/605
f 1226/615 1014/549 1015/616
f 1243/618 1242/650 1234/619
f 1231/621 1230/3955 1229/622
f 847/624 1243/618 1233/620
f 843/602 1233/620 1244/625
f 1233/620 1234/619 1245/627
f 1923/628 3761/2110 233/629
f 2100/630 2108/3944 499/305
f 3914/631 3864/2180 2135/632
f 61/44 62/43 323/261
f 210/134 211/133 217/465
f 1299/636 1310/646 1309/637
f 3863/639 1230/3955 1231/621
f 1066/641 1047/537 1321/642
f 1322/643 1321/642 1228/623
f 1060/608 1218/606 1321/642
f 1325/644 1324/1924 1323/645
f 1244/625 1245/627 1332/647
f 1290/649 1234/619 1242/650
f 1337/652 1330/648 1339/653
f 1330/648 1332/647 1340/655
f 1341/656 1332/647 1245/627
f 1342/658 1340/655 1332/647
f 1343/659 1342/658 1341/656
f 1344/660 1341/656 1294/657
f 3857/662 3856/666 1345/663
f 1347/665 1348/669 1342/658
f 3856/666 3854/1793 1295/667
f 1349/668 1350/704 1348/669
f 3861/670 1349/668 1347/665
f 3853/671 1347/665 1343/659
f 906/466 898/471 829/453
f 905/673 906/466 1353/672
f 865/675 1356/679 1355/676
f 1355/676 1353/672 829/453
f 1357/677 1355/676 825/455
f 1356/679 1354/674 1353/672
f 3834/680 1337/652 1338/654
f 866/682 1358/683 1356/679
f 1358/683 1359/706 1354/674
f 3828/684 878/626 1337/652
f 838/685 1362/2226 1012/521
f 1363/687 1364/2125 1338/654
f 1368/688 1363/687 1339/653
f 1348/669 1368/688 1340/655
f 1371/689 1369/699 3824/690
f 524/692 525/1846 526/693
f 528/695 529/2725 530/696
f 1372/698 1370/705 1369/699
f 535/700 536/2750 537/701
f 1367/703 1368/688 1348/669
f 1370/705 1354/674 1359/706
f 1369/699 1359/706 3833/681
f 1373/707 910/712 903/473
f 555/708 556/1166 557/709
f 1374/711 909/1139 910/712
f 1373/707 904/467 905/673
f 1374/711 1373/707 1375/713
f 1375/713 905/673 1354/674
f 1378/715 920/526 908/716
f 376/718 373/2850 651/371
f 1388/720 928/2032 973/506
f 586/721 587/1197 588/722
f 1390/724 1389/2037 1388/720
f 1391/725 1388/720 969/504
f 597/726 598/2341 599/727
f 600/729 601/966 602/730
f 1392/732 1391/725 970/503
f 608/734 609/770 610/735
f 612/737 524/692 523/694
f 614/739 615/1156 616/740
f 617/742 618/2279 25/25
f 620/743 621/1309 622/744
f 1397/746 1390/724 1391/725
f 1398/747 1397/746 1392/732
f 1400/749 987/1613 920/526
f 1402/750 1403/760 1165/584
f 636/751 637/2749 638/752
f 930/754 1404/759 1402/750
f 641/756 642/2787 643/757
f 929/755 1402/750 1169/583
f 1404/759 1405/844 1403/760
f 1411/761 1366/2126 1365/762
f 1412/764 1406/763 1415/765
f 652/767 653/869 654/768
f 609/770 656/1206 657/771
f 659/773 660/2839 661/774
f 558/710 663/1020 586/721
f 665/776 666/2278 667/777
f 1413/779 1411/761 1406/763
f 1418/780 1416/784 3810/781
f 1417/783 1372/698 1371/689
f 1416/784 1371/689 3829/691
f 1419/785 1417/783 1416/784
f 1386/786 909/1139 1374/711
f 677/788 678/3199 679/789
f 1385/791 1386/786 1420/787
f 1420/787 1374/711 1376/714
f 685/794 686/856 687/795
f 1421/792 1420/787 1422/793
f 528/695 690/905 691/798
f 1422/793 1376/714 1372/698
f 1018/530 1019/529 747/799
f 699/801 700/808 701/802
f 1424/804 578/342 579/344
f 3663/805 1597/1397 1767/806
f 700/808 699/801 711/809
f 1093/811 3746/3924 3754/812
f 717/814 718/1948 530/696
f 721/816 722/2722 723/817
f 704/389 1650/2184 3543/819
f 19/11 1429/823 1426/821
f 1429/823 1428/2168 1427/824
f 1658/825 1659/1576 3542/826
f 1439/828 1437/831 1434/829
f 1437/831 1436/963 1435/832
f 1426/821 1427/824 1433/833
f 1442/835 1431/1886 1432/834
f 742/837 743/1237 744/838
f 1432/834 1433/833 1441/840
f 751/841 752/2816 753/842
f 1438/830 1434/829 1403/760
f 1446/845 1445/851 1444/846
f 1447/848 1448/852 1446/845
f 3860/849 1447/848 1443/847
f 1415/765 1367/703 1445/851
f 1414/766 1415/765 1446/845
f 2173/853 1683/1805 469/302
f 777/854 778/1333 779/855
f 780/857 781/2875 782/858
f 1676/860 1693/1016 1806/861
f 3859/863 1451/1244 1349/668
f 789/864 790/1110 791/865
f 745/839 792/1871 793/867
f 652/767 794/1124 795/868
f 1455/870 1458/1976 1457/871
f 1454/873 1367/703 1350/704
f 610/735 691/798 802/875
f 3831/877 3816/3662 698/388
f 1352/878 1044/535 1045/541
f 1015/616 1016/548 1459/880
f 811/882 812/1230 813/883
f 2118/885 3815/1967 3817/886
f 819/888 820/1811 821/889
f 1466/891 1463/3868 1194/594
f 1467/893 1468/896 1465/894
f 1182/895 1165/584 1468/896
f 832/897 812/1230 833/898
f 835/900 836/2798 837/901
f 1467/893 1466/891 1190/892
f 1469/903 1470/3943 1444/846
f 840/904 700/808 712/810
f 1453/906 1470/3943 1469/903
f 599/727 844/1245 845/907
f 1226/615 1450/2169 3849/909
f 851/911 852/1137 853/912
f 855/914 744/838 856/915
f 858/917 859/1412 860/918
f 861/920 862/2827 863/921
f 1014/549 1226/615 3855/910
f 867/924 676/790 868/925
f 870/927 871/2778 872/928
f 874/930 875/1035 876/931
f 1310/646 1323/645 1471/933
f 1476/934 1433/833 1427/824
f 1461/936 1476/934 1475/935
f 887/937 888/1919 889/938
f 788/866 791/865 892/940
f 894/942 895/961 896/943
f 1460/881 1475/935 1227/617
f 901/945 902/1845 524/692
f 1465/894 1478/964 1477/946
f 1865/948 3503/2193 3500/949
f 911/951 912/2728 913/952
f 916/954 917/1106 918/955
f 1850/957 3505/987 3507/958
f 921/960 922/2351 895/961
f 1479/962 1435/832 1436/963
f 926/965 664/778 667/777
f 1481/967 562/349 563/968
f 269/163 1483/1043 84/970
f 931/972 932/1300 933/973
f 934/974 935/1045 614/739
f 936/975 685/794 688/796
f 938/977 659/773 662/775
f 1484/979 270/162 122/980
f 941/982 942/1102 835/900
f 320/983 321/1830 509/984
f 1849/986 3510/3918 3505/987
f 84/970 1483/1043 1484/979
f 1487/988 1490/1027 1488/989
f 1757/991 1758/3871 3502/992
f 365/207 1492/1004 1491/994
f 461/285 79/57 80/312
f 117/82 363/204 362/205
f 1494/996 540/327 541/382
f 926/965 601/966 957/998
f 1477/946 1441/840 1433/833
f 1709/1000 1588/1526 1585/1001
f 119/194 117/82 1496/995
f 271/1003 1497/1778 504/358
f 511/311 517/1897 189/319
f 345/193 1496/995 1492/1004
f 57/42 344/1005 299/1006
f 1501/1007 1499/1010 268/1008
f 267/159 268/1008 1499/1010
f 974/1012 975/2766 976/1013
f 1678/1015 1652/1508 1693/1016
f 3846/1017 1682/1806 1807/1018
f 557/709 982/1167 663/1020
f 983/1021 941/982 984/1022
f 1443/847 1444/846 3849/909
f 421/254 1500/1009 268/1008
f 989/1024 990/2760 991/1025
f 1490/1027 1487/988 418/1028
f 279/1030 280/167 309/1031
f 997/1032 868/925 676/790
f 998/1033 26/2732 999/1034
f 1504/1029 418/1028 38/21
f 1506/1037 1508/1041 1507/1038
f 360/1040 361/1408 1508/1041
f 1506/1037 1486/1039 207/131
f 939/978 1005/1081 1006/1042
f 270/162 1484/979 1483/1043
f 66/45 63/47 546/330
f 1010/1044 742/837 793/867
f 367/210 428/259 437/266
f 244/318 31/317 363/204
f 1670/1047 3532/1639 3534/1048
f 209/215 206/129 1510/1050
f 388/229 389/228 426/1056
f 427/280 274/164 250/142
f 161/214 520/1430 521/1058
f 100/71 246/141 45/33
f 1025/1060 1026/1232 608/734
f 1029/1062 1030/1225 1031/1063
f 939/978 662/775 1033/1065
f 41/28 42/30 594/355
f 1036/1068 780/857 783/859
f 702/803 701/802 1038/1070
f 1040/1072 1041/1155 1042/1073
f 362/205 32/13 369/433
f 187/123 1520/1358 477/1076
f 70/51 1487/988 539/990
f 1049/1078 600/729 603/731
f 613/741 867/924 869/926
f 860/918 1050/2740 1051/1080
f 1005/1081 1052/2818 1053/1082
f 753/842 1055/1087 1056/1083
f 1057/1085 1058/2752 1059/1086
f 293/1088 288/172 1522/1089
f 288/172 212/173 1521/1077
f 292/334 1522/1089 1523/1090
f 331/1091 1507/1038 1508/1041
f 306/449 452/274 453/276
f 100/71 44/140 41/28
f 462/1094 1524/1092 78/58
f 330/1095 331/1091 1524/1092
f 635/753 1067/1423 1068/1096
f 1485/1097 1527/1833 1526/1098
f 206/129 1485/1097 1528/1099
f 1070/1100 1071/1255 1072/1101
f 942/1102 941/982 1073/1103
f 916/954 933/973 1075/1105
f 440/270 1529/1109 1530/1107
f 157/108 158/107 1514/1108
f 1529/1109 162/2842 5/6
f 371/212 595/354 546/330
f 790/1110 586/721 663/1020
f 1077/1111 858/917 857/919
f 1403/760 1434/829 1435/832
f 1080/1113 1081/2783 1082/1114
f 531/1116 520/1430 1529/1109
f 21/22 1083/1249 1084/1117
f 272/350 1532/1367 1531/1119
f 690/905 712/810 802/875
f 335/326 3571/3933 3567/1120
f 1090/1121 1030/1225 1029/1062
f 1092/1123 795/868 794/1124
f 1533/1125 396/232 137/427
f 661/774 660/2839 1095/1127
f 69/52 444/2847 445/1129
f 1099/1130 1100/2789 1101/1131
f 38/21 39/20 1536/1133
f 1104/1134 1105/2753 1106/1135
f 852/1137 1107/1323 1108/1138
f 1377/717 908/716 909/1139
f 291/333 377/474 411/237
f 316/1140 1536/1133 516/439
f 539/990 1488/989 1533/1125
f 1505/1036 1536/1133 316/1140
f 1110/1143 1111/2862 1112/1144
f 1539/1146 1537/1149 460/283
f 522/1148 441/2805 1537/1149
f 834/902 837/901 1120/1150
f 1122/1152 1123/3253 1124/1153
f 612/737 1125/1812 1041/1155
f 935/1045 793/867 615/1156
f 276/169 278/168 130/1157
f 1686/1158 3549/1590 3522/1159
f 193/1161 190/1168 1541/1162
f 231/1059 521/1058 1540/1164
f 556/1166 1037/1069 982/1167
f 365/207 253/146 85/64
f 190/1168 532/321 318/181
f 1810/1169 765/2091 3574/1170
f 3924/1172 1867/1709 3512/1173
f 1132/1175 983/1021 985/1023
f 208/130 101/74 102/76
f 1134/1177 1033/1065 662/775
f 1491/994 518/310 80/312
f 429/1178 133/92 1542/1179
f 1137/1180 1138/2830 915/956
f 172/117 436/267 428/259
f 1139/1181 1140/2786 1141/1182
f 549/1184 96/68 54/39
f 1517/1185 1519/1253 1518/1186
f 834/902 1119/1151 984/1022
f 1543/1189 513/313 286/315
f 1544/1190 797/430 239/1191
f 133/92 134/91 1544/1190
f 506/1192 361/1408 257/1193
f 420/251 327/1304 328/394
f 1158/1194 1159/1880 1160/1195
f 587/1197 1104/1134 1103/1136
f 607/736 1161/1240 1027/1061
f 304/1199 1546/2225 1545/1200
f 364/206 1491/994 77/56
f 69/52 70/51 198/128
f 700/808 840/904 1112/1144
f 3877/1202 626/1496 3525/1203
f 1166/1205 719/815 657/771
f 1167/1207 1168/2858 858/917
f 1300/638 3523/3940 3524/1208
f 1172/1209 1173/2770 1174/1210
f 218/1212 203/236 200/1213
f 1179/1214 1180/2849 1181/1215
f 372/1217 183/211 97/73
f 89/67 104/2810 227/1218
f 1186/1219 1187/1278 1188/1220
f 172/117 173/116 1517/1185
f 1482/971 84/970 81/59
f 1090/1121 1192/1922 1193/1224
f 394/1226 395/1284 353/202
f 526/693 525/1846 1198/1228
f 1199/1231 1200/2736 1026/1232
f 606/359 623/361 697/1233
f 1204/1235 1205/1332 1206/1236
f 1207/1238 1208/2819 523/694
f 1209/1239 1210/2836 867/924
f 914/953 913/952 685/794
f 1478/964 1436/963 1441/840
f 1029/1062 1028/1064 1161/1240
f 1211/1241 1212/1791 1213/1242
f 3858/923 1453/906 1451/1244
f 844/1245 1215/1887 1216/1246
f 423/458 193/1161 273/1163
f 1220/1247 1221/1259 1222/1248
f 22/1250 1223/1344 1224/1251
f 882/1252 898/471 897/468
f 1519/1253 1517/1185 173/116
f 1189/1221 1188/1220 1232/1254
f 349/197 350/196 550/337
f 1071/1255 1235/1979 1236/1256
f 1237/1257 1238/2765 1239/1258
f 1221/1259 1186/1219 1189/1221
f 1510/1050 1528/1099 1512/1053
f 939/978 1032/1066 1241/1262
f 1556/1263 1530/1107 5/6
f 1553/1264 1554/1795 394/1226
f 404/1265 1556/1263 67/48
f 1247/1267 1248/2846 1249/1268
f 142/93 199/127 238/180
f 1251/1270 1067/1423 635/753
f 850/913 1252/2796 1253/1272
f 1254/1273 1167/1207 1077/1111
f 57/42 132/90 133/92
f 443/1275 430/263 552/1276
f 1187/1278 1172/1209 1175/1211
f 1256/1279 1070/1100 831/899
f 432/1280 405/233 382/1281
f 741/1282 748/1906 747/799
f 434/265 350/196 351/246
f 349/197 432/1280 383/222
f 251/323 124/84 1481/967
f 395/1284 384/1463 352/203
f 1518/1186 1519/1253 1550/1285
f 1558/1286 410/238 378/216
f 109/157 263/156 314/1287
f 285/170 1514/1108 1513/1198
f 395/1284 394/1226 393/1288
f 202/135 203/236 410/238
f 417/247 408/248 405/233
f 1246/1269 1257/1351 1258/1290
f 3/223 1559/1330 297/1291
f 1259/1292 1260/2866 1261/1293
f 403/264 404/1265 347/1266
f 955/1295 954/490 953/1296
f 462/1094 50/35 51/432
f 1096/1128 1095/1127 687/795
f 429/1178 147/97 60/40
f 896/943 1264/1910 1265/1299
f 1267/1301 721/816 1268/1302
f 423/458 424/457 327/1304
f 37/19 179/118 180/120
f 20/24 23/23 1187/1278
f 1256/1279 1168/2858 1071/1255
f 1188/1220 1175/1211 1269/1306
f 1236/1256 1270/1980 1271/1307
f 1272/1308 536/2750 535/700
f 565/1310 564/370 463/576
f 1273/1312 792/1871 745/839
f 876/931 1254/1273 1255/1274
f 316/1140 33/18 164/110
f 437/266 1516/1966 503/356
f 194/124 1494/996 1495/997
f 1275/1315 1276/1376 864/922
f 624/360 625/1940 631/1316
f 1277/1317 1274/1313 1137/1180
f 569/437 568/436 567/1319
f 1481/967 124/84 125/86
f 324/189 325/188 547/431
f 1279/1322 1108/1138 1107/1323
f 1525/1325 332/3222 329/332
f 1281/1326 1278/1318 1137/1180
f 171/112 168/114 1553/1264
f 1488/989 73/55 396/232
f 1557/1328 1561/1521 1562/1329
f 1282/1331 856/915 1206/1236
f 1053/1082 1277/1317 1278/1318
f 778/1333 777/854 607/736
f 713/1335 583/1384 3566/1336
f 251/323 225/278 144/98
f 4/1 357/200 348/195
f 709/1338 708/2182 707/1339
f 728/373 48/31 45/33
f 261/1341 135/1847 1563/1342
f 789/864 1286/2354 1287/1343
f 74/54 314/1287 263/156
f 403/264 284/224 385/226
f 1178/1216 1181/1215 1240/1260
f 1223/1344 1259/1292 1289/1345
f 1220/1247 20/24 1186/1219
f 296/1187 1518/1186 354/1346
f 784/428 459/284 1538/1348
f 1181/1215 1180/2849 1291/1350
f 1269/1306 1292/2860 1257/1351
f 1566/1349 1538/1348 438/269
f 136/429 784/428 1566/1349
f 1563/1342 1564/1353 169/113
f 107/81 114/155 109/157
f 1297/1355 1282/1331 1298/1356
f 1464/947 1477/946 1476/934
f 1520/1358 187/123 507/1359
f 1301/1361 1302/2795 1303/1362
f 1306/1364 1307/2353 1308/1365
f 175/176 456/2822 1532/1367
f 1532/1367 456/2822 200/1213
f 1311/1368 1266/1303 1312/1369
f 872/928 1314/2859 1315/1371
f 3836/603 843/602 878/626
f 1305/1366 1308/1365 864/922
f 1040/1072 1275/1315 863/921
f 1564/1353 1566/1349 399/1352
f 592/352 1576/2019 1575/1378
f 591/353 1575/1378 1088/1379
f 1581/1380 1584/1631 1583/1381
f 1196/599 1152/579 1147/586
f 710/1383 582/1461 583/1384
f 285/170 407/234 408/248
f 953/1296 954/490 961/492
f 1594/1385 1592/1390 1589/1386
f 1585/1001 1588/1526 1587/1388
f 1592/1390 1591/1548 1590/1391
f 3885/1392 945/1944 944/1393
f 1600/1395 1599/1525 1598/1396
f 1604/1398 1603/3139 1602/1399
f 1399/748 1392/732 979/733
f 1589/1386 1590/1391 1596/1402
f 1610/1404 1609/1963 1608/1405
f 298/1407 257/1193 361/1408
f 551/1277 552/1276 276/169
f 1627/1409 1626/1487 3814/1410
f 859/1412 811/882 818/890
f 1078/1112 857/919 1328/1413
f 1555/1415 439/271 1530/1107
f 572/1416 573/345 680/1417
f 772/422 465/289 776/1419
f 977/1014 1281/1326 918/955
f 404/1265 403/264 392/1289
f 1054/1084 1331/2759 750/843
f 1644/1420 1645/1985 1643/1421
f 932/1300 1265/1299 1082/1114
f 1067/1423 1333/2808 1334/1424
f 1540/1164 1539/1146 264/1147
f 597/726 1335/1537 643/757
f 471/1426 761/408 762/407
f 1642/1422 696/1234 3831/877
f 1644/1420 1642/1422 3842/1427
f 923/476 946/478 950/480
f 96/68 549/1184 548/1429
f 520/1430 531/1116 522/1148
f 445/1129 444/2847 443/1275
f 849/1431 839/3661 848/1432
f 480/363 759/403 755/401
f 1646/1434 760/405 481/404
f 311/1436 426/1056 1567/1437
f 464/1311 463/576 3497/1438
f 3497/1438 1360/2001 1361/1440
f 234/1055 237/279 236/341
f 190/1168 193/1161 192/250
f 153/105 154/104 152/1441
f 231/1059 287/1165 286/315
f 1552/1327 1553/1264 1551/1227
f 760/405 1646/1434 1648/1442
f 3832/1443 1647/1964 1649/1444
f 828/454 827/514 826/678
f 52/34 167/555 166/218
f 1663/1446 1662/1674 1661/1447
f 287/1165 107/81 115/80
f 668/1449 671/611 670/613
f 634/1451 645/1725 640/1452
f 553/1454 560/2229 559/1455
f 118/83 36/16 33/18
f 492/415 484/292 491/424
f 3552/1458 1652/1508 1651/1459
f 582/1461 589/1849 584/1462
f 384/1463 395/1284 392/1289
f 1381/1464 1382/2307 1383/1465
f 1562/1329 1561/1521 435/268
f 952/1297 953/1296 951/479
f 3529/1467 3566/1336 583/1384
f 1660/1448 1661/1447 1667/1468
f 1394/1470 1395/1722 1396/1471
f 1660/1448 1665/1569 1664/1473
f 1671/1474 1670/1047 1669/1049
f 1624/1476 1625/1485 1673/1477
f 1407/1479 1408/2312 1409/1480
f 1677/1482 1676/860 1675/862
f 1613/1484 1679/1486 1677/1482
f 1679/1486 1678/1015 1676/860
f 1626/1487 1681/1804 3811/1488
f 534/1141 199/127 198/128
f 803/1489 733/398 734/400
f 400/386 248/385 191/338
f 65/486 66/45 143/253
f 3526/1490 1657/1917 1656/1491
f 402/1493 159/106 157/108
f 629/1494 628/2154 627/1495
f 461/285 477/1076 49/36
f 758/1497 757/406 495/298
f 796/1498 787/1780 786/1499
f 406/235 407/234 1513/1198
f 342/1502 343/498 166/218
f 1694/1503 1659/1576 1658/825
f 1692/1505 1687/3508 1694/1503
f 3557/1507 1693/1016 1652/1508
f 3921/1509 1704/1530 1703/1510
f 326/1321 547/431 302/257
f 3916/1512 3921/1509 1702/1513
f 3919/1515 3918/1520 1698/1516
f 1699/1518 1691/3926 3927/1519
f 1557/1328 406/235 1560/1501
f 1127/551 1116/545 1117/547
f 400/386 401/249 289/175
f 1706/1514 1702/1513 1707/1523
f 1707/1523 1702/1513 1599/1525
f 1709/1000 1706/1514 1708/1524
f 1714/1527 1712/1553 1711/1528
f 3919/1515 3915/1788 1709/1000
f 1704/1530 1711/1528 1577/1531
f 1716/1532 1714/1527 1713/1529
f 1559/1330 1562/1329 1549/1222
f 1722/1534 1721/1557 1720/1535
f 1335/1537 597/726 596/728
f 410/238 411/237 377/474
f 973/506 1170/595 1163/580
f 168/114 169/113 399/1352
f 1571/813 682/1542 1089/1540
f 1572/1541 681/1418 682/1542
f 749/1543 646/365 647/367
f 1730/1545 1724/1554 1723/1546
f 1594/1385 1582/1382 1729/1547
f 1729/1547 1723/1546 1591/1548
f 1384/1550 1378/715 1377/717
f 1732/1552 1731/1549 1712/1553
f 1724/1554 1730/1545 1731/1549
f 1722/1534 1724/1554 1732/1552
f 1721/1557 1722/1534 1733/1556
f 1734/1558 1733/1556 1716/1532
f 1735/1560 1737/1568 1736/1561
f 1733/1556 1732/1552 1714/1527
f 1663/1446 1664/1473 1741/1563
f 1742/1564 1665/1569 1740/1565
f 1738/1567 1739/1582 1737/1568
f 1665/1569 1660/1448 1666/1469
f 1665/1569 1742/1564 1744/1570
f 1725/1571 1726/1583 1746/1572
f 1591/1548 1725/1571 1745/1573
f 1590/1391 1745/1573 1747/1574
f 1745/1573 1746/1572 1748/1575
f 1659/1576 1688/3953 3538/1577
f 3287/1578 1760/2207 3545/1579
f 1185/591 1177/589 1182/895
f 1664/1473 1744/1570 1749/1581
f 1741/1563 1749/1581 1739/1582
f 1746/1572 1742/1564 1743/1566
f 1726/1583 1744/1570 1742/1564
f 1115/1585 924/1584 1153/574
f 1654/1586 3546/3931 3575/1587
f 1896/1589 3562/1933 3549/1590
f 1720/1535 1749/1581 1744/1570
f 1721/1557 1739/1582 1749/1581
f 1750/1591 1718/1841 1701/1517
f 1697/1562 1736/1561 1750/1591
f 1151/566 1152/579 1063/539
f 1751/1592 1752/1593 1670/1047
f 1695/1504 1658/825 1752/1593
f 961/492 962/491 986/1594
f 1770/1595 1769/1619 1768/1596
f 1766/1597 1594/1385 1593/1387
f 1731/1549 1759/3895 1579/1599
f 1579/1599 1777/1607 1774/1600
f 3928/1602 1772/1612 1771/1603
f 1764/1605 1772/1612 3928/1602
f 1777/1607 1776/1630 1775/1608
f 3762/1609 3763/2780 1699/1518
f 1004/1610 1127/551 1128/1522
f 1774/1600 1775/1608 1771/1603
f 987/1613 1400/749 1399/748
f 1578/1601 1774/1600 1772/1612
f 1783/1614 1782/1696 1781/1615
f 1597/1397 1598/1396 1770/1595
f 639/1453 1878/1731 3895/1617
f 3928/1602 3929/1604 1769/1619
f 1793/1620 1792/2099 1789/1621
f 3929/1604 3920/1632 1798/1623
f 3508/1624 3516/3950 3773/1625
f 1802/1626 1867/1709 3924/1172
f 1788/1622 1790/1678 1794/1628
f 1793/1620 1794/1628 1795/1629
f 3773/1625 3772/1648 1675/862
f 1584/1631 1581/1380 1783/1614
f 1771/1603 1797/1636 3920/1632
f 1801/1633 1799/1635 1798/1623
f 1768/1596 1769/1619 1798/1623
f 1775/1608 1796/1637 1797/1636
f 508/1360 514/554 515/556
f 1796/1637 1803/1708 1802/1626
f 1800/1634 1798/1623 3920/1632
f 1794/1628 1805/1673 1804/1638
f 3532/1639 1670/1047 1752/1593
f 485/1641 1808/1645 1807/1018
f 3809/413 3844/2092 1640/1642
f 3837/1643 3844/2092 1810/1169
f 485/1641 482/291 1640/1642
f 1690/1646 1691/3926 3770/1647
f 487/295 488/414 1648/1442
f 3839/1650 1813/3880 1816/1651
f 3838/1653 1811/1649 1648/1442
f 3839/1650 1812/1654 1811/1649
f 1812/1654 1809/1660 487/295
f 1641/1655 1809/1660 767/1656
f 465/289 466/288 755/401
f 767/1656 1815/1661 3823/1657
f 3822/1652 1816/1651 3826/1658
f 1809/1660 1812/1654 1815/1661
f 3837/1643 1653/1644 1651/1459
f 675/1662 672/3186 3541/1663
f 1814/1665 1649/1444 1822/1666
f 1821/1667 1822/1666 3821/1668
f 1824/1670 1822/1666 1649/1444
f 1827/1672 1849/986 1850/957
f 1668/1475 1669/1049 1662/1674
f 1779/1675 1780/1747 1848/1676
f 1790/1678 1827/1672 1805/1673
f 1833/1679 1836/3184 1853/1680
f 3521/1682 3506/1735 693/381
f 1614/1683 1615/1721 1616/1684
f 1852/1681 1853/1680 3498/1686
f 1620/1688 1621/2326 1622/1689
f 1855/1691 1765/1598 1574/1692
f 1847/1694 1852/1681 3501/1687
f 1766/1597 1765/1598 1855/1691
f 1629/1697 1630/2311 1631/1698
f 1633/1700 1622/1689 1634/1701
f 1635/1703 1636/2331 1637/1704
f 1848/1676 1833/1679 1852/1681
f 1855/1691 1861/1693 1863/1706
f 1803/1708 1866/3870 1867/1709
f 1862/1707 1863/1706 1831/1710
f 1782/1696 1855/1691 1862/1707
f 3922/1627 3924/1172 1865/948
f 1873/1712 1872/2117 1870/1713
f 1874/1715 1869/1714 799/1716
f 2045/1718 3878/1937 3897/1719
f 1219/610 1345/663 1295/667
f 1615/1721 1614/1683 1396/1471
f 3884/1618 3895/1617 1877/1723
f 645/1725 3898/2757 3786/1726
f 1345/663 1219/610 1035/534
f 634/1451 639/1453 3884/1618
f 15/8 1887/3468 1327/1729
f 3910/1730 3895/1617 1878/1731
f 1894/1733 604/1850 605/1734
f 3506/1735 3551/1899 627/1495
f 3560/1736 640/1452 645/1725
f 340/500 341/499 454/275
f 1897/1737 194/124 195/126
f 1889/1739 1882/1920 1877/1723
f 1901/1741 94/69 129/88
f 196/125 749/1543 754/1544
f 1705/1744 1704/1530 3921/1509
f 340/500 378/216 166/218
f 1570/1745 1480/969 563/968
f 1904/1746 1494/996 194/124
f 1781/1615 1862/1707 1832/1711
f 1905/1748 549/1184 55/38
f 1000/1750 994/1796 995/1751
f 986/1594 919/527 920/526
f 1191/597 1185/591 1190/892
f 2094/1752 2077/1982 2075/1753
f 1920/1755 1921/2196 1919/1756
f 453/276 454/275 1912/1758
f 1915/1757 1919/1756 1918/1760
f 3882/1762 2112/1890 2106/1763
f 1655/1588 3575/1587 3531/1765
f 1916/1761 1918/1760 1926/1767
f 704/389 3554/820 3561/1769
f 278/168 1916/1761 1925/1768
f 3565/1770 3564/2811 1818/1771
f 1097/543 949/553 1115/1585
f 1927/1773 1928/2201 727/375
f 3578/1774 3579/3584 3654/1775
f 1920/1755 310/184 307/186
f 1929/1777 307/186 48/31
f 503/356 504/358 1497/1778
f 1902/1779 1903/2111 787/1780
f 1816/1651 1821/1667 3820/1669
f 1925/1768 1926/1767 1923/628
f 1535/1782 1569/1819 1568/1783
f 254/244 252/145 258/147
f 1509/1046 1497/1778 366/208
f 119/194 86/63 35/1785
f 219/464 288/172 293/1088
f 141/174 46/32 47/191
f 542/470 205/316 244/318
f 1940/1787 552/1276 430/263
f 1779/1675 1828/1677 1827/1672
f 1701/1517 1710/1842 3915/1788
f 1661/1447 3550/3898 3515/1789
f 270/162 53/37 754/1544
f 197/1314 1947/2080 749/1543
f 1727/1790 1728/3193 1212/1791
f 53/37 54/39 232/1743
f 1465/894 1468/896 1479/962
f 1284/1792 3862/640 3854/1793
f 1951/1794 446/324 412/241
f 168/114 398/1539 1554/1795
f 1486/1039 1485/1097 206/129
f 506/1192 77/56 78/58
f 994/1796 1001/1986 1007/518
f 951/479 953/1296 963/507
f 1013/550 3859/863 3861/670
f 3826/1658 3820/1669 1820/1772
f 1498/1223 1909/1814 1954/1799
f 299/1006 298/1407 543/1800
f 1754/1801 1755/2271 1756/1802
f 1681/1804 469/302 1683/1805
f 1696/1506 1694/1503 1695/1504
f 13/7 14/9 738/1807
f 473/420 476/2205 475/416
f 482/291 1641/1655 768/411
f 204/1809 62/43 30/14
f 1761/1810 1762/2739 820/1811
f 611/738 1763/3241 1125/1812
f 1501/1007 1503/2788 1908/1813
f 1074/1104 1073/1103 711/809
f 1960/1815 1944/1912 82/61
f 120/1816 1956/1911 1960/1815
f 35/1785 86/63 87/78
f 1773/1817 1199/1231 1025/1060
f 1965/1818 1545/1200 1569/1819
f 494/299 761/408 471/1426
f 1966/1820 1967/1824 1969/1821
f 446/324 1951/1794 1971/1823
f 174/115 368/209 125/86
f 1580/1555 1579/1599 1578/1601
f 1785/1825 1786/2724 1787/1826
f 1972/1828 1546/2225 304/1199
f 1254/1273 876/931 875/1035
f 1973/1829 341/499 342/1502
f 321/1830 1912/1758 1973/1829
f 1910/1831 277/242 275/243
f 509/984 1973/1829 514/554
f 1486/1039 1507/1038 1527/1833
f 1974/1834 1874/1715 804/1717
f 1977/1836 1976/3511 1974/1834
f 1980/1838 448/1848 1966/1820
f 379/219 1/3 2/2
f 1718/1841 1715/1533 1710/1842
f 884/462 995/1751 992/513
f 1680/1844 1684/3934 1678/1015
f 902/1845 990/2760 525/1846
f 344/1005 255/149 256/148
f 135/1847 138/1126 137/427
f 448/1848 446/324 1967/1824
f 589/1849 605/1734 604/1850
f 910/712 909/1139 908/716
f 1981/1839 1966/1820 1968/1822
f 1982/1852 1981/1839 1987/1851
f 1988/1854 1979/1853 1987/1851
f 1990/1856 1988/1854 1989/1855
f 1991/1857 1989/1855 1993/1858
f 322/1860 321/1830 320/983
f 992/513 828/454 830/472
f 1144/578 1076/565 1086/568
f 1995/1863 1977/1836 1978/1837
f 1133/558 1129/560 1118/546
f 1997/1865 1995/1863 1994/1864
f 870/927 1823/1884 1335/1537
f 805/443 806/442 1982/1852
f 727/375 184/374 2000/1868
f 1996/1866 1994/1864 1988/1854
f 1994/1864 1978/1837 1979/1853
f 1829/1870 616/740 792/1871
f 1830/1872 1073/1103 941/982
f 798/1873 803/1489 800/441
f 729/1874 732/2883 731/1875
f 2011/1876 2012/2802 2023/1877
f 1834/1879 1835/2845 846/908
f 402/1493 283/171 284/224
f 2022/1878 2023/1877 2024/1881
f 1838/1883 718/1948 989/1024
f 810/515 955/1295 952/1297
f 1823/1884 1839/2741 1840/1885
f 1430/822 1426/821 1432/834
f 1215/1887 844/1245 1841/1888
f 1316/1372 1208/2819 873/929
f 2112/1890 1401/2337 1384/1550
f 1842/1891 1843/2769 1844/1892
f 1159/1880 846/908 845/907
f 837/901 27/26 1846/1894
f 1971/1823 1951/1794 2030/1895
f 517/1897 369/433 370/434
f 1471/933 2026/1923 2027/1896
f 3551/1899 3525/1203 626/1496
f 2174/1900 2175/3580 770/1901
f 935/1045 934/974 1854/1902
f 1613/1484 1619/1949 1611/1903
f 1231/621 1228/623 1225/609
f 1856/1905 1857/2779 891/941
f 1300/638 1309/637 748/1906
f 1150/1907 1149/2264 1858/1908
f 1643/1421 606/359 696/1234
f 1215/1887 1265/1299 1264/1910
f 1320/1377 1860/2837 902/1845
f 1956/1911 1943/3865 1944/1912
f 2031/1913 668/1449 669/1450
f 2034/1915 1325/644 1310/646
f 1879/1916 1880/2096 1656/1491
f 40/1305 245/1786 242/440
f 1992/1859 1993/1858 2039/1918
f 888/1919 958/999 957/998
f 1882/1920 1889/1739 1996/1866
f 1078/1112 1138/2830 1255/1274
f 1871/1921 912/2728 1192/1922
f 294/524 411/237 218/1212
f 1323/645 2041/1925 2026/1923
f 123/981 1960/1815 83/60
f 1324/1924 2036/1927 2041/1925
f 384/1463 358/199 359/260
f 1324/1924 1325/644 2038/1926
f 1883/1928 1884/2082 1885/1929
f 287/1165 1540/1164 114/155
f 1096/1128 1886/2340 1134/1177
f 915/956 1329/1414 931/972
f 806/442 1980/1838 1981/1839
f 3533/1930 3529/1467 584/1462
f 1425/800 2030/1895 2042/1931
f 1018/530 2042/1931 1948/1932
f 3562/1933 1896/1589 740/1934
f 1948/1932 2042/1931 649/1935
f 1881/1936 1882/1920 1990/1856
f 1900/1742 129/88 130/1157
f 992/513 995/1751 994/1796
f 923/476 927/493 925/496
f 3878/1937 2045/1718 2047/1938
f 1643/1421 2048/1975 625/1940
f 2050/1941 2052/1961 2051/1942
f 2045/1718 1405/844 1404/759
f 3876/1939 2047/1938 945/1944
f 1139/1181 1080/1113 1079/1115
f 1037/1069 1856/1905 892/940
f 2055/1945 2053/2009 2057/1946
f 1198/1228 989/1024 718/1948
f 1619/1949 2058/1951 1612/1950
f 2058/1951 1605/1954 1606/1952
f 2059/1953 2060/2882 1607/1406
f 2058/1951 1619/1949 1624/1476
f 71/1955 72/50 179/118
f 405/233 406/235 1557/1328
f 322/1860 1548/2355 1972/1828
f 2061/1956 2052/1961 2063/1957
f 2066/1959 2065/1969 2067/1960
f 2052/1961 2061/1956 2064/1962
f 1609/1963 1610/1404 2066/1959
f 1515/1965 151/101 152/1441
f 1009/522 827/514 993/1797
f 1644/1420 3843/1428 3815/1967
f 279/1030 1915/1757 1916/1761
f 1285/1968 3863/639 3862/640
f 1647/1964 2066/1959 1825/1671
f 2056/1947 2057/1946 2067/1960
f 319/1861 320/983 1953/1970
f 667/777 666/2278 1913/1972
f 2070/1974 631/1316 625/1940
f 2052/1961 2050/1941 2055/1945
f 2038/1926 1654/1586 1655/1588
f 1606/1952 1601/1400 2073/1977
f 1235/1979 1917/2851 1270/1980
f 2072/1978 2073/1977 2075/1753
f 2059/1953 1606/1952 2072/1978
f 2074/1981 2075/1753 2077/1982
f 1601/1400 1602/1399 2078/1984
f 2049/1943 2048/1975 1643/1421
f 1000/1750 1004/1610 1001/1986
f 1089/1540 943/2088 684/369
f 1931/1987 1286/2354 1306/1364
f 1462/1989 1459/880 1021/533
f 1932/1990 1933/3405 1934/1991
f 875/1035 874/930 1846/1894
f 1936/1993 1051/1080 1937/1994
f 44/140 45/33 46/32
f 1534/1784 1955/3488 1956/1911
f 1541/1162 318/181 317/183
f 2081/1996 2082/2006 2084/1997
f 146/557 1945/3866 1959/1999
f 1360/2001 1941/2194 1942/2002
f 985/1023 984/1022 1032/1066
f 1995/1863 1997/1865 1892/2003
f 2079/2005 2080/2338 2082/2006
f 2095/2007 2096/2021 2076/1983
f 2081/1996 2093/1754 2078/1984
f 2055/1945 2050/1941 2054/2008
f 501/456 2096/2021 2095/2007
f 2097/2010 2100/630 2099/2011
f 2098/2012 2099/2011 2094/1752
f 2140/2013 2141/2016 3893/2014
f 2141/2016 2046/2133 3894/2017
f 2051/1942 2070/1974 2048/1975
f 592/352 2102/2022 2101/2018
f 2071/2020 2064/1962 2076/1983
f 2102/2022 2097/2010 2098/2012
f 593/2023 2103/2044 2102/2022
f 1019/529 1895/2270 746/1283
f 1950/2024 11/2191 12/2025
f 725/396 2071/2020 2096/2021
f 1385/791 2105/2046 2104/2026
f 1379/1551 2104/2026 2106/1763
f 2107/2027 2108/3944 2100/630
f 3908/2028 726/397 502/303
f 3896/2029 502/303 499/305
f 940/2030 1389/2037 2109/2031
f 928/2032 929/755 1170/595
f 3868/2033 590/351 684/369
f 1962/2034 1963/2350 1964/2035
f 3878/1937 680/1417 573/345
f 2039/1918 1993/1858 1968/1822
f 1389/2037 1390/724 2110/2038
f 1398/747 2111/2124 2113/2039
f 3757/2040 3755/3310 3753/2041
f 3911/2043 3883/2123 2107/2027
f 949/553 923/476 924/1584
f 260/150 241/187 324/189
f 1390/724 1397/746 2113/2039
f 2070/1974 2051/1942 2064/1962
f 3867/2045 3911/2043 2103/2044
f 2105/2046 1385/791 1421/792
f 2114/2047 1421/792 1423/797
f 3892/2049 2114/2047 2115/2048
f 3908/2028 2105/2046 2114/2047
f 554/1456 2116/2198 1902/1779
f 972/505 1163/580 967/497
f 1765/1598 1593/1387 1573/2051
f 1984/2052 1985/2224 1986/2053
f 2053/2009 2117/887 2069/2055
f 3573/2056 3556/3129 724/2057
f 1625/1485 1677/1482 1674/1483
f 3881/2058 3888/2118 2119/2059
f 3903/2050 2115/2048 2123/2061
f 56/161 1954/1799 1906/1749
f 626/1496 3877/1202 3879/2063
f 2001/2064 2002/2245 2003/2065
f 3912/2067 3841/2114 2127/2068
f 2006/2070 2007/2461 2008/2071
f 2127/2068 1413/779 1412/764
f 2014/2074 2015/2263 2016/2075
f 2018/2077 2019/2889 2020/2078
f 1495/997 1424/804 1947/2080
f 1379/1551 1377/717 1386/786
f 3814/1410 3811/1488 1680/1844
f 2029/2081 1885/1929 1884/2082
f 3902/2084 2128/2073 2120/2085
f 629/1494 3879/2063 3914/631
f 682/1542 683/2797 943/2088
f 724/2057 1650/2184 2121/2089
f 1757/991 1819/2825 3821/1668
f 765/2091 1810/1169 3844/2092
f 3851/2093 714/376 715/378
f 706/1340 707/1339 3870/2095
f 981/508 986/1594 987/1613
f 1457/871 1868/1766 1656/1491
f 2017/2076 2016/2075 2032/2097
f 1458/1976 1655/1588 1868/1766
f 1776/1630 1777/1607 1792/2099
f 1959/1999 1945/3866 1946/2100
f 3663/805 3715/3643 3725/2102
f 3913/2104 3881/2058 2122/2060
f 1093/811 1089/1540 689/368
f 966/495 965/494 968/502
f 3852/2094 715/378 3881/2058
f 2172/2106 3577/3579 2170/2107
f 670/613 2138/2116 2137/2109
f 3761/2110 787/1780 1903/2111
f 1429/823 19/11 28/2112
f 964/1798 963/507 978/509
f 3841/2114 3813/782 1413/779
f 1473/2115 1474/1914 669/1450
f 3834/680 3833/681 1359/706
f 2138/2116 798/1873 1870/1713
f 1872/2117 1473/2115 2137/2109
f 715/378 716/377 3888/2118
f 1881/1936 1991/1857 1992/1859
f 3843/1428 3842/1427 739/482
f 1837/2119 1847/1694 3513/1695
f 253/146 58/41 59/62
f 1808/1645 3837/1643 3840/1019
f 1647/1964 3832/1443 3818/2121
f 3865/2122 3866/2015 671/611
f 2112/1890 3882/1762 3883/2123
f 1405/844 2045/1718 2044/1720
f 3829/691 3824/690 1364/2125
f 273/1163 1541/1162 391/230
f 576/392 632/2493 3520/2127
f 3875/2129 3865/2122 668/1449
f 1430/822 1431/1886 2140/2013
f 2136/2131 3850/2105 3860/849
f 1430/822 2139/2130 18/12
f 3893/2014 3894/2017 570/347
f 1442/835 1439/828 2046/2133
f 1431/1886 1442/835 2141/2016
f 3869/2134 3913/2104 3850/2105
f 3808/412 3823/1657 1817/2135
f 3866/2015 3893/2014 695/2132
f 2142/2137 2025/1882 798/1873
f 571/346 2143/2138 2142/2137
f 3819/1411 3814/1410 1618/1904
f 2143/2138 2022/1878 2025/1882
f 694/612 2142/2137 2138/2116
f 681/1418 1572/1541 2144/2139
f 2144/2139 2011/1876 2022/1878
f 328/394 210/134 457/635
f 1572/1541 2010/2801 2011/1876
f 630/395 3892/2049 3903/2050
f 2085/2140 2086/3946 2087/2141
f 2090/2143 2091/3489 2092/2144
f 572/1416 2144/2139 2143/2138
f 1875/2146 1976/3511 2153/2147
f 1873/1712 1875/2146 2149/2148
f 2103/2044 2107/2027 2097/2010
f 2157/2150 2043/2004 2155/2151
f 2128/2073 1412/764 1414/766
f 3874/2153 3871/2166 589/1849
f 3872/2087 3870/2095 628/2154
f 2149/2148 2153/2147 2158/2155
f 2159/2156 2158/2155 3905/2157
f 698/388 3907/2069 3902/2084
f 3823/1657 3847/1659 3827/2160
f 2158/2155 2156/2152 3874/2153
f 1438/830 2044/1720 2046/2133
f 2035/2161 2154/2149 2160/2162
f 2161/2163 2160/2162 3889/2164
f 3871/2166 3891/2171 605/1734
f 3873/2167 17/10 18/12
f 370/434 29/15 61/44
f 649/1935 1951/1794 413/240
f 2153/2147 2157/2150 2156/2152
f 1428/2168 1429/823 1449/2113
f 1490/1027 76/53 73/55
f 3890/2158 3905/2157 710/1383
f 2155/2151 1891/2175 3891/2171
f 1456/872 1457/871 1880/2096
f 2125/2172 2088/2142 2087/2141
f 2160/2162 2159/2156 3890/2158
f 300/2000 1959/1999 505/634
f 1064/592 1062/540 1046/538
f 2043/2004 1892/2003 1891/2175
f 2129/2176 2130/2276 2004/2066
f 2131/2177 2132/3433 2133/2178
f 3848/850 3849/909 1450/2169
f 1998/1867 1975/1835 804/1717
f 3879/2063 673/2296 3864/2180
f 474/418 492/415 490/1457
f 1164/582 1165/584 1182/895
f 707/1339 2162/2183 3909/2181
f 708/2182 1472/2215 2162/2183
f 2162/2183 2161/2163 3886/2165
f 548/1429 549/1184 1905/1748
f 1145/562 1136/564 1114/570
f 705/2159 2121/2089 1650/2184
f 2043/2004 2157/2150 1977/1836
f 737/1808 738/1807 554/1456
f 1034/605 1195/596 1191/597
f 458/281 1905/1748 1907/1832
f 195/126 196/125 232/1743
f 2040/2185 2039/1918 1969/1821
f 2145/2187 2146/2298 2147/2188
f 2054/2008 2050/1941 2049/1943
f 3832/1443 1646/1434 1639/1435
f 9/2190 12/2025 11/2191
f 252/145 364/206 506/1192
f 472/300 478/362 479/364
f 1865/948 3924/1172 3791/1174
f 900/484 903/473 910/712
f 1941/2194 2150/2273 2151/2195
f 1921/2196 1928/2201 1927/1773
f 2163/2197 1897/1737 1898/1738
f 271/1003 156/103 153/105
f 1904/1746 1326/2200 12/2025
f 282/286 263/156 264/1147
f 1872/2117 1873/1712 2154/2149
f 1326/2200 1904/1746 1897/1737
f 628/2154 692/379 693/381
f 1724/1554 1722/1534 1719/1536
f 1549/1222 1562/1329 436/267
f 1582/1382 1583/1381 1730/1545
f 1921/2196 1920/1755 1929/1777
f 3563/2202 3511/5093 10/2192
f 2152/2203 2037/3915 1950/2024
f 475/416 772/422 774/425
f 769/419 2172/2106 2171/2108
f 2171/2108 2165/3515 476/2205
f 476/2205 773/421 772/422
f 1791/2206 565/1310 464/1311
f 2166/2208 2167/3295 2168/2209
f 595/354 371/212 372/1217
f 483/293 1809/1660 1641/1655
f 762/407 2174/1900 2173/853
f 771/417 483/293 484/292
f 486/296 487/295 1809/1660
f 297/1291 1549/1222 1517/1185
f 763/2211 2175/3580 2174/1900
f 776/1419 755/401 759/403
f 184/374 185/166 2176/2212
f 412/241 447/325 303/1201
f 2005/2213 2176/2212 185/166
f 3811/1488 1681/1804 1682/1806
f 2164/2214 2170/2107 756/426
f 1472/2215 2035/2161 2161/2163
f 950/480 951/479 964/1798
f 2177/2216 2178/3440 2179/2217
f 227/1218 226/1051 1510/1050
f 2182/2219 2183/2886 2184/2220
f 2186/2222 2019/2889 2018/2077
f 1985/2224 2182/2219 2181/2221
f 214/136 736/2821 729/1874
f 865/675 849/1431 842/1433
f 849/1431 865/675 1357/677
f 559/1455 3187/3576 3188/2227
f 16/2228 13/7 737/1808
f 560/2229 553/1454 498/2230
f 3193/2232 3196/3419 3195/2233
f 3200/2235 3197/3420 3198/2236
f 3211/2238 3214/3525 3213/2239
f 3215/2241 3218/2266 3217/2242
f 2187/2244 2188/3118 2002/2245
f 2169/2210 2168/2209 2189/2246
f 2192/2248 2086/3946 2085/2140
f 2193/2250 2194/3896 2195/2251
f 2198/2253 2199/2710 2200/2254
f 1998/1867 1982/1852 1979/1853
f 3664/2256 3665/3143 3668/2257
f 2116/2198 1898/1738 1903/2111
f 1859/1909 2006/2070 2009/2072
f 3904/2062 2123/2061 2126/2259
f 1135/2261 1148/563 1087/569
f 2201/2262 2202/2277 2015/2263
f 1149/2264 111/3492 110/152
f 3221/2265 3222/3531 3218/2266
f 2203/2267 2204/3435 2205/2268
f 579/344 580/343 1895/2270
f 1755/2271 2207/2295 2208/2272
f 3891/2171 3910/1730 1893/1732
f 1211/1241 2151/2195 2150/2273
f 868/925 997/1032 2210/2274
f 944/1393 945/1944 930/754
f 2130/2276 2129/2176 2202/2277
f 233/629 1903/2111 1898/1738
f 665/776 751/841 750/843
f 1167/1207 1254/1273 999/1034
f 2211/2280 2212/2349 2213/2281
f 2215/2283 2216/2348 2217/2284
f 3867/2045 593/2023 590/351
f 2220/2286 221/2566 220/306
f 823/447 824/489 948/477
f 3225/2288 3220/3573 3227/2289
f 266/160 204/1809 455/469
f 3882/1762 2108/3944 2107/2027
f 2221/2291 2222/3311 3519/481
f 2223/2292 2224/3382 2225/2293
f 2207/2295 2125/2172 2124/2173
f 673/2296 674/3187 3869/2134
f 817/444 1000/1750 996/516
f 2227/2297 2228/3190 2146/2298
f 1947/2080 1948/1932 646/365
f 3900/633 2135/632 17/10
f 2229/2299 1635/1703 1638/1705
f 1679/1486 1613/1484 1618/1904
f 1637/1704 2231/2303 2232/2300
f 2233/2302 2234/2945 1617/1685
f 2231/2303 2235/2330 2236/2304
f 1381/1464 1638/1705 2238/2306
f 3586/2308 2241/3103 2242/2309
f 1630/2311 2234/2945 2233/2302
f 1681/1804 1626/1487 472/300
f 1408/2312 1407/1479 2243/2313
f 3236/2315 3239/3530 3238/2316
f 3232/2318 3241/3497 3240/2319
f 1637/1704 2230/2301 2238/2306
f 3237/2317 3238/2316 3233/2321
f 1409/1480 1408/2312 1634/1701
f 1380/1466 1383/1465 2247/2324
f 1628/1699 2248/2328 2245/2323
f 2249/2327 1623/1690 1622/1689
f 1632/1702 1634/1701 1408/2312
f 2248/2328 1628/1699 1631/1698
f 2235/2330 2231/2303 1637/1704
f 3245/2332 3246/2949 3199/2237
f 631/1316 2070/1974 2071/2020
f 515/556 167/555 52/34
f 782/858 781/2875 2251/2333
f 2253/2334 2254/3196 2255/2335
f 397/231 281/282 459/284
f 1456/872 2039/1918 2040/2185
f 2040/2185 2041/1925 2036/1927
f 1401/2337 2112/1890 2111/2124
f 2041/1925 2040/2185 1970/2186
f 1535/1782 121/2834 414/239
f 1586/1389 1587/1388 2080/2338
f 2256/2339 983/1021 1132/1175
f 1700/1002 1699/1518 3918/1520
f 3815/1967 1896/1589 1686/1158
f 1263/1298 2256/2339 1886/2340
f 598/2341 1841/1888 844/1245
f 2257/2342 2258/2345 2259/2343
f 2258/2345 2261/3256 2262/2346
f 2259/2343 2262/2346 2263/2347
f 2260/2344 2259/2343 2216/2348
f 1967/1824 1971/1823 1970/2186
f 2212/2349 1964/2035 1963/2350
f 922/2351 921/960 2218/2285
f 1312/1369 1098/1132 1101/1131
f 1307/2353 1306/1364 1286/2354
f 1548/2355 1569/1819 1546/2225
f 2266/2356 2267/2416 2268/2357
f 2265/2358 2268/2357 2270/2359
f 2272/2361 2265/2358 2269/2360
f 2273/2363 2266/2356 2265/2358
f 2275/2364 2276/2440 2277/2365
f 2278/2367 2274/2366 2277/2365
f 2284/2369 2285/2544 3617/2370
f 2287/2372 2283/2376 2286/2373
f 2288/2375 2289/2593 2283/2376
f 2290/2377 2284/2369 3639/2371
f 2291/2379 2292/2385 2293/2380
f 2295/2382 2291/2379 2294/2381
f 2296/2383 2297/2384 2291/2379
f 2297/2384 2298/2388 2292/2385
f 2294/2381 2293/2380 2299/2386
f 2279/2368 2294/2381 2300/2387
f 2298/2388 2301/2396 2302/2389
f 2292/2385 2302/2389 2303/2390
f 2293/2380 2303/2390 2304/2391
f 2304/2391 2305/2587 2306/2392
f 2308/2393 2309/2614 2310/2394
f 2302/2389 2307/2395 2310/2394
f 2301/2396 2311/2398 2307/2395
f 2312/2397 2308/2393 2307/2395
f 2313/2399 2314/2506 2315/2400
f 2318/2402 2319/2638 2320/2403
f 3748/2405 3771/3394 2322/2406
f 2324/2408 2325/2417 2273/2363
f 2313/2399 2324/2408 2326/2409
f 2328/2411 2324/2408 2313/2399
f 2329/2412 2325/2417 2324/2408
f 2331/2413 2332/2420 2333/2414
f 2330/2415 2333/2414 2267/2416
f 2325/2417 2330/2415 2266/2356
f 2329/2412 2331/2413 2330/2415
f 2333/2414 2334/3875 2335/2418
f 2336/2419 2334/3875 2333/2414
f 2338/2421 2336/2419 2332/2420
f 2331/2413 2339/2423 2337/2422
f 2329/2412 2340/2424 2339/2423
f 2328/2411 2341/2425 2340/2424
f 2316/2401 2342/2426 2341/2425
f 2342/2426 2316/2401 2315/2400
f 2344/2428 2345/2432 2346/2429
f 2341/2425 2344/2428 2347/2430
f 2342/2426 2348/2431 2344/2428
f 2348/2431 2349/2624 2345/2432
f 2350/2433 2351/2436 2352/2434
f 2339/2423 2350/2433 2353/2435
f 2340/2424 2347/2430 2350/2433
f 2347/2430 2346/2429 2351/2436
f 2337/2422 2353/2435 2354/2437
f 2353/2435 2352/2434 2355/2438
f 2356/2439 2277/2365 2276/2440
f 2356/2439 2357/2441 2358/2442
f 2356/2439 2359/2443 2296/2383
f 2279/2368 2277/2365 2356/2439
f 2360/2444 2361/2448 2270/2359
f 2267/2416 2335/2418 2360/2444
f 2362/2445 2363/2450 2364/2446
f 2362/2445 2365/2447 2361/2448
f 2366/2449 2362/2445 2358/2442
f 2366/2449 2367/2453 2363/2450
f 2357/2441 2276/2440 2368/2451
f 2366/2449 2368/2451 2369/2452
f 2276/2440 2275/2364 2370/2454
f 2368/2451 2370/2454 2282/2455
f 2372/2456 2373/2537 2374/2457
f 2375/2459 2376/2656 2377/2460
f 2378/2462 2379/2469 2380/2463
f 2382/2465 2378/2462 2381/2464
f 2384/2467 2385/2468 2378/2462
f 2385/2468 2386/2691 2379/2469
f 2388/2470 2389/2530 2390/2471
f 2387/2472 2390/2471 2392/2473
f 2393/2475 2394/2476 2387/2472
f 2394/2476 2395/2560 2388/2470
f 2186/2222 2401/2885 2402/2477
f 2403/2479 2404/2481 2327/2410
f 2272/2361 2403/2479 2326/2409
f 2271/2362 2405/2480 2403/2479
f 2405/2480 2406/2491 2404/2481
f 2404/2481 2407/2492 2408/2482
f 2409/2483 2410/2487 2411/2484
f 2409/2483 2412/2485 2271/2362
f 2413/2486 2409/2483 2269/2360
f 2413/2486 2414/3876 2410/2487
f 2417/2488 2415/3958 2416/2489
f 2417/2488 2418/2490 2406/2491
f 2412/2485 2417/2488 2405/2480
f 2411/2484 2415/3958 2417/2488
f 2406/2491 2419/2500 2407/2492
f 3569/1337 3520/2127 632/2493
f 2420/2494 2398/2501 2397/2495
f 2420/2494 2421/2496 2423/2497
f 2424/2499 2420/2494 2422/2498
f 2424/2499 2399/3407 2398/2501
f 2425/2502 2391/2474 2392/2473
f 2421/2496 2425/2502 2426/2503
f 2397/2495 2396/2504 2425/2502
f 2396/2504 2393/2475 2391/2474
f 2427/2505 2314/2506 2408/2482
f 2430/2508 2427/2505 2428/2507
f 2343/2427 2315/2400 2427/2505
f 2432/2510 2343/2427 2430/2508
f 2431/2511 2430/2508 2429/2509
f 2435/2513 2431/2511 2433/2512
f 2436/2515 2432/2510 2431/2511
f 2428/2507 2408/2482 2407/2492
f 2422/2498 2437/2516 2407/2492
f 2438/2517 2437/2516 2422/2498
f 2429/2509 2428/2507 2437/2516
f 2440/2518 2434/2514 2433/2512
f 2441/2520 2439/2519 2433/2512
f 2442/2521 2443/2522 2439/2519
f 2443/2522 2444/2524 2440/2518
f 2445/2523 2446/2526 2444/2524
f 2447/2525 2445/2523 2443/2522
f 2383/2466 2381/2464 2445/2523
f 2381/2464 2380/2463 2446/2526
f 2448/2527 2438/2517 2423/2497
f 2449/2528 2448/2527 2426/2503
f 2441/2520 2448/2527 2449/2528
f 2441/2520 2429/2509 2438/2517
f 2449/2528 2392/2473 2390/2471
f 2450/2529 2390/2471 2389/2530
f 2447/2525 2450/2529 2451/2531
f 2442/2521 2449/2528 2450/2529
f 2451/2531 2389/2530 2453/2532
f 2452/2533 2453/2532 2455/2534
f 2382/2465 2452/2533 2454/2535
f 2383/2466 2451/2531 2452/2533
f 2456/2536 2457/2713 2373/2537
f 2459/2538 2460/3957 2461/2539
f 2463/2541 2464/2567 2465/2542
f 2462/2543 2465/2542 2285/2544
f 2466/2545 2462/2543 2284/2369
f 2467/2546 2463/2541 2462/2543
f 2461/2539 2460/3957 3703/2547
f 2468/2549 2469/3937 2470/2550
f 2472/2552 2468/2549 2471/2551
f 2474/2554 2461/2539 3701/2548
f 2475/2556 2476/3290 2477/2557
f 2458/2540 2455/2534 2453/2532
f 2479/2559 2453/2532 2389/2530
f 2395/2560 2480/2561 2479/2559
f 2480/2561 2459/2538 2458/2540
f 2481/2562 2482/3309 2483/2563
f 2484/2564 113/154 2485/2565
f 2471/2551 2470/2550 2464/2567
f 2473/2553 2471/2551 2463/2541
f 2487/2568 2467/2546 2466/2545
f 2486/2569 2466/2545 2290/2377
f 2490/2571 2486/2569 2488/2570
f 2491/2573 2487/2568 2486/2569
f 2492/2574 2473/2553 2467/2546
f 2493/2575 2492/2574 2487/2568
f 2494/2576 2495/2577 2492/2574
f 2495/2577 2472/2552 2473/2553
f 3690/2578 2496/2580 2474/2554
f 3691/2579 2497/3172 2496/2580
f 2498/2581 2494/2576 2493/2575
f 2500/2583 2498/2581 2499/2582
f 3700/2585 3687/2586 2498/2581
f 3687/2586 3691/2579 2494/2576
f 2306/2392 2504/2588 2278/2367
f 2305/2587 2505/2594 2504/2588
f 2504/2588 2505/2594 2507/2589
f 2506/2590 2507/2589 2288/2375
f 2274/2366 2506/2590 2508/2591
f 2278/2367 2504/2588 2506/2590
f 3633/2592 3632/2611 2489/2572
f 3620/2378 3633/2592 2488/2570
f 2507/2589 2509/2595 2289/2593
f 2505/2594 2510/2604 2509/2595
f 2508/2591 2288/2375 2287/2372
f 2511/2596 2287/2372 2281/2374
f 2370/2454 2511/2596 2280/2597
f 2275/2364 2508/2591 2511/2596
f 2512/2598 2490/2571 2489/2572
f 2514/2600 2512/2598 2513/2599
f 2517/2602 2512/2598 2514/2600
f 2517/2602 2491/2573 2490/2571
f 2499/2582 2493/2575 2491/2573
f 2499/2582 2517/2602 2516/2603
f 2510/2604 2505/2594 2519/2605
f 2518/2606 2519/2605 2521/2607
f 3616/2609 2518/2606 2520/2608
f 3632/2611 2510/2604 2518/2606
f 2522/2612 2304/2391 2303/2390
f 2523/2613 2522/2612 2310/2394
f 2305/2587 2304/2391 2522/2612
f 2524/2615 2522/2612 2523/2613
f 2519/2605 2524/2615 2525/2616
f 2505/2594 2305/2587 2524/2615
f 2308/2393 2312/2397 2527/2617
f 2526/2618 2527/2617 2529/2619
f 2531/2621 2526/2618 2528/2620
f 2309/2614 2308/2393 2526/2618
f 1214/1243 2532/3080 2151/2195
f 2419/2500 2406/2491 2418/2490
f 2533/2623 2345/2432 2349/2624
f 2534/2625 2533/2623 2317/2404
f 2535/2626 2536/2627 2533/2623
f 2536/2627 2346/2429 2345/2432
f 2537/2628 2351/2436 2346/2429
f 2538/2629 2537/2628 2536/2627
f 2539/2630 2540/2631 2537/2628
f 2540/2631 2352/2434 2351/2436
f 2312/2397 2355/2438 2541/2632
f 2527/2617 2541/2632 2542/2633
f 2543/2634 2435/2513 2434/2514
f 2545/2636 2543/2634 2544/2635
f 2319/2638 2318/2402 2543/2634
f 2318/2402 2436/2515 2435/2513
f 2514/2600 2515/2601 2548/2639
f 2547/2640 2548/2639 2550/2641
f 2552/2643 2547/2640 2549/2642
f 2552/2643 2516/2603 2514/2600
f 2520/2608 2521/2607 2554/2645
f 2553/2646 2554/2645 2556/2647
f 3590/2649 2553/2646 2555/2648
f 3621/2610 2520/2608 2553/2646
f 2523/2613 2309/2614 2531/2621
f 2557/2651 2531/2621 2530/2622
f 2525/2616 2523/2613 2557/2651
f 2559/2653 2557/2651 2558/2652
f 2554/2645 2559/2653 2560/2654
f 2521/2607 2525/2616 2559/2653
f 2561/2655 2375/2459 2007/2461
f 2376/2656 2562/3315 2225/2293
f 2564/2657 2565/2714 2566/2658
f 2563/2659 2566/2658 338/511
f 2569/2661 2563/2659 2567/2660
f 2570/2663 2564/2657 2563/2659
f 2572/2664 2573/2672 2574/2665
f 2571/2666 2574/2665 2576/2667
f 2544/2635 2571/2666 2575/2668
f 2544/2635 2434/2514 2572/2664
f 2578/2669 2570/2663 2569/2661
f 2579/2671 2577/2670 2569/2661
f 2574/2665 2577/2670 2579/2671
f 2573/2672 2578/2669 2577/2670
f 2581/2673 2582/2681 2583/2674
f 2584/2676 2580/2675 2583/2674
f 3697/2678 3675/2680 2580/2675
f 3676/2679 2581/2673 2580/2675
f 2582/2681 2516/2603 2552/2643
f 2583/2674 2552/2643 2551/2644
f 2500/2583 2501/2584 2589/2682
f 2590/2684 2588/2683 2589/2682
f 3693/2686 3695/2687 2588/2683
f 3695/2687 3700/2585 2500/2583
f 2501/2584 2516/2603 2591/2685
f 2592/2688 2593/3306 2594/2689
f 2386/2691 2385/2468 2503/2692
f 2596/2694 2379/2469 2386/2691
f 2596/2694 2374/2457 2373/2537
f 2599/2696 2596/2694 2597/2695
f 2599/2696 2380/2463 2379/2469
f 2600/2698 2446/2526 2380/2463
f 2600/2698 2599/2696 2598/2697
f 2603/2700 2600/2698 2601/2699
f 2603/2700 2444/2524 2446/2526
f 2604/2702 2603/2700 2602/2701
f 2440/2518 2604/2702 2605/2703
f 2444/2524 2603/2700 2604/2702
f 2606/2704 2582/2681 2581/2673
f 2606/2704 2607/2705 2590/2684
f 2591/2685 2516/2603 2582/2681
f 3676/2679 2587/3314 2456/2536
f 3689/2706 2456/2536 2372/2456
f 2478/2558 2477/2557 2608/2707
f 2609/2708 2610/3299 2611/2709
f 2564/2657 2570/2663 2613/2711
f 2612/2712 2613/2711 2598/2697
f 2457/2713 2612/2712 2597/2695
f 2565/2714 2564/2657 2612/2712
f 2614/2715 2613/2711 2570/2663
f 2615/2716 2614/2715 2578/2669
f 2602/2701 2601/2699 2614/2715
f 2601/2699 2598/2697 2613/2711
f 2572/2664 2434/2514 2605/2703
f 2616/2717 2605/2703 2602/2701
f 2573/2672 2572/2664 2616/2717
f 1459/880 1016/548 1045/541
f 1265/1299 1215/1887 1079/1115
f 1612/1950 1608/1405 1609/1963
f 2067/1960 2057/1946 2069/2055
f 1135/2261 1109/544 1136/564
f 1938/1995 1937/1994 2618/2719
f 95/387 548/1429 458/281
f 2058/1951 1607/1406 1608/1405
f 1454/873 1469/903 1445/851
f 655/769 2620/2758 1048/1079
f 722/2722 1049/1078 2621/2723
f 1131/1176 985/1023 1033/1065
f 562/349 1481/967 366/208
f 1723/1546 1719/1536 1725/1571
f 1786/2724 1123/3253 1122/1152
f 267/159 300/2000 323/261
f 1325/644 2034/1915 1654/1586
f 1468/896 1165/584 1435/832
f 658/772 657/771 529/2725
f 8/4 532/321 247/339
f 382/1281 1557/1328 1559/1330
f 788/866 619/745 1307/2353
f 940/2030 930/754 929/755
f 911/951 2622/2793 2623/2727
f 2621/2723 2620/2758 655/769
f 2624/2729 1857/2779 2625/2730
f 998/1033 1846/1894 27/26
f 635/753 638/752 2626/2731
f 2627/2733 641/756 644/758
f 2628/2734 2627/2733 1840/1885
f 1200/2736 1199/1231 2627/2733
f 1199/1231 1773/1817 641/756
f 1520/1358 515/556 49/36
f 1452/874 1350/704 1349/668
f 2630/2737 2631/2841 1859/1909
f 644/758 643/757 1335/1537
f 1197/1229 1198/1228 717/814
f 2632/2738 717/814 719/815
f 2628/2734 2632/2738 1166/1205
f 2629/2735 1197/1229 2632/2738
f 1762/2739 2633/2823 1050/2740
f 1823/1884 870/927 873/929
f 2634/2742 2635/2743 794/1124
f 1042/1073 794/1124 2635/2743
f 93/70 94/69 1901/1741
f 2036/1927 2038/1926 1458/1976
f 1527/1833 332/3222 1525/1325
f 877/932 876/931 1274/1313
f 134/91 409/258 797/430
f 1328/1413 893/944 931/972
f 607/736 777/854 1091/1122
f 1043/1074 2635/2743 2637/2744
f 2636/2745 2637/2744 2639/2746
f 1275/1315 2636/2745 2638/2747
f 1275/1315 1040/1072 1043/1074
f 1272/1308 2624/2729 2626/2731
f 2640/2748 2626/2731 638/752
f 1110/1143 2641/2751 2640/2748
f 536/2750 1272/1308 2640/2748
f 1472/2215 708/2182 1474/1914
f 2042/1931 2030/1895 1951/1794
f 1058/2752 1106/1135 1105/2753
f 2642/2754 2623/2727 2643/2755
f 1192/1922 2642/2754 2644/2756
f 912/2728 2623/2727 2642/2754
f 3898/2757 1657/1917 3526/1490
f 1049/1078 1048/1079 2620/2758
f 616/740 1829/1870 1885/1929
f 1331/2759 1913/1972 666/2278
f 990/2760 989/1024 1198/1228
f 1911/1759 1912/1758 321/1830
f 1298/1356 1282/1331 1205/1332
f 76/53 1490/1027 1504/1029
f 1502/2763 1500/1009 421/254
f 610/735 609/770 658/772
f 1146/1188 937/976 659/773
f 2646/2764 911/951 914/953
f 1280/1324 1239/1258 1238/2765
f 1453/906 1454/873 1452/874
f 835/900 942/1102 1843/2769
f 1271/1307 1270/1980 1173/2770
f 1893/1732 1878/1731 1826/2773
f 1050/2740 2633/2823 1937/1994
f 2651/2774 2652/2863 814/884
f 1006/1042 1053/1082 1281/1326
f 2653/2775 1084/1117 2654/2776
f 1001/1986 1004/1610 1003/1611
f 585/723 997/1032 679/789
f 2624/2729 1272/1308 621/1309
f 555/708 678/3199 2028/2083
f 1207/1238 526/693 1197/1229
f 1626/1487 1627/1409 478/362
f 426/1056 389/228 419/252
f 1030/1225 1193/1224 1773/1817
f 3898/2757 645/1725 634/1451
f 534/1141 1533/1125 138/1126
f 1125/1812 1092/1123 1042/1073
f 333/1261 228/144 88/65
f 569/437 1570/1745 561/348
f 1489/1538 2656/2864 871/2778
f 1857/2779 2624/2729 620/743
f 1673/1477 1674/1483 3770/1647
f 622/744 861/920 864/922
f 619/745 788/866 891/941
f 261/1341 544/329 545/331
f 393/1288 1555/1415 1556/1263
f 2658/2782 2659/2784 2647/2767
f 1075/1105 2658/2782 2657/2781
f 1081/2783 1080/1113 2658/2782
f 1080/1113 1139/1181 2659/2784
f 2644/2756 2643/2755 1141/1182
f 2660/2785 1141/1182 1140/2786
f 642/2787 2660/2785 1336/1425
f 1193/1224 2644/2756 2660/2785
f 679/789 678/3199 555/708
f 1503/2788 1501/1007 1500/1009
f 1318/1374 1317/1373 1101/1131
f 2661/2790 2659/2784 1139/1181
f 2661/2790 1142/1183 2663/2791
f 2662/2792 2647/2767 2659/2784
f 2662/2792 2663/2791 2622/2793
f 2664/2794 2622/2793 911/951
f 2648/2768 2664/2794 2646/2764
f 2648/2768 2647/2767 2662/2792
f 2083/1998 2094/1752 2093/1754
f 1442/835 1440/836 1437/831
f 519/475 329/332 330/1095
f 1885/1929 2029/2081 1209/1239
f 799/1716 800/441 805/443
f 1946/2100 1943/3865 1952/1971
f 1302/2795 1301/1361 1253/1272
f 566/1320 2005/2213 224/277
f 1389/2037 940/2030 928/2032
f 683/2797 682/1542 681/1418
f 836/2798 835/900 1842/1891
f 2665/2799 1842/1891 1845/1893
f 2666/2800 2665/2799 1303/1362
f 24/27 836/2798 2665/2799
f 831/899 1072/1101 2650/2772
f 1845/1893 1844/1892 1304/1363
f 2010/2801 2013/2840 2012/2802
f 1051/1080 1936/1993 2667/2803
f 1522/1089 1521/1077 1511/1054
f 531/1116 440/270 441/2805
f 1250/1271 635/753 2625/2730
f 2669/2806 2625/2730 1857/2779
f 783/859 2669/2806 1856/1905
f 782/858 1250/1271 2669/2806
f 720/818 2670/3237 2671/2807
f 1055/1087 1931/1987 1930/1988
f 1333/2808 1067/1423 1251/1270
f 619/745 622/744 1308/1365
f 652/767 655/769 2619/2721
f 521/1058 522/1148 1539/1146
f 1838/1883 988/1026 537/701
f 2672/2809 537/701 536/2750
f 1113/1145 2672/2809 2641/2751
f 1113/1145 527/697 1838/1883
f 1016/548 1013/550 1351/879
f 3897/1719 573/345 570/347
f 226/1051 227/1218 104/2810
f 3564/2811 3669/3906 3827/2160
f 1036/1068 1037/1069 1884/2082
f 2674/2812 1301/1361 1304/1363
f 2673/2813 1304/1363 1844/1892
f 1334/1424 2673/2813 2675/2814
f 1333/2808 2674/2812 2673/2813
f 2676/2815 702/803 1039/1071
f 1843/2769 2676/2815 2675/2814
f 942/1102 1074/1104 2676/2815
f 1074/1104 699/801 702/803
f 752/2816 1057/1085 1055/1087
f 1200/2736 1166/1205 656/1206
f 1120/1150 1846/1894 874/930
f 2677/2817 874/930 877/932
f 1241/1262 2677/2817 1052/2818
f 1119/1151 1120/1150 2677/2817
f 1560/1501 1513/1198 151/101
f 1208/2819 1316/1372 611/738
f 215/2820 735/399 736/2821
f 1460/881 1459/880 1462/1989
f 1208/2819 1207/1238 1839/2741
f 854/916 856/915 1282/1331
f 72/50 445/1129 182/255
f 544/329 1563/1342 1565/1354
f 217/465 200/1213 456/2822
f 2047/1938 1404/759 930/754
f 1204/1235 2618/2719 1937/1994
f 913/952 777/854 686/856
f 840/904 527/697 1113/1145
f 1531/1119 729/1874 730/435
f 2678/2824 778/1333 1283/1334
f 601/966 667/777 1914/1973
f 1537/1149 1538/1348 459/284
f 1819/2825 1757/991 3509/993
f 991/1025 1860/2837 862/2827
f 2679/2828 711/809 1073/1103
f 2680/2829 1830/1872 983/1021
f 779/855 2680/2829 2256/2339
f 778/1333 2678/2824 2680/2829
f 2678/2824 2679/2828 1830/1872
f 180/120 542/470 245/1786
f 1886/2340 1132/1175 1131/1176
f 1138/2830 1137/1180 1274/1313
f 1841/1888 598/2341 1140/2786
f 75/2762 313/1142 314/1287
f 193/1161 423/458 420/251
f 2681/2831 2682/3251 1099/1130
f 170/179 1567/1437 1565/1354
f 349/197 416/336 417/247
f 1121/1154 1124/1153 2684/2832
f 547/431 797/430 409/258
f 123/981 122/980 121/2834
f 2643/2755 2663/2791 1142/1183
f 1542/1179 1544/1190 513/313
f 899/2835 900/484 907/525
f 1210/2836 677/788 676/790
f 791/865 663/1020 982/1167
f 24/27 27/26 837/901
f 893/944 896/943 932/1300
f 1860/2837 1320/1377 863/921
f 535/700 538/702 862/2827
f 1569/1819 1548/2355 1547/2838
f 181/119 455/469 542/470
f 660/2839 659/773 937/976
f 2013/2840 567/1319 568/436
f 887/937 890/939 2631/2841
f 1524/1092 1508/1041 361/1408
f 520/1430 161/214 162/2842
f 2653/2775 855/914 854/916
f 1238/2765 1237/1257 2655/2777
f 718/1948 1838/1883 527/697
f 1492/1004 1493/1075 518/310
f 792/1871 616/740 615/1156
f 599/727 846/908 1835/2845
f 290/393 457/635 456/2822
f 312/178 171/112 1552/1327
f 1248/2846 2687/2848 1179/1214
f 153/105 149/100 177/1889
f 1240/1260 1181/1215 1222/1248
f 1257/1351 1292/2860 1235/1979
f 1291/1350 1084/1117 1083/1249
f 1052/2818 877/932 1277/1317
f 743/1237 742/837 2618/2719
f 444/2847 140/94 430/263
f 23/23 1224/1251 1172/1209
f 2687/2848 2654/2776 1180/2849
f 102/76 103/75 409/258
f 1283/1334 607/736 610/735
f 373/2850 497/3623 650/372
f 1180/2849 2654/2776 1084/1117
f 855/914 2653/2775 2655/2777
f 1173/2770 1270/1980 1917/2851
f 2689/2852 850/913 853/912
f 2688/2853 853/912 1108/1138
f 2686/2844 2688/2853 1279/1322
f 2687/2848 2689/2852 2688/2853
f 2691/2854 1302/2795 1252/2796
f 2690/2855 1252/2796 850/913
f 1248/2846 2690/2855 2689/2852
f 1248/2846 1247/1267 2691/2854
f 2692/2856 617/742 24/27
f 2691/2854 2692/2856 2666/2800
f 1247/1267 1258/1290 2692/2856
f 1258/1290 1168/2858 617/742
f 394/1226 1554/1795 1555/1415
f 2693/2857 1260/2866 1259/1292
f 1072/1101 1236/1256 1262/1294
f 1257/1351 1071/1255 1168/2858
f 398/1539 439/271 1555/1415
f 871/2778 1784/1827 1314/2859
f 1178/1216 1232/1254 1249/1268
f 1224/1251 1289/1345 1173/2770
f 1010/1044 2617/2720 2618/2719
f 1175/1211 1174/1210 1292/2860
f 2654/2776 2687/2848 2686/2844
f 2694/2861 1157/1196 1216/1246
f 71/1955 418/1028 1487/988
f 701/802 1112/1144 1111/2862
f 1072/1101 1261/1293 2649/2771
f 1085/1118 2695/2868 22/1250
f 895/961 2694/2861 1264/1910
f 1601/1400 1606/1952 1605/1954
f 1259/1292 1262/1294 1271/1307
f 21/22 20/24 1220/1247
f 988/1026 991/1025 538/702
f 598/2341 597/726 1336/1425
f 1050/2740 860/918 818/890
f 1298/1356 2645/2761 1761/1810
f 1168/2858 1167/1207 618/2279
f 858/917 1168/2858 1256/1279
f 39/20 242/440 516/439
f 2652/2863 1761/1810 819/888
f 313/1142 316/1140 315/192
f 2026/1923 1970/2186 1971/1823
f 2656/2864 1489/1538 596/728
f 814/884 819/888 818/890
f 2696/2865 2651/2774 813/883
f 1260/2866 2696/2865 2649/2771
f 2693/2857 2697/2867 2696/2865
f 2697/2867 1296/1357 2651/2774
f 381/220 355/201 390/290
f 3818/2121 3819/1411 1611/1903
f 1475/935 1427/824 1428/2168
f 1292/2860 1174/1210 1917/2851
f 1551/1227 353/202 354/1346
f 1526/1098 1525/1325 1523/1090
f 1593/1387 1589/1386 1595/1403
f 1232/1254 1269/1306 1246/1269
f 2695/2868 2693/2857 1223/1344
f 2698/2869 1297/1355 1296/1357
f 2698/2869 2697/2867 2693/2857
f 2685/2843 2698/2869 2695/2868
f 2685/2843 854/916 1297/1355
f 562/349 1497/1778 271/1003
f 2652/2863 2651/2774 1296/1357
f 1365/762 1366/2126 1364/2125
f 1958/2101 1946/2100 1953/1970
f 585/723 588/722 2210/2274
f 1561/1521 1560/1501 1515/1965
f 975/2766 2648/2768 1146/1188
f 347/1266 67/48 68/49
f 1038/1070 1111/2862 636/751
f 2700/2871 781/2875 780/857
f 2699/2872 780/857 1036/1068
f 2701/2873 2699/2872 1883/1928
f 851/911 2700/2871 2699/2872
f 2674/2812 1333/2808 2251/2333
f 2702/2874 2251/2333 781/2875
f 1253/1272 2702/2874 2700/2871
f 1301/1361 2674/2812 2702/2874
f 1519/1253 387/227 388/229
f 1273/1312 1239/1258 1280/1324
f 2703/2876 1280/1324 1107/1323
f 2701/2873 2703/2876 852/1137
f 1829/1870 1273/1312 2703/2876
f 91/2877 260/150 326/1321
f 1784/1827 871/2778 2656/2864
f 2683/2833 2684/2832 2705/2878
f 604/1850 1894/1733 3499/2880
f 1669/1049 3534/1048 3548/2881
f 2062/1958 2063/1957 2060/2882
f 621/1309 535/700 861/920
f 2023/1877 731/1875 732/2883
f 686/856 779/855 1263/1298
f 857/919 1051/1080 2668/2804
f 883/1843 830/472 882/1252
f 637/2749 636/751 1111/2862
f 2668/2804 894/942 893/944
f 2667/2803 921/960 894/942
f 1039/1071 1038/1070 1068/1096
f 313/1142 75/2762 1504/1029
f 1911/1759 1972/1828 305/1093
f 1936/1993 2706/3194 1964/2035
f 2707/2884 2402/2477 2401/2885
f 2708/2887 2707/2884 2183/2886
f 738/1807 2163/2197 2116/2198
f 2349/2624 2348/2431 2432/2510
f 2711/2888 2712/3848 2020/2078
f 2400/2478 2711/2888 2019/2889
f 2714/2890 2715/3063 2716/2891
f 2717/2893 2718/3032 2719/2894
f 2721/2896 2722/3365 2723/2897
f 2726/2899 2727/3028 2728/2900
f 2725/2901 2728/2900 2730/2902
f 2731/2904 2725/2901 2729/2903
f 2732/2906 2726/2899 2725/2901
f 2734/2907 2735/3007 2736/2908
f 2738/2910 2739/3877 2740/2911
f 2737/2912 2740/2911 2741/2913
f 2744/2915 2745/2918 2746/2916
f 2745/2918 2744/2915 2748/2919
f 2749/2921 2750/2975 2747/2920
f 2753/2923 2749/2921 2751/2922
f 2250/2329 1380/1466 2246/2325
f 2754/2925 1396/1471 1614/1683
f 3598/2927 2754/2925 2755/2926
f 3608/2929 2745/2918 2747/2920
f 1617/1685 2756/2942 2755/2926
f 2242/2309 2758/3104 1620/1688
f 2191/2249 2085/2140 2760/2931
f 2761/2933 2759/2932 2760/2931
f 3648/2935 2759/2932 2761/2933
f 3623/2937 2191/2249 2759/2932
f 3209/2938 3248/3570 3223/2939
f 1395/1722 1394/1470 2236/2304
f 1395/1722 2235/2330 1636/2331
f 1616/1684 1635/1703 2229/2299
f 1617/1685 2234/2945 2763/2941
f 2756/2942 2763/2941 3628/2943
f 2765/2944 2763/2941 2234/2945
f 2766/2946 2764/3347 3628/2943
f 3202/2948 3199/2237 3246/2949
f 1516/1966 437/266 435/268
f 2768/2951 2769/2988 3552/1458
f 1495/997 541/382 578/342
f 2135/632 2136/2131 28/2112
f 3526/2952 3540/3908 2773/2953
f 1690/1646 1689/3952 3926/2955
f 2778/2957 2779/2967 2780/2958
f 2777/2959 2780/2958 2781/2960
f 2784/2962 2778/2957 2777/2959
f 3555/2128 3521/1682 575/380
f 1494/996 1904/1746 9/2190
f 3529/1467 2016/2075 2015/2263
f 451/320 61/44 505/634
f 2786/2964 2787/3056 2788/2965
f 2779/2967 2786/2964 2785/2966
f 2789/2968 2752/2924 2741/2913
f 2790/2969 2753/2923 2752/2924
f 2792/2970 2793/2973 2794/2971
f 2793/2973 2795/2981 2796/2974
f 2796/2974 2797/2980 2750/2975
f 2794/2971 2796/2974 2749/2921
f 2798/2976 1393/1472 1396/1471
f 3591/2977 2798/2976 2754/2925
f 2798/2976 2799/2979 2800/2978
f 3591/2977 3662/3883 2799/2979
f 2797/2980 2796/2974 2795/2981
f 2791/2972 2794/2971 2753/2923
f 216/138 233/629 232/1743
f 3804/2983 2806/3903 2807/2984
f 3805/2986 2809/2993 2804/2987
f 2769/2988 2810/3882 3557/1507
f 183/211 185/166 184/374
f 2811/2989 2812/2994 2775/2990
f 2804/2987 2811/2989 2776/2991
f 2809/2993 2813/2995 2811/2989
f 2812/2994 2811/2989 2813/2995
f 3805/2986 2808/3885 2816/2997
f 3796/2999 2818/3054 2815/3000
f 3798/3001 3800/3951 2820/3002
f 3793/3004 2823/3008 2819/3005
f 2824/3006 2736/2908 2735/3007
f 2823/3008 2825/3009 2824/3006
f 2825/3009 2823/3008 2826/3010
f 3793/3004 2822/3017 2827/3011
f 3796/2999 2817/3874 2826/3010
f 2713/2892 2716/2891 2829/3013
f 2828/3014 2829/3013 2831/3015
f 2822/3017 2821/3003 2828/3014
f 2821/3003 2820/3002 2713/2892
f 2832/3018 2827/3011 2822/3017
f 2833/3019 2832/3018 2830/3016
f 2834/3020 2835/3021 2832/3018
f 2835/3021 2818/3054 2827/3011
f 2837/3022 2838/3036 2839/3023
f 2836/3024 2839/3023 2841/3025
f 2842/3027 2836/3024 2840/3026
f 2843/3029 2837/3022 2836/3024
f 2840/3026 2841/3025 2845/3030
f 2718/3032 2844/3031 2845/3030
f 2730/2902 2728/2900 2844/3031
f 2727/3028 2840/3026 2844/3031
f 2846/3033 2845/3030 2841/3025
f 2829/3013 2846/3033 2847/3034
f 2847/3034 2841/3025 2839/3023
f 2848/3035 2839/3023 2838/3036
f 2833/3019 2848/3035 2849/3037
f 2831/3015 2847/3034 2848/3035
f 2850/3038 2814/2996 2851/3039
f 2853/3041 2850/3038 2852/3040
f 2783/2963 2777/2959 2782/2961
f 2785/2966 2788/2965 2853/3041
f 2780/2958 2785/2966 2856/3044
f 2857/3045 2858/3051 2855/3043
f 2859/3046 2857/3045 2782/2961
f 2861/3047 2843/3029 2842/3027
f 2860/3048 2842/3027 2727/3028
f 2862/3049 2860/3048 2726/2899
f 2863/3050 2861/3047 2860/3048
f 2861/3047 2863/3050 2858/3051
f 2843/3029 2861/3047 2857/3045
f 2856/3044 2853/3041 2854/3042
f 2781/2960 2856/3044 2864/3052
f 2837/3022 2843/3029 2859/3046
f 2838/3036 2837/3022 2864/3052
f 2852/3040 2851/3039 2834/3020
f 2854/3042 2852/3040 2849/3037
f 2865/3053 2815/3000 2818/3054
f 2851/3039 2865/3053 2835/3021
f 2813/2995 2809/2993 2815/3000
f 2814/2996 2813/2995 2865/3053
f 2866/3055 2812/2994 2814/2996
f 2788/2965 2866/3055 2850/3038
f 2866/3055 2788/2965 2787/3056
f 2812/2994 2866/3055 2867/3057
f 1892/2003 1889/1739 1890/1740
f 2720/2895 2719/2894 2846/3033
f 298/1407 299/1006 256/148
f 2872/3059 2714/2890 2713/2892
f 3794/3060 3800/3951 2735/3007
f 2729/2903 2730/2902 2874/3061
f 2846/3033 2716/2891 2715/3063
f 2876/3064 2877/3093 2878/3065
f 2733/2909 2875/3066 2878/3065
f 3806/3067 3807/3091 2879/3068
f 3806/3067 2880/3069 2872/3059
f 2882/3070 2883/3083 2884/3071
f 2881/3072 2884/3071 2715/3063
f 2880/3069 2881/3072 2714/2890
f 2879/3068 2882/3070 2881/3072
f 2885/3073 2886/3131 2887/3074
f 2888/3075 2889/3085 2890/3076
f 2885/3073 2890/3076 2892/3077
f 2893/3079 2886/3131 2885/3073
f 1942/2002 2151/2195 2532/3080
f 2895/3082 2892/3077 2720/2895
f 2884/3071 2895/3082 2870/3058
f 2883/3083 2896/3084 2895/3082
f 2896/3084 2891/3078 2892/3077
f 2889/3085 2874/3061 2717/2893
f 2890/3076 2717/2893 2720/2895
f 2897/3086 2893/3079 2891/3078
f 2898/3087 2897/3086 2896/3084
f 2899/3088 2898/3087 2883/3083
f 2900/3089 2899/3088 2882/3070
f 3797/3090 2900/3089 2879/3068
f 2876/3064 2902/3807 2901/3092
f 2901/3092 2902/3807 2904/3094
f 1785/1825 2656/2864 1835/2845
f 2905/3096 2906/3144 2899/3088
f 2907/3097 2908/3141 2897/3086
f 3797/3090 2901/3092 2903/3095
f 632/2493 576/392 577/3099
f 3532/1639 3547/1640 2867/3057
f 434/265 385/226 550/337
f 2768/2951 2770/3897 3640/3100
f 2910/3102 2911/3925 1623/1690
f 2241/3103 2912/3109 2758/3104
f 3640/3100 2770/3897 2913/3105
f 1623/1690 2911/3925 2757/2930
f 3587/2310 2242/2309 2757/2930
f 2229/2299 1381/1464 1380/1466
f 2765/2944 1630/2311 1629/1697
f 2915/3108 2914/3107 1629/1697
f 3642/3110 3641/3111 2914/3107
f 3641/3111 3622/2947 2765/2944
f 2919/3112 2916/3123 3642/3110
f 2918/3114 2915/3108 2912/3109
f 3614/3115 2918/3114 2241/3103
f 3618/3116 2919/3112 3613/3113
f 3541/1663 2177/2216 2180/2218
f 3521/1682 2002/2245 2188/3118
f 3705/3119 3573/2056 714/376
f 2925/3120 2766/2946 2917/3121
f 2924/3122 2917/3121 2916/3123
f 3610/3124 2924/3122 2919/3112
f 3611/3125 2925/3120 2924/3122
f 2926/3126 2927/3348 2766/2946
f 3658/3127 2926/3126 2925/3120
f 1715/1533 1713/1529 1705/1744
f 785/1500 497/3623 498/2230
f 1387/719 651/371 565/1310
f 374/2231 375/3578 1899/3128
f 3573/2056 2203/2267 2206/2269
f 2929/3130 2930/3135 2886/3131
f 2932/3132 2933/3146 2934/3133
f 1905/1748 1906/1749 1908/1813
f 2930/3135 2935/3917 2936/3136
f 2938/3138 2935/3917 2930/3135
f 1493/1075 369/433 517/1897
f 1603/3139 1585/1001 1586/1389
f 2939/3140 2938/3138 2929/3130
f 2940/3142 2939/3140 2908/3141
f 3665/3143 1707/1523 1600/1395
f 2886/3131 2930/3135 2937/3137
f 2906/3144 2907/3097 2898/3087
f 2908/3141 2929/3130 2893/3079
f 2942/3145 2934/3133 2933/3146
f 2941/3147 2933/3146 2937/3137
f 3501/1687 2941/3147 2936/3136
f 3498/1686 2942/3145 2941/3147
f 2943/3148 2944/5094 2710/3149
f 2943/3148 2873/3062 2874/3061
f 2945/3150 2943/3148 2889/3085
f 2946/3151 2944/5094 2943/3148
f 2932/3132 2945/3150 2888/3075
f 2931/3134 2946/3151 2945/3150
f 727/375 1928/2201 1929/1777
f 2903/3095 2904/3094 2947/3152
f 545/331 594/355 42/30
f 1480/969 1570/1745 533/322
f 2907/3097 2906/3144 2949/3154
f 2906/3144 2905/3096 2950/3155
f 1558/1286 452/274 215/2820
f 3799/3098 2903/3095 2948/3153
f 2054/2008 1645/1985 1644/1420
f 3705/3119 3684/3434 2203/2267
f 1828/1677 1837/2119 1849/986
f 2953/3157 2954/3301 2955/3158
f 2952/3159 2955/3158 2957/3160
f 2956/3161 2261/3256 2258/2345
f 2953/3157 2952/3159 2258/2345
f 2454/2535 2455/2534 2474/2554
f 3747/3162 2958/3168 2959/3163
f 3747/3162 2132/3433 2131/2177
f 2961/3166 2962/3297 2963/3167
f 2958/3168 2963/3167 2964/3169
f 222/307 221/2566 2485/2565
f 2477/2557 2226/2294 2966/3171
f 2631/2841 2561/2655 2006/2070
f 2384/2467 2454/2535 2496/2580
f 2967/3173 2968/3174 2959/3163
f 2968/3174 2967/3173 2970/3175
f 3759/3177 2033/2098 2971/3178
f 3784/3179 2971/3178 2960/3180
f 2972/3181 2971/3178 2033/2098
f 2007/2461 2377/2460 2973/3182
f 3560/3183 3559/3947 2134/2179
f 1836/3184 1833/1679 1832/1711
f 3506/1735 2188/3118 2090/2143
f 955/1295 810/515 959/517
f 672/3186 675/1662 674/3187
f 633/2170 710/1383 713/1335
f 2024/1881 732/2883 733/398
f 2025/1882 2024/1881 803/1489
f 425/1057 1552/1327 1550/1285
f 2975/3188 2976/3404 888/1919
f 1319/1375 1158/1194 1157/1196
f 1212/1791 1935/1992 2977/3189
f 889/938 957/998 2228/3190
f 1978/1837 1974/1834 1975/1835
f 1138/2830 1078/1112 1329/1414
f 751/841 665/776 2979/3191
f 1619/1949 1613/1484 1625/1485
f 2252/2336 2255/2335 1728/3193
f 1157/1196 1160/1195 845/907
f 2706/3194 1936/1993 1938/1995
f 2980/3195 2255/2335 2254/3196
f 2982/3198 2975/3188 887/937
f 802/875 712/810 711/809
f 678/3199 677/788 2029/2081
f 527/697 840/904 690/905
f 1839/2741 1207/1238 2629/2735
f 2983/3200 2984/3233 602/730
f 2983/3200 1914/1973 1913/1972
f 2985/3201 2983/3200 1331/2759
f 2986/3202 2984/3233 2983/3200
f 2987/3203 2637/2744 2635/2743
f 2985/3201 2988/3220 2639/2746
f 2990/3204 1319/1375 1318/1374
f 2991/3206 2992/3211 2993/3207
f 2995/3209 2991/3206 2994/3208
f 1106/1135 1058/2752 2991/3206
f 1058/2752 1057/1085 2992/3211
f 1415/765 1406/763 1365/762
f 1317/1373 922/2351 2217/2284
f 1932/1990 1728/3193 2255/2335
f 926/965 2998/3216 2999/3213
f 3001/3214 2993/3207 2992/3211
f 3000/3215 2992/3211 1057/1085
f 2999/3213 3000/3215 2978/3192
f 2998/3216 3001/3214 3000/3215
f 3002/3217 2998/3216 2209/2275
f 3002/3217 3003/3218 2996/3210
f 2993/3207 3001/3214 3002/3217
f 1103/1136 1106/1135 2995/3209
f 3004/3219 2995/3209 2996/3210
f 2209/2275 2210/2274 3004/3219
f 588/722 1103/1136 3004/3219
f 295/1840 296/1187 433/1347
f 2638/2747 2639/2746 2988/3220
f 3005/3221 2988/3220 1056/1083
f 1305/1366 3005/3221 1930/1988
f 1276/1376 2638/2747 3005/3221
f 1987/1851 1968/1822 1993/1858
f 2633/2823 1762/2739 1761/1810
f 1423/797 1422/793 1417/783
f 3561/1769 3517/483 739/482
f 2671/2807 2670/3237 2704/2879
f 1473/2115 1872/2117 2035/2161
f 922/2351 1317/1373 2694/2861
f 1401/2337 1400/749 1378/715
f 556/1166 2028/2083 1884/2082
f 842/1433 848/1432 3825/601
f 1854/1902 2706/3194 2617/2720
f 933/973 1082/1114 1081/2783
f 1440/836 1441/840 1436/963
f 529/2725 657/771 719/815
f 1031/1063 1025/1060 1027/1061
f 777/854 913/952 912/2728
f 2645/2761 1205/1332 1204/1235
f 441/2805 438/269 1538/1348
f 790/1110 1287/1343 587/1197
f 2065/1969 2066/1959 1610/1404
f 1860/2837 991/1025 990/2760
f 60/40 106/77 87/78
f 1424/804 1017/528 1948/1932
f 332/3222 1527/1833 1507/1038
f 261/1341 262/335 138/1126
f 187/123 188/122 449/273
f 1719/1536 1720/1535 1726/1583
f 1931/1987 1055/1087 1059/1086
f 3006/3223 1059/1086 1105/2753
f 1287/1343 3006/3223 1104/1134
f 1286/2354 1931/1987 3006/3223
f 3007/3224 3008/3244 3009/3225
f 3009/3225 3008/3244 653/869
f 618/2279 999/1034 26/2732
f 2029/2081 677/788 1210/2836
f 957/998 601/966 600/729
f 1049/1078 2146/2298 2228/3190
f 2631/2841 890/939 3011/3227
f 890/939 889/938 2227/2297
f 3011/3227 2227/2297 2145/2187
f 2561/2655 3011/3227 3012/3228
f 1026/1232 656/1206 609/770
f 2706/3194 1854/1902 1961/2036
f 3013/3229 2965/3170 2485/2565
f 2148/2189 2147/2188 1267/1301
f 3015/3231 1267/1301 1266/1303
f 2997/3212 2264/2352 1101/1131
f 642/2787 641/756 1773/1817
f 186/121 477/1076 461/285
f 1041/1155 1040/1072 1320/1377
f 1121/1154 3016/3235 3017/3232
f 2984/3233 2986/3202 2987/3203
f 3018/3234 2987/3203 2634/2742
f 1048/1079 603/731 3018/3234
f 603/731 602/730 2984/3233
f 2679/2828 2678/2824 801/876
f 2062/1958 2072/1978 2074/1981
f 2061/1956 2074/1981 2076/1983
f 414/239 303/1201 1545/1200
f 3016/3235 1121/1154 2683/2833
f 3019/3236 2683/2833 2704/2879
f 3020/3238 3019/3236 2670/3237
f 3007/3224 3016/3235 3019/3236
f 1871/1921 1090/1121 1091/1122
f 3021/3239 1787/1826 1122/1152
f 3022/3240 3021/3239 3017/3232
f 1314/2859 3021/3239 3022/3240
f 1784/1827 1787/1826 3021/3239
f 1316/1372 1315/1371 1763/3241
f 3023/3242 3022/3240 3010/3226
f 3023/3242 3009/3225 795/868
f 1763/3241 3023/3242 1092/1123
f 1315/1371 3022/3240 3023/3242
f 3016/3235 3007/3224 3010/3226
f 752/2816 751/841 2978/3192
f 2986/3202 2639/2746 2637/2744
f 3024/3243 654/768 653/869
f 3020/3238 3024/3243 3008/3244
f 720/818 723/817 3024/3243
f 723/817 2621/2723 654/768
f 2681/2831 1098/1132 1268/1302
f 2671/2807 3025/3245 1268/1302
f 2705/2878 2681/2831 3025/3245
f 1313/1370 3026/3247 3027/3246
f 3026/3247 3028/3265 3029/3248
f 3027/3246 3029/3248 3030/3249
f 1311/1368 3027/3246 3031/3250
f 2012/2802 568/436 731/1875
f 917/1106 2657/2781 974/1012
f 743/1237 1206/1236 856/915
f 1888/1898 2027/1896 2030/1895
f 2682/3251 2705/2878 2684/2832
f 3032/3252 2684/2832 1124/1153
f 1100/2789 3032/3252 2989/3205
f 1099/1130 2682/3251 3032/3252
f 1123/3253 2990/3204 2989/3205
f 3033/3254 1834/1879 1159/1880
f 2990/3204 3033/3254 1158/1194
f 1123/3253 1786/2724 3033/3254
f 1786/2724 1785/1825 1834/1879
f 1054/1084 1056/1083 2988/3220
f 2979/3191 665/776 664/778
f 2623/2727 2622/2793 2663/2791
f 1095/1127 660/2839 688/796
f 3034/3255 3035/3260 2261/3256
f 3036/3257 3034/3255 2956/3161
f 3037/3258 3038/3259 3034/3255
f 3038/3259 3039/3267 3035/3260
f 3040/3261 3041/3262 3026/3247
f 2263/2347 3042/3263 3041/3262
f 3042/3263 3039/3267 3043/3264
f 3041/3262 3043/3264 3028/3265
f 3044/3266 3045/3269 3043/3264
f 3046/3268 3047/3270 3045/3269
f 3047/3270 3048/3304 3049/3271
f 3043/3264 3045/3269 3049/3271
f 3038/3259 3037/3258 3051/3272
f 3050/3273 3051/3272 3053/3274
f 3052/3275 3046/3268 3044/3266
f 3039/3267 3038/3259 3050/3273
f 3054/3276 3035/3260 3039/3267
f 3042/3263 2263/2347 2262/2346
f 2261/3256 3035/3260 3054/3276
f 2216/2348 2263/2347 2997/3212
f 2212/2349 2211/2280 2667/2803
f 3056/3277 868/925 2209/2275
f 934/974 3057/3507 1961/2036
f 2013/2840 3755/3310 3757/2040
f 3058/3279 3059/3282 3060/3280
f 3059/3282 3062/3284 3063/3283
f 3060/3280 3063/3283 2213/2281
f 3061/3281 3060/3280 1963/2350
f 3063/3283 3064/3285 2214/2282
f 3062/3284 3065/3286 3064/3285
f 3065/3286 2257/2342 2260/2344
f 3064/3285 2260/2344 2215/2283
f 3066/3287 3067/3288 3031/3250
f 2608/2707 2966/3171 3067/3288
f 2966/3171 2562/3315 3068/3289
f 3031/3250 3067/3288 3068/3289
f 2455/2534 2458/2540 2461/2539
f 2476/3290 2223/2292 2226/2294
f 3551/1899 2090/2143 2089/2145
f 3526/2952 2774/2954 3769/3291
f 433/1347 354/1346 355/201
f 2115/2048 1423/797 1419/785
f 3509/993 2868/3920 2922/3293
f 3769/3291 3737/3165 2131/2177
f 3069/3294 2611/2709 2167/3295
f 2971/3178 2972/3181 2928/3296
f 2961/3166 2774/2954 2773/2953
f 3070/3298 2475/2556 2478/2558
f 2610/3299 2609/2708 3071/3300
f 2502/2693 2371/2458 2374/2457
f 3072/3302 2592/2688 2595/2690
f 2964/3169 3046/3268 3052/3275
f 3048/3304 2593/3306 3074/3305
f 2593/3306 2592/2688 3075/3307
f 3075/3307 3030/3249 3029/3248
f 3074/3305 3029/3248 3028/3265
f 3072/3302 3076/3308 3075/3307
f 3076/3308 3072/3302 2482/3309
f 2481/2562 2608/2707 3066/3287
f 3076/3308 3066/3287 3030/3249
f 2967/3173 3052/3275 3053/3274
f 2482/3309 3072/3302 3073/3303
f 479/364 480/363 493/297
f 706/1340 3900/633 3873/2167
f 3561/1769 2194/3896 2221/2291
f 2013/2840 2010/2801 3754/812
f 3533/1930 2032/2097 2016/2075
f 3562/1933 3519/481 2222/3311
f 1171/587 1154/571 1155/573
f 2586/3313 2566/2658 2565/2714
f 2982/3198 110/152 113/154
f 2562/3315 2376/2656 3077/3316
f 2376/2656 2375/2459 3012/3228
f 3012/3228 2145/2187 2148/2189
f 3077/3316 2148/2189 3015/3231
f 2963/3167 3047/3270 3046/3268
f 3051/3272 3078/3469 2970/3175
f 1683/1805 2173/853 491/424
f 3850/2105 2122/2060 1447/848
f 1986/2053 2181/2221 3734/3317
f 3079/3319 3080/3323 2546/2637
f 3081/3320 3079/3319 2575/2668
f 1983/2054 1986/2053 3768/3318
f 3082/3322 2323/2407 2319/2638
f 3080/3323 3082/3322 2545/2636
f 3734/3317 3732/3324 3082/3322
f 3732/3324 3748/2405 2323/2407
f 1309/637 1471/933 1888/1898
f 3073/3303 2595/2690 2772/3325
f 2760/2931 3083/3328 3084/3327
f 2760/2931 2085/2140 2088/2142
f 3085/3329 3084/3327 3086/3330
f 3089/3332 3085/3329 3090/3333
f 3089/3332 2762/2934 3084/3327
f 3092/3335 3088/3334 3090/3333
f 3093/3337 2748/2919 2744/2915
f 2751/2922 2747/2920 2748/2919
f 3093/3337 2741/2913 2752/2924
f 2742/2914 2741/2913 3093/3337
f 3094/3338 3093/3337 2743/2917
f 3096/3340 3097/3343 3098/3341
f 3099/3342 3096/3340 3087/3331
f 3097/3343 3094/3338 3095/3339
f 3100/3344 2743/2917 2746/2916
f 3101/3345 2927/3348 3102/3346
f 2764/3347 2766/2946 2927/3348
f 2745/2918 2764/3347 3101/3345
f 3102/3346 3092/3335 3091/3336
f 3100/3344 3091/3336 3095/3339
f 2869/3349 2802/3408 3592/3350
f 3102/3346 3103/3353 3104/3352
f 3658/3127 2868/3920 2869/3349
f 2927/3348 2926/3126 3103/3353
f 3098/3341 3095/3339 3091/3336
f 3087/3331 3098/3341 3090/3333
f 2088/2142 2125/2172 3105/3354
f 3083/3328 3105/3354 3086/3330
f 2483/2563 3073/3303 2771/3326
f 2401/2885 2186/2222 2185/2223
f 3099/3342 3086/3330 3105/3354
f 2125/2172 2207/2295 3106/3356
f 3108/3357 2737/2912 2742/2914
f 3107/3358 2742/2914 3094/3338
f 3110/3359 3108/3357 3107/3358
f 3109/3360 3107/3358 3097/3343
f 3111/3361 3109/3360 3096/3340
f 3112/3362 3110/3359 3109/3360
f 3113/3363 2738/2910 2737/2912
f 3115/3364 2723/2897 2722/3365
f 3117/3367 3115/3364 3114/3366
f 3119/3369 3117/3367 3116/3368
f 3118/3370 3116/3368 3120/3371
f 3116/3368 3114/3366 3113/3363
f 3122/3373 3112/3362 3111/3361
f 3122/3373 3123/3374 1755/2271
f 3124/3375 3125/3378 3126/3376
f 3125/3378 3118/3370 3121/3372
f 3128/3379 3119/3369 3118/3370
f 3129/3380 3128/3379 3125/3378
f 2020/2078 2712/3848 3128/3379
f 3853/671 3857/662 1346/664
f 1065/2174 1046/538 1047/537
f 1814/1665 3838/1653 3830/1445
f 2021/2079 2020/2078 3129/3380
f 3111/3361 3099/3342 3106/3356
f 3123/3374 3106/3356 2207/2295
f 2377/2460 2225/2293 2224/3382
f 3014/3230 2485/2565 113/154
f 1756/1802 2208/2272 3782/3383
f 3131/3385 3132/3400 2530/2622
f 3133/3386 3131/3385 2528/2620
f 1753/1803 1756/1802 3767/3384
f 3134/3388 3124/3375 3127/3377
f 2327/2410 2408/2482 2314/2506
f 2436/2515 2318/2402 2317/2404
f 2018/2077 2021/2079 3711/3390
f 2534/2625 3136/3393 3137/3392
f 2320/2403 2322/2406 3136/3393
f 2185/2223 2018/2077 3712/3391
f 3138/3395 3139/3878 2542/2633
f 3134/3388 3135/3389 3744/3396
f 3785/3398 3130/3381 3134/3388
f 3140/3399 3138/3395 2539/2630
f 2535/2626 3137/3392 3140/3399
f 3711/3390 2021/2079 3130/3381
f 2558/2652 2530/2622 3132/3400
f 3782/3383 3760/3403 3141/3401
f 2560/2654 2558/2652 3141/3401
f 3760/3403 3777/3422 3142/3402
f 958/999 888/1919 2976/3404
f 1933/3405 1932/1990 2980/3195
f 2399/3407 2424/2499 2418/2490
f 2348/2431 2342/2426 2343/2427
f 2322/2406 2320/2403 2319/2638
f 2718/3032 2717/2893 2874/3061
f 2709/2905 2729/2903 2873/3062
f 2894/3081 2871/3762 1361/1440
f 346/384 289/175 176/177
f 1876/1724 1877/1723 1882/1920
f 2802/3408 2803/3412 3607/3409
f 3104/3352 3144/3923 3088/3334
f 2974/3312 2222/3311 3649/2936
f 3089/3332 3145/3411 2761/2933
f 3088/3334 3144/3923 3145/3411
f 2803/3412 2974/3312 3603/3410
f 3870/2095 3909/2181 692/379
f 2123/2061 1419/785 1418/780
f 1365/762 1363/687 1368/688
f 1581/1380 1766/1597 1782/1696
f 3569/1337 2202/2277 2129/2176
f 3555/2128 2003/2065 2002/2245
f 3146/3413 2585/2677 2551/2644
f 3751/3415 3146/3413 3147/3414
f 3742/3417 3149/3418 3146/3413
f 3149/3418 2584/2676 2585/2677
f 3196/3419 3198/2236 3197/3420
f 3604/3421 2192/2248 2191/2249
f 3142/3402 3150/3423 2556/2647
f 3777/3422 3778/3425 3150/3423
f 3646/3424 3152/3428 2550/2641
f 3150/3423 3151/3426 2555/2648
f 3778/3425 3780/3922 3151/3426
f 3788/3427 3781/3430 3152/3428
f 3153/3429 3147/3414 2551/2644
f 3152/3428 3153/3429 2549/2642
f 3781/3430 3776/3431 3153/3429
f 3776/3431 3750/3416 3147/3414
f 3148/3432 2767/3486 2206/2269
f 2183/2886 2401/2885 2321/3355
f 2132/3433 2960/3180 2928/3296
f 3684/3434 3685/3936 2204/3435
f 3719/3436 2198/2253 2197/2255
f 2594/2689 2962/3297 2773/2953
f 2595/2690 2594/2689 2951/3438
f 1870/1713 798/1873 799/1716
f 3713/3439 2179/2217 2178/3440
f 3706/3441 2178/3440 3736/3442
f 336/510 3154/3446 3774/3444
f 339/512 3155/3935 3154/3446
f 3789/3447 3683/3448 3149/3418
f 3683/3448 3697/2678 2584/2676
f 2963/3167 2962/3297 3048/3304
f 3722/3445 3730/3455 337/3449
f 339/512 338/511 2566/2658
f 3156/3450 3157/3451 2168/2209
f 2610/3299 3156/3450 2167/3295
f 2954/3301 2953/3157 3156/3450
f 3157/3451 3156/3450 2953/3157
f 3707/3452 2166/2208 2169/2210
f 2567/2660 3158/3945 3159/3454
f 337/3449 3158/3945 2567/2660
f 3730/3455 3069/3294 2166/2208
f 3764/3456 2190/2247 1983/2054
f 2579/2671 3160/3457 3081/3320
f 2568/2662 3159/3454 3160/3457
f 3709/3453 2169/2210 2190/2247
f 3065/3286 3062/3284 3162/3458
f 3161/3459 3162/3458 1984/2052
f 3157/3451 3161/3459 2189/2246
f 2257/2342 3065/3286 3161/3459
f 734/400 735/399 1922/3460
f 3059/3282 3058/3279 2708/2887
f 3163/3461 2708/2887 2182/2219
f 3162/3458 3163/3461 1985/2224
f 3062/3284 3059/3282 3163/3461
f 3203/3462 3206/3566 3205/3463
f 2122/2060 2119/2059 1448/852
f 3817/886 1686/1158 1685/1160
f 139/95 140/94 444/2847
f 1570/1745 569/437 566/1320
f 2957/3160 3164/3467 3165/3466
f 2955/3158 3166/3479 3164/3467
f 1912/1758 454/275 341/499
f 3130/3381 3129/3380 3124/3375
f 1548/2355 322/1860 319/1861
f 1949/2204 1950/2024 1327/1729
f 2969/3176 2970/3175 3078/3469
f 3167/3470 3078/3469 3169/3471
f 3724/3473 2014/2074 2017/2076
f 3720/3474 2017/2076 2033/2098
f 3168/3472 3169/3471 3165/3466
f 3170/3475 3165/3466 3164/3467
f 3779/3477 3170/3475 3171/3476
f 3724/3473 3168/3472 3170/3475
f 3171/3476 3164/3467 3166/3479
f 3172/3480 3166/3479 3071/3300
f 3752/3482 3172/3480 3173/3481
f 3756/3478 3171/3476 3172/3480
f 3169/3471 3037/3258 3036/3257
f 2593/3306 3048/3304 2962/3297
f 3173/3481 3071/3300 2609/2708
f 3174/3484 2609/2708 2199/2710
f 3783/3485 3174/3484 2198/2253
f 3749/3483 3173/3481 3174/3484
f 2190/2247 2189/2246 1984/2052
f 2196/2252 2195/2251 2767/3486
f 2119/2059 2120/2085 1414/766
f 1464/947 1463/3868 1466/891
f 2199/2710 2611/2709 3069/3294
f 2457/2713 2456/2536 2587/3314
f 2226/2294 2225/2293 2562/3315
f 481/404 478/362 1627/1409
f 333/1261 1512/1053 235/1052
f 3078/3469 3051/3272 3037/3258
f 3040/3261 2264/2352 2997/3212
f 2219/2287 1934/1991 1933/3405
f 2385/2468 2384/2467 2497/3172
f 221/2566 2220/2286 3175/3487
f 2220/2286 1933/3405 3143/3406
f 3175/3487 3143/3406 2976/3404
f 2484/2564 3175/3487 2975/3188
f 2954/3301 3071/3300 3166/3479
f 2630/2737 1858/1908 110/152
f 1547/2838 319/1861 1952/1971
f 2091/3489 2090/2143 2188/3118
f 3733/3490 3736/3442 2178/3440
f 1918/1760 1919/1756 1927/1773
f 3563/3491 112/153 111/3492
f 955/1295 956/3185 960/3494
f 2037/3495 3014/3230 112/153
f 3143/3406 2980/3195 2981/3197
f 2218/2285 2211/2280 2214/2282
f 672/3186 3877/1202 3787/1204
f 2152/3496 3013/3229 3014/3230
f 1147/586 1144/578 1143/1862
f 2248/2328 2246/2325 1409/1480
f 1615/1721 1636/2331 1635/1703
f 1410/1481 1409/1480 2246/2325
f 3241/3497 3243/3534 3242/3498
f 1382/2307 3176/3500 3177/3499
f 3177/3499 1410/1481 2247/2324
f 2247/2324 1383/1465 3177/3499
f 3176/3500 2238/2306 2230/2301
f 1410/1481 3177/3499 3179/3502
f 3179/3502 3180/3765 2243/2313
f 1633/1700 3181/3503 2800/2978
f 1621/2326 1620/1688 2758/3104
f 1622/1689 1621/2326 2245/2323
f 2236/2304 1394/1470 3181/3503
f 2237/2305 2236/2304 3182/3504
f 2250/2329 1631/1698 2233/2302
f 2912/3109 1629/1697 1628/1699
f 135/1847 136/429 1564/1353
f 1567/1437 419/252 512/309
f 1085/1118 1084/1117 2653/2775
f 3184/3506 869/926 868/925
f 869/926 3184/3506 3057/3507
f 1266/1303 1268/1302 1098/1132
f 1267/1301 2147/2188 722/2722
f 937/976 1146/1188 2646/2764
f 2146/2298 1049/1078 722/2722
f 2211/2280 2218/2285 921/960
f 1957/2870 510/985 507/1359
f 1313/1370 1312/1369 2264/2352
f 1496/995 362/205 1493/1075
f 2887/3074 2937/3137 2933/3146
f 1687/3508 1688/3953 1659/1576
f 145/1011 1499/1010 1498/1223
f 37/19 38/21 418/1028
f 1935/1992 1934/1991 3185/3509
f 104/2810 89/67 301/438
f 2101/2018 2098/2012 2083/1998
f 543/1800 298/1407 360/1040
f 1934/1991 2219/2287 3186/3510
f 234/1055 1521/1077 212/173
f 3845/2090 3821/1668 1822/1666
f 1976/3511 1875/2146 1874/1715
f 223/308 3186/3510 2219/2287
f 3655/3512 3656/3605 3605/3513
f 2165/3515 2164/2214 467/410
f 467/410 468/287 2165/3515
f 773/421 476/2205 2165/3515
f 1935/1992 1212/1791 1728/3193
f 3240/2319 3225/2288 3226/2290
f 3261/3516 3249/5095 3250/3517
f 3215/2241 3216/2243 3244/3519
f 3265/3521 3221/2265 3215/2241
f 3267/3522 3245/2332 3198/2236
f 3205/3463 3206/3566 3269/3523
f 3214/3525 3211/2238 3265/3521
f 3271/3527 3213/2239 3214/3525
f 3251/3529 3252/3568 3239/3530
f 3222/3531 3221/2265 3266/3532
f 3232/2318 3235/2320 3234/2322
f 3216/2243 3242/3498 3243/3534
f 3196/3419 3193/2232 3268/3535
f 3244/3519 3243/3534 3254/3536
f 3238/2316 3239/3530 3247/2950
f 3264/3520 3244/3519 3255/3524
f 3253/3537 3242/3498 3216/2243
f 3211/2238 3266/3532 3221/2265
f 3257/3538 3217/2242 3218/2266
f 3258/3540 3222/3531 3272/3533
f 3274/3542 3275/3548 3280/3543
f 3228/3545 3229/3560 3262/3546
f 3275/3548 3231/3567 3281/3549
f 3226/2290 3227/2289 3273/3544
f 3236/2315 3263/3547 3260/3518
f 3281/3549 3263/3547 3236/2315
f 3287/1578 3271/3527 3192/3528
f 3235/2320 3226/2290 3280/3543
f 3234/2322 3280/3543 3281/3549
f 3288/3551 3290/3561 3259/3541
f 3260/3518 3250/3517 3276/3552
f 3289/3553 3212/2240 3278/3554
f 3210/3556 3209/2938 3224/2940
f 3199/2237 3202/2948 3201/3558
f 3228/3545 3231/3567 3230/3559
f 3290/3561 3288/3551 3285/3562
f 3282/1580 3279/3571 3271/3527
f 3260/3518 3263/3547 3262/3546
f 3243/3534 3241/3497 3268/3535
f 3267/3522 3268/3535 3241/3497
f 3194/2234 3207/3575 3208/3564
f 3191/3565 3270/3526 3269/3523
f 3270/3526 3191/3565 3192/3528
f 3275/3548 3274/3542 3230/3559
f 3264/3520 3269/3523 3270/3526
f 3252/3568 3251/3529 3276/3552
f 3248/3570 3252/3568 3291/3569
f 3213/2239 3271/3527 3279/3571
f 3272/3533 3266/3532 3289/3553
f 3277/3572 3278/3554 3212/2240
f 3228/3545 3263/3547 3281/3549
f 3220/3573 3225/2288 3253/3537
f 3219/3574 3253/3537 3217/2242
f 3256/3539 3218/2266 3222/3531
f 3247/2950 3239/3530 3252/3568
f 3245/2332 3267/3522 3232/2318
f 3266/3532 3211/2238 3212/2240
f 3208/3564 3205/3463 3255/3524
f 3288/3551 3289/3553 3284/3555
f 3204/3464 3205/3463 3208/3564
f 560/2229 1899/3128 3187/3576
f 3209/2938 3210/3556 3201/3558
f 3189/3550 3192/3528 3191/3565
f 448/1848 1980/1838 807/450
f 647/367 648/366 122/980
f 1833/1679 1848/1676 1780/1747
f 510/985 509/984 508/1360
f 3210/3556 1949/2204 1887/3468
f 1887/3468 15/8 3200/2235
f 15/8 16/2228 3197/3420
f 16/2228 3188/2227 3195/2233
f 3195/2233 3188/2227 3187/3576
f 3194/2234 3187/3576 1899/3128
f 3207/3575 1899/3128 375/3578
f 387/227 173/116 126/85
f 3189/3550 1791/2206 1760/2207
f 3577/3579 763/2211 757/406
f 763/2211 3577/3579 2172/2106
f 3583/3581 3582/3606 3580/3582
f 3581/3583 3580/3582 3579/3584
f 3594/3585 3597/3642 3596/3586
f 3400/3588 3601/3596 3602/3589
f 3626/3591 3624/3664 3625/3592
f 3631/3594 3635/3615 3599/3595
f 3636/3597 3637/3608 3595/3587
f 3647/3598 3584/3602 3588/3599
f 3650/3601 3582/3606 3584/3602
f 3653/3603 3579/3584 3580/3582
f 3653/3603 2176/2212 3654/1775
f 1801/1633 1864/950 3656/3605
f 3651/3604 3580/3582 3582/3606
f 3644/3607 3638/3631 3595/3587
f 1767/806 1768/1596 3659/3609
f 1597/1397 3663/805 3661/2103
f 1708/1524 1707/1523 3665/3143
f 3671/2258 3668/2257 3667/3610
f 3666/3611 3667/3610 3673/3612
f 1588/1526 1708/1524 3664/2256
f 2080/2338 3671/2258 3666/3611
f 2082/2006 3666/3611 3672/3613
f 3674/3614 3677/3616 3635/3615
f 3677/3616 3678/3628 3636/3597
f 3682/3617 3647/3598 3645/3600
f 3692/3619 3651/3604 3650/3601
f 3681/3618 3645/3600 3644/3607
f 786/1499 3694/3622 3692/3619
f 3694/3622 3653/3603 3651/3604
f 785/1500 3692/3619 3686/3620
f 497/3623 3686/3620 3682/3617
f 650/372 3682/3617 3681/3618
f 3696/3624 564/370 3681/3618
f 3405/3625 3606/3659 3605/3513
f 3702/3627 3699/3629 3678/3628
f 3699/3629 3698/3639 3679/3630
f 3645/3600 3588/3599 3638/3631
f 1799/1635 3657/3655 3659/3609
f 3708/3632 3704/3658 3458/3633
f 3462/3635 3710/3638 3708/3632
f 3714/577 463/576 564/370
f 3615/3636 3606/3659 3602/3589
f 3710/3638 3714/577 3696/3624
f 3635/3615 3636/3597 3596/3586
f 3629/3640 3626/3591 3627/3593
f 3597/3642 3600/3637 3599/3595
f 3630/3641 3716/3647 3715/3643
f 3627/3593 3625/3592 3597/3642
f 3717/3644 3716/3647 3723/3645
f 3715/3643 3663/805 3660/807
f 3716/3647 3717/3644 3725/2102
f 3668/2257 3665/3143 3661/2103
f 3668/2257 3725/2102 3717/3644
f 3667/3610 3717/3644 3718/3646
f 3727/3648 3728/3649 3673/3612
f 3728/3649 1576/2019 3672/3613
f 3726/3650 3727/3648 3718/3646
f 1576/2019 2101/2018 2084/1997
f 3727/3648 3726/3650 3731/3651
f 3203/3462 376/718 1387/719
f 3190/3577 1387/719 1791/2206
f 3283/3557 2152/2203 1949/2204
f 317/183 240/190 259/151
f 2000/1868 2176/2212 3653/3603
f 3601/3596 3599/3595 3600/3637
f 3589/3653 3588/3599 3584/3602
f 3577/3579 758/1497 756/426
f 3585/3654 3584/3602 3582/3606
f 3678/3628 3679/3630 3637/3608
f 3204/3464 375/3578 376/718
f 1801/1633 3655/3512 3657/3655
f 3729/3652 3735/3657 3728/3649
f 1575/1378 3735/3657 3738/3656
f 3735/3657 1575/1378 1576/2019
f 1776/1630 1795/1629 1796/1637
f 1293/661 1294/657 1290/649
f 1326/2200 14/9 1327/1729
f 1294/657 1245/627 1234/619
f 878/626 1244/625 1330/648
f 497/3623 373/2850 374/2231
f 122/980 648/366 413/240
f 3699/3629 3702/3627 3704/3658
f 3606/3659 3405/3625 3401/3590
f 3708/3632 3710/3638 3698/3639
f 3464/575 3714/577 3710/3638
f 3704/3658 3674/3614 3443/3660
f 439/271 398/1539 399/1352
f 1512/1053 1528/1099 1526/1098
f 1668/1475 1741/1563 1738/1567
f 839/3661 849/1431 1362/2226
f 1362/2226 1357/677 826/678
f 3843/1428 740/1934 1896/1589
f 2053/2009 2054/2008 2118/885
f 3888/2118 3887/2086 2120/2085
f 696/1234 697/1233 3816/3662
f 1826/2773 1878/1731 639/1453
f 3740/3663 3739/3666 3729/3652
f 956/3185 885/463 886/485
f 1980/1838 806/442 1922/3460
f 33/18 34/17 105/111
f 1343/659 1344/660 3856/666
f 3907/2069 2127/2068 2128/2073
f 1766/1597 1581/1380 1582/1382
f 14/9 1326/2200 2163/2197
f 595/354 98/72 99/1067
f 3233/2321 3238/2316 3246/2949
f 1346/664 1035/534 1044/535
f 748/1906 1888/1898 1425/800
f 3193/2232 3208/3564 3254/3536
f 3190/3577 3191/3565 3206/3566
f 3612/3514 3605/3513 3606/3659
f 3624/3664 3612/3514 3615/3636
f 3631/3594 3415/3665 3443/3660
f 3679/3630 3680/3621 3644/3607
f 3686/3620 3650/3601 3647/3598
f 3702/3627 3677/3616 3674/3614
f 3625/3592 3615/3636 3600/3637
f 3601/3596 3400/3588 3415/3665
f 3739/3666 3738/3656 3735/3657
f 3630/3641 3627/3593 3594/3585
f 3741/3667 3723/3645 3716/3647
f 1284/1792 1290/649 1288/651
f 3698/3639 3696/3624 3680/3621
f 1778/1616 1781/1615 1780/1747
f 1792/2099 1759/3895 1584/1631
f 695/2132 570/347 571/346
f 3638/3631 3741/3667 3594/3585
f 3741/3667 3638/3631 3588/3599
f 3247/2950 3248/3570 3209/2938
f 3292/3668 3293/3742 3294/3669
f 3296/3671 3297/3739 3298/3672
f 3299/3673 3298/3672 3300/3674
f 3302/3676 3303/3684 3304/3677
f 3306/3679 3307/3682 3308/3680
f 3307/3682 3310/3740 3311/3683
f 3303/3684 3302/3676 3301/3675
f 3312/3685 3305/3678 3304/3677
f 3314/3687 3315/3755 3316/3688
f 3318/3690 3319/3711 3320/3691
f 3324/3693 3318/3690 3321/3692
f 3326/3695 3327/3723 3328/3696
f 3329/3698 3330/5096 3331/3699
f 3333/3701 3334/3713 3335/3702
f 3337/3704 3338/3712 3339/3705
f 3333/3701 3336/3703 3341/3707
f 3342/3708 3341/3707 3343/3709
f 3319/3711 3345/3730 3344/3710
f 3338/3712 3335/3702 3334/3713
f 3346/3714 3301/3675 3302/3676
f 3305/3678 3348/3720 3347/3715
f 3312/3685 3224/3760 3223/3716
f 3350/3718 3337/3704 3340/3706
f 3312/3685 3349/3717 3348/3720
f 3352/3721 3343/3709 3341/3707
f 3311/3683 3353/3738 3354/3722
f 3341/3707 3336/3703 3327/3723
f 3359/3724 3360/3727 3361/3725
f 3360/3727 3359/3724 3250/3728
f 3318/3690 3363/3741 3345/3730
f 3364/3731 3363/3741 3318/3690
f 3314/3687 3364/3731 3324/3693
f 3366/3733 3299/3673 3301/3675
f 3299/3673 3366/3733 3367/3734
f 3308/3680 3354/3722 3368/3735
f 3369/3736 3317/3689 3295/3670
f 3317/3689 3369/3736 3364/3731
f 3370/3737 3295/3670 3317/3689
f 3325/3694 3371/3747 3365/3732
f 3352/3721 3320/3691 3319/3711
f 3296/3671 3367/3734 3353/3738
f 3297/3739 3296/3671 3311/3683
f 3363/3741 3368/3735 3354/3722
f 3345/3730 3354/3722 3353/3738
f 3344/3710 3353/3738 3367/3734
f 3366/3733 3333/3701 3342/3708
f 3347/3715 3339/3705 3334/3713
f 3339/3705 3347/3715 3348/3720
f 3348/3720 3349/3717 3351/3719
f 3363/3741 3364/3731 3369/3736
f 3294/3669 3309/3681 3368/3735
f 3293/3742 3306/3679 3309/3681
f 3331/3699 3373/3749 3374/3743
f 3346/3714 3334/3713 3333/3701
f 3323/3697 3322/3748 3352/3721
f 3356/3744 3355/3745 3321/3692
f 3355/3745 3357/3746 3325/3694
f 3357/3746 3358/3758 3371/3747
f 3322/3748 3356/3744 3320/3691
f 3361/3725 3330/5096 3329/3698
f 3373/3749 3372/3752 3375/3750
f 3374/3743 3375/3750 3376/3751
f 3329/3698 3332/3700 3376/3751
f 3327/3723 3375/3750 3372/3752
f 3336/3703 3335/3702 3375/3750
f 3335/3702 3338/3712 3376/3751
f 3376/3751 3338/3712 3337/3704
f 3337/3704 3350/3718 3359/3724
f 3359/3724 3350/3718 3276/3753
f 3377/3754 3292/3668 3295/3670
f 3277/3572 3316/3688 3315/3755
f 3371/3747 3378/3757 3379/3756
f 3378/3757 3371/3747 3358/3758
f 3365/3732 3379/3756 3315/3755
f 3316/3688 3277/3572 3279/3571
f 3282/1580 3377/3754 3370/3737
f 3313/3686 3283/3763 3224/3760
f 3378/3757 3285/3562 3284/3555
f 3380/3759 3286/3563 3285/3562
f 3379/3756 3284/3555 3278/3554
f 3276/3753 3350/3718 3351/3719
f 3291/3761 3351/3719 3349/3717
f 3313/3686 3304/3677 2965/3170
f 2965/3170 3304/3677 3303/3684
f 222/307 3303/3684 3300/3674
f 223/308 3300/3674 3298/3672
f 3298/3672 3297/3739 3185/3509
f 3297/3739 3310/3740 2977/3189
f 3310/3740 3307/3682 1213/1242
f 3307/3682 3306/3679 1214/1243
f 2532/3080 1214/1243 3306/3679
f 2894/3081 2532/3080 3293/3742
f 2871/3762 2894/3081 3292/3668
f 3253/3537 3225/2288 3240/2319
f 3283/3763 3313/3686 3013/3229
f 1997/1865 1996/1866 1889/1739
f 1237/1257 745/839 744/838
f 1535/1782 1534/1784 120/1816
f 1531/1119 1532/1367 201/137
f 1119/1151 1241/1262 1032/1066
f 946/478 948/477 824/489
f 163/213 8/4 5/6
f 3589/3653 3726/3650 3723/3645
f 1155/573 1156/572 1162/581
f 427/280 213/132 327/1304
f 553/1454 1902/1779 796/1498
f 3381/3764 2232/2300 2231/2303
f 3381/3764 3178/3501 2230/2301
f 2237/2305 3183/3505 3180/3765
f 3383/3766 3384/3769 3385/3767
f 3384/3769 3386/3771 3387/3770
f 3386/3771 3388/3773 3389/3772
f 3388/3773 3390/3799 3391/3774
f 3392/3775 3393/3794 3394/3776
f 3395/3777 3394/3776 3396/3778
f 3398/3780 3399/3781 3397/3779
f 3400/3588 3401/3590 3399/3781
f 3403/3782 3404/3784 3405/3625
f 3406/3783 3407/3786 3404/3784
f 3408/3785 3409/3788 3407/3786
f 3410/3787 3411/3790 3409/3788
f 3412/3789 3413/3836 3411/3790
f 3415/3665 3400/3588 3398/3780
f 3414/3791 3398/3780 3396/3778
f 3416/3792 3396/3778 3394/3776
f 3417/3793 3394/3776 3393/3794
f 3393/3794 3419/3797 3420/3796
f 3419/3797 3390/3799 3421/3798
f 3390/3799 3388/3773 3422/3800
f 3388/3773 3386/3771 3423/3801
f 3386/3771 3384/3769 3424/3802
f 3384/3769 3383/3766 3425/3803
f 3425/3803 3383/3766 3426/3804
f 2904/3094 3427/3864 3428/3805
f 3429/3806 3427/3864 2904/3094
f 3430/3808 3429/3806 2902/3807
f 2875/3066 3431/3840 3430/3808
f 3432/3809 3433/3841 2733/2909
f 2825/3009 3434/3816 3435/3810
f 3437/3811 3438/3843 3439/3812
f 3441/3814 3437/3811 3436/3813
f 2724/2898 2723/2897 3434/3816
f 3436/3813 3439/3812 3115/3364
f 3440/3815 3436/3813 3117/3367
f 3443/3660 3415/3665 3414/3791
f 3442/3817 3414/3791 3416/3792
f 3444/3818 3416/3792 3417/3793
f 3445/3819 3417/3793 3418/3795
f 3446/3820 3418/3795 3420/3796
f 3420/3796 3421/3798 3448/3822
f 3421/3798 3422/3800 3449/3823
f 3422/3800 3423/3801 3450/3824
f 3423/3801 3424/3802 3451/3825
f 3424/3802 3425/3803 3452/3826
f 3425/3803 3184/3506 3056/3277
f 3451/3825 3452/3826 2253/2334
f 3450/3824 3451/3825 2252/2336
f 3449/3823 3450/3824 1727/1790
f 3448/3822 3449/3823 2150/2273
f 3453/3827 3447/3821 3448/3822
f 3454/3828 3446/3820 3447/3821
f 3455/3829 3445/3819 3446/3820
f 3456/3830 3444/3818 3445/3819
f 3442/3817 3444/3818 3456/3830
f 3443/3660 3442/3817 3457/3831
f 3459/3832 3460/3634 3458/3633
f 3457/3831 3456/3830 3455/3829
f 3459/3832 3455/3829 3454/3828
f 3462/3635 3460/3634 3459/3832
f 3461/3833 3454/3828 3453/3827
f 3464/575 3462/3635 3461/3833
f 3463/3834 3453/3827 1941/2194
f 3404/3784 3399/3781 3401/3590
f 3407/3786 3397/3779 3399/3781
f 3409/3788 3395/3777 3397/3779
f 3411/3790 3392/3775 3395/3777
f 3465/3835 3466/3839 3413/3836
f 3467/3837 3468/3844 3469/3838
f 3465/3835 3412/3789 3431/3840
f 3470/3842 3467/3837 3466/3839
f 3438/3843 3470/3842 3432/3809
f 3467/3837 3470/3842 3438/3843
f 3468/3844 3467/3837 3437/3811
f 3471/3845 3469/3838 3468/3844
f 3472/3846 3468/3844 3441/3814
f 3473/3847 3441/3814 3440/3815
f 2712/3848 3440/3815 3119/3369
f 3475/3849 3471/3845 3472/3846
f 3474/3850 3472/3846 3473/3847
f 3476/3851 3473/3847 2712/3848
f 3477/3852 3476/3851 2711/2888
f 3478/3853 3474/3850 3476/3851
f 3479/3854 3475/3849 3474/3850
f 3392/3775 3411/3790 3413/3836
f 3466/3839 3469/3838 3480/3855
f 3419/3797 3393/3794 3392/3775
f 3390/3799 3419/3797 3480/3855
f 3469/3838 3471/3845 3391/3774
f 3389/3772 3391/3774 3471/3845
f 3387/3770 3389/3772 3475/3849
f 3385/3767 3387/3770 3479/3854
f 3482/3857 3477/3852 2400/2478
f 3483/3858 3478/3853 3477/3852
f 3481/3856 3479/3854 3478/3853
f 3484/3859 3482/3857 2402/2477
f 3058/3279 3484/3859 2707/2884
f 3061/3281 3485/3860 3484/3859
f 3485/3860 3483/3858 3482/3857
f 3382/3768 3385/3767 3481/3856
f 3486/3861 3481/3856 3483/3858
f 3426/3804 3383/3766 3382/3768
f 3487/3862 3382/3768 3486/3861
f 3486/3861 3485/3860 3061/3281
f 1961/2036 3057/3507 3487/3862
f 3057/3507 3184/3506 3426/3804
f 3428/3805 3403/3782 3402/3626
f 3427/3864 3406/3783 3403/3782
f 3429/3806 3408/3785 3406/3783
f 3430/3808 3410/3787 3408/3785
f 3431/3840 3412/3789 3410/3787
f 3470/3842 3465/3835 3433/3841
f 3434/3816 3439/3812 3438/3843
f 2723/2897 3115/3364 3439/3812
f 2875/3066 2733/2909 3433/3841
f 2736/2908 2824/3006 3435/3810
f 2947/3152 3428/3805 3488/3863
f 3464/575 3463/3834 1360/2001
f 1900/1742 1925/1768 1924/1781
f 1736/1561 1717/1559 1718/1841
f 1955/3488 1952/1971 1943/3865
f 1671/1474 1738/1567 1735/1560
f 1696/1506 1750/1591 1698/1516
f 1800/1634 1865/948 1864/950
f 2063/1957 2055/1945 2056/1947
f 1737/1568 1734/1558 1717/1559
f 1751/1592 1735/1560 1697/1562
f 943/2088 3885/1392 3899/1394
f 3656/3605 3488/3863 3402/3626
f 1577/1531 1578/1601 1764/1605
f 3917/1606 1598/1396 1599/1525
f 1945/3866 146/557 82/61
f 68/49 6/5 7/2726
f 147/97 1542/1179 1543/1189
f 1109/544 1135/2261 1133/558
f 1503/2788 1910/1831 1907/1832
f 1499/1010 1501/1007 1909/1814
f 452/274 1922/3460 735/399
f 1824/1670 2068/2718 3835/3867
f 1825/1671 2067/1960 2068/2718
f 1463/3868 1462/1989 1022/532
f 841/686 1012/521 1009/522
f 1568/1783 1547/2838 1955/3488
f 1910/1831 1503/2788 1502/2763
f 1939/3869 1502/2763 422/256
f 309/1031 280/167 1940/1787
f 1804/1638 1851/959 1866/3870
f 269/163 1482/971 1954/1799
f 2065/1969 1607/1406 2060/2882
f 3812/3465 1685/1160 1758/3871
f 280/167 276/169 552/1276
f 1875/2146 1873/1712 1869/1714
f 1739/1582 1721/1557 1734/1558
f 1778/1616 1779/1675 1790/1678
f 310/184 1920/1755 1915/1757
f 1909/1814 1908/1813 1906/1749
f 1789/1621 1783/1614 1778/1616
f 978/509 981/508 980/1401
f 1584/1631 1759/3895 1731/1549
f 425/1057 426/1056 311/1436
f 148/96 1543/1189 115/80
f 2044/1720 3897/1719 3894/2017
f 277/242 1910/1831 1939/3869
f 1943/3865 1946/2100 1945/3866
f 1461/936 1462/1989 1463/3868
f 2253/2334 3452/3826 3056/3277
f 2981/3197 2254/3196 3489/3872
f 2209/2275 2998/3216 3489/3872
f 2254/3196 2253/2334 3055/3278
f 2998/3216 926/965 958/999
f 2826/3010 2817/3874 2721/2896
f 3490/3873 2739/3877 2721/2896
f 2816/2997 3491/3879 3490/3873
f 2334/3875 2297/2384 2296/2383
f 2298/2388 2297/2384 2334/3875
f 2301/2396 2298/2388 2336/2419
f 2311/2398 2301/2396 2338/2421
f 2312/2397 2311/2398 2354/2437
f 2359/2443 2358/2442 2361/2448
f 2335/2418 2296/2383 2359/2443
f 2414/3876 2413/2486 2365/2447
f 2413/2486 2270/2359 2361/2448
f 2355/2438 2352/2434 2540/2631
f 2541/2632 2540/2631 2539/2630
f 2722/3365 2721/2896 2739/3877
f 3114/3366 2722/3365 2738/2910
f 3110/3359 3112/3362 3121/3372
f 3108/3357 3110/3359 3120/3371
f 3122/3373 1754/1801 3127/3377
f 3112/3362 3122/3373 3126/3376
f 3127/3377 1754/1801 1753/1803
f 3139/3878 3133/3386 2529/2619
f 3744/3396 3775/3387 3133/3386
f 3490/3873 2789/2968 2740/2911
f 3491/3879 2790/2969 2789/2968
f 228/144 229/143 91/2877
f 245/1786 244/318 243/340
f 248/385 7/2726 247/339
f 2/2 297/1291 296/1187
f 145/1011 146/557 300/2000
f 327/1304 213/132 210/134
f 329/332 332/3222 331/1091
f 239/1191 241/187 240/190
f 373/2850 376/718 375/3578
f 178/2199 177/1889 176/177
f 1218/606 1225/609 1228/623
f 3862/640 1231/621 1295/667
f 808/445 809/452 824/489
f 3858/923 3859/863 1013/550
f 3813/782 3810/781 1411/761
f 2154/2149 2149/2148 2159/2156
f 3845/2090 3835/3867 1758/3871
f 306/449 807/450 1922/3460
f 2157/2150 2153/2147 1976/3511
f 708/2182 709/1338 2031/1913
f 1450/2169 1226/615 1227/617
f 1672/1478 1604/1398 1605/1954
f 1813/3880 1814/1665 1821/1667
f 1717/1559 1716/1532 1715/1533
f 176/177 159/106 402/1493
f 1710/1842 1705/1744 3916/1512
f 1712/1553 1580/1555 1577/1531
f 1705/1744 1713/1529 1711/1528
f 971/501 978/509 979/733
f 822/448 823/447 1094/552
f 2909/3881 2810/3882 2793/2973
f 2810/3882 2769/2988 2795/2981
f 2799/2979 2910/3102 2249/2327
f 3662/3883 3643/3101 2910/3102
f 2769/2988 2768/2951 2801/2982
f 3177/3499 3176/3500 3178/3501
f 3178/3501 3381/3764 3180/3765
f 3181/3503 1394/1470 1393/1472
f 3181/3503 1633/1700 1632/1702
f 3182/3504 1632/1702 2244/2314
f 3183/3505 2244/2314 2243/2313
f 3492/3884 2791/2972 2790/2969
f 2808/3885 3492/3884 3491/3879
f 2239/3886 3574/1170 3572/3887
f 1149/2264 1150/1907 3571/3889
f 1150/1907 2009/2072 3567/3891
f 2202/2277 3569/1337 3566/1336
f 2921/3892 3564/2811 3565/1770
f 3568/3894 3560/3183 2133/2178
f 1777/1607 1579/1599 1759/3895
f 1201/598 1196/599 1183/588
f 3561/1769 3554/820 2195/2251
f 3553/1460 3576/3930 2770/3897
f 3927/1519 3925/2956 1687/3508
f 1516/1966 152/1441 154/104
f 3549/1590 3562/1933 2974/3312
f 3550/3898 3548/2881 2779/2967
f 2771/3326 2772/3325 3575/3899
f 3070/3298 2771/3326 3546/3900
f 3547/1640 3544/827 2775/2990
f 1376/714 1375/713 1370/705
f 2767/3486 3543/819 3556/3129
f 2195/2251 3554/820 3543/819
f 2775/2990 3544/827 3542/826
f 3377/3754 3282/1580 3545/1579
f 3804/2983 3802/3932 3539/3902
f 2776/2991 3542/826 3538/1577
f 2240/3888 3572/3887 3535/3904
f 2920/3905 3535/3904 3669/3906
f 3548/2881 3534/1048 2786/2964
f 1805/1673 1850/957 1851/959
f 3534/1048 3532/1639 2787/3056
f 2951/3438 2773/2953 3540/3908
f 2772/3325 2951/3438 3531/3909
f 2973/3182 2224/3382 3530/3910
f 2224/3382 2223/2292 3537/3912
f 1957/2870 1953/1970 320/983
f 306/449 305/1093 304/1199
f 2770/3897 3576/3930 3528/1171
f 2913/3105 3528/1171 3574/1170
f 2923/3893 3565/1770 3527/2826
f 308/185 1940/1787 431/262
f 207/131 208/130 132/90
f 1879/1916 1876/1724 1881/1936
f 3733/3490 3787/1204 3525/1203
f 2475/2556 3070/3298 3558/3901
f 2476/3290 2475/2556 3524/3913
f 2223/2292 2476/3290 3523/3914
f 3522/1159 3549/1590 2803/3412
f 2037/3915 3563/2202 11/2191
f 1959/1999 1958/2101 450/272
f 2003/2065 3555/2128 3520/2127
f 9/2190 10/2192 334/328
f 2009/2072 2008/2071 3518/3916
f 2008/2071 2973/3182 3536/3911
f 3877/1202 672/3186 673/2296
f 3515/1789 3550/3898 2778/2957
f 2935/3917 3514/2120 3513/1695
f 111/3492 1149/2264 3570/3890
f 3510/3918 3514/2120 2935/3917
f 683/2797 3876/1939 3885/1392
f 3508/1624 3557/1507 2810/3882
f 736/2821 733/398 732/2883
f 1795/1629 1804/1638 1803/1708
f 3505/987 3510/3918 2938/3138
f 3507/958 3505/987 2939/3140
f 2950/3155 3512/1173 3504/3919
f 2940/3142 2949/3154 3504/3919
f 3801/3156 3791/1174 3512/1173
f 2868/3920 3509/993 3502/992
f 2869/3349 3502/992 3522/1159
f 1024/614 1034/605 1023/593
f 3500/949 3503/2193 2948/3153
f 551/1277 1939/3869 442/487
f 2972/3181 3499/3921 3568/3894
f 2032/2097 3533/1930 3499/3921
f 216/138 93/70 1924/1781
f 203/236 202/135 201/137
f 1828/1677 1848/1676 1847/1694
f 1958/2101 1957/2870 449/273
f 272/350 271/1003 178/2199
f 2871/3762 3545/1579 3495/1439
f 3619/3907 3669/3906 3564/2811
f 2801/2982 2768/2951 3643/3101
f 2005/2213 3758/1776 3654/1775
f 960/3494 886/485 899/2835
f 3657/3655 3655/3512 3612/3514
f 3780/3922 3788/3427 3646/3424
f 3151/3426 3646/3424 3593/2650
f 2193/2250 3604/3421 3623/2937
f 3607/3409 3603/3410 3145/3411
f 3603/3410 3649/2936 2761/2933
f 3592/3350 3607/3409 3144/3923
f 2926/3126 3658/3127 3634/3351
f 3634/3351 3592/3350 3104/3352
f 3755/3310 3754/812 3746/3924
f 566/1320 567/1319 3758/1776
f 3488/3863 3656/3605 1864/950
f 1602/1399 1586/1389 2079/2005
f 2868/3920 3658/3127 3611/3125
f 2922/3293 3611/3125 3610/3124
f 2923/3893 3610/3124 3618/3116
f 3670/3117 3613/3113 2918/3114
f 3619/3907 3670/3117 3614/3115
f 2921/3892 3618/3116 3670/3117
f 2920/3905 3614/3115 3586/2308
f 3613/3113 3642/3110 2915/3108
f 2917/3121 2766/2946 3622/2947
f 2916/3123 2917/3121 3641/3111
f 2239/3886 3587/2310 3652/3106
f 2911/3925 3640/3100 3652/3106
f 3643/3101 3640/3100 2911/3925
f 2797/2980 2801/2982 3662/3883
f 2797/2980 3591/2977 3598/2927
f 3622/2947 3628/2943 2763/2941
f 3608/2929 3628/2943 2764/3347
f 2194/3896 3623/2937 3648/2935
f 2221/2291 3648/2935 3649/2936
f 2756/2942 3608/2929 3609/2928
f 2750/2975 3598/2927 3609/2928
f 3669/3906 3535/3904 1817/2135
f 3763/2780 3770/1647 1691/3926
f 2515/2601 3621/2610 3590/2649
f 2548/2639 3590/2649 3593/2650
f 2513/2599 2489/2572 3632/2611
f 2513/2599 3616/2609 3621/2610
f 2509/2595 3633/2592 3620/2378
f 2510/2604 3632/2611 3633/2592
f 2289/2593 3620/2378 3639/2371
f 2283/2376 3639/2371 3617/2370
f 2240/3888 3586/2308 3587/2310
f 3659/3609 3657/3655 3624/3664
f 716/377 2121/2089 3887/2086
f 727/375 1999/1869 3761/2110
f 2165/3515 2171/2108 2170/2107
f 3660/807 3659/3609 3626/3591
f 3743/2042 3581/3583 3578/1774
f 2175/3580 2172/2106 769/419
f 2100/630 500/304 2095/2007
f 3758/1776 567/1319 3757/2040
f 640/1452 3560/1736 3568/3927
f 1653/1644 3576/3930 3553/1460
f 1895/2270 3536/3942 3530/3928
f 746/1283 3530/3928 3537/3929
f 1653/1644 1810/1169 3528/1171
f 3762/1609 1603/3139 1604/1398
f 2093/1754 2075/1753 2073/1977
f 959/517 996/516 995/1751
f 962/491 899/2835 919/527
f 1400/749 1401/2337 1398/747
f 1000/1750 817/444 1127/551
f 956/3185 959/517 884/462
f 1662/1674 3548/2881 3550/3898
f 2034/1915 3558/3941 3546/3931
f 3926/2955 1689/3952 3539/3902
f 3535/3904 3572/3887 766/2136
f 3572/3887 3574/1170 765/2091
f 334/328 3570/3939 3571/3933
f 1868/1766 3531/1765 3540/1492
f 1684/3934 1651/1459 1652/1508
f 1682/1806 1683/1805 775/423
f 1585/1001 1603/3139 3762/1609
f 3763/2780 3762/1609 1672/1478
f 2173/853 2174/1900 490/1457
f 1658/825 3544/827 3547/1640
f 3556/3129 3543/819 1650/2184
f 1571/813 3754/812 2010/2801
f 1587/1388 3664/2256 3671/2258
f 2099/2011 2095/2007 2077/1982
f 787/1780 3761/2110 1999/1869
f 2000/1868 3694/3622 786/1499
f 3155/3935 339/512 3697/2678
f 3713/3439 3155/3935 3683/3448
f 2180/2218 2179/2217 3685/3936
f 3496/1664 2180/2218 3684/3434
f 1684/3934 3846/1017 3840/1019
f 1760/2207 464/1311 3495/1439
f 2607/2705 3689/2706 3693/2686
f 2581/2673 3676/2679 3689/2706
f 2371/2458 2502/2693 3700/2585
f 2371/2458 3695/2687 3693/2686
f 2587/3314 3676/2679 3675/2680
f 2586/3313 3675/2680 3697/2678
f 2497/3172 3691/2579 3687/2586
f 2502/2693 2503/2692 3687/2586
f 2494/2576 3691/2579 3690/2578
f 3690/2578 3688/2555 2472/2552
f 3688/2555 3701/2548 2468/2549
f 3701/2548 3703/2547 2469/3937
f 726/397 3908/2028 3892/2049
f 581/383 3567/1120 3518/3938
f 10/2192 3511/5093 3570/3939
f 1837/2119 3514/2120 3510/3918
f 741/1282 3537/3929 3523/3940
f 1299/636 3524/1208 3558/3941
f 1851/959 3507/958 3504/3919
f 3527/2826 3565/1770 1820/1772
f 580/343 3518/3938 3536/3942
f 1758/3871 1685/1160 3522/1159
f 1693/1016 3557/1507 3508/1624
f 3504/3919 3512/1173 1867/1709
f 1894/1733 1826/2773 3568/3927
f 2126/2259 1418/780 3813/782
f 3906/2260 2126/2259 3841/2114
f 2113/2039 3911/2043 3867/2045
f 2179/2217 3713/3439 3789/3447
f 624/360 3903/2050 3904/2062
f 2192/2248 3604/3421 3788/3427
f 2177/2216 3541/1663 3787/1204
f 1364/2125 3824/690 3833/681
f 3858/923 3855/910 1470/3943
f 3135/3389 1753/1803 3775/3387
f 2069/2055 3812/3465 3835/3867
f 1351/879 3861/670 3853/671
f 2108/3944 3882/1762 3901/1764
f 2089/2145 2092/2144 3736/3442
f 3828/684 3834/680 1358/683
f 2001/2064 3749/3483 3783/3485
f 2187/2244 3783/3485 3719/3436
f 2130/2276 3756/3478 3752/3482
f 2004/2066 3752/3482 3749/3483
f 2014/2074 3724/3473 3779/3477
f 2201/2262 3779/3477 3756/3478
f 3167/3470 3720/3474 3759/3177
f 3168/3472 3724/3473 3720/3474
f 3159/3454 3709/3453 3764/3456
f 3160/3457 3764/3456 3765/3321
f 3730/3455 3707/3452 3158/3945
f 3158/3945 3707/3452 3709/3453
f 2200/2254 3069/3294 3730/3455
f 3685/3936 3789/3447 3742/3417
f 3722/3445 3774/3444 2197/2255
f 3790/3443 3736/3442 2092/2144
f 3774/3444 3790/3443 3721/3437
f 3154/3446 3706/3441 3790/3443
f 3155/3935 3713/3439 3706/3441
f 2091/3489 3719/3436 3721/3437
f 2196/2252 3148/3432 3750/3416
f 2193/2250 2196/2252 3776/3431
f 3604/3421 2193/2250 3781/3430
f 2086/3946 2192/2248 3780/3922
f 2087/2141 2086/3946 3778/3425
f 2204/3435 3742/3417 3751/3415
f 2205/2268 3751/3415 3750/3416
f 3909/2181 3886/2165 574/391
f 2124/2173 2087/2141 3777/3422
f 2208/2272 2124/2173 3760/3403
f 3711/3390 3785/3398 3140/3399
f 3785/3398 3745/3397 3138/3395
f 3745/3397 3744/3396 3139/3878
f 3771/3394 3712/3391 3136/3393
f 3712/3391 3711/3390 3137/3392
f 3775/3387 3767/3384 3131/3385
f 3767/3384 3782/3383 3132/3400
f 1813/3880 3839/1650 3838/1653
f 1293/661 3854/1793 3856/666
f 2184/2220 2321/3355 3748/2405
f 2181/2221 2184/2220 3732/3324
f 3765/3321 3768/3318 3079/3319
f 3768/3318 3734/3317 3080/3323
f 709/1338 3873/2167 3875/2129
f 2774/2954 2961/3166 3737/3165
f 3786/3292 3769/3291 2134/2179
f 3809/413 3808/412 766/2136
f 2968/3174 3784/3179 3766/3164
f 2969/3176 3759/3177 3784/3179
f 2958/3168 3747/3162 3737/3165
f 2132/3433 3747/3162 3766/3164
f 2321/3355 2185/2223 3771/3394
f 3860/849 3848/850 1449/2113
f 3905/2157 3874/2153 582/1461
f 3886/2165 3889/2164 577/3099
f 3847/1659 3826/1658 1818/1771
f 705/2159 3902/2084 3887/2086
f 3816/3662 3912/2067 3907/2069
f 2111/2124 3883/2123 3911/2043
f 3810/781 3829/691 1366/2126
f 1812/1654 3839/1650 3822/1652
f 675/1662 3851/2093 3852/2094
f 3496/1664 3705/3119 3851/2093
f 2110/2038 3867/2045 3868/2033
f 2104/2026 3896/2029 3901/1764
f 2109/2031 3868/2033 3899/1394
f 3842/1427 3831/877 703/390
f 1680/1844 3811/1488 3846/1017
f 1639/1435 1627/1409 3819/1411
f 623/361 3904/2062 3906/2260
f 2139/2130 2140/2013 3866/2015
f 1808/1645 1640/1642 3844/2092
f 3820/1669 3821/1668 1819/2825
f 3872/2087 3914/631 3900/633
f 1646/1434 3832/1443 3830/1445
f 3889/2164 3890/2158 633/2170
f 2139/2130 3865/2122 3875/2129
f 2156/2152 2155/2151 3871/2166
f 674/3187 3852/2094 3913/2104
f 2117/887 3817/886 3812/3465
f 1815/1661 3822/1652 3847/1659
f 3855/910 3849/909 1444/846
f 697/1233 3906/2260 3912/2067
f 866/682 842/1433 3836/603
f 3864/2180 3869/2134 2136/2131
f 3585/3654 3731/3651 3726/3650
f 3583/3581 3740/3663 3731/3651
f 3753/2041 3746/3924 3738/3656
f 3740/3663 3583/3581 3581/3583
f 1088/1379 3738/3656 3746/3924
f 3739/3666 3740/3663 3743/2042
f 2791/2972 3492/3884 3493/3948
f 3492/3884 2808/3885 2807/2984
f 2792/2970 3493/3948 3494/3949
f 3493/3948 2807/2984 2806/3903
f 3508/1624 2909/3881 3494/3949
f 3516/3950 3494/3949 2806/3903
f 2948/3153 3503/2193 3791/1174
f 2105/2046 3908/2028 3896/2029
f 3538/1577 3802/3932 3804/2983
f 680/1417 3878/1937 3876/1939
f 1891/2175 1890/1740 3910/1730
f 2905/3096 3799/3098 3801/3156
f 2900/3089 3797/3090 3799/3098
f 2901/3092 3797/3090 3807/3091
f 2734/2907 2878/3065 3806/3067
f 2877/3093 3807/3091 3806/3067
f 2820/3002 3800/3951 3794/3060
f 2818/3054 3796/2999 3792/3012
f 2823/3008 3793/3004 3792/3012
f 2822/3017 3793/3004 3798/3001
f 2819/3005 2735/3007 3800/3951
f 2817/3874 3796/2999 3795/2998
f 2809/2993 3805/2986 3795/2998
f 2808/3885 3805/2986 3803/2985
f 2805/2992 3804/2983 3803/2985
f 1702/1513 3921/1509 3923/1511
f 3922/1627 3920/1632 1797/1636
f 3915/1788 3916/1512 1706/1514
f 3918/1520 3927/1519 1692/1505
f 1657/1917 3898/2757 3880/1728
f 1890/1740 1877/1723 3895/1617
f 3772/1648 3770/1647 1674/1483
f 1689/3952 1690/1646 3772/1648
f 3926/2955 3802/3932 3538/1577
f 3516/3950 3539/3902 1689/3952
f 3917/1606 3923/1511 1703/1510
f 1598/1396 3917/1606 3928/1602
f 3880/1728 3884/1618 1876/1724
f 1691/3926 1690/1646 3925/2956
f 3925/2956 3926/2955 1688/3953
f 3934/3959 3933/3965 3937/3960
f 3934/3959 3938/3961 3939/3962
f 3932/3964 3936/4074 3937/3960
f 3938/3961 3942/3969 3943/3966
f 3937/3960 3936/4074 3940/3967
f 3937/3960 3941/3968 3942/3969
f 3942/3969 3946/3973 3947/3970
f 3941/3968 3940/3967 3944/3971
f 3942/3969 3941/3968 3945/3972
f 3947/3970 3946/3973 3950/3974
f 3944/3971 3948/4075 3949/3976
f 3945/3972 3949/3976 3950/3974
f 3950/3974 3954/3980 3955/3977
f 3949/3976 3948/4075 3952/3978
f 3950/3974 3949/3976 3953/3979
f 3955/3977 3954/3980 3958/3981
f 3953/3979 3952/3978 3956/3983
f 3953/3979 3957/3984 3958/3981
f 3959/3982 3958/3981 3962/3985
f 3957/3984 3956/3983 3960/3987
f 3958/3981 3957/3984 3961/3988
f 3962/3985 3966/3991 3967/3989
f 3960/3987 3964/4076 3965/3990
f 3961/3988 3965/3990 3966/3991
f 3966/3991 3970/3995 3971/3992
f 3965/3990 3964/4076 3968/3993
f 3966/3991 3965/3990 3969/3994
f 3970/3995 3974/3998 3975/3996
f 3968/3993 3972/4077 3973/3997
f 3969/3994 3973/3997 3974/3998
f 3974/3998 3978/4002 3979/3999
f 3973/3997 3972/4077 3976/4000
f 3974/3998 3973/3997 3977/4001
f 3979/3999 3978/4002 3982/4003
f 3976/4000 3980/4078 3981/4005
f 3977/4001 3981/4005 3982/4003
f 3982/4003 3986/4009 3987/4006
f 3981/4005 3980/4078 3984/4007
f 3982/4003 3981/4005 3985/4008
f 3987/4006 3986/4009 3990/4010
f 3984/4007 3988/4079 3989/4012
f 3985/4008 3989/4012 3990/4010
f 3991/4011 3990/4010 3994/4013
f 3989/4012 3988/4079 3992/4015
f 3990/4010 3989/4012 3993/4016
f 3995/4014 3994/4013 3998/4017
f 3992/4015 3996/4080 3997/4019
f 3993/4016 3997/4019 3998/4017
f 3998/4017 4002/4023 4003/4020
f 3997/4019 3996/4080 4000/4021
f 3998/4017 3997/4019 4001/4022
f 4002/4023 4006/4026 4007/4024
f 4000/4021 4004/4081 4005/4025
f 4001/4022 4005/4025 4006/4026
f 4006/4026 4010/4030 4011/4027
f 4005/4025 4004/4081 4008/4028
f 4006/4026 4005/4025 4009/4029
f 4011/4027 4010/4030 4014/4031
f 4008/4028 4012/4082 4013/4033
f 4009/4029 4013/4033 4014/4031
f 4014/4031 4018/4037 4019/4034
f 4013/4033 4012/4082 4016/4035
f 4014/4031 4013/4033 4017/4036
f 4019/4034 4018/4037 4022/4038
f 4016/4035 4020/4083 4021/4040
f 4017/4036 4021/4040 4022/4038
f 4023/4039 4022/4038 4026/4041
f 4021/4040 4020/4083 4024/4043
f 4022/4038 4021/4040 4025/4044
f 4027/4042 4026/4041 4030/4045
f 4024/4043 4028/4084 4029/4047
f 4025/4044 4029/4047 4030/4045
f 4031/4046 4030/4045 4034/4048
f 4029/4047 4028/4084 4032/4050
f 4030/4045 4029/4047 4033/4051
f 4034/4048 4038/4054 4039/4052
f 4032/4050 4036/4085 4037/4053
f 4033/4051 4037/4053 4038/4054
f 4038/4054 4042/4058 4043/4055
f 4037/4053 4036/4085 4040/4056
f 4038/4054 4037/4053 4041/4057
f 4043/4055 4042/4058 4046/4059
f 4040/4056 4044/4086 4045/4061
f 4041/4057 4045/4061 4046/4059
f 4046/4059 4050/4065 4051/4062
f 4045/4061 4044/4086 4048/4063
f 4046/4059 4045/4061 4049/4064
f 4051/4062 4050/4065 4055/4066
f 4048/4063 4053/4071 4054/4068
f 4049/4064 4054/4068 4055/4066
f 4056/4067 4055/4066 4059/4069
f 4053/4071 4057/4087 4058/4072
f 4055/4066 4054/4068 4058/4072
f 4060/4070 4059/4069 3934/3959
f 4058/4072 4057/4087 3932/3964
f 4058/4072 3933/3965 3934/3959
f 4069/4088 4068/4105 4081/4089
f 4066/4091 4079/4122 4080/4092
f 4065/4094 4064/4108 4077/4095
f 4063/4097 4062/4110 4075/4098
f 4071/4100 4084/4113 4085/4101
f 4069/4088 4082/4090 4083/4103
f 4067/4093 4080/4092 4081/4089
f 4066/4106 4065/4094 4078/4096
f 4063/4097 4076/4099 4077/4095
f 4061/4109 4074/4115 4075/4098
f 4072/4102 4085/4101 4086/4111
f 4071/4100 4070/4104 4083/4103
f 4076/4099 4089/4125 4090/4114
f 4074/4115 4087/4525 4088/4116
f 4086/4111 4085/4101 4098/4117
f 4083/4103 4096/4126 4097/4119
f 4082/4090 4081/4089 4094/4120
f 4079/4122 4092/4135 4093/4123
f 4078/4096 4077/4095 4090/4114
f 4076/4099 4075/4098 4088/4116
f 4085/4101 4084/4113 4097/4119
f 4082/4090 4095/4121 4096/4126
f 4080/4092 4093/4123 4094/4120
f 4079/4107 4078/4096 4091/4124
f 4089/4125 4102/4138 4103/4128
f 4088/4116 4087/4525 4100/4129
f 4098/4117 4111/4139 4112/4131
f 4096/4126 4109/4140 4110/4132
f 4095/4121 4094/4120 4107/4133
f 4092/4135 4105/4150 4106/4136
f 4090/4114 4103/4128 4104/4137
f 4089/4125 4088/4116 4101/4130
f 4097/4119 4110/4132 4111/4139
f 4095/4121 4108/4134 4109/4140
f 4094/4120 4093/4123 4106/4136
f 4092/4127 4091/4124 4104/4137
f 4103/4128 4102/4138 4115/4142
f 4100/4129 4113/5097 4114/4144
f 4112/4131 4111/4139 4124/4145
f 4110/4132 4109/4140 4122/4147
f 4107/4133 4120/4153 4121/4149
f 4105/4150 4118/5098 4119/4151
f 4103/4128 4116/4143 4117/4152
f 4101/4130 4114/4144 4115/4142
f 4110/4132 4123/4148 4124/4145
f 4109/4140 4108/4134 4121/4149
f 4107/4133 4106/4136 4119/4151
f 4105/4141 4104/4137 4117/4152
f 4115/4142 4128/4165 4129/4155
f 4114/4144 4113/5097 4126/4156
f 4124/4145 4137/4166 4138/4158
f 4123/4148 4122/4147 4135/4159
f 4120/4153 4133/4167 4134/4161
f 4119/4151 4118/5098 4131/4162
f 4117/4152 4116/4143 4129/4155
f 4114/4144 4127/4157 4128/4165
f 4124/4145 4123/4148 4136/4160
f 4122/4147 4121/4149 4134/4161
f 4119/4151 4132/4163 4133/4167
f 4117/4152 4130/4164 4131/4168
f 4129/4155 4128/4165 4141/4169
f 4126/4156 4139/4524 4140/4171
f 4138/4158 4137/4166 4150/4172
f 4136/4160 4135/4159 4148/4174
f 4133/4167 4146/4179 4147/4176
f 4131/4162 4144/4189 4145/4177
f 4130/4164 4129/4155 4142/4170
f 4127/4157 4140/4171 4141/4169
f 4137/4166 4136/4160 4149/4175
f 4135/4159 4134/4161 4147/4176
f 4132/4163 4145/4177 4146/4179
f 4131/4168 4130/4164 4143/4178
f 4142/4170 4141/4169 4154/4181
f 4140/4171 4139/4524 4152/4183
f 4150/4172 4163/4192 4164/4185
f 4149/4175 4148/4174 4161/4186
f 4146/4179 4159/4193 4160/4188
f 4144/4189 4157/5099 4158/4190
f 4142/4170 4155/4182 4156/4191
f 4140/4171 4153/4184 4154/4181
f 4149/4175 4162/4187 4163/4192
f 4148/4174 4147/4176 4160/4188
f 4146/4179 4145/4177 4158/4190
f 4144/4180 4143/4178 4156/4191
f 4155/4182 4154/4181 4167/4195
f 4153/4184 4152/4183 4165/4197
f 4163/4192 4176/4205 4177/4199
f 4161/4186 4174/4206 4175/4200
f 4159/4193 4172/4207 4173/4201
f 4158/4190 4157/5099 4170/4202
f 4155/4182 4168/4196 4169/4204
f 4153/4184 4166/4198 4167/4195
f 4163/4192 4162/4187 4175/4200
f 4161/4186 4160/4188 4173/4201
f 4159/4193 4158/4190 4171/4203
f 4156/4191 4169/4204 4170/4208
f 4167/4195 4180/4218 4181/4209
f 4165/4197 4178/4222 4179/4210
f 4176/4205 4189/4219 4190/4211
f 4175/4200 4174/4206 4187/4212
f 4173/4201 4172/4207 4185/4214
f 4170/4202 4183/4229 4184/4216
f 4169/4204 4168/4196 4181/4209
f 4167/4195 4166/4198 4179/4210
f 4175/4200 4188/4213 4189/4219
f 4173/4201 4186/4215 4187/4212
f 4171/4203 4184/4216 4185/4214
f 4170/4208 4169/4204 4182/4217
f 4180/4218 4193/4232 4194/4221
f 4178/4222 4191/4523 4192/4223
f 4190/4211 4189/4219 4202/4224
f 4187/4212 4200/4233 4201/4226
f 4186/4215 4185/4214 4198/4227
f 4183/4229 4196/4242 4197/4230
f 4182/4217 4181/4209 4194/4221
f 4180/4218 4179/4210 4192/4223
f 4189/4219 4188/4213 4201/4226
f 4186/4215 4199/4228 4200/4233
f 4184/4216 4197/4230 4198/4227
f 4183/4220 4182/4217 4195/4231
f 4193/4232 4206/4245 4207/4235
f 4192/4223 4191/4523 4204/4236
f 4202/4224 4215/4246 4216/4238
f 4200/4233 4213/4247 4214/4239
f 4199/4228 4198/4227 4211/4240
f 4196/4242 4209/4256 4210/4243
f 4194/4221 4207/4235 4208/4244
f 4193/4232 4192/4223 4205/4237
f 4201/4226 4214/4239 4215/4246
f 4199/4228 4212/4241 4213/4247
f 4198/4227 4197/4230 4210/4243
f 4196/4234 4195/4231 4208/4244
f 4207/4235 4206/4245 4219/4249
f 4204/4236 4217/5100 4218/4251
f 4216/4238 4215/4246 4228/4252
f 4213/4247 4226/4259 4227/4254
f 4211/4240 4224/4260 4225/4255
f 4209/4256 4222/5101 4223/4257
f 4207/4235 4220/4250 4221/4258
f 4205/4237 4218/4251 4219/4249
f 4214/4239 4227/4254 4228/4252
f 4213/4247 4212/4241 4225/4255
f 4211/4240 4210/4243 4223/4257
f 4209/4248 4208/4244 4221/4258
f 4219/4249 4232/4272 4233/4262
f 4218/4251 4217/5100 4230/4263
f 4228/4252 4241/4273 4242/4265
f 4226/4259 4239/4274 4240/4266
f 4225/4255 4224/4260 4237/4267
f 4223/4257 4222/5101 4235/4269
f 4221/4258 4220/4250 4233/4262
f 4218/4251 4231/4264 4232/4272
f 4228/4252 4227/4254 4240/4266
f 4226/4259 4225/4255 4238/4268
f 4223/4257 4236/4270 4237/4267
f 4221/4258 4234/4271 4235/4275
f 4233/4262 4232/4272 4245/4276
f 4230/4263 4243/4522 4244/4278
f 4242/4265 4241/4273 4254/4279
f 4240/4266 4239/4274 4252/4281
f 4237/4267 4250/4286 4251/4283
f 4235/4269 4248/4296 4249/4284
f 4234/4271 4233/4262 4246/4277
f 4231/4264 4244/4278 4245/4276
f 4241/4273 4240/4266 4253/4282
f 4239/4274 4238/4268 4251/4283
f 4236/4270 4249/4284 4250/4286
f 4235/4275 4234/4271 4247/4285
f 4246/4277 4245/4276 4258/4288
f 4244/4278 4243/4522 4256/4290
f 4254/4279 4267/4299 4268/4292
f 4253/4282 4252/4281 4265/4293
f 4250/4286 4263/4300 4264/4295
f 4248/4296 4261/5102 4262/4297
f 4246/4277 4259/4289 4260/4298
f 4244/4278 4257/4291 4258/4288
f 4253/4282 4266/4294 4267/4299
f 4252/4281 4251/4283 4264/4295
f 4250/4286 4249/4284 4262/4297
f 4248/4287 4247/4285 4260/4298
f 4259/4289 4258/4288 4271/4302
f 4257/4291 4256/4290 4269/4304
f 4267/4299 4280/4312 4281/4306
f 4265/4293 4278/4313 4279/4307
f 4263/4300 4276/4314 4277/4308
f 4262/4297 4261/5102 4274/4309
f 4259/4289 4272/4303 4273/4311
f 4257/4291 4270/4305 4271/4302
f 4266/4294 4279/4307 4280/4312
f 4265/4293 4264/4295 4277/4308
f 4263/4300 4262/4297 4275/4310
f 4260/4298 4273/4311 4274/4315
f 4271/4302 4284/4326 4285/4316
f 4269/4304 4282/4329 4283/4317
f 4281/4306 4280/4312 4293/4318
f 4279/4307 4278/4313 4291/4320
f 4277/4308 4276/4314 4289/4322
f 4274/4309 4287/4336 4288/4324
f 4273/4311 4272/4303 4285/4316
f 4271/4302 4270/4305 4283/4317
f 4280/4312 4279/4307 4292/4321
f 4277/4308 4290/4323 4291/4320
f 4275/4310 4288/4324 4289/4322
f 4274/4315 4273/4311 4286/4325
f 4284/4326 4297/4339 4298/4328
f 4282/4329 4295/4521 4296/4330
f 4294/4319 4293/4318 4306/4331
f 4291/4320 4304/4340 4305/4333
f 4290/4323 4289/4322 4302/4334
f 4287/4336 4300/4349 4301/4337
f 4286/4325 4285/4316 4298/4328
f 4284/4326 4283/4317 4296/4330
f 4293/4318 4292/4321 4305/4333
f 4290/4323 4303/4335 4304/4340
f 4288/4324 4301/4337 4302/4334
f 4287/4327 4286/4325 4299/4338
f 4297/4339 4310/4352 4311/4342
f 4296/4330 4295/4521 4308/4343
f 4306/4331 4319/4353 4320/4345
f 4304/4340 4317/4354 4318/4346
f 4303/4335 4302/4334 4315/4347
f 4300/4349 4313/4364 4314/4350
f 4298/4328 4311/4342 4312/4351
f 4297/4339 4296/4330 4309/4344
f 4305/4333 4318/4346 4319/4353
f 4304/4340 4303/4335 4316/4348
f 4302/4334 4301/4337 4314/4350
f 4300/4341 4299/4338 4312/4351
f 4310/4352 4323/4367 4324/4356
f 4308/4343 4321/5103 4322/4357
f 4320/4345 4319/4353 4332/4358
f 4318/4346 4317/4354 4330/4360
f 4316/4348 4315/4347 4328/4362
f 4313/4364 4326/5104 4327/4365
f 4311/4342 4324/4356 4325/4366
f 4310/4352 4309/4344 4322/4357
f 4318/4346 4331/4361 4332/4358
f 4316/4348 4329/4363 4330/4360
f 4315/4347 4314/4350 4327/4365
f 4312/4351 4325/4366 4326/4368
f 4323/4367 4336/4379 4337/4369
f 4322/4357 4321/5103 4334/4370
f 4332/4358 4345/4380 4346/4372
f 4330/4360 4343/4381 4344/4373
f 4329/4363 4328/4362 4341/4374
f 4327/4365 4326/5104 4339/4376
f 4325/4366 4324/4356 4337/4369
f 4322/4357 4335/4371 4336/4379
f 4332/4358 4331/4361 4344/4373
f 4330/4360 4329/4363 4342/4375
f 4327/4365 4340/4377 4341/4374
f 4325/4366 4338/4378 4339/4382
f 4337/4369 4336/4379 4350/4383
f 4334/4370 4348/4520 4349/4385
f 4346/4372 4345/4380 4359/4386
f 4344/4373 4343/4381 4357/4388
f 4341/4374 4355/4394 4356/4390
f 4340/4377 4339/4376 4353/4391
f 4338/4378 4337/4369 4351/4384
f 4335/4371 4349/4385 4350/4383
f 4345/4380 4344/4373 4358/4389
f 4343/4381 4342/4375 4356/4390
f 4340/4377 4354/4392 4355/4394
f 4338/4378 4352/4393 4353/4395
f 4351/4384 4350/4383 4363/4396
f 4349/4385 4348/4520 4361/4398
f 4359/4386 4372/4407 4373/4400
f 4358/4389 4357/4388 4370/4401
f 4355/4394 4368/4408 4369/4403
f 4354/4392 4353/4391 4366/4404
f 4351/4384 4364/4397 4365/4406
f 4349/4385 4362/4399 4363/4396
f 4358/4389 4371/4402 4372/4407
f 4357/4388 4356/4390 4369/4403
f 4355/4394 4354/4392 4367/4405
f 4352/4393 4365/4406 4366/4409
f 4364/4397 4363/4396 4376/4410
f 4362/4399 4361/4398 4374/4412
f 4373/4400 4372/4407 4385/4414
f 4370/4401 4383/4421 4384/4416
f 4368/4408 4381/4422 4382/4417
f 4367/4405 4366/4404 4379/4418
f 4364/4397 4377/4411 4378/4420
f 4362/4399 4375/4413 4376/4410
f 4372/4407 4371/4402 4384/4416
f 4370/4401 4369/4403 4382/4417
f 4368/4408 4367/4405 4380/4419
f 4365/4406 4378/4420 4379/4423
f 4376/4410 4389/4433 4390/4424
f 4374/4412 4387/4437 4388/4425
f 4385/4414 4398/4434 4399/4426
f 4384/4416 4383/4421 4396/4427
f 4382/4417 4381/4422 4394/4429
f 4379/4418 4392/5105 4393/4431
f 4378/4420 4377/4411 4390/4424
f 4376/4410 4375/4413 4388/4425
f 4384/4416 4397/4428 4398/4434
f 4382/4417 4395/4430 4396/4427
f 4380/4419 4393/4431 4394/4429
f 4379/4423 4378/4420 4391/4432
f 4389/4433 4402/4447 4403/4436
f 4387/4437 4400/4519 4401/4438
f 4399/4426 4398/4434 4411/4439
f 4396/4427 4409/4448 4410/4441
f 4395/4430 4394/4429 4407/4442
f 4393/4431 4392/5105 4405/4444
f 4391/4432 4390/4424 4403/4436
f 4389/4433 4388/4425 4401/4438
f 4398/4434 4397/4428 4410/4441
f 4395/4430 4408/4443 4409/4448
f 4393/4431 4406/4445 4407/4442
f 4391/4432 4404/4446 4405/4449
f 4402/4447 4415/4460 4416/4450
f 4401/4438 4400/4519 4413/4451
f 4411/4439 4424/4461 4425/4453
f 4409/4448 4422/4462 4423/4454
f 4408/4443 4407/4442 4420/4455
f 4406/4445 4405/4444 4418/4457
f 4403/4436 4416/4450 4417/4459
f 4402/4447 4401/4438 4414/4452
f 4410/4441 4423/4454 4424/4461
f 4408/4443 4421/4456 4422/4462
f 4407/4442 4406/4445 4419/4458
f 4404/4446 4417/4459 4418/4463
f 4416/4450 4415/4460 4428/4464
f 4413/4451 4426/4477 4427/4466
f 4425/4453 4424/4461 4437/4467
f 4423/4454 4422/4462 4435/4469
f 4421/4456 4420/4455 4433/4471
f 4418/4457 4431/5106 4432/4473
f 4416/4450 4429/4465 4430/4474
f 4415/4460 4414/4452 4427/4466
f 4423/4454 4436/4470 4437/4467
f 4421/4456 4434/4472 4435/4469
f 4420/4455 4419/4458 4432/4473
f 4418/4463 4417/4459 4430/4474
f 4428/4464 4441/4486 4442/4476
f 4426/4477 4439/4492 4440/4478
f 4437/4467 4450/4487 4451/4479
f 4435/4469 4448/4488 4449/4480
f 4434/4472 4433/4471 4446/4481
f 4432/4473 4431/5106 4444/4483
f 4430/4474 4429/4465 4442/4476
f 4427/4466 4440/4478 4441/4486
f 4437/4467 4436/4470 4449/4480
f 4435/4469 4434/4472 4447/4482
f 4432/4473 4445/4484 4446/4481
f 4430/4474 4443/4485 4444/4489
f 4442/4476 4441/4486 4454/4490
f 4439/4492 4452/4518 4453/4493
f 4451/4479 4450/4487 4463/4494
f 4449/4480 4448/4488 4461/4496
f 4446/4481 4459/4501 4460/4498
f 4444/4483 4457/4511 4458/4499
f 4443/4485 4442/4476 4455/4491
f 4440/4478 4453/4493 4454/4490
f 4450/4487 4449/4480 4462/4497
f 4447/4482 4460/4498 4461/4496
f 4445/4484 4458/4499 4459/4501
f 4444/4489 4443/4485 4456/4500
f 4455/4491 4454/4490 4467/4503
f 4453/4493 4452/4518 4465/4505
f 4463/4494 4476/4514 4477/4507
f 4462/4497 4461/4496 4474/4508
f 4459/4501 4472/4515 4473/4510
f 4457/4511 4470/5107 4471/4512
f 4455/4491 4468/4504 4469/4513
f 4453/4493 4466/4506 4467/4503
f 4462/4497 4475/4509 4476/4514
f 4461/4496 4460/4498 4473/4510
f 4459/4501 4458/4499 4471/4512
f 4457/4502 4456/4500 4469/4513
f 4468/4504 4467/4503 4063/4097
f 4466/4506 4465/4505 4061/4109
f 4477/4507 4476/4514 4072/4102
f 4474/4508 4070/4104 4071/4100
f 4472/4515 4068/4105 4069/4088
f 4471/4512 4470/5107 4066/4091
f 4468/4504 4064/4108 4065/4094
f 4466/4506 4062/4110 4063/4097
f 4476/4514 4475/4509 4071/4100
f 4474/4508 4473/4510 4069/4088
f 4472/4515 4471/4512 4067/4093
f 4469/4513 4065/4094 4066/4106
f 3935/3963 4061/4109 4465/4505
f 4465/4505 4452/4518 4056/4067
f 4452/4518 4439/4492 4051/4062
f 4439/4492 4426/4477 4047/4060
f 4047/4060 4426/4477 4413/4451
f 4043/4055 4413/4451 4400/4519
f 4039/4052 4400/4519 4387/4437
f 4387/4437 4374/4412 4031/4046
f 4031/4046 4374/4412 4361/4398
f 4361/4398 4348/4520 4023/4039
f 4348/4520 4334/4370 4019/4034
f 4334/4370 4321/5103 4015/4032
f 4015/4032 4321/5103 4308/4343
f 4011/4027 4308/4343 4295/4521
f 4007/4024 4295/4521 4282/4329
f 4282/4329 4269/4304 3999/4018
f 3999/4018 4269/4304 4256/4290
f 4256/4290 4243/4522 3991/4011
f 4243/4522 4230/4263 3987/4006
f 4230/4263 4217/5100 3983/4004
f 3983/4004 4217/5100 4204/4236
f 3979/3999 4204/4236 4191/4523
f 3975/3996 4191/4523 4178/4222
f 4178/4222 4165/4197 3967/3989
f 3967/3989 4165/4197 4152/4183
f 4152/4183 4139/4524 3959/3982
f 4139/4524 4126/4156 3955/3977
f 4126/4156 4113/5097 3951/3975
f 3951/3975 4113/5097 4100/4129
f 3947/3970 4100/4129 4087/4525
f 3943/3966 4087/4525 4074/4115
f 4074/4115 4061/4109 3935/3963
f 4480/4526 4479/4531 4483/4527
f 4480/4526 4484/4528 4485/4529
f 4479/4531 4478/4640 4482/4532
f 4484/4528 4488/4535 4489/4533
f 4482/4532 4486/4642 4487/4534
f 4483/4527 4487/4534 4488/4535
f 4488/4535 4492/4539 4493/4536
f 4487/4534 4486/4642 4490/4537
f 4488/4535 4487/4534 4491/4538
f 4493/4536 4492/4539 4496/4540
f 4490/4537 4494/4643 4495/4542
f 4491/4538 4495/4542 4496/4540
f 4496/4540 4500/4546 4501/4543
f 4495/4542 4494/4643 4498/4544
f 4496/4540 4495/4542 4499/4545
f 4501/4543 4500/4546 4504/4547
f 4498/4544 4502/4644 4503/4549
f 4499/4545 4503/4549 4504/4547
f 4505/4548 4504/4547 4508/4550
f 4503/4549 4502/4644 4506/4552
f 4504/4547 4503/4549 4507/4553
f 4509/4551 4508/4550 4512/4554
f 4506/4552 4510/4645 4511/4556
f 4507/4553 4511/4556 4512/4554
f 4513/4555 4512/4554 4516/4557
f 4511/4556 4510/4645 4514/4559
f 4512/4554 4511/4556 4515/4560
f 4516/4557 4520/4563 4521/4561
f 4514/4559 4518/4565 4519/4562
f 4515/4560 4519/4562 4520/4563
f 4520/4563 4524/4567 4525/4564
f 4518/4565 4522/4570 4523/4566
f 4520/4563 4519/4562 4523/4566
f 4525/4564 4524/4567 4528/4568
f 4522/4570 4526/4646 4527/4571
f 4523/4566 4527/4571 4528/4568
f 4528/4568 4532/4575 4533/4572
f 4527/4571 4526/4646 4530/4573
f 4528/4568 4527/4571 4531/4574
f 4533/4572 4532/4575 4536/4576
f 4530/4573 4534/4581 4535/4578
f 4531/4574 4535/4578 4536/4576
f 4537/4577 4536/4576 4540/4579
f 4534/4581 4538/4647 4539/4582
f 4536/4576 4535/4578 4539/4582
f 4541/4580 4540/4579 4544/4583
f 4539/4582 4538/4647 4542/4585
f 4539/4582 4543/4586 4544/4583
f 4544/4583 4548/4589 4549/4587
f 4542/4585 4546/4648 4547/4588
f 4544/4583 4543/4586 4547/4588
f 4548/4589 4552/4593 4553/4590
f 4547/4588 4546/4648 4550/4591
f 4547/4588 4551/4592 4552/4593
f 4552/4593 4556/4597 4557/4594
f 4551/4592 4550/4591 4554/4595
f 4552/4593 4551/4592 4555/4596
f 4557/4594 4556/4597 4560/4598
f 4554/4595 4558/4649 4559/4600
f 4555/4596 4559/4600 4560/4598
f 4560/4598 4564/4604 4565/4601
f 4559/4600 4558/4649 4562/4602
f 4560/4598 4559/4600 4563/4603
f 4565/4601 4564/4604 4568/4605
f 4562/4602 4566/4650 4567/4607
f 4563/4603 4567/4607 4568/4605
f 4569/4606 4568/4605 4572/4608
f 4567/4607 4566/4650 4570/4610
f 4568/4605 4567/4607 4571/4611
f 4572/4608 4576/4614 4577/4612
f 4570/4610 4574/4651 4575/4613
f 4571/4611 4575/4613 4576/4614
f 4576/4614 4580/4618 4581/4615
f 4575/4613 4574/4651 4578/4616
f 4576/4614 4575/4613 4579/4617
f 4580/4618 4584/4621 4585/4619
f 4578/4616 4582/4652 4583/4620
f 4579/4617 4583/4620 4584/4621
f 4584/4621 4588/4625 4589/4622
f 4583/4620 4582/4652 4586/4623
f 4584/4621 4583/4620 4587/4624
f 4589/4622 4588/4625 4592/4626
f 4586/4623 4590/4653 4591/4628
f 4587/4624 4591/4628 4592/4626
f 4592/4626 4596/4632 4597/4629
f 4591/4628 4590/4653 4594/4630
f 4592/4626 4591/4628 4595/4631
f 4597/4629 4596/4632 4601/4633
f 4594/4630 4599/4654 4600/4635
f 4595/4631 4600/4635 4601/4633
f 4602/4634 4601/4633 4605/4636
f 4600/4635 4599/4654 4603/4638
f 4601/4633 4600/4635 4604/4639
f 4606/4637 4605/4636 4480/4526
f 4603/4638 4478/4640 4479/4531
f 4604/4639 4479/4531 4480/4526
f 4615/4655 4614/4672 4627/4656
f 4612/4658 4625/5108 4626/4659
f 4611/4661 4610/4675 4623/4662
f 4609/4664 4608/4677 4621/4665
f 4618/4667 4617/4680 4630/4668
f 4615/4655 4628/4657 4629/4670
f 4613/4660 4626/4659 4627/4656
f 4612/4673 4611/4661 4624/4663
f 4609/4664 4622/4666 4623/4662
f 4607/4676 4620/4682 4621/4665
f 4619/4678 4618/4667 4631/4669
f 4617/4680 4616/4671 4629/4670
f 4622/4666 4635/4692 4636/4681
f 4620/4682 4633/5092 4634/4683
f 4632/4679 4631/4669 4644/4684
f 4629/4670 4642/4693 4643/4686
f 4628/4657 4627/4656 4640/4687
f 4626/4659 4625/5108 4638/4689
f 4624/4663 4623/4662 4636/4681
f 4622/4666 4621/4665 4634/4683
f 4631/4669 4630/4668 4643/4686
f 4628/4657 4641/4688 4642/4693
f 4626/4659 4639/4690 4640/4687
f 4624/4663 4637/4691 4638/4694
f 4635/4692 4648/4705 4649/4695
f 4634/4683 4633/5092 4646/4696
f 4644/4684 4657/4706 4658/4698
f 4642/4693 4655/4707 4656/4699
f 4641/4688 4640/4687 4653/4700
f 4639/4690 4638/4689 4651/4702
f 4636/4681 4649/4695 4650/4704
f 4635/4692 4634/4683 4647/4697
f 4643/4686 4656/4699 4657/4706
f 4642/4693 4641/4688 4654/4701
f 4640/4687 4639/4690 4652/4703
f 4637/4691 4650/4704 4651/4708
f 4648/4705 4661/4718 4662/4709
f 4646/4696 4659/5109 4660/4710
f 4658/4698 4657/4706 4670/4711
f 4656/4699 4655/4707 4668/4713
f 4653/4700 4666/4719 4667/4715
f 4651/4702 4664/5110 4665/4716
f 4649/4695 4662/4709 4663/4717
f 4648/4705 4647/4697 4660/4710
f 4656/4699 4669/4714 4670/4711
f 4654/4701 4667/4715 4668/4713
f 4653/4700 4652/4703 4665/4716
f 4651/4708 4650/4704 4663/4717
f 4661/4718 4674/4731 4675/4721
f 4660/4710 4659/5109 4672/4722
f 4670/4711 4683/4732 4684/4724
f 4668/4713 4681/4733 4682/4725
f 4667/4715 4666/4719 4679/4726
f 4665/4716 4664/5110 4677/4728
f 4663/4717 4662/4709 4675/4721
f 4661/4718 4660/4710 4673/4723
f 4670/4711 4669/4714 4682/4725
f 4667/4715 4680/4727 4681/4733
f 4665/4716 4678/4729 4679/4726
f 4663/4717 4676/4730 4677/4734
f 4675/4721 4674/4731 4687/4735
f 4672/4722 4685/5091 4686/4737
f 4684/4724 4683/4732 4696/4738
f 4682/4725 4681/4733 4694/4740
f 4679/4726 4692/4746 4693/4742
f 4678/4729 4677/4728 4690/4743
f 4676/4730 4675/4721 4688/4736
f 4673/4723 4686/4737 4687/4735
f 4683/4732 4682/4725 4695/4741
f 4681/4733 4680/4727 4693/4742
f 4678/4729 4691/4744 4692/4746
f 4676/4730 4689/4745 4690/4747
f 4688/4736 4687/4735 4700/4748
f 4686/4737 4685/5091 4698/4750
f 4696/4738 4709/4759 4710/4752
f 4695/4741 4694/4740 4707/4753
f 4692/4746 4705/4760 4706/4755
f 4691/4744 4690/4743 4703/4756
f 4688/4736 4701/4749 4702/4758
f 4686/4737 4699/4751 4700/4748
f 4695/4741 4708/4754 4709/4759
f 4694/4740 4693/4742 4706/4755
f 4692/4746 4691/4744 4704/4757
f 4689/4745 4702/4758 4703/4761
f 4701/4749 4700/4748 4713/4762
f 4699/4751 4698/4750 4711/4764
f 4710/4752 4709/4759 4722/4766
f 4707/4753 4720/4773 4721/4768
f 4705/4760 4718/4774 4719/4769
f 4704/4757 4703/4756 4716/4770
f 4701/4749 4714/4763 4715/4772
f 4699/4751 4712/4765 4713/4762
f 4709/4759 4708/4754 4721/4768
f 4707/4753 4706/4755 4719/4769
f 4705/4760 4704/4757 4717/4771
f 4702/4758 4715/4772 4716/4775
f 4713/4762 4726/4786 4727/4776
f 4711/4764 4724/4789 4725/4777
f 4723/4767 4722/4766 4735/4778
f 4721/4768 4720/4773 4733/4780
f 4719/4769 4718/4774 4731/4782
f 4716/4770 4729/5111 4730/4784
f 4715/4772 4714/4763 4727/4776
f 4713/4762 4712/4765 4725/4777
f 4721/4768 4734/4781 4735/4778
f 4719/4769 4732/4783 4733/4780
f 4717/4771 4730/4784 4731/4782
f 4716/4775 4715/4772 4728/4785
f 4726/4786 4739/4799 4740/4788
f 4724/4789 4737/5090 4738/4790
f 4736/4779 4735/4778 4748/4791
f 4733/4780 4746/4800 4747/4793
f 4732/4783 4731/4782 4744/4794
f 4730/4784 4729/5111 4742/4796
f 4728/4785 4727/4776 4740/4788
f 4726/4786 4725/4777 4738/4790
f 4735/4778 4734/4781 4747/4793
f 4732/4783 4745/4795 4746/4800
f 4730/4784 4743/4797 4744/4794
f 4728/4785 4741/4798 4742/4801
f 4739/4799 4752/4812 4753/4802
f 4738/4790 4737/5090 4750/4803
f 4748/4791 4761/4813 4762/4805
f 4746/4800 4759/4814 4760/4806
f 4745/4795 4744/4794 4757/4807
f 4743/4797 4742/4796 4755/4809
f 4740/4788 4753/4802 4754/4811
f 4739/4799 4738/4790 4751/4804
f 4747/4793 4760/4806 4761/4813
f 4745/4795 4758/4808 4759/4814
f 4744/4794 4743/4797 4756/4810
f 4741/4798 4754/4811 4755/4815
f 4753/4802 4752/4812 4765/4816
f 4750/4803 4763/5112 4764/4818
f 4762/4805 4761/4813 4774/4819
f 4759/4814 4772/4826 4773/4821
f 4758/4808 4757/4807 4770/4822
f 4755/4809 4768/5113 4769/4824
f 4753/4802 4766/4817 4767/4825
f 4752/4812 4751/4804 4764/4818
f 4760/4806 4773/4821 4774/4819
f 4758/4808 4771/4823 4772/4826
f 4757/4807 4756/4810 4769/4824
f 4755/4815 4754/4811 4767/4825
f 4765/4816 4778/4838 4779/4828
f 4764/4818 4763/5112 4776/4829
f 4774/4819 4787/4839 4788/4831
f 4772/4826 4785/4840 4786/4832
f 4771/4823 4770/4822 4783/4833
f 4769/4824 4768/5113 4781/4835
f 4767/4825 4766/4817 4779/4828
f 4765/4816 4764/4818 4777/4830
f 4774/4819 4773/4821 4786/4832
f 4771/4823 4784/4834 4785/4840
f 4769/4824 4782/4836 4783/4833
f 4767/4825 4780/4837 4781/4841
f 4779/4828 4778/4838 4791/4842
f 4776/4829 4789/5089 4790/4844
f 4788/4831 4787/4839 4800/4845
f 4786/4832 4785/4840 4798/4847
f 4783/4833 4796/4853 4797/4849
f 4782/4836 4781/4835 4794/4850
f 4780/4837 4779/4828 4792/4843
f 4777/4830 4790/4844 4791/4842
f 4787/4839 4786/4832 4799/4848
f 4785/4840 4784/4834 4797/4849
f 4782/4836 4795/4851 4796/4853
f 4780/4837 4793/4852 4794/4854
f 4792/4843 4791/4842 4804/4855
f 4790/4844 4789/5089 4802/4857
f 4800/4845 4813/4866 4814/4859
f 4799/4848 4798/4847 4811/4860
f 4796/4853 4809/4867 4810/4862
f 4795/4851 4794/4850 4807/4863
f 4792/4843 4805/4856 4806/4865
f 4790/4844 4803/4858 4804/4855
f 4799/4848 4812/4861 4813/4866
f 4798/4847 4797/4849 4810/4862
f 4796/4853 4795/4851 4808/4864
f 4793/4852 4806/4865 4807/4868
f 4805/4856 4804/4855 4817/4869
f 4803/4858 4802/4857 4815/4871
f 4814/4859 4813/4866 4826/4873
f 4811/4860 4824/4880 4825/4875
f 4809/4867 4822/4881 4823/4876
f 4808/4864 4807/4863 4820/4877
f 4805/4856 4818/4870 4819/4879
f 4803/4858 4816/4872 4817/4869
f 4813/4866 4812/4861 4825/4875
f 4811/4860 4810/4862 4823/4876
f 4809/4867 4808/4864 4821/4878
f 4806/4865 4819/4879 4820/4882
f 4817/4869 4830/4892 4831/4883
f 4815/4871 4828/4896 4829/4884
f 4826/4873 4839/4893 4840/4885
f 4825/4875 4824/4880 4837/4886
f 4823/4876 4822/4881 4835/4888
f 4820/4877 4833/5114 4834/4890
f 4819/4879 4818/4870 4831/4883
f 4817/4869 4816/4872 4829/4884
f 4825/4875 4838/4887 4839/4893
f 4823/4876 4836/4889 4837/4886
f 4821/4878 4834/4890 4835/4888
f 4820/4882 4819/4879 4832/4891
f 4830/4892 4843/4906 4844/4895
f 4828/4896 4841/5088 4842/4897
f 4840/4885 4839/4893 4852/4898
f 4837/4886 4850/4907 4851/4900
f 4836/4889 4835/4888 4848/4901
f 4834/4890 4833/5114 4846/4903
f 4832/4891 4831/4883 4844/4895
f 4830/4892 4829/4884 4842/4897
f 4839/4893 4838/4887 4851/4900
f 4836/4889 4849/4902 4850/4907
f 4834/4890 4847/4904 4848/4901
f 4832/4891 4845/4905 4846/4908
f 4843/4906 4856/4919 4857/4909
f 4842/4897 4841/5088 4854/4910
f 4852/4898 4865/4920 4866/4912
f 4850/4907 4863/4921 4864/4913
f 4849/4902 4848/4901 4861/4914
f 4847/4904 4846/4903 4859/4916
f 4844/4895 4857/4909 4858/4918
f 4843/4906 4842/4897 4855/4911
f 4851/4900 4864/4913 4865/4920
f 4849/4902 4862/4915 4863/4921
f 4848/4901 4847/4904 4860/4917
f 4845/4905 4858/4918 4859/4922
f 4857/4909 4856/4919 4869/4923
f 4855/4911 4854/4910 4867/4925
f 4866/4912 4865/4920 4878/4927
f 4864/4913 4863/4921 4876/4929
f 4862/4915 4861/4914 4874/4931
f 4859/4916 4872/5115 4873/4933
f 4857/4909 4870/4924 4871/4934
f 4856/4919 4855/4911 4868/4926
f 4864/4913 4877/4930 4878/4927
f 4862/4915 4875/4932 4876/4929
f 4861/4914 4860/4917 4873/4933
f 4859/4922 4858/4918 4871/4934
f 4869/4923 4882/4946 4883/4936
f 4868/4926 4867/4925 4880/4937
f 4878/4927 4891/4947 4892/4939
f 4877/4930 4876/4929 4889/4940
f 4874/4931 4887/4948 4888/4942
f 4873/4933 4872/5115 4885/4943
f 4871/4934 4870/4924 4883/4936
f 4868/4926 4881/4938 4882/4946
f 4878/4927 4877/4930 4890/4941
f 4876/4929 4875/4932 4888/4942
f 4873/4933 4886/4944 4887/4948
f 4871/4934 4884/4945 4885/4949
f 4883/4936 4882/4946 4896/4950
f 4880/4937 4894/5087 4895/4952
f 4892/4939 4891/4947 4905/4953
f 4890/4941 4889/4940 4903/4955
f 4887/4948 4901/4960 4902/4957
f 4885/4943 4899/4970 4900/4958
f 4884/4945 4883/4936 4897/4951
f 4881/4938 4895/4952 4896/4950
f 4891/4947 4890/4941 4904/4956
f 4889/4940 4888/4942 4902/4957
f 4886/4944 4900/4958 4901/4960
f 4885/4949 4884/4945 4898/4959
f 4897/4951 4896/4950 4909/4962
f 4895/4952 4894/5087 4907/4964
f 4905/4953 4918/4973 4919/4966
f 4904/4956 4903/4955 4916/4967
f 4901/4960 4914/4974 4915/4969
f 4899/4970 4912/5116 4913/4971
f 4897/4951 4910/4963 4911/4972
f 4895/4952 4908/4965 4909/4962
f 4904/4956 4917/4968 4918/4973
f 4903/4955 4902/4957 4915/4969
f 4901/4960 4900/4958 4913/4971
f 4899/4961 4898/4959 4911/4972
f 4910/4963 4909/4962 4922/4976
f 4908/4965 4907/4964 4920/4978
f 4919/4966 4918/4973 4931/4980
f 4916/4967 4929/4987 4930/4982
f 4914/4974 4927/4988 4928/4983
f 4913/4971 4912/5116 4925/4984
f 4910/4963 4923/4977 4924/4986
f 4908/4965 4921/4979 4922/4976
f 4918/4973 4917/4968 4930/4982
f 4916/4967 4915/4969 4928/4983
f 4914/4974 4913/4971 4926/4985
f 4911/4972 4924/4986 4925/4989
f 4922/4976 4935/4999 4936/4990
f 4920/4978 4933/5003 4934/4991
f 4931/4980 4944/5000 4945/4992
f 4930/4982 4929/4987 4942/4993
f 4928/4983 4927/4988 4940/4995
f 4925/4984 4938/5010 4939/4997
f 4924/4986 4923/4977 4936/4990
f 4922/4976 4921/4979 4934/4991
f 4930/4982 4943/4994 4944/5000
f 4928/4983 4941/4996 4942/4993
f 4926/4985 4939/4997 4940/4995
f 4925/4989 4924/4986 4937/4998
f 4935/4999 4948/5013 4949/5002
f 4933/5003 4946/5086 4947/5004
f 4945/4992 4944/5000 4957/5005
f 4942/4993 4955/5014 4956/5007
f 4941/4996 4940/4995 4953/5008
f 4938/5010 4951/5023 4952/5011
f 4937/4998 4936/4990 4949/5002
f 4935/4999 4934/4991 4947/5004
f 4944/5000 4943/4994 4956/5007
f 4941/4996 4954/5009 4955/5014
f 4939/4997 4952/5011 4953/5008
f 4938/5001 4937/4998 4950/5012
f 4948/5013 4961/5026 4962/5016
f 4947/5004 4946/5086 4959/5017
f 4957/5005 4970/5027 4971/5019
f 4955/5014 4968/5028 4969/5020
f 4954/5009 4953/5008 4966/5021
f 4951/5023 4964/5037 4965/5024
f 4949/5002 4962/5016 4963/5025
f 4948/5013 4947/5004 4960/5018
f 4956/5007 4969/5020 4970/5027
f 4954/5009 4967/5022 4968/5028
f 4953/5008 4952/5011 4965/5024
f 4951/5015 4950/5012 4963/5025
f 4962/5016 4961/5026 4974/5030
f 4959/5017 4972/5117 4973/5032
f 4971/5019 4970/5027 4983/5033
f 4968/5028 4981/5040 4982/5035
f 4966/5021 4979/5041 4980/5036
f 4964/5037 4977/5118 4978/5038
f 4962/5016 4975/5031 4976/5039
f 4960/5018 4973/5032 4974/5030
f 4969/5020 4982/5035 4983/5033
f 4967/5022 4980/5036 4981/5040
f 4966/5021 4965/5024 4978/5038
f 4964/5029 4963/5025 4976/5039
f 4975/5031 4974/5030 4987/5043
f 4973/5032 4972/5117 4985/5045
f 4983/5033 4996/5053 4997/5047
f 4981/5040 4994/5054 4995/5048
f 4979/5041 4992/5055 4993/5049
f 4978/5038 4977/5118 4990/5050
f 4976/5039 4975/5031 4988/5044
f 4973/5032 4986/5046 4987/5043
f 4983/5033 4982/5035 4995/5048
f 4981/5040 4980/5036 4993/5049
f 4978/5038 4991/5051 4992/5055
f 4976/5039 4989/5052 4990/5056
f 4988/5044 4987/5043 5000/5057
f 4985/5045 4998/5085 4999/5059
f 4997/5047 4996/5053 5009/5060
f 4995/5048 4994/5054 5007/5062
f 4992/5055 5005/5068 5006/5064
f 4991/5051 4990/5050 5003/5065
f 4989/5052 4988/5044 5001/5058
f 4986/5046 4999/5059 5000/5057
f 4996/5053 4995/5048 5008/5063
f 4994/5054 4993/5049 5006/5064
f 4991/5051 5004/5066 5005/5068
f 4989/5052 5002/5067 5003/5069
f 5001/5058 5000/5057 5013/5070
f 4999/5059 4998/5085 5011/5072
f 5009/5060 5022/5081 5023/5074
f 5008/5063 5007/5062 5020/5075
f 5005/5068 5018/5082 5019/5077
f 5004/5066 5003/5065 5016/5078
f 5001/5058 5014/5071 5015/5080
f 4999/5059 5012/5073 5013/5070
f 5008/5063 5021/5076 5022/5081
f 5007/5062 5006/5064 5019/5077
f 5005/5068 5004/5066 5017/5079
f 5002/5067 5015/5080 5016/5083
f 5014/5071 5013/5070 4609/4664
f 5012/5073 5011/5072 4607/4676
f 5022/5081 4618/4667 4619/4678
f 5020/5075 4616/4671 4617/4680
f 5018/5082 4614/4672 4615/4655
f 5017/5079 5016/5078 4612/4658
f 5014/5071 4610/4675 4611/4661
f 5012/5073 4608/4677 4609/4664
f 5021/5076 4617/4680 4618/4667
f 5020/5075 5019/5077 4615/4655
f 5018/5082 5017/5079 4613/4660
f 5015/5080 4611/4661 4612/4673
f 4481/4530 4607/4676 5011/5072
f 5011/5072 4998/5085 4602/4634
f 4998/5085 4985/5045 4597/4629
f 4985/5045 4972/5117 4593/4627
f 4593/4627 4972/5117 4959/5017
f 4589/4622 4959/5017 4946/5086
f 4585/4619 4946/5086 4933/5003
f 4933/5003 4920/4978 4577/4612
f 4577/4612 4920/4978 4907/4964
f 4907/4964 4894/5087 4569/4606
f 4894/5087 4880/4937 4565/4601
f 4880/4937 4867/4925 4561/4599
f 4561/4599 4867/4925 4854/4910
f 4557/4594 4854/4910 4841/5088
f 4553/4590 4841/5088 4828/4896
f 4828/4896 4815/4871 4545/4584
f 4545/4584 4815/4871 4802/4857
f 4802/4857 4789/5089 4537/4577
f 4789/5089 4776/4829 4533/4572
f 4776/4829 4763/5112 4529/4569
f 4529/4569 4763/5112 4750/4803
f 4525/4564 4750/4803 4737/5090
f 4521/4561 4737/5090 4724/4789
f 4724/4789 4711/4764 4513/4555
f 4513/4555 4711/4764 4698/4750
f 4698/4750 4685/5091 4505/4548
f 4685/5091 4672/4722 4501/4543
f 4672/4722 4659/5109 4497/4541
f 4497/4541 4659/5109 4646/4696
f 4493/4536 4646/4696 4633/5092
f 4489/4533 4633/5092 4620/4682
f 4620/4682 4607/4676 4481/4530
f 5024/5119/1 5055/5120/1 5054/5121/2
f 5024/5119/1 5025/5122/1 5055/5120/1
f 5025/5122/3 5056/5123/4 5055/5120/3
f 5025/5122/3 5026/5124/5 5056/5123/4
f 5026/5124/5 5057/5125/6 5056/5123/4
f 5026/5124/5 5027/5126/6 5057/5125/6
f 5027/5126/7 5058/5127/7 5057/5125/7
f 5027/5126/7 5028/5128/7 5058/5127/7
f 5028/5128/8 5059/5129/8 5058/5127/8
f 5028/5128/8 5029/5130/8 5059/5129/8
f 5029/5130/9 5060/5131/9 5059/5129/9
f 5029/5130/9 5030/5132/9 5060/5131/9
f 5030/5132/10 5061/5133/10 5060/5131/10
f 5030/5132/10 5031/5134/10 5061/5133/10
f 5031/5134/11 5032/5135/11 5061/5133/11
f 5032/5135/11 5062/5136/11 5061/5133/11
f 5032/5135/12 5033/5137/12 5062/5136/12
f 5033/5137/12 5063/5138/12 5062/5136/12
f 5033/5137/13 5034/5139/13 5063/5138/13
f 5034/5139/13 5064/5140/13 5063/5138/13
f 5034/5139/14 5035/5141/14 5064/5140/14
f 5035/5141/14 5065/5142/14 5064/5140/14
f 5035/5141/15 5036/5143/15 5065/5142/15
f 5036/5143/15 5066/5144/15 5065/5142/15
f 5036/5143/16 5037/5145/16 5066/5144/16
f 5037/5145/16 5067/5146/16 5066/5144/16
f 5037/5145/17 5038/5147/18 5067/5146/19
f 5038/5147/18 5068/5148/18 5067/5146/19
f 5084/5149/20 5099/5150/21 5100/5151/22
f 5084/5149/20 5100/5151/22 5085/5152/20
f 5085/5152/23 5100/5151/23 5101/5153/23
f 5085/5152/23 5101/5153/24 5086/5154/25
f 5086/5154/25 5101/5153/24 5102/5155/25
f 5086/5154/25 5102/5155/25 5087/5156/25
f 5087/5156/26 5102/5155/26 5103/5157/26
f 5087/5156/26 5103/5157/26 5088/5158/26
f 5088/5158/27 5103/5157/27 5104/5159/27
f 5088/5158/27 5104/5159/27 5089/5160/27
f 5089/5160/28 5104/5159/28 5105/5161/28
f 5089/5160/28 5105/5161/28 5090/5162/28
f 5090/5162/29 5105/5161/29 5106/5163/29
f 5090/5162/29 5106/5163/29 5091/5164/29
f 5091/5164/30 5106/5163/30 5092/5165/30
f 5092/5165/30 5106/5163/30 5107/5166/30
f 5092/5165/31 5107/5166/31 5093/5167/31
f 5093/5167/31 5107/5166/31 5108/5168/31
f 5093/5167/32 5108/5168/32 5094/5169/32
f 5094/5169/32 5108/5168/32 5109/5170/32
f 5094/5169/33 5109/5170/33 5095/5171/33
f 5095/5171/33 5109/5170/33 5110/5172/33
f 5095/5171/34 5110/5172/34 5096/5173/34
f 5096/5173/34 5110/5172/34 5111/5174/34
f 5096/5173/35 5111/5174/35 5097/5175/35
f 5097/5175/35 5111/5174/35 5112/5176/35
f 5097/5175/36 5112/5176/37 5098/5177/37
f 5098/5177/37 5112/5176/37 5113/5178/38
f 5099/5150/39 5054/5121/39 5100/5151/39
f 5100/5151/39 5054/5121/39 5055/5120/39
f 5100/5151/39 5055/5120/39 5101/5153/39
f 5101/5153/39 5055/5120/39 5056/5123/39
f 5101/5153/39 5056/5123/39 5102/5155/39
f 5102/5155/39 5056/5123/39 5057/5125/39
f 5102/5155/39 5057/5125/39 5103/5157/39
f 5103/5157/39 5057/5125/39 5058/5127/39
f 5103/5157/39 5058/5127/39 5104/5159/39
f 5104/5159/39 5058/5127/39 5059/5129/39
f 5104/5159/39 5059/5129/39 5105/5161/39
f 5105/5161/39 5059/5129/39 5060/5131/39
f 5105/5161/39 5060/5131/39 5106/5163/39
f 5106/5163/39 5060/5131/39 5061/5133/39
f 5106/5163/39 5061/5133/39 5062/5136/39
f 5106/5163/39 5062/5136/39 5107/5166/39
f 5107/5166/39 5062/5136/39 5063/5138/39
f 5107/5166/39 5063/5138/39 5108/5168/39
f 5108/5168/39 5063/5138/39 5064/5140/39
f 5108/5168/39 5064/5140/39 5109/5170/39
f 5109/5170/39 5064/5140/39 5065/5142/39
f 5109/5170/39 5065/5142/39 5110/5172/39
f 5110/5172/39 5065/5142/39 5066/5144/39
f 5110/5172/39 5066/5144/39 5111/5174/39
f 5111/5174/39 5066/5144/39 5067/5146/39
f 5111/5174/39 5067/5146/39 5112/5176/39
f 5112/5176/39 5067/5146/39 5068/5148/39
f 5112/5176/39 5068/5148/39 5113/5178/39
f 5069/5179/40 5070/5180/2 5039/5181/2
f 5070/5180/2 5040/5182/41 5039/5181/2
f 5070/5180/4 5071/5183/4 5040/5182/4
f 5071/5183/42 5041/5184/5 5040/5182/3
f 5071/5183/42 5072/5185/43 5041/5184/5
f 5072/5185/43 5042/5186/43 5041/5184/5
f 5072/5185/44 5073/5187/44 5042/5186/44
f 5073/5187/44 5043/5188/44 5042/5186/44
f 5073/5187/45 5074/5189/45 5043/5188/45
f 5074/5189/45 5044/5190/45 5043/5188/45
f 5074/5189/9 5075/5191/9 5044/5190/9
f 5075/5191/9 5045/5192/9 5044/5190/9
f 5075/5191/10 5076/5193/10 5045/5192/10
f 5076/5193/10 5046/5194/10 5045/5192/10
f 5076/5193/11 5047/5195/11 5046/5194/11
f 5076/5193/11 5077/5196/11 5047/5195/11
f 5077/5196/46 5048/5197/46 5047/5195/46
f 5077/5196/46 5078/5198/46 5048/5197/46
f 5078/5198/13 5049/5199/13 5048/5197/13
f 5078/5198/13 5079/5200/13 5049/5199/13
f 5079/5200/14 5050/5201/14 5049/5199/14
f 5079/5200/14 5080/5202/14 5050/5201/14
f 5080/5202/47 5051/5203/47 5050/5201/47
f 5080/5202/47 5081/5204/47 5051/5203/47
f 5081/5204/48 5052/5205/49 5051/5203/49
f 5081/5204/48 5082/5206/49 5052/5205/49
f 5082/5206/19 5053/5207/19 5052/5205/50
f 5082/5206/19 5083/5208/50 5053/5207/19
f 5114/5209/21 5130/5210/20 5129/5211/20
f 5114/5209/21 5115/5212/21 5130/5210/20
f 5115/5212/51 5131/5213/52 5130/5210/51
f 5115/5212/51 5116/5214/53 5131/5213/52
f 5116/5214/53 5132/5215/25 5131/5213/52
f 5116/5214/53 5117/5216/25 5132/5215/25
f 5117/5216/26 5133/5217/26 5132/5215/26
f 5117/5216/26 5118/5218/26 5133/5217/26
f 5118/5218/54 5134/5219/54 5133/5217/54
f 5118/5218/54 5119/5220/54 5134/5219/54
f 5119/5220/55 5135/5221/55 5134/5219/55
f 5119/5220/55 5120/5222/55 5135/5221/55
f 5120/5222/56 5136/5223/56 5135/5221/56
f 5120/5222/56 5121/5224/56 5136/5223/56
f 5121/5224/30 5122/5225/30 5136/5223/30
f 5122/5225/30 5137/5226/30 5136/5223/30
f 5122/5225/57 5123/5227/57 5137/5226/57
f 5123/5227/57 5138/5228/57 5137/5226/57
f 5123/5227/58 5124/5229/58 5138/5228/58
f 5124/5229/58 5139/5230/58 5138/5228/58
f 5124/5229/33 5125/5231/33 5139/5230/33
f 5125/5231/33 5140/5232/33 5139/5230/33
f 5125/5231/34 5126/5233/34 5140/5232/34
f 5126/5233/34 5141/5234/34 5140/5232/34
f 5126/5233/35 5127/5235/35 5141/5234/35
f 5127/5235/35 5142/5236/35 5141/5234/35
f 5127/5235/59 5128/5237/60 5142/5236/36
f 5128/5237/60 5143/5238/61 5142/5236/36
f 5129/5211/62 5130/5210/62 5069/5179/62
f 5130/5210/62 5070/5180/62 5069/5179/62
f 5130/5210/62 5131/5213/62 5070/5180/62
f 5131/5213/62 5071/5183/62 5070/5180/62
f 5131/5213/62 5132/5215/62 5071/5183/62
f 5132/5215/62 5072/5185/62 5071/5183/62
f 5132/5215/62 5133/5217/62 5072/5185/62
f 5133/5217/62 5073/5187/62 5072/5185/62
f 5133/5217/62 5134/5219/62 5073/5187/62
f 5134/5219/62 5074/5189/62 5073/5187/62
f 5134/5219/62 5135/5221/62 5074/5189/62
f 5135/5221/62 5075/5191/62 5074/5189/62
f 5135/5221/62 5136/5223/62 5075/5191/62
f 5136/5223/62 5076/5193/62 5075/5191/62
f 5136/5223/62 5077/5196/62 5076/5193/62
f 5136/5223/62 5137/5226/62 5077/5196/62
f 5137/5226/62 5078/5198/62 5077/5196/62
f 5137/5226/62 5138/5228/62 5078/5198/62
f 5138/5228/62 5079/5200/62 5078/5198/62
f 5138/5228/62 5139/5230/62 5079/5200/62
f 5139/5230/62 5080/5202/62 5079/5200/62
f 5139/5230/62 5140/5232/62 5080/5202/62
f 5140/5232/62 5081/5204/62 5080/5202/62
f 5140/5232/62 5141/5234/62 5081/5204/62
f 5141/5234/62 5082/5206/62 5081/5204/62
f 5141/5234/62 5142/5236/62 5082/5206/62
f 5142/5236/62 5083/5208/62 5082/5206/62
f 5142/5236/62 5143/5238/62 5083/5208/62
#tongue
f 5144/5239/1 5145/5240/2 5146/5241/3
f 5146/5241/3 5147/5242/4 5144/5239/1
f 5145/5240/5 5148/5243/6 5149/5244/7
f 5149/5244/7 5146/5241/8 5145/5240/5
f 5150/5245/9 5151/5246/10 5146/5241/11
f 5146/5241/11 5149/5244/12 5150/5245/9
f 5151/5246/13 5152/5247/14 5147/5242/4
f 5147/5242/4 5146/5241/3 5151/5246/13
f 5153/5248/15 5154/5249/16 5155/5250/17
f 5155/5250/18 5156/5251/19 5153/5248/20
f 5154/5249/21 5144/5252/22 5147/5253/23
f 5147/5253/24 5155/5250/24 5154/5249/24
f 5152/5254/25 5157/5255/26 5155/5250/27
f 5155/5250/27 5147/5253/28 5152/5254/25
f 5157/5255/29 5158/5256/30 5156/5251/31
f 5156/5251/19 5155/5250/18 5157/5255/32
f 5159/5257/33 5160/5258/34 5161/5259/35
f 5161/5259/35 5162/5260/36 5159/5257/33
f 5160/5258/37 5163/5261/38 5164/5262/39
f 5164/5262/39 5161/5259/40 5160/5258/37
f 5148/5243/6 5145/5240/5 5161/5259/41
f 5161/5259/41 5164/5262/42 5148/5243/6
f 5145/5240/2 5144/5239/1 5162/5260/43
f 5162/5260/43 5161/5259/44 5145/5240/2
f 5165/5263/45 5166/5264/45 5167/5265/45
f 5167/5265/46 5168/5266/47 5165/5263/48
f 5166/5264/49 5159/5267/50 5162/5268/51
f 5162/5268/43 5167/5265/52 5166/5264/53
f 5144/5252/22 5154/5249/21 5167/5265/54
f 5167/5265/52 5162/5268/43 5144/5252/1
f 5154/5249/16 5153/5248/15 5168/5266/55
f 5168/5266/47 5167/5265/46 5154/5249/56
f 5169/5269/57 5170/5270/58 5171/5271/59
f 5171/5271/59 5172/5272/60 5169/5269/57
f 5170/5270/61 5173/5273/62 5174/5274/63
f 5174/5274/63 5171/5271/64 5170/5270/61
f 5163/5261/65 5160/5258/65 5171/5271/65
f 5171/5271/66 5174/5274/66 5163/5261/66
f 5160/5258/67 5159/5257/68 5172/5272/69
f 5172/5272/69 5171/5271/70 5160/5258/67
f 5175/5275/71 5176/5276/72 5177/5277/73
f 5177/5277/73 5178/5278/74 5175/5275/71
f 5176/5276/75 5169/5279/76 5172/5280/77
f 5172/5280/77 5177/5277/78 5176/5276/75
f 5159/5267/50 5166/5264/49 5177/5277/79
f 5177/5277/79 5172/5280/80 5159/5267/50
f 5166/5264/81 5165/5263/82 5178/5278/83
f 5178/5278/83 5177/5277/84 5166/5264/81
f 5179/5281/85 5180/5282/86 5181/5283/87
f 5181/5283/87 5182/5284/88 5179/5281/85
f 5180/5282/89 5173/5273/90 5170/5270/91
f 5170/5270/91 5181/5283/92 5180/5282/89
f 5169/5269/93 5183/5285/94 5181/5283/95
f 5181/5283/95 5170/5270/96 5169/5269/93
f 5183/5285/97 5184/5286/98 5182/5284/99
f 5182/5284/99 5181/5283/100 5183/5285/97
f 5184/5287/101 5183/5288/102 5185/5289/103
f 5185/5289/103 5186/5290/104 5184/5287/101
f 5183/5288/105 5169/5279/105 5176/5276/105
f 5176/5276/106 5185/5289/106 5183/5288/106
f 5175/5275/107 5187/5291/107 5185/5289/107
f 5185/5289/108 5176/5276/108 5175/5275/108
f 5187/5291/109 5188/5292/109 5186/5290/109
f 5186/5290/110 5185/5289/110 5187/5291/110
f 5189/5293/111 5190/5294/112 5191/5295/113
f 5191/5295/114 5192/5296/115 5189/5293/116
f 5190/5294/117 5179/5281/117 5182/5284/117
f 5182/5284/118 5191/5295/113 5190/5294/112
f 5184/5286/119 5193/5297/120 5191/5295/121
f 5191/5295/121 5182/5284/122 5184/5286/119
f 5193/5297/123 5194/5298/124 5192/5296/125
f 5192/5296/125 5191/5295/126 5193/5297/123
f 5194/5299/124 5193/5300/123 5195/5301/127
f 5195/5301/127 5196/5302/128 5194/5299/124
f 5193/5300/120 5184/5287/119 5186/5290/129
f 5186/5290/129 5195/5301/130 5193/5300/120
f 5188/5292/131 5197/5303/132 5195/5301/133
f 5195/5301/134 5186/5290/134 5188/5292/134
f 5197/5303/132 5198/5304/135 5196/5302/136
f 5196/5302/136 5195/5301/133 5197/5303/132
f 5199/5305/137 5200/5306/137 5201/5307/137
f 5201/5307/138 5202/5308/138 5199/5305/138
f 5200/5306/139 5189/5293/116 5192/5296/115
f 5192/5296/115 5201/5307/140 5200/5306/139
f 5194/5298/141 5203/5309/142 5201/5307/143
f 5201/5307/144 5192/5296/125 5194/5298/124
f 5203/5309/145 5204/5310/145 5202/5308/145
f 5202/5308/146 5201/5307/146 5203/5309/146
f 5205/5311/147 5206/5312/147 5207/5313/147
f 5207/5314/148 5208/5315/148 5205/5316/148
f 5206/5312/149 5199/5305/149 5202/5308/149
f 5202/5308/150 5207/5313/150 5206/5312/150
f 5204/5317/151 5209/5318/151 5207/5314/151
f 5207/5313/152 5202/5308/152 5204/5310/152
f 5209/5318/153 5210/5319/153 5208/5315/153
f 5208/5315/154 5207/5314/154 5209/5318/154
f 5204/5317/155 5203/5320/156 5211/5321/157
f 5211/5321/157 5209/5318/158 5204/5317/155
f 5203/5320/142 5194/5299/141 5196/5302/159
f 5196/5302/160 5211/5321/161 5203/5320/162
f 5198/5304/163 5212/5322/163 5211/5321/163
f 5211/5321/161 5196/5302/160 5198/5304/164
f 5212/5322/165 5210/5319/165 5209/5318/165
f 5209/5318/166 5211/5321/166 5212/5322/166
f 5213/5323/167 5214/5324/168 5215/5325/169
f 5215/5325/169 5216/5326/170 5213/5323/167
f 5214/5324/171 5217/5327/171 5218/5328/171
f 5218/5328/172 5215/5325/172 5214/5324/172
f 5158/5256/30 5157/5255/29 5215/5325/173
f 5215/5325/174 5218/5328/174 5158/5256/174
f 5157/5255/175 5152/5254/176 5216/5326/177
f 5216/5326/177 5215/5325/178 5157/5255/175
f 5219/5329/179 5220/5330/179 5221/5331/179
f 5221/5331/180 5222/5332/180 5219/5329/180
f 5220/5330/181 5213/5333/182 5216/5334/183
f 5216/5334/183 5221/5331/184 5220/5330/181
f 5152/5247/185 5151/5246/186 5221/5331/187
f 5221/5331/187 5216/5334/188 5152/5247/185
f 5151/5246/189 5150/5245/190 5222/5332/191
f 5222/5332/191 5221/5331/192 5151/5246/189
f 5223/5335/193 5224/5336/193 5225/5337/193
f 5225/5337/194 5226/5338/194 5223/5335/194
f 5224/5336/195 5227/5339/196 5228/5340/197
f 5228/5340/197 5225/5337/198 5224/5336/195
f 5213/5333/199 5220/5330/199 5225/5337/199
f 5225/5337/200 5228/5340/200 5213/5333/200
f 5220/5330/201 5219/5329/201 5226/5338/201
f 5226/5338/202 5225/5337/202 5220/5330/202
f 5229/5341/203 5230/5342/204 5231/5343/205
f 5231/5343/206 5232/5344/206 5229/5341/206
f 5230/5342/207 5233/5345/207 5234/5346/207
f 5234/5346/208 5231/5343/205 5230/5342/204
f 5227/5339/209 5224/5336/209 5231/5343/209
f 5231/5343/210 5234/5346/211 5227/5339/210
f 5224/5336/212 5223/5335/213 5232/5344/214
f 5232/5344/214 5231/5343/215 5224/5336/212
f 5223/5335/216 5226/5338/216 5235/5347/216
f 5235/5347/217 5236/5348/217 5223/5335/217
f 5226/5338/218 5219/5329/218 5237/5349/218
f 5237/5349/219 5235/5347/219 5226/5338/219
f 5238/5350/220 5236/5348/220 5235/5347/220
f 5235/5347/221 5237/5349/221 5238/5350/221
f 5239/5351/222 5240/5352/223 5241/5353/223
f 5241/5353/224 5242/5354/224 5239/5351/224
f 5240/5352/225 5229/5341/225 5232/5344/225
f 5232/5344/226 5241/5353/226 5240/5352/226
f 5223/5335/227 5236/5348/227 5241/5353/227
f 5241/5353/228 5232/5344/228 5223/5335/228
f 5236/5348/229 5238/5350/229 5242/5354/229
f 5242/5354/230 5241/5353/230 5236/5348/230
f 5243/5355/231 5244/5356/232 5245/5357/233
f 5245/5357/233 5246/5358/234 5243/5355/231
f 5244/5356/235 5247/5359/236 5248/5360/237
f 5248/5360/237 5245/5357/238 5244/5356/235
f 5233/5345/239 5230/5342/240 5245/5357/241
f 5245/5357/242 5248/5360/242 5233/5345/242
f 5230/5342/243 5229/5341/243 5246/5358/243
f 5246/5358/244 5245/5357/241 5230/5342/240
f 5238/5350/245 5237/5349/245 5249/5361/245
f 5249/5361/246 5250/5362/246 5238/5350/246
f 5237/5349/247 5219/5329/247 5222/5332/247
f 5222/5332/248 5249/5361/249 5237/5349/250
f 5150/5245/251 5251/5363/252 5249/5361/249
f 5249/5361/249 5222/5332/248 5150/5245/251
f 5251/5363/253 5252/5364/254 5250/5362/255
f 5250/5362/256 5249/5361/256 5251/5363/256
f 5253/5365/257 5254/5366/258 5255/5367/259
f 5255/5367/259 5256/5368/260 5253/5365/257
f 5254/5366/261 5243/5355/262 5246/5358/263
f 5246/5358/263 5255/5367/264 5254/5366/261
f 5229/5341/265 5240/5352/266 5255/5367/267
f 5255/5367/267 5246/5358/268 5229/5341/265
f 5240/5352/269 5239/5351/270 5256/5368/271
f 5256/5368/271 5255/5367/272 5240/5352/269
f 5253/5365/273 5256/5368/274 5257/5369/275
f 5257/5369/275 5258/5370/276 5253/5365/273
f 5256/5368/277 5239/5351/278 5242/5354/277
f 5242/5354/279 5257/5369/279 5256/5368/279
f 5238/5350/280 5250/5362/280 5257/5369/280
f 5257/5369/281 5242/5354/281 5238/5350/281
f 5250/5362/282 5252/5364/283 5258/5370/284
f 5258/5370/284 5257/5369/285 5250/5362/282
f 5259/5371/286 5260/5372/287 5261/5373/288
f 5261/5373/288 5262/5374/289 5259/5371/286
f 5260/5372/290 5263/5375/291 5264/5376/292
f 5264/5376/292 5261/5373/293 5260/5372/290
f 5247/5359/294 5244/5356/295 5261/5373/293
f 5261/5373/293 5264/5376/292 5247/5359/294
f 5244/5356/296 5243/5355/297 5262/5374/289
f 5262/5374/289 5261/5373/288 5244/5356/296
f 5252/5364/254 5251/5363/253 5265/5377/298
f 5265/5377/298 5266/5378/299 5252/5364/254
f 5251/5363/252 5150/5245/251 5149/5244/300
f 5149/5244/300 5265/5377/301 5251/5363/252
f 5148/5243/302 5267/5379/303 5265/5377/304
f 5265/5377/304 5149/5244/305 5148/5243/302
f 5267/5379/306 5268/5380/307 5266/5378/308
f 5266/5378/308 5265/5377/309 5267/5379/306
f 5269/5381/310 5270/5382/310 5271/5383/310
f 5271/5383/311 5272/5384/311 5269/5381/311
f 5270/5382/312 5259/5371/312 5262/5374/312
f 5262/5374/313 5271/5383/313 5270/5382/313
f 5243/5355/314 5254/5366/315 5271/5383/316
f 5271/5383/316 5262/5374/317 5243/5355/314
f 5254/5366/318 5253/5365/319 5272/5384/320
f 5272/5384/320 5271/5383/321 5254/5366/318
f 5269/5381/322 5272/5384/323 5273/5385/324
f 5273/5385/325 5274/5386/325 5269/5381/325
f 5272/5384/323 5253/5365/326 5258/5370/327
f 5258/5370/327 5273/5385/324 5272/5384/323
f 5252/5364/328 5266/5378/329 5273/5385/330
f 5273/5385/330 5258/5370/331 5252/5364/328
f 5266/5378/332 5268/5380/333 5274/5386/334
f 5274/5386/335 5273/5385/335 5266/5378/335
f 5275/5387/336 5276/5388/336 5277/5389/336
f 5277/5389/337 5278/5390/338 5275/5387/339
f 5276/5388/340 5279/5391/341 5280/5392/342
f 5280/5392/343 5277/5389/344 5276/5388/345
f 5263/5375/346 5260/5372/347 5277/5389/337
f 5277/5389/344 5280/5392/343 5263/5375/348
f 5260/5372/349 5259/5371/350 5278/5390/351
f 5278/5390/338 5277/5389/337 5260/5372/347
f 5268/5380/352 5267/5379/352 5281/5393/352
f 5281/5393/353 5282/5394/353 5268/5380/353
f 5267/5379/303 5148/5243/302 5164/5262/354
f 5164/5262/355 5281/5393/355 5267/5379/355
f 5163/5261/356 5283/5395/356 5281/5393/356
f 5281/5393/357 5164/5262/357 5163/5261/357
f 5283/5395/358 5284/5396/358 5282/5394/358
f 5282/5394/359 5281/5393/359 5283/5395/359
f 5285/5397/360 5286/5398/361 5287/5399/362
f 5287/5399/362 5288/5400/363 5285/5397/360
f 5286/5398/364 5275/5387/364 5278/5390/364
f 5278/5390/365 5287/5399/366 5286/5398/366
f 5259/5371/367 5270/5382/367 5287/5399/367
f 5287/5399/368 5278/5390/351 5259/5371/350
f 5270/5382/369 5269/5381/369 5288/5400/369
f 5288/5400/363 5287/5399/362 5270/5382/370
f 5285/5397/371 5288/5400/372 5289/5401/373
f 5289/5401/374 5290/5402/374 5285/5397/374
f 5288/5400/375 5269/5381/375 5274/5386/375
f 5274/5386/376 5289/5401/373 5288/5400/372
f 5268/5380/377 5282/5394/378 5289/5401/379
f 5289/5401/380 5274/5386/334 5268/5380/333
f 5282/5394/381 5284/5396/381 5290/5402/381
f 5290/5402/382 5289/5401/379 5282/5394/378
f 5291/5403/383 5292/5404/383 5293/5405/383
f 5293/5405/384 5294/5406/384 5291/5403/384
f 5292/5404/385 5295/5407/385 5296/5408/385
f 5296/5408/386 5293/5405/386 5292/5404/386
f 5279/5391/387 5276/5388/388 5293/5405/389
f 5293/5405/389 5296/5408/390 5279/5391/387
f 5276/5388/391 5275/5387/392 5294/5406/393
f 5294/5406/393 5293/5405/394 5276/5388/391
f 5284/5396/395 5283/5395/395 5297/5409/395
f 5297/5409/396 5298/5410/396 5284/5396/396
f 5283/5395/397 5163/5261/397 5174/5274/397
f 5174/5274/398 5297/5409/398 5283/5395/398
f 5173/5273/399 5299/5411/400 5297/5409/401
f 5297/5409/401 5174/5274/402 5173/5273/399
f 5299/5411/403 5300/5412/404 5298/5410/405
f 5298/5410/405 5297/5409/406 5299/5411/403
f 5301/5413/407 5302/5414/407 5303/5415/407
f 5303/5415/408 5304/5416/408 5301/5413/408
f 5302/5414/409 5291/5403/409 5294/5406/409
f 5294/5406/410 5303/5415/410 5302/5414/410
f 5275/5387/411 5286/5398/411 5303/5415/411
f 5303/5415/412 5294/5406/412 5275/5387/412
f 5286/5398/413 5285/5397/413 5304/5416/413
f 5304/5416/414 5303/5415/414 5286/5398/414
f 5301/5413/415 5304/5416/416 5305/5417/417
f 5305/5417/417 5306/5418/418 5301/5413/415
f 5304/5416/419 5285/5397/419 5290/5402/419
f 5290/5402/420 5305/5417/420 5304/5416/420
f 5284/5396/421 5298/5410/422 5305/5417/423
f 5305/5417/423 5290/5402/424 5284/5396/421
f 5298/5410/425 5300/5412/426 5306/5418/427
f 5306/5418/427 5305/5417/428 5298/5410/425
f 5307/5419/429 5308/5420/429 5309/5421/429
f 5309/5421/430 5310/5422/430 5307/5419/430
f 5308/5420/431 5295/5407/431 5292/5404/431
f 5292/5404/432 5309/5421/432 5308/5420/432
f 5291/5403/433 5311/5423/434 5309/5421/435
f 5309/5421/436 5292/5404/436 5291/5403/436
f 5311/5423/437 5312/5424/437 5310/5422/437
f 5310/5422/438 5309/5421/435 5311/5423/434
f 5313/5425/439 5314/5426/439 5315/5427/439
f 5315/5427/440 5316/5428/441 5313/5425/442
f 5314/5426/443 5300/5412/443 5299/5411/443
f 5299/5411/444 5315/5427/444 5314/5426/444
f 5173/5273/445 5180/5282/445 5315/5427/445
f 5315/5427/446 5299/5411/446 5173/5273/446
f 5180/5282/447 5179/5281/447 5316/5428/447
f 5316/5428/448 5315/5427/448 5180/5282/448
f 5301/5413/449 5306/5418/450 5317/5429/451
f 5317/5429/451 5318/5430/452 5301/5413/449
f 5306/5418/453 5300/5412/454 5314/5426/455
f 5314/5426/455 5317/5429/456 5306/5418/453
f 5313/5425/457 5319/5431/458 5317/5429/456
f 5317/5429/456 5314/5426/455 5313/5425/457
f 5319/5431/459 5320/5432/459 5318/5430/459
f 5318/5430/460 5317/5429/460 5319/5431/460
f 5312/5424/461 5311/5423/461 5321/5433/461
f 5321/5433/462 5322/5434/462 5312/5424/462
f 5311/5423/463 5291/5403/463 5302/5414/463
f 5302/5414/464 5321/5433/464 5311/5423/464
f 5301/5413/465 5318/5430/465 5321/5433/465
f 5321/5433/466 5302/5414/466 5301/5413/466
f 5318/5430/467 5320/5432/467 5322/5434/467
f 5322/5434/468 5321/5433/468 5318/5430/468
f 5323/5435/469 5324/5436/469 5325/5437/469
f 5325/5437/470 5326/5438/471 5323/5435/472
f 5324/5436/473 5327/5439/473 5328/5440/473
f 5328/5440/474 5325/5437/474 5324/5436/474
f 5205/5311/475 5329/5441/476 5325/5437/477
f 5325/5437/477 5328/5440/478 5205/5311/475
f 5329/5441/479 5330/5442/479 5326/5438/479
f 5326/5438/471 5325/5437/470 5329/5441/480
f 5330/5442/481 5331/5443/481 5332/5444/481
f 5332/5444/482 5326/5438/483 5330/5442/484
f 5331/5443/485 5307/5419/485 5310/5422/485
f 5310/5422/486 5332/5444/486 5331/5443/486
f 5312/5424/487 5333/5445/487 5332/5444/487
f 5332/5444/488 5310/5422/488 5312/5424/488
f 5333/5445/489 5323/5435/489 5326/5438/489
f 5326/5438/483 5332/5444/482 5333/5445/490
f 5334/5446/491 5335/5447/491 5336/5448/491
f 5336/5448/492 5337/5449/492 5334/5446/492
f 5335/5447/493 5313/5425/442 5316/5428/441
f 5316/5428/441 5336/5448/494 5335/5447/493
f 5179/5281/495 5190/5294/496 5336/5448/497
f 5336/5448/497 5316/5428/498 5179/5281/495
f 5190/5294/499 5189/5293/499 5337/5449/499
f 5337/5449/500 5336/5448/497 5190/5294/496
f 5338/5450/501 5339/5451/501 5340/5452/501
f 5340/5452/502 5341/5453/502 5338/5450/502
f 5339/5451/503 5199/5305/503 5206/5312/503
f 5206/5312/504 5340/5452/504 5339/5451/504
f 5205/5311/505 5328/5440/505 5340/5452/505
f 5340/5452/506 5206/5312/506 5205/5311/506
f 5328/5440/507 5327/5439/507 5341/5453/507
f 5341/5453/508 5340/5452/508 5328/5440/508
f 5323/5435/509 5333/5445/509 5342/5454/509
f 5342/5454/510 5343/5455/510 5323/5435/510
f 5333/5445/511 5312/5424/511 5322/5434/511
f 5322/5434/512 5342/5454/512 5333/5445/512
f 5320/5432/513 5344/5456/513 5342/5454/513
f 5342/5454/514 5322/5434/514 5320/5432/514
f 5344/5456/515 5345/5457/515 5343/5455/515
f 5343/5455/516 5342/5454/516 5344/5456/516
f 5345/5457/517 5346/5458/517 5347/5459/517
f 5347/5459/518 5348/5460/518 5345/5457/518
f 5346/5458/519 5334/5446/519 5349/5461/519
f 5349/5461/520 5347/5459/520 5346/5458/520
f 5338/5450/521 5348/5460/521 5347/5459/521
f 5347/5459/522 5349/5461/522 5338/5450/522
f 5338/5450/523 5349/5461/523 5350/5462/523
f 5350/5462/524 5339/5451/524 5338/5450/524
f 5349/5461/525 5334/5446/525 5337/5449/525
f 5337/5449/526 5350/5462/526 5349/5461/526
f 5189/5293/527 5200/5306/527 5350/5462/527
f 5350/5462/528 5337/5449/528 5189/5293/528
f 5200/5306/529 5199/5305/530 5339/5451/531
f 5339/5451/531 5350/5462/532 5200/5306/529
f 5338/5450/533 5341/5453/533 5351/5463/533
f 5351/5463/534 5348/5460/534 5338/5450/534
f 5341/5453/535 5327/5439/535 5324/5436/535
f 5324/5436/536 5351/5463/536 5341/5453/536
f 5323/5435/537 5343/5455/537 5351/5463/537
f 5351/5463/538 5324/5436/538 5323/5435/538
f 5343/5455/539 5345/5457/539 5348/5460/539
f 5348/5460/540 5351/5463/540 5343/5455/540
f 5320/5432/541 5319/5431/541 5352/5464/541
f 5352/5464/542 5344/5456/542 5320/5432/542
f 5319/5431/543 5313/5425/544 5335/5447/545
f 5335/5447/545 5352/5464/546 5319/5431/543
f 5334/5446/547 5346/5458/547 5352/5464/547
f 5352/5464/548 5335/5447/548 5334/5446/548
f 5346/5458/549 5345/5457/549 5344/5456/549
f 5344/5456/550 5352/5464/550 5346/5458/550
f 5227/5465/551 5234/5466/551 5353/5467/551
f 5353/5467/552 5354/5468/552 5227/5465/552
f 5234/5466/553 5233/5469/553 5355/5470/553
f 5355/5470/554 5353/5467/554 5234/5466/554
f 5356/5471/555 5354/5468/555 5353/5467/555
f 5353/5467/556 5355/5470/556 5356/5471/556
f 5357/5472/557 5358/5473/558 5359/5474/559
f 5359/5474/559 5360/5475/560 5357/5472/557
f 5358/5473/561 5217/5327/561 5214/5324/561
f 5214/5324/562 5359/5474/562 5358/5473/562
f 5213/5323/563 5228/5476/563 5359/5474/563
f 5359/5474/564 5214/5324/564 5213/5323/564
f 5228/5476/565 5227/5465/565 5360/5475/565
f 5360/5475/566 5359/5474/566 5228/5476/566
f 5357/5472/567 5360/5475/567 5361/5477/567
f 5361/5477/568 5362/5478/568 5357/5472/568
f 5360/5475/569 5227/5465/569 5354/5468/569
f 5354/5468/570 5361/5477/570 5360/5475/570
f 5356/5471/571 5363/5479/571 5361/5477/571
f 5361/5477/572 5354/5468/572 5356/5471/572
f 5363/5479/573 5364/5480/573 5362/5478/573
f 5362/5478/574 5361/5477/574 5363/5479/574
f 5365/5481/575 5366/5482/576 5367/5483/577
f 5367/5483/577 5368/5484/578 5365/5481/575
f 5366/5482/579 5158/5256/579 5218/5328/579
f 5218/5328/580 5367/5483/580 5366/5482/580
f 5217/5327/581 5358/5473/582 5367/5483/583
f 5367/5483/583 5218/5328/584 5217/5327/581
f 5358/5473/585 5357/5472/585 5368/5484/585
f 5368/5484/586 5367/5483/586 5358/5473/586
f 5356/5471/587 5355/5470/587 5369/5485/587
f 5369/5485/588 5370/5486/588 5356/5471/588
f 5355/5470/589 5233/5469/589 5248/5487/589
f 5248/5487/590 5369/5485/590 5355/5470/590
f 5247/5488/236 5371/5489/591 5369/5485/592
f 5369/5485/592 5248/5487/237 5247/5488/236
f 5371/5489/593 5372/5490/594 5370/5486/595
f 5370/5486/595 5369/5485/596 5371/5489/593
f 5373/5491/597 5374/5492/598 5375/5493/599
f 5375/5493/599 5376/5494/600 5373/5491/597
f 5374/5492/601 5365/5481/602 5368/5484/603
f 5368/5484/603 5375/5493/604 5374/5492/601
f 5357/5472/605 5362/5478/606 5375/5493/607
f 5375/5493/607 5368/5484/608 5357/5472/605
f 5362/5478/609 5364/5480/609 5376/5494/609
f 5376/5494/610 5375/5493/610 5362/5478/610
f 5373/5491/611 5376/5494/612 5377/5495/613
f 5377/5495/613 5378/5496/614 5373/5491/611
f 5376/5494/615 5364/5480/615 5363/5479/615
f 5363/5479/616 5377/5495/616 5376/5494/616
f 5356/5471/617 5370/5486/617 5377/5495/617
f 5377/5495/618 5363/5479/618 5356/5471/618
f 5370/5486/619 5372/5490/620 5378/5496/621
f 5378/5496/621 5377/5495/622 5370/5486/619
f 5379/5497/623 5380/5498/624 5381/5499/625
f 5381/5499/625 5382/5500/626 5379/5497/623
f 5380/5498/627 5153/5248/628 5156/5251/629
f 5156/5251/629 5381/5499/630 5380/5498/627
f 5158/5256/631 5366/5482/631 5381/5499/631
f 5381/5499/632 5156/5251/632 5158/5256/632
f 5366/5482/633 5365/5481/634 5382/5500/635
f 5382/5500/635 5381/5499/636 5366/5482/633
f 5372/5490/637 5371/5489/638 5383/5501/639
f 5383/5501/639 5384/5502/640 5372/5490/637
f 5371/5489/641 5247/5488/642 5264/5503/643
f 5264/5503/643 5383/5501/644 5371/5489/641
f 5263/5504/645 5385/5505/646 5383/5501/644
f 5383/5501/644 5264/5503/643 5263/5504/645
f 5385/5505/647 5386/5506/648 5384/5502/640
f 5384/5502/640 5383/5501/639 5385/5505/647
f 5387/5507/649 5388/5508/649 5389/5509/649
f 5389/5509/650 5390/5510/651 5387/5507/652
f 5388/5508/653 5379/5497/654 5382/5500/655
f 5382/5500/656 5389/5509/656 5388/5508/656
f 5365/5481/657 5374/5492/658 5389/5509/659
f 5389/5509/659 5382/5500/660 5365/5481/657
f 5374/5492/661 5373/5491/662 5390/5510/651
f 5390/5510/651 5389/5509/650 5374/5492/661
f 5387/5507/663 5390/5510/664 5391/5511/665
f 5391/5511/665 5392/5512/666 5387/5507/663
f 5390/5510/667 5373/5491/667 5378/5496/667
f 5378/5496/668 5391/5511/668 5390/5510/668
f 5372/5490/669 5384/5502/670 5391/5511/671
f 5391/5511/671 5378/5496/672 5372/5490/669
f 5384/5502/673 5386/5506/673 5392/5512/673
f 5392/5512/674 5391/5511/671 5384/5502/670
f 5393/5513/675 5394/5514/675 5395/5515/675
f 5395/5515/676 5396/5516/677 5393/5513/678
f 5394/5514/679 5165/5263/680 5168/5266/681
f 5168/5266/682 5395/5515/682 5394/5514/682
f 5153/5248/683 5380/5498/683 5395/5515/683
f 5395/5515/684 5168/5266/684 5153/5248/684
f 5380/5498/685 5379/5497/685 5396/5516/685
f 5396/5516/677 5395/5515/676 5380/5498/686
f 5386/5506/648 5385/5505/647 5397/5517/687
f 5397/5517/688 5398/5518/688 5386/5506/688
f 5385/5505/689 5263/5504/689 5280/5519/689
f 5280/5519/690 5397/5517/690 5385/5505/690
f 5279/5520/691 5399/5521/691 5397/5517/691
f 5397/5517/692 5280/5519/342 5279/5520/341
f 5399/5521/693 5400/5522/693 5398/5518/693
f 5398/5518/694 5397/5517/694 5399/5521/694
f 5401/5523/695 5402/5524/695 5403/5525/695
f 5403/5525/696 5404/5526/697 5401/5523/698
f 5402/5524/699 5393/5513/699 5396/5516/699
f 5396/5516/700 5403/5525/700 5402/5524/700
f 5379/5497/654 5388/5508/653 5403/5525/701
f 5403/5525/702 5396/5516/702 5379/5497/702
f 5388/5508/703 5387/5507/703 5404/5526/703
f 5404/5526/697 5403/5525/696 5388/5508/704
f 5401/5523/705 5404/5526/706 5405/5527/707
f 5405/5527/708 5406/5528/708 5401/5523/708
f 5404/5526/709 5387/5507/709 5392/5512/709
f 5392/5512/710 5405/5527/707 5404/5526/706
f 5386/5506/711 5398/5518/712 5405/5527/713
f 5405/5527/714 5392/5512/714 5386/5506/714
f 5398/5518/715 5400/5522/715 5406/5528/715
f 5406/5528/716 5405/5527/713 5398/5518/712
f 5407/5529/717 5408/5530/717 5409/5531/717
f 5409/5531/718 5410/5532/718 5407/5529/718
f 5408/5530/719 5175/5275/720 5178/5278/721
f 5178/5278/721 5409/5531/722 5408/5530/719
f 5165/5263/680 5394/5514/679 5409/5531/723
f 5409/5531/724 5178/5278/724 5165/5263/724
f 5394/5514/725 5393/5513/725 5410/5532/725
f 5410/5532/726 5409/5531/726 5394/5514/726
f 5400/5522/727 5399/5521/727 5411/5533/727
f 5411/5533/728 5412/5534/728 5400/5522/728
f 5399/5521/729 5279/5520/730 5296/5535/731
f 5296/5535/731 5411/5533/732 5399/5521/729
f 5295/5536/733 5413/5537/734 5411/5533/735
f 5411/5533/735 5296/5535/736 5295/5536/733
f 5413/5537/737 5414/5538/737 5412/5534/737
f 5412/5534/738 5411/5533/738 5413/5537/738
f 5415/5539/739 5416/5540/739 5417/5541/739
f 5417/5541/740 5418/5542/740 5415/5539/740
f 5416/5540/741 5407/5529/741 5410/5532/741
f 5410/5532/742 5417/5541/742 5416/5540/742
f 5393/5513/743 5402/5524/743 5417/5541/743
f 5417/5541/744 5410/5532/744 5393/5513/744
f 5402/5524/745 5401/5523/745 5418/5542/745
f 5418/5542/746 5417/5541/747 5402/5524/746
f 5415/5539/748 5418/5542/748 5419/5543/748
f 5419/5543/749 5420/5544/749 5415/5539/749
f 5418/5542/750 5401/5523/750 5406/5528/750
f 5406/5528/751 5419/5543/751 5418/5542/751
f 5400/5522/752 5412/5534/753 5419/5543/754
f 5419/5543/754 5406/5528/755 5400/5522/752
f 5412/5534/756 5414/5538/756 5420/5544/756
f 5420/5544/757 5419/5543/757 5412/5534/757
f 5188/5292/758 5187/5291/758 5421/5545/758
f 5421/5545/759 5422/5546/760 5188/5292/761
f 5187/5291/762 5175/5275/762 5408/5530/762
f 5408/5530/763 5421/5545/763 5187/5291/763
f 5407/5529/764 5423/5547/765 5421/5545/766
f 5421/5545/766 5408/5530/767 5407/5529/764
f 5423/5547/768 5424/5548/769 5422/5546/770
f 5422/5546/771 5421/5545/771 5423/5547/771
f 5425/5549/772 5426/5550/772 5427/5551/772
f 5427/5551/773 5428/5552/773 5425/5549/773
f 5426/5550/774 5414/5538/775 5413/5537/776
f 5413/5537/776 5427/5551/777 5426/5550/774
f 5295/5536/778 5308/5553/779 5427/5551/780
f 5427/5551/780 5413/5537/781 5295/5536/778
f 5308/5553/782 5307/5554/783 5428/5552/784
f 5428/5552/784 5427/5551/785 5308/5553/782
f 5429/5555/786 5430/5556/786 5431/5557/786
f 5431/5557/787 5432/5558/787 5429/5555/787
f 5430/5556/788 5424/5548/788 5423/5547/788
f 5423/5547/789 5431/5557/790 5430/5556/791
f 5407/5529/792 5416/5540/793 5431/5557/790
f 5431/5557/790 5423/5547/789 5407/5529/792
f 5416/5540/794 5415/5539/794 5432/5558/794
f 5432/5558/795 5431/5557/795 5416/5540/795
f 5429/5555/796 5432/5558/796 5433/5559/796
f 5433/5559/797 5434/5560/797 5429/5555/797
f 5432/5558/798 5415/5539/798 5420/5544/798
f 5420/5544/799 5433/5559/800 5432/5558/800
f 5414/5538/801 5426/5550/801 5433/5559/801
f 5433/5559/802 5420/5544/802 5414/5538/802
f 5426/5550/803 5425/5549/803 5434/5560/803
f 5434/5560/804 5433/5559/804 5426/5550/804
f 5330/5561/805 5329/5562/805 5435/5563/805
f 5435/5563/806 5436/5564/806 5330/5561/806
f 5329/5562/807 5205/5316/807 5437/5565/807
f 5437/5565/808 5435/5563/808 5329/5562/808
f 5438/5566/809 5439/5567/809 5435/5563/809
f 5435/5563/810 5437/5565/810 5438/5566/810
f 5439/5567/811 5440/5568/811 5436/5564/811
f 5436/5564/812 5435/5563/812 5439/5567/812
f 5198/5304/813 5197/5303/813 5441/5569/813
f 5441/5569/814 5442/5570/814 5198/5304/814
f 5197/5303/815 5188/5292/761 5422/5546/760
f 5422/5546/816 5441/5569/816 5197/5303/816
f 5424/5548/817 5443/5571/817 5441/5569/817
f 5441/5569/818 5422/5546/770 5424/5548/769
f 5443/5571/819 5444/5572/819 5442/5570/819
f 5442/5570/820 5441/5569/820 5443/5571/820
f 5440/5568/821 5445/5573/821 5446/5574/821
f 5446/5574/822 5436/5564/822 5440/5568/822
f 5445/5573/823 5425/5549/823 5428/5552/823
f 5428/5552/824 5446/5574/824 5445/5573/824
f 5307/5554/825 5331/5575/825 5446/5574/825
f 5446/5574/826 5428/5552/826 5307/5554/826
f 5331/5575/827 5330/5561/827 5436/5564/827
f 5436/5564/828 5446/5574/828 5331/5575/828
f 5438/5566/829 5437/5565/829 5447/5576/829
f 5447/5576/830 5448/5577/830 5438/5566/830
f 5437/5565/831 5205/5316/832 5208/5315/833
f 5208/5315/833 5447/5576/834 5437/5565/831
f 5210/5319/835 5449/5578/835 5447/5576/835
f 5447/5576/836 5208/5315/836 5210/5319/836
f 5449/5578/837 5450/5579/837 5448/5577/837
f 5448/5577/838 5447/5576/838 5449/5578/838
f 5429/5555/839 5434/5560/839 5451/5580/839
f 5451/5580/840 5452/5581/840 5429/5555/840
f 5434/5560/841 5425/5549/842 5445/5573/843
f 5445/5573/843 5451/5580/844 5434/5560/841
f 5440/5568/845 5453/5582/845 5451/5580/845
f 5451/5580/846 5445/5573/846 5440/5568/846
f 5453/5582/847 5454/5583/847 5452/5581/847
f 5452/5581/848 5451/5580/848 5453/5582/848
f 5210/5319/849 5212/5322/849 5455/5584/849
f 5455/5584/850 5449/5578/850 5210/5319/850
f 5212/5322/851 5198/5304/851 5442/5570/851
f 5442/5570/852 5455/5584/852 5212/5322/852
f 5444/5572/853 5456/5585/853 5455/5584/853
f 5455/5584/854 5442/5570/854 5444/5572/854
f 5456/5585/855 5450/5579/856 5449/5578/857
f 5449/5578/857 5455/5584/858 5456/5585/855
f 5450/5579/859 5456/5585/859 5457/5586/859
f 5457/5586/860 5458/5587/861 5450/5579/860
f 5456/5585/862 5444/5572/862 5459/5588/862
f 5459/5588/863 5457/5586/863 5456/5585/863
f 5454/5583/864 5458/5587/864 5457/5586/864
f 5457/5586/865 5459/5588/865 5454/5583/865
f 5454/5583/866 5453/5582/866 5460/5589/866
f 5460/5589/867 5458/5587/867 5454/5583/867
f 5453/5582/868 5440/5568/868 5439/5567/868
f 5439/5567/869 5460/5589/869 5453/5582/869
f 5438/5566/870 5448/5577/870 5460/5589/870
f 5460/5589/871 5439/5567/871 5438/5566/871
f 5448/5577/872 5450/5579/872 5458/5587/872
f 5458/5587/873 5460/5589/873 5448/5577/873
f 5444/5572/874 5443/5571/874 5461/5590/874
f 5461/5590/875 5459/5588/875 5444/5572/875
f 5443/5571/876 5424/5548/876 5430/5556/876
f 5430/5556/877 5461/5590/877 5443/5571/877
f 5429/5555/878 5452/5581/878 5461/5590/878
f 5461/5590/879 5430/5556/879 5429/5555/879
f 5452/5581/880 5454/5583/881 5459/5588/882
f 5459/5588/882 5461/5590/883 5452/5581/880
