# Blender 4.3.2
# www.blender.org
mtllib untitled.mtl
o output_v_template
v 0.298485 -0.050977 -0.240841
v 0.318121 -0.056001 -0.236342
v 0.321660 -0.048364 -0.235810
v 0.300619 -0.043689 -0.239592
v 0.362081 -0.043642 -0.288186
v 0.358820 -0.026524 -0.271776
v 0.355996 -0.010941 -0.271112
v 0.357059 -0.013238 -0.284691
v 0.130635 -0.230699 -0.552200
v 0.058136 -0.230262 -0.574674
v 0.057469 -0.291314 -0.560860
v 0.124215 -0.299928 -0.532664
v 0.216153 -0.415750 -0.435191
v 0.191247 -0.375915 -0.462889
v 0.184653 -0.440480 -0.482973
v 0.226103 -0.453602 -0.432674
v 0.194447 0.241822 0.200071
v 0.229629 0.236231 0.171337
v 0.224926 0.205267 0.188526
v -0.301316 -0.048966 -0.249273
v -0.320826 -0.054093 -0.245026
v -0.324124 -0.047081 -0.244663
v -0.302016 -0.041743 -0.248171
v -0.363142 -0.042259 -0.298771
v -0.358587 -0.025457 -0.281949
v -0.356728 -0.010214 -0.280891
v -0.358176 -0.011781 -0.294452
v 0.190273 0.207536 0.210595
v 0.458727 0.067033 -0.341314
v 0.457922 0.054115 -0.348226
v 0.458163 0.047114 -0.339398
v 0.458167 0.058732 -0.334319
v 0.437198 -0.027012 -0.334220
v 0.437398 0.011163 -0.341752
v 0.444551 0.023778 -0.343568
v 0.443535 0.013663 -0.341333
v 0.433831 -0.079469 -0.320617
v 0.429091 -0.075857 -0.317958
v 0.438597 -0.052856 -0.326095
v 0.442464 -0.054583 -0.330431
v 0.357052 -0.177815 -0.206185
v 0.370593 -0.168830 -0.215314
v 0.373304 -0.177948 -0.220739
v 0.349967 -0.185006 -0.212748
v 0.335407 -0.177786 -0.216926
v 0.359725 -0.181759 -0.236595
v 0.356292 -0.165532 -0.241172
v 0.336920 -0.165137 -0.224910
v 0.435727 0.116209 -0.265361
v 0.436664 0.100236 -0.264211
v 0.428576 0.096864 -0.251610
v 0.427600 0.113390 -0.251465
v 0.360622 -0.048701 -0.319261
v 0.350363 -0.081257 -0.307763
v 0.379520 -0.055255 -0.319452
v 0.381943 -0.041715 -0.321991
v 0.426319 0.062396 -0.303532
v 0.430512 0.067943 -0.320960
v 0.431376 0.057588 -0.327336
v 0.426720 0.049265 -0.314564
v 0.438537 0.076876 -0.345946
v 0.439092 0.062525 -0.353161
v 0.349870 -0.132523 -0.195575
v 0.345705 -0.113827 -0.191732
v 0.349544 -0.105975 -0.197926
v 0.352190 -0.111189 -0.203880
v 0.353240 -0.044794 -0.272966
v 0.360447 -0.024042 -0.264057
v 0.414038 -0.132691 -0.293513
v 0.412782 -0.123074 -0.289906
v 0.422789 -0.102275 -0.307757
v 0.424167 -0.108691 -0.311595
v 0.399096 -0.109511 -0.281273
v 0.410356 -0.096825 -0.299169
v 0.416130 -0.093344 -0.307715
v 0.409646 -0.104284 -0.297964
v 0.441079 0.079347 -0.297941
v 0.430115 0.089364 -0.276082
v 0.433367 0.089679 -0.277909
v 0.442513 0.078655 -0.303012
v 0.394926 0.017726 -0.319071
v 0.389705 0.042250 -0.309810
v 0.382870 0.039800 -0.310477
v 0.388569 0.018440 -0.318588
v 0.441562 0.062183 -0.334784
v 0.443039 0.048782 -0.340305
v 0.433729 0.044637 -0.335330
v 0.372882 0.052721 -0.250289
v 0.373141 0.056189 -0.254309
v 0.376247 0.047823 -0.256518
v 0.373396 0.041772 -0.250292
v 0.372388 -0.184479 -0.236854
v 0.336259 -0.122593 -0.275200
v 0.345746 -0.118370 -0.281509
v 0.359728 -0.098881 -0.296701
v 0.353476 -0.093244 -0.297896
v 0.335547 -0.168842 -0.198042
v 0.350014 -0.168227 -0.196028
v 0.354592 -0.175061 -0.201704
v 0.338992 -0.177593 -0.203296
v 0.389187 0.073434 -0.254187
v 0.402062 0.070306 -0.265829
v 0.393000 0.065362 -0.262270
v 0.383589 0.067194 -0.253250
v 0.430599 0.001627 -0.334482
v 0.427090 0.035555 -0.323914
v 0.425101 -0.045310 -0.307507
v 0.427317 -0.044914 -0.322819
v 0.422457 -0.065229 -0.317069
v -0.143259 -0.231556 -0.552547
v -0.070914 -0.230560 -0.574793
v -0.070402 -0.291822 -0.561052
v -0.137174 -0.301067 -0.532965
v 0.422008 -0.065582 -0.302029
v 0.424577 -0.004441 -0.306957
v 0.427845 -0.003958 -0.324254
v 0.445940 0.042363 -0.332083
v 0.444667 0.012045 -0.334645
v 0.445467 0.044727 -0.335926
v 0.377637 0.058824 -0.299892
v 0.377140 0.074362 -0.320552
v 0.372673 0.042437 -0.328722
v 0.377675 0.047323 -0.307493
v 0.353138 -0.086085 -0.199841
v 0.360212 -0.075268 -0.205406
v 0.354985 -0.086711 -0.212908
v 0.351950 -0.097242 -0.211817
v 0.363283 -0.108708 -0.290596
v 0.350153 -0.123901 -0.277736
v 0.353208 -0.126307 -0.274427
v 0.366981 -0.117857 -0.282954
v 0.414962 0.077071 -0.275801
v 0.414378 0.049303 -0.279504
v 0.405995 0.048827 -0.272564
v 0.381083 -0.102539 -0.238543
v 0.384254 -0.095659 -0.248481
v 0.390411 -0.111561 -0.257885
v 0.385893 -0.122071 -0.249471
v 0.394625 -0.165440 -0.264147
v 0.383060 -0.164960 -0.265900
v 0.371101 -0.175563 -0.250582
v 0.383774 -0.178173 -0.249626
v 0.351025 -0.102840 -0.207208
v 0.350747 -0.099070 -0.199156
v 0.406380 0.019207 -0.327672
v 0.401192 0.049448 -0.317399
v 0.422446 0.040682 -0.303791
v 0.423027 0.028695 -0.311384
v 0.367114 -0.022482 -0.227882
v 0.353949 -0.019090 -0.233338
v 0.352934 -0.022516 -0.234330
v 0.369115 -0.030561 -0.227326
v 0.369683 -0.022028 -0.220309
v 0.371858 -0.029782 -0.219841
v 0.370394 -0.031564 -0.212279
v 0.368518 -0.026976 -0.211812
v 0.350238 -0.017311 -0.238084
v 0.350914 -0.018760 -0.235526
v 0.353428 -0.016583 -0.237460
v 0.373620 -0.006191 -0.293187
v 0.380759 -0.045498 -0.305370
v 0.369356 -0.044016 -0.299394
v 0.355002 -0.006644 -0.290682
v 0.431381 -0.038994 -0.331196
v 0.409506 0.094185 -0.230800
v 0.400223 0.103604 -0.231007
v 0.413273 0.122479 -0.254102
v 0.358026 -0.087353 -0.260285
v 0.369668 -0.084426 -0.244827
v 0.360644 -0.085281 -0.237081
v 0.353619 -0.090869 -0.252054
v 0.349942 -0.064968 -0.226137
v 0.340244 -0.082362 -0.222048
v 0.362116 -0.072811 -0.219891
v 0.369983 0.006217 -0.218537
v 0.361754 -0.012140 -0.234370
v 0.366055 -0.016920 -0.226259
v 0.368022 -0.015557 -0.219004
v 0.434109 -0.083017 -0.325867
v 0.443035 -0.057282 -0.337652
v 0.434093 -0.056887 -0.342893
v 0.425507 -0.084449 -0.331301
v 0.338443 -0.150732 -0.189883
v 0.326655 -0.163730 -0.204201
v 0.337512 -0.134674 -0.184316
v 0.455853 0.099865 -0.312958
v 0.435427 0.112379 -0.315435
v 0.436771 0.102670 -0.327565
v 0.457365 0.090137 -0.323986
v 0.350239 0.013891 -0.264097
v 0.352160 0.003493 -0.262734
v 0.354666 0.011339 -0.254050
v 0.353174 0.020438 -0.254025
v 0.249888 -0.161075 -0.468602
v 0.290553 -0.161593 -0.374598
v 0.309586 -0.092330 -0.416958
v 0.274766 -0.093404 -0.496595
v 0.398978 -0.152640 -0.262575
v 0.392812 -0.163844 -0.249166
v 0.375821 0.044661 -0.212506
v 0.371718 0.054864 -0.207601
v 0.378176 0.081393 -0.214812
v 0.382389 0.064550 -0.213746
v 0.441457 0.021001 -0.358205
v 0.456628 0.016961 -0.351858
v 0.386558 0.076300 -0.244893
v 0.407997 0.094200 -0.259476
v 0.395987 0.081861 -0.255408
v 0.385281 0.074990 -0.247552
v 0.380947 0.033858 -0.237496
v 0.385234 0.040549 -0.235351
v 0.378035 0.045146 -0.236608
v 0.372297 0.038091 -0.237198
v 0.371169 0.078251 -0.201889
v 0.379985 0.102242 -0.217491
v 0.330165 -0.126583 -0.272427
v 0.384812 0.038890 -0.225005
v 0.389411 0.051927 -0.222406
v 0.391514 0.048028 -0.234110
v -0.229820 -0.418028 -0.434358
v -0.204751 -0.377919 -0.462344
v -0.197377 -0.442658 -0.483205
v -0.239486 -0.456136 -0.432269
v 0.342564 -0.109156 -0.181294
v 0.347495 -0.100735 -0.191189
v 0.381092 0.068941 -0.247508
v 0.377518 0.063525 -0.247699
v 0.369255 0.045718 -0.246296
v 0.370780 0.033260 -0.252276
v 0.405457 -0.000858 -0.287713
v 0.413974 -0.042820 -0.297444
v 0.328211 -0.090032 -0.348417
v 0.313954 -0.160055 -0.275298
v 0.372259 0.047243 -0.236879
v 0.371339 0.048898 -0.238376
v 0.365794 0.044436 -0.242029
v 0.367047 0.041880 -0.237822
v 0.385970 -0.171610 -0.236626
v 0.398628 0.031148 -0.274375
v 0.381149 0.023000 -0.265235
v 0.383980 0.034077 -0.260380
v 0.443340 -0.029262 -0.330719
v 0.448471 0.012335 -0.334912
v 0.455743 0.014834 -0.342506
v 0.449935 -0.030264 -0.337064
v 0.328783 -0.169836 -0.208327
v 0.351804 -0.000294 -0.267672
v 0.358761 -0.009411 -0.263717
v 0.355304 0.027701 -0.254090
v 0.359896 0.036690 -0.246052
v 0.349345 -0.085889 -0.189431
v 0.437649 0.082189 -0.320647
v 0.439711 0.072752 -0.327812
v 0.429358 0.075870 -0.314088
v 0.427477 0.081907 -0.306041
v 0.422898 0.087861 -0.287000
v 0.425311 0.095221 -0.284916
v 0.434313 0.089556 -0.309990
v 0.374805 0.026758 -0.259579
v 0.379495 0.036648 -0.254839
v 0.376510 -0.108895 -0.230814
v 0.379697 -0.139709 -0.236157
v 0.415803 -0.082545 -0.305912
v 0.413955 -0.078908 -0.291648
v 0.420583 -0.027242 -0.346498
v 0.419817 0.019514 -0.349957
v 0.411676 0.019028 -0.338559
v 0.413519 -0.024839 -0.339353
v 0.382643 -0.012713 -0.321706
v 0.367971 -0.008539 -0.324327
v 0.366243 -0.021382 -0.209291
v 0.362648 -0.003063 -0.200309
v 0.354989 0.024789 -0.256028
v 0.357178 0.032479 -0.245254
v 0.385785 -0.095790 -0.302790
v 0.365752 -0.133549 -0.266839
v 0.386614 -0.107873 -0.294612
v 0.344366 -0.136412 -0.256514
v 0.343031 -0.142180 -0.245230
v 0.356652 -0.142546 -0.253224
v 0.399342 -0.099759 -0.277063
v 0.408241 -0.093662 -0.290882
v 0.346027 -0.018470 -0.241982
v 0.339084 -0.026489 -0.247985
v 0.344242 -0.021118 -0.238739
v 0.419528 -0.003782 -0.294785
v 0.422090 -0.043787 -0.298814
v 0.386440 0.051236 -0.236264
v 0.373910 0.000748 -0.244636
v 0.380277 0.017550 -0.232747
v 0.402975 0.068667 -0.233511
v 0.394775 0.059874 -0.237152
v 0.391999 0.055577 -0.236244
v 0.397250 0.057862 -0.232529
v 0.311532 -0.070052 -0.238812
v 0.329755 -0.077390 -0.232567
v 0.337081 -0.060903 -0.231711
v 0.420489 0.096842 -0.279046
v 0.422423 0.086555 -0.284919
v 0.407952 0.052762 -0.326749
v 0.378048 0.057347 -0.260032
v 0.382367 0.048931 -0.263897
v 0.389207 0.115937 -0.294115
v 0.386892 0.105948 -0.277247
v 0.388169 0.106621 -0.270943
v 0.390553 0.126805 -0.271253
v 0.339708 -0.156823 -0.229771
v 0.353978 -0.155059 -0.243032
v 0.352681 -0.148283 -0.245295
v 0.341325 -0.149372 -0.235819
v 0.357251 -0.086431 -0.233497
v 0.352087 -0.092367 -0.247076
v 0.423258 -0.075453 -0.318904
v 0.419214 -0.079890 -0.314009
v 0.426110 -0.060038 -0.324290
v 0.432099 -0.053915 -0.327738
v 0.356551 0.017234 -0.272119
v 0.350177 0.011592 -0.274950
v 0.389722 0.076599 -0.281376
v 0.401350 0.088499 -0.288760
v 0.395844 0.103025 -0.270538
v 0.387102 0.092230 -0.269928
v 0.414604 0.056526 -0.339248
v 0.381680 0.042131 -0.262585
v 0.385093 0.043117 -0.267917
v 0.379251 0.044455 -0.260102
v 0.368469 0.033458 -0.238355
v 0.377553 0.027239 -0.239623
v 0.399662 0.068682 -0.240321
v 0.419642 0.086216 -0.256622
v 0.415080 0.085112 -0.254825
v 0.396167 0.071760 -0.242312
v 0.372183 0.056800 -0.243568
v 0.064650 -0.169856 -0.606254
v 0.073504 -0.118473 -0.642785
v -0.191388 0.239882 0.195788
v -0.227366 0.234123 0.167740
v -0.222743 0.203178 0.184190
v -0.187406 0.205859 0.205677
v 0.388159 0.104746 -0.231852
v 0.394551 0.113955 -0.252616
v 0.399113 0.118540 -0.253861
v 0.391021 0.109258 -0.237052
v 0.427278 0.075519 -0.302711
v 0.446032 0.056680 -0.329960
v 0.364077 -0.015021 -0.254558
v 0.348651 -0.030794 -0.254491
v 0.299576 -0.037475 -0.248333
v 0.301327 -0.031008 -0.249040
v 0.304829 -0.033677 -0.254892
v 0.302248 -0.041825 -0.255104
v 0.312882 -0.063427 -0.256858
v 0.326292 -0.068932 -0.251710
v 0.322399 -0.078833 -0.244141
v 0.307928 -0.075683 -0.254271
v 0.295209 -0.054789 -0.250440
v 0.297558 -0.046103 -0.248793
v 0.301483 -0.050834 -0.255873
v 0.299666 -0.060884 -0.257376
v 0.417869 0.094864 -0.267580
v 0.426583 0.094386 -0.275634
v 0.449621 0.053389 -0.326395
v 0.449700 0.042800 -0.332046
v 0.442715 0.075559 -0.315433
v 0.444637 0.067071 -0.322518
v 0.363002 -0.061940 -0.204140
v 0.368091 -0.060748 -0.213880
v 0.365860 -0.069145 -0.213808
v 0.455837 0.070622 -0.326816
v 0.458350 0.078665 -0.333372
v 0.352300 -0.150209 -0.194249
v 0.345978 -0.157245 -0.190800
v 0.218245 -0.501983 -0.117792
v 0.265086 -0.476070 -0.176143
v 0.262402 -0.525144 -0.174733
v 0.217339 -0.551087 -0.119862
v 0.402094 0.080275 -0.225360
v 0.395975 0.092825 -0.222855
v 0.295964 -0.061679 -0.242848
v 0.295697 -0.067771 -0.252934
v 0.308267 -0.076259 -0.245898
v 0.323581 -0.040038 -0.236006
v 0.302376 -0.036374 -0.239575
v 0.314363 -0.054660 -0.256517
v 0.322370 -0.028893 -0.252282
v 0.324553 -0.023367 -0.244017
v 0.336790 -0.095208 -0.228223
v 0.344854 -0.096501 -0.240583
v 0.352638 -0.097230 -0.223040
v 0.297737 -0.069795 -0.256732
v 0.355221 0.022576 -0.261117
v 0.330409 -0.049254 -0.255275
v 0.346052 -0.061825 -0.263971
v 0.344035 -0.072758 -0.259571
v 0.328963 -0.059233 -0.254988
v 0.391986 -0.114154 -0.266821
v 0.393712 -0.104643 -0.266125
v 0.364051 -0.083282 -0.269301
v 0.379143 -0.083053 -0.259069
v 0.361743 -0.000625 -0.256140
v 0.370223 0.014846 -0.247076
v 0.347539 -0.017663 -0.240586
v 0.334657 -0.037894 -0.253601
v 0.346172 -0.048828 -0.263292
v 0.324876 -0.032397 -0.237011
v 0.344455 -0.032831 -0.234454
v 0.343573 -0.027362 -0.235703
v 0.324641 -0.027209 -0.238496
v 0.396847 0.048917 -0.269697
v 0.389087 0.080846 -0.218126
v 0.396272 0.066270 -0.222791
v 0.392271 0.137558 -0.353790
v 0.380847 0.096952 -0.377335
v 0.384571 0.100330 -0.313271
v 0.314344 -0.044828 -0.255354
v 0.305865 -0.025703 -0.247020
v 0.306700 -0.026845 -0.239850
v 0.419353 -0.095921 -0.306298
v 0.357828 -0.098207 -0.221251
v 0.360870 0.024293 -0.243835
v 0.416472 -0.053199 -0.338643
v 0.409971 -0.078962 -0.328140
v 0.356679 0.030410 -0.245330
v 0.361626 0.036258 -0.239454
v 0.348830 -0.094738 -0.244476
v 0.355447 -0.091628 -0.228759
v 0.363492 0.038585 -0.239087
v 0.365056 -0.063498 -0.221082
v 0.422772 0.048086 -0.296167
v 0.374278 -0.151724 -0.268083
v 0.364811 -0.159563 -0.253580
v 0.304504 -0.031044 -0.239997
v 0.321592 -0.079390 -0.240561
v 0.320325 -0.035966 -0.255724
v 0.356624 -0.043844 -0.228738
v 0.354016 -0.054848 -0.227285
v 0.368070 -0.052320 -0.221979
v 0.386423 -0.081238 -0.267868
v 0.367902 -0.076605 -0.280843
v 0.373746 -0.072064 -0.291602
v 0.394677 -0.078118 -0.276839
v 0.403084 -0.103034 -0.315755
v 0.395172 -0.124662 -0.298372
v 0.406917 -0.133670 -0.297192
v 0.416906 -0.111443 -0.316633
v 0.399409 0.214257 -0.396510
v 0.397120 0.165414 -0.319583
v 0.404089 0.246433 -0.339393
v 0.412061 0.095996 -0.313863
v 0.412763 0.084410 -0.322515
v 0.438109 0.089588 -0.337128
v 0.386975 0.117727 -0.242483
v 0.389700 0.105762 -0.262009
v 0.387281 0.112311 -0.250852
v 0.438790 -0.029241 -0.352170
v 0.372657 0.024924 -0.214119
v 0.382558 0.028055 -0.227941
v 0.380034 -0.089619 -0.306581
v 0.394278 -0.087564 -0.267555
v 0.404482 -0.085256 -0.278891
v 0.443444 0.099709 -0.277695
v 0.427977 0.090318 -0.265626
v 0.048659 -0.560127 0.017826
v 0.048274 -0.594937 -0.001173
v 0.040907 -0.043739 0.291744
v 0.048383 -0.045060 0.284932
v 0.043202 -0.035380 0.280097
v 0.039427 -0.035035 0.283244
v 0.042574 -0.089159 0.284226
v 0.039528 -0.081030 0.278860
v 0.043859 -0.082237 0.275524
v 0.047617 -0.088977 0.279600
v 0.026782 -0.036521 0.278793
v 0.019002 -0.051382 0.292523
v 0.026717 -0.044366 0.299922
v 0.032859 -0.032744 0.282955
v 0.440590 0.116525 -0.282689
v 0.058034 -0.090020 0.281559
v 0.053132 -0.082175 0.276108
v 0.058310 -0.078496 0.284667
v 0.065235 -0.084848 0.289732
v 0.023861 -0.085531 0.322982
v 0.029465 -0.074917 0.323895
v 0.023166 -0.079645 0.311937
v 0.023087 -0.088680 0.309979
v 0.037596 -0.071490 0.321096
v 0.046492 -0.074162 0.329278
v 0.054623 -0.074402 0.321222
v 0.044521 -0.071588 0.313372
v 0.021809 -0.068637 0.287989
v 0.027290 -0.077793 0.293941
v 0.018525 -0.068681 0.305860
v 0.059089 -0.068299 0.276223
v 0.050655 -0.073908 0.269756
v 0.047323 -0.054839 0.265587
v 0.054456 -0.050192 0.270781
v 0.234060 -0.421412 -0.114548
v 0.272684 -0.409175 -0.183177
v 0.171197 0.024858 0.187763
v 0.167342 0.010471 0.193470
v 0.146123 0.016134 0.196772
v 0.150974 0.028879 0.191943
v 0.372075 -0.040541 -0.216863
v 0.369446 -0.036559 -0.210346
v 0.412965 0.070790 -0.330750
v 0.441238 0.083509 -0.300935
v 0.411278 0.105313 -0.302981
v 0.404963 0.116718 -0.279487
v 0.399566 0.109278 -0.274695
v 0.405510 0.096004 -0.294942
v 0.453377 0.086635 -0.307209
v 0.363805 -0.105557 -0.219753
v 0.409988 0.028016 -0.282474
v 0.401931 0.119150 -0.266986
v 0.419233 0.126609 -0.270095
v 0.440338 -0.029435 -0.331106
v 0.455056 0.078894 -0.317462
v 0.445225 0.071813 -0.311462
v 0.410412 0.079369 -0.235941
v 0.378997 -0.061577 -0.303520
v 0.411084 -0.061177 -0.293582
v 0.403574 -0.073049 -0.285453
v -0.456356 0.068562 -0.352216
v -0.455726 0.055572 -0.358726
v -0.455963 0.048752 -0.349634
v -0.455704 0.060486 -0.345587
v -0.437563 -0.024717 -0.344193
v -0.437924 0.012814 -0.352159
v -0.444056 0.025490 -0.354528
v -0.444036 0.015342 -0.352290
v 0.375061 -0.069468 -0.298511
v 0.348657 0.006453 -0.273551
v 0.347074 -0.081885 -0.177897
v 0.389045 -0.138103 -0.254066
v -0.435525 -0.076784 -0.328078
v -0.431331 -0.073479 -0.326199
v -0.440124 -0.050402 -0.334429
v -0.443724 -0.052212 -0.338023
v 0.394110 -0.132309 -0.266419
v 0.145251 -0.166916 -0.578043
v 0.162573 -0.111088 -0.610419
v 0.450200 -0.030301 -0.346504
v 0.415201 0.090562 -0.271012
v 0.372032 -0.108277 -0.226395
v 0.367658 -0.137869 -0.222747
v 0.361146 -0.135118 -0.213318
v 0.384426 0.044902 -0.265979
v 0.376163 -0.084605 -0.308872
v 0.377025 -0.073143 -0.313292
v 0.306579 -0.029294 -0.253611
v 0.389737 -0.115598 -0.295677
v 0.370661 -0.142749 -0.267634
v 0.289879 -0.392029 -0.250424
v 0.272610 -0.377769 -0.325915
v -0.361654 -0.175330 -0.214213
v -0.374294 -0.166222 -0.223343
v -0.377160 -0.175370 -0.229553
v -0.354716 -0.181325 -0.221834
v 0.275085 -0.435171 -0.315318
v 0.286190 -0.454252 -0.243071
v 0.356367 -0.011206 -0.182490
v 0.358720 -0.048240 -0.194770
v 0.353702 -0.053295 -0.186057
v 0.115458 -0.514012 -0.006848
v 0.101926 -0.572565 -0.027449
v 0.348335 -0.078710 -0.157449
v 0.347786 -0.081643 -0.106919
v 0.355996 -0.002246 -0.107329
v 0.353263 -0.029914 -0.155308
v 0.298252 0.155888 0.075143
v 0.306923 0.158859 0.052291
v 0.310423 0.110651 0.051904
v 0.299844 0.116821 0.071772
v 0.100049 0.444756 0.161803
v 0.049942 0.448545 0.172873
v 0.050129 0.485919 0.142626
v 0.101468 0.480417 0.129574
v 0.172688 -0.070211 -0.632300
v 0.182443 -0.017758 -0.656096
v 0.084693 -0.032289 -0.691512
v 0.078893 -0.080915 -0.665547
v 0.102404 0.565937 0.017298
v 0.049901 0.574204 0.030858
v 0.050471 0.599224 -0.019446
v -0.340385 -0.174554 -0.225230
v -0.361841 -0.178077 -0.245906
v -0.357765 -0.162587 -0.250483
v -0.341277 -0.162627 -0.233405
v 0.103927 0.589526 -0.031277
v 0.266524 0.012549 0.140537
v 0.277036 -0.018918 0.141362
v 0.257282 -0.021831 0.160345
v 0.249002 0.009867 0.155641
v 0.365214 -0.161250 -0.209067
v 0.359945 -0.156745 -0.203109
v -0.435480 0.117423 -0.274484
v -0.435401 0.101566 -0.274294
v -0.425411 0.098790 -0.262129
v -0.426718 0.114945 -0.260121
v -0.370014 -0.052196 -0.325899
v -0.359650 -0.084247 -0.315017
v -0.388517 -0.058446 -0.327511
v -0.390061 -0.045097 -0.329838
v 0.051346 0.620602 -0.078317
v 0.106103 0.609901 -0.088103
v 0.059031 0.060107 0.221631
v -0.421871 0.063281 -0.315129
v -0.428072 0.069275 -0.332636
v -0.429875 0.059123 -0.338821
v -0.424689 0.050524 -0.325772
v -0.437015 0.078101 -0.356202
v -0.437561 0.063756 -0.363869
v -0.354081 -0.130512 -0.202163
v -0.350262 -0.111855 -0.198281
v -0.353307 -0.103901 -0.205192
v -0.355582 -0.109088 -0.210966
v -0.352960 -0.043601 -0.283315
v -0.361034 -0.023274 -0.274102
v -0.413479 -0.129063 -0.302539
v -0.414094 -0.120166 -0.298173
v -0.424503 -0.099455 -0.315258
v -0.424577 -0.105567 -0.319835
v 0.061224 0.070134 0.207638
v 0.079596 0.053611 0.201630
v 0.077490 0.043012 0.212967
v 0.039521 0.307085 0.231314
v 0.044208 0.347217 0.218977
v 0.088800 0.347595 0.211618
v 0.081416 0.307694 0.226243
v 0.102243 0.040157 0.196615
v 0.098533 0.030072 0.203974
v 0.049877 0.518411 0.108875
v 0.101954 0.512092 0.094783
v 0.102987 0.639345 -0.339253
v -0.400739 -0.107277 -0.289557
v -0.411989 -0.094662 -0.307823
v -0.417954 -0.091070 -0.316397
v -0.411286 -0.101905 -0.306458
v 0.105554 0.641018 -0.296750
v 0.049230 0.654412 -0.298859
v -0.439648 0.081036 -0.309471
v -0.428672 0.090635 -0.287242
v -0.431205 0.091178 -0.289196
v -0.440376 0.080474 -0.314785
v 0.054355 0.649438 -0.361831
v 0.338448 -0.001048 -0.457753
v 0.354820 -0.006705 -0.380605
v 0.369975 0.053106 -0.388581
v 0.359814 0.081322 -0.471598
v 0.168792 -0.479356 -0.053904
v 0.158751 -0.539391 -0.069253
v -0.399836 0.016028 -0.326525
v -0.393016 0.041572 -0.317329
v -0.388419 0.037861 -0.317119
v -0.395000 0.015435 -0.325018
v -0.440486 0.063923 -0.346373
v -0.442160 0.050511 -0.351689
v -0.432713 0.046250 -0.346477
v -0.373097 0.051795 -0.260344
v -0.374411 0.054654 -0.264027
v -0.377789 0.046682 -0.265895
v -0.374900 0.041338 -0.259625
v -0.374911 -0.181218 -0.246684
v -0.344392 -0.124776 -0.283153
v -0.353043 -0.120298 -0.289965
v -0.366685 -0.100628 -0.305143
v -0.361739 -0.095592 -0.305950
v 0.265408 0.267527 0.113490
v 0.275114 0.294391 0.091567
v 0.291724 0.258173 0.072909
v 0.280577 0.236382 0.096513
v 0.031833 0.242947 0.248274
v 0.068922 0.243014 0.247054
v 0.059388 0.211669 0.248160
v 0.028361 0.211001 0.249858
v -0.341373 -0.166509 -0.204062
v -0.355444 -0.165995 -0.202380
v -0.359656 -0.172629 -0.208716
v -0.344564 -0.174687 -0.210988
v 0.299922 0.079563 0.074613
v 0.312997 0.064706 0.059599
v 0.308348 0.023403 0.083355
v 0.293838 0.043924 0.093266
v 0.279382 0.019385 0.123771
v -0.388969 0.071688 -0.264342
v -0.400624 0.069370 -0.276358
v -0.392677 0.064082 -0.272233
v -0.383980 0.065445 -0.263204
v 0.291196 -0.010262 0.121909
v -0.432164 0.003376 -0.344300
v -0.426211 0.037278 -0.334790
v 0.095499 0.395922 0.192102
v 0.047565 0.397839 0.200780
v 0.301750 0.210773 0.058321
v 0.291394 0.197408 0.083206
v 0.045614 0.076291 0.234641
v 0.048889 0.084139 0.216551
v 0.036319 0.109754 0.230463
v -0.428018 -0.043354 -0.316915
v -0.429988 -0.042870 -0.332315
v -0.424759 -0.062949 -0.326127
v -0.424482 -0.063393 -0.310582
v 0.022747 0.105513 0.259709
v 0.022885 0.125536 0.253227
v 0.036292 0.125199 0.234118
v 0.169376 0.306798 0.191020
v 0.177538 0.343342 0.173730
v 0.215074 0.336788 0.146198
v 0.207310 0.302609 0.164921
v 0.102136 0.540013 0.058372
v -0.426169 -0.003083 -0.317015
v -0.429750 -0.002276 -0.334103
v 0.049724 0.547256 0.072495
v 0.024262 0.171451 0.247836
v 0.044839 0.171869 0.239491
v 0.039051 0.155265 0.236074
v -0.445689 0.044437 -0.343884
v -0.445947 0.013705 -0.345357
v -0.444864 0.046624 -0.347457
v -0.382815 0.057746 -0.305785
v -0.383008 0.072612 -0.325103
v -0.380401 0.039531 -0.333270
v -0.384559 0.044962 -0.313277
v 0.024371 0.155232 0.248014
v 0.121194 0.022128 0.200075
v 0.125657 0.033573 0.194949
v 0.325471 -0.155900 -0.223352
v 0.331102 -0.162137 -0.220916
v 0.364331 0.075609 -0.170010
v 0.357228 0.022606 -0.160713
v 0.358755 0.064332 -0.112413
v 0.361990 0.128418 -0.123088
v 0.374266 0.187801 -0.140567
v 0.380747 0.230581 -0.167206
v 0.383950 0.152110 -0.203096
v 0.375559 0.120369 -0.181455
v 0.248505 -0.421632 -0.379258
v 0.236894 -0.370577 -0.396170
v 0.022516 0.089427 0.272744
v 0.022245 0.074489 0.285410
v 0.097048 0.178253 -0.748839
v -0.355346 -0.084247 -0.209204
v -0.362273 -0.073837 -0.215444
v -0.357220 -0.084706 -0.222455
v -0.354734 -0.094829 -0.220529
v 0.093857 0.110221 -0.739453
v 0.195598 0.130457 -0.697038
v 0.197699 0.195243 -0.704427
v 0.321873 -0.054196 -0.437636
v -0.369327 -0.109729 -0.298929
v -0.356289 -0.125057 -0.286422
v -0.358466 -0.126623 -0.283101
v -0.372247 -0.118167 -0.291358
v 0.341422 -0.050972 -0.366381
v 0.051702 -0.060424 0.294377
v 0.035666 -0.038409 0.270898
v 0.035847 -0.056684 0.265573
v 0.034235 -0.044049 0.270963
v 0.052024 -0.073259 0.302502
v 0.062648 -0.076994 0.308602
v 0.040287 -0.074244 0.269504
v 0.036917 -0.073301 0.271191
v 0.033167 -0.055209 0.266493
v 0.042228 -0.035671 0.274322
v 0.010322 -0.094140 0.334882
v 0.013678 -0.087244 0.349986
v 0.032062 -0.080161 0.343813
v 0.024494 -0.087318 0.333194
v 0.024674 -0.042945 0.277268
v 0.020053 -0.053198 0.280252
v 0.025512 -0.062630 0.316215
v 0.034033 -0.043603 0.297042
v 0.036248 -0.033400 0.283300
v 0.033806 -0.059135 0.312414
v 0.028797 -0.088513 0.296974
v 0.042447 -0.058578 0.304331
v -0.410859 0.076858 -0.287481
v -0.410724 0.049740 -0.290607
v -0.403832 0.048720 -0.283115
v -0.382967 -0.100840 -0.247153
v -0.386808 -0.094430 -0.256773
v -0.391378 -0.109743 -0.266484
v -0.386370 -0.119944 -0.258615
v 0.388185 -0.090958 -0.257515
v 0.280966 -0.323019 -0.157749
v 0.298586 -0.248810 -0.195344
v 0.294914 -0.250821 -0.223700
v -0.394003 -0.161581 -0.273731
v -0.382969 -0.162666 -0.276842
v -0.372794 -0.173337 -0.261262
v -0.384599 -0.175095 -0.259921
v -0.354778 -0.100469 -0.215005
v -0.353862 -0.097031 -0.207239
v -0.409229 0.018467 -0.335960
v -0.402758 0.049271 -0.326084
v 0.285205 -0.328347 -0.203038
v 0.398088 0.040798 -0.273163
v 0.333877 0.289731 -0.018520
v 0.341349 0.348426 -0.065632
v 0.367719 0.289711 -0.123364
v -0.419946 0.041788 -0.314775
v -0.422634 0.030267 -0.322162
v 0.364932 0.236190 -0.096997
v 0.343402 0.397237 -0.106788
v 0.369818 0.344099 -0.160383
v 0.385887 0.283263 -0.208471
v 0.394527 0.181763 -0.277308
v 0.206022 0.091759 0.166631
v 0.207279 0.090191 0.166273
v 0.199923 0.087960 0.172196
v -0.368424 -0.021856 -0.238175
v -0.355331 -0.018491 -0.243516
v -0.354523 -0.021944 -0.244391
v -0.370477 -0.029864 -0.237453
v 0.199042 0.089844 0.172753
v 0.204204 0.092805 0.165426
v 0.198060 0.090812 0.170168
v -0.370894 -0.021462 -0.230559
v -0.373077 -0.029066 -0.230018
v -0.371852 -0.030883 -0.222442
v -0.370018 -0.026361 -0.221978
v 0.209460 0.094945 0.161376
v 0.211377 0.093716 0.162413
v 0.212202 0.092049 0.161937
v 0.123978 0.092582 0.184432
v 0.126036 0.093264 0.180892
v 0.137824 0.090426 0.185799
v 0.136942 0.089728 0.189633
v 0.123243 0.090999 0.185693
v 0.138159 0.087498 0.189883
v -0.351859 -0.016970 -0.248098
v -0.352457 -0.018291 -0.245569
v -0.354883 -0.016072 -0.247609
v -0.375455 -0.002228 -0.305859
v -0.382535 -0.041868 -0.316046
v -0.371464 -0.041822 -0.310059
v -0.357488 -0.004111 -0.301528
v 0.119406 0.099809 0.155217
v 0.118146 0.103009 0.155368
v -0.432773 -0.036605 -0.340485
v 0.124563 0.095209 0.156412
v 0.113485 0.103795 0.168015
v 0.112976 0.109650 0.168333
v -0.408707 0.095535 -0.239759
v -0.400815 0.104690 -0.238216
v -0.413375 0.123538 -0.261640
v 0.116158 0.111865 0.155737
v 0.116863 0.105889 0.155263
v 0.114807 0.100916 0.168984
v -0.361458 -0.087865 -0.269694
v -0.373745 -0.083241 -0.253250
v -0.364266 -0.083464 -0.245626
v -0.356883 -0.090125 -0.261286
v -0.352289 -0.063562 -0.236071
v -0.342568 -0.080525 -0.231694
v -0.364574 -0.071400 -0.229872
v -0.370619 0.007233 -0.229013
v -0.362305 -0.011068 -0.244775
v -0.367291 -0.016285 -0.236650
v -0.369294 -0.015067 -0.229367
v -0.434739 -0.080186 -0.333607
v -0.442963 -0.054601 -0.345189
v -0.433989 -0.054909 -0.351695
v -0.425981 -0.081980 -0.339881
v 0.106588 0.099730 0.171759
v 0.104962 0.102153 0.171036
v -0.343740 -0.148294 -0.195812
v -0.332839 -0.161774 -0.210150
v -0.343456 -0.132643 -0.190251
v -0.454805 0.101391 -0.323301
v -0.434900 0.113850 -0.324998
v -0.436009 0.103981 -0.337423
v -0.456071 0.091598 -0.334717
v -0.353342 0.015407 -0.274285
v -0.354285 0.004636 -0.272445
v -0.356482 0.012452 -0.264307
v -0.356092 0.021752 -0.264700
v 0.105443 0.107803 0.171714
v 0.161249 0.082538 0.189857
v 0.163045 0.079378 0.188395
v 0.140659 0.081513 0.189293
v 0.139683 0.084626 0.189866
v 0.159672 0.085283 0.190463
v 0.175919 0.085509 0.186716
v 0.177770 0.082828 0.185560
v 0.179270 0.079849 0.183667
v -0.261507 -0.162982 -0.470065
v -0.301771 -0.163797 -0.376849
v -0.320127 -0.094800 -0.419976
v -0.285421 -0.095521 -0.498726
v -0.399521 -0.149362 -0.271369
v -0.394028 -0.160745 -0.258361
v -0.376093 0.045490 -0.222396
v -0.372749 0.055654 -0.215157
v -0.379463 0.082562 -0.220598
v -0.382151 0.065605 -0.222343
v 0.123755 0.085790 0.186348
v 0.123384 0.088777 0.186238
v 0.180608 0.076493 0.181603
v 0.164468 0.075784 0.186328
v -0.439431 0.022558 -0.369253
v -0.453732 0.018888 -0.361079
v 0.141573 0.077629 0.188080
v 0.123418 0.082923 0.186531
v 0.107650 0.089706 0.183122
v 0.109720 0.091714 0.182727
v 0.165476 0.071957 0.184815
v 0.165157 0.067792 0.184319
v 0.141225 0.069587 0.187144
v 0.141710 0.073520 0.187126
v -0.385736 0.075042 -0.255856
v -0.405571 0.093473 -0.271087
v -0.394289 0.080675 -0.266442
v -0.384897 0.073364 -0.258082
v -0.381116 0.034900 -0.248233
v -0.384985 0.041416 -0.245627
v -0.378091 0.045678 -0.246655
v -0.373052 0.038718 -0.247547
v 0.181350 0.072615 0.179680
v 0.181169 0.068146 0.179117
v -0.372430 0.078611 -0.206921
v -0.380485 0.102720 -0.221734
v 0.220795 0.093219 0.153184
v 0.223588 0.095708 0.149608
v 0.224363 0.092052 0.148843
v -0.338476 -0.128608 -0.278894
v 0.222926 0.089774 0.150762
v 0.238242 0.076625 0.132487
v 0.242928 0.083345 0.128431
v 0.253244 0.077189 0.120501
v -0.384289 0.040097 -0.235647
v -0.388652 0.052977 -0.232533
v -0.390428 0.049060 -0.244481
v -0.347747 -0.107456 -0.187727
v -0.351385 -0.098899 -0.198591
v -0.380996 0.067223 -0.257766
v -0.377925 0.061842 -0.257974
v -0.370257 0.045402 -0.256132
v -0.372678 0.033648 -0.261747
v 0.246910 0.070200 0.126863
v -0.406525 0.001670 -0.297209
v -0.415324 -0.040190 -0.305277
v 0.288313 0.028938 0.107779
v 0.256889 0.057619 0.122951
v 0.263788 0.065294 0.112966
v 0.217450 0.091048 0.156967
v 0.213415 0.089455 0.161111
v 0.216368 0.093934 0.157794
v 0.219644 0.096055 0.154263
v 0.219855 0.087858 0.154517
v 0.215379 0.086158 0.159514
v 0.208760 0.087689 0.165613
v 0.210548 0.084294 0.164362
v 0.202944 0.082098 0.170527
v 0.201483 0.085225 0.171526
v 0.190683 0.083613 0.178552
v -0.337998 -0.092693 -0.353214
v -0.323416 -0.161850 -0.278630
v 0.189144 0.086354 0.179468
v 0.192217 0.080559 0.176993
v 0.204338 0.078607 0.169291
v 0.194003 0.077224 0.175400
v 0.212567 0.080745 0.162220
v 0.217955 0.082809 0.156679
v 0.222199 0.084867 0.151512
v 0.225460 0.086947 0.147534
v 0.227472 0.090187 0.144943
v 0.225052 0.081160 0.147184
v 0.228195 0.077314 0.143024
v 0.222032 0.074741 0.149898
v 0.220266 0.079001 0.153122
v 0.229137 0.083831 0.142506
v 0.233057 0.080485 0.137509
v -0.372355 0.047402 -0.246732
v -0.371240 0.048744 -0.248276
v -0.366843 0.044152 -0.251803
v -0.368126 0.042078 -0.247916
v 0.214133 0.077236 0.159873
v 0.215188 0.073196 0.157244
v 0.205687 0.071120 0.165450
v 0.205211 0.075501 0.167854
v -0.388941 -0.169048 -0.245903
v -0.398900 0.032223 -0.283830
v -0.383605 0.024401 -0.274865
v -0.386919 0.034198 -0.269096
v 0.195294 0.073754 0.173745
v 0.195685 0.069362 0.171856
v -0.443886 -0.026761 -0.338874
v -0.449499 0.014136 -0.344245
v -0.454822 0.016510 -0.351892
v -0.448822 -0.027614 -0.345205
v 0.158937 0.087273 0.190559
v 0.158395 0.088254 0.187697
v 0.174234 0.088478 0.184469
v 0.174933 0.087482 0.187205
v 0.187930 0.088313 0.179770
v -0.334518 -0.167201 -0.215353
v -0.353640 0.000735 -0.277207
v -0.360006 -0.008613 -0.273544
v 0.187668 0.089407 0.177109
v 0.174679 0.082940 0.172144
v 0.170460 0.085949 0.153167
v 0.184699 0.086304 0.149085
v 0.190717 0.084144 0.166397
v -0.357871 0.028539 -0.264001
v -0.361837 0.036869 -0.256056
v 0.156181 0.081884 0.174741
v 0.154067 0.087581 0.156032
v 0.138047 0.084608 0.175630
v -0.352629 -0.084551 -0.198109
v 0.137780 0.091052 0.156791
v 0.125663 0.092422 0.174204
v 0.170326 0.148964 0.187995
v 0.171342 0.149842 0.190091
v 0.195176 0.146531 0.186148
v 0.193006 0.145330 0.183761
v 0.248438 -0.002099 -0.605981
v 0.255718 0.073001 -0.633505
v 0.191825 0.050934 -0.680125
v 0.207331 0.135876 0.178363
v 0.207760 0.138914 0.177652
v 0.219066 0.133250 0.169973
v 0.217686 0.130196 0.170578
v 0.206581 0.132091 0.178621
v -0.436481 0.083269 -0.332032
v -0.438343 0.074332 -0.339405
v -0.427548 0.076444 -0.325460
v -0.425641 0.082257 -0.317463
v -0.421369 0.087848 -0.298276
v -0.424190 0.096050 -0.296253
v -0.432865 0.090255 -0.321398
v -0.377069 0.027528 -0.268978
v -0.382335 0.036406 -0.263577
v 0.216182 0.126422 0.169742
v 0.191915 0.137539 0.186807
v -0.378071 -0.106888 -0.239702
v -0.381427 -0.137246 -0.245157
v -0.417850 -0.080487 -0.314539
v -0.416501 -0.076857 -0.299557
v -0.420030 -0.025878 -0.355904
v -0.419627 0.020288 -0.359729
v -0.413036 0.019100 -0.347498
v -0.414435 -0.024205 -0.348333
v 0.192572 0.141293 0.186735
v 0.192672 0.143647 0.184834
v 0.216605 0.119508 0.145285
v 0.212033 0.127193 0.149431
v -0.390164 -0.016320 -0.328292
v -0.376560 -0.012260 -0.330024
v -0.368329 -0.020960 -0.219343
v -0.365062 -0.002600 -0.209580
v -0.357916 0.026038 -0.266483
v -0.360029 0.033052 -0.255761
v -0.390790 -0.096129 -0.310982
v -0.369481 -0.132888 -0.275637
v -0.390323 -0.107392 -0.303149
v -0.349190 -0.136404 -0.265044
v -0.347154 -0.141390 -0.253932
v -0.360041 -0.141746 -0.262422
v 0.211390 0.120921 0.162045
v 0.215010 0.115838 0.156243
v 0.218855 0.115733 0.141745
v 0.217199 0.112032 0.151608
v 0.216748 0.118074 0.125626
v 0.212836 0.122003 0.129161
v 0.206861 0.126787 0.134291
v -0.401382 -0.097896 -0.285150
v -0.410348 -0.091745 -0.299156
v 0.219022 0.114400 0.123641
v -0.347661 -0.018188 -0.251962
v -0.339431 -0.025609 -0.257912
v -0.346125 -0.020919 -0.248654
v -0.419422 -0.001770 -0.304387
v -0.423974 -0.041697 -0.307479
v -0.385644 0.052042 -0.246476
v 0.220444 0.110621 0.122932
v -0.374329 0.002131 -0.255337
v -0.380021 0.019135 -0.243905
v -0.400658 0.069861 -0.244149
v -0.393051 0.060841 -0.247597
v -0.390449 0.056593 -0.246620
v -0.395284 0.059022 -0.243067
v -0.314588 -0.067636 -0.247470
v -0.332319 -0.075414 -0.241429
v -0.339512 -0.059340 -0.240868
v 0.220148 0.106316 0.122729
v 0.218668 0.102246 0.124387
v 0.301249 -0.053095 0.109250
v 0.301199 0.003267 0.102887
v -0.417810 0.097190 -0.290739
v -0.419070 0.086571 -0.296599
v -0.408162 0.053189 -0.336009
v 0.313076 -0.037007 0.087510
v 0.215093 0.095873 0.158495
v -0.379347 0.055885 -0.269592
v -0.383664 0.047825 -0.273295
v 0.218415 0.098177 0.154780
v -0.391231 0.115118 -0.296991
v -0.387758 0.105434 -0.280897
v -0.388253 0.106333 -0.274917
v -0.390877 0.126411 -0.274207
v 0.212685 0.097197 0.157989
v -0.343583 -0.154919 -0.238347
v -0.356925 -0.153672 -0.252744
v -0.355970 -0.147283 -0.254651
v -0.344957 -0.147921 -0.244362
v -0.360439 -0.084548 -0.242465
v -0.355397 -0.091103 -0.256365
v 0.214714 0.098912 0.155130
v -0.425716 -0.073359 -0.327822
v -0.421570 -0.077821 -0.322760
v -0.428296 -0.057755 -0.333316
v -0.434103 -0.051728 -0.336982
v 0.220853 0.100690 0.150826
v 0.223003 0.098602 0.150208
v 0.207383 0.088347 0.154745
v 0.205900 0.090249 0.139545
v 0.211486 0.093004 0.134870
v -0.358595 0.019401 -0.282983
v -0.353526 0.013788 -0.285628
v -0.390606 0.077108 -0.287936
v -0.400862 0.089619 -0.295985
v -0.395436 0.103580 -0.276831
v -0.387974 0.092325 -0.275673
v -0.414146 0.057240 -0.348806
v 0.211997 0.092916 0.148894
v 0.201670 0.085452 0.159893
v 0.197009 0.087764 0.144419
v 0.214273 0.095608 0.131102
v 0.216961 0.098811 0.127133
v -0.384119 0.041817 -0.271505
v -0.387004 0.042990 -0.276974
v 0.214792 0.095353 0.145819
v -0.381330 0.043743 -0.269196
v 0.217113 0.098201 0.141637
v 0.216780 0.101217 0.151590
v -0.369890 0.034265 -0.249067
v -0.378101 0.028418 -0.250593
v -0.397144 0.069787 -0.250965
v -0.416723 0.087359 -0.267703
v -0.412532 0.086064 -0.265813
v -0.394270 0.072327 -0.253072
v 0.220048 0.105232 0.137826
v 0.220467 0.108353 0.138152
v 0.218485 0.103484 0.147861
v -0.372340 0.056028 -0.253657
v 0.220389 0.106210 0.144604
v 0.218972 0.102136 0.138665
v -0.077118 -0.170259 -0.606437
v -0.085484 -0.118914 -0.643031
v 0.220102 0.112173 0.139387
v 0.219076 0.108954 0.147300
v 0.225681 0.095673 0.146949
v 0.225306 0.100845 0.146710
v 0.229820 0.105649 0.142246
v 0.228829 0.094854 0.143176
v -0.388807 0.105460 -0.238161
v -0.394669 0.114551 -0.258659
v -0.399146 0.119453 -0.260710
v -0.391333 0.110096 -0.243651
v -0.423576 0.076196 -0.314430
v 0.234073 0.094274 0.137913
v 0.231899 0.087813 0.139324
v 0.236652 0.107675 0.138796
v 0.243343 0.109505 0.135055
v -0.444823 0.058585 -0.341641
v -0.365049 -0.014046 -0.264854
v -0.348330 -0.029522 -0.264858
v 0.240031 0.094014 0.132672
v 0.236547 0.086204 0.134279
v 0.223078 0.102929 0.147450
v -0.300902 -0.035789 -0.256897
v -0.302435 -0.029733 -0.257841
v -0.306071 -0.032256 -0.263329
v -0.303764 -0.040110 -0.263377
v 0.224802 0.105622 0.144939
v 0.233853 0.113808 0.145120
v -0.315983 -0.060759 -0.265122
v -0.329303 -0.066951 -0.260190
v -0.325179 -0.076645 -0.252955
v -0.311501 -0.072654 -0.262521
v 0.238454 0.117405 0.143623
v 0.227793 0.110898 0.147360
v 0.225435 0.115440 0.153950
v 0.230464 0.119179 0.153609
v -0.297436 -0.051977 -0.259124
v -0.299225 -0.043929 -0.257277
v -0.303415 -0.048490 -0.264222
v -0.302928 -0.058019 -0.265882
v 0.233682 0.122716 0.153196
v 0.225312 0.124336 0.161940
v -0.415488 0.094970 -0.279100
v -0.424321 0.095587 -0.287145
v 0.227840 0.127644 0.161562
v 0.221700 0.120747 0.161317
v 0.222864 0.109525 0.148684
v -0.448118 0.055672 -0.338643
v -0.448952 0.044750 -0.343036
v -0.441591 0.077043 -0.326852
v -0.443059 0.068863 -0.334152
v 0.220769 0.113136 0.153334
v 0.217767 0.117512 0.159296
v 0.213716 0.122295 0.166062
v -0.365157 -0.060910 -0.214288
v -0.369996 -0.059629 -0.224040
v -0.367974 -0.067898 -0.224003
v -0.453210 0.072554 -0.338598
v -0.456177 0.080322 -0.344311
v -0.356650 -0.147868 -0.200597
v -0.351136 -0.155048 -0.196701
v -0.222057 -0.502822 -0.118374
v -0.269812 -0.477427 -0.175856
v -0.268845 -0.527481 -0.174558
v -0.222627 -0.552355 -0.120246
v -0.400765 0.081509 -0.234958
v -0.396346 0.093779 -0.230499
v 0.205492 0.128791 0.175927
v 0.203848 0.127399 0.171999
v 0.191119 0.133792 0.184495
v -0.299268 -0.059122 -0.251427
v -0.299568 -0.064797 -0.261784
v -0.312083 -0.073097 -0.254676
v -0.325874 -0.039159 -0.245241
v -0.304701 -0.035369 -0.248269
v 0.190298 0.132380 0.180852
v 0.173938 0.153572 0.195131
v 0.200867 0.151523 0.190526
v 0.189805 0.139227 0.165748
v 0.181367 0.134317 0.150247
v 0.168641 0.135647 0.157042
v 0.172863 0.141942 0.174750
v -0.316190 -0.052580 -0.264589
v 0.113960 0.113460 0.169561
v 0.116274 0.119398 0.172418
v -0.323199 -0.027913 -0.261431
v -0.326577 -0.023126 -0.253426
v -0.339415 -0.092748 -0.237537
v -0.347414 -0.094253 -0.250054
v -0.355477 -0.094674 -0.232132
v -0.301484 -0.066402 -0.265316
v -0.357467 0.024298 -0.271501
v 0.118712 0.122169 0.158835
v 0.115892 0.116151 0.156380
v 0.109466 0.111648 0.174077
v 0.115226 0.117712 0.177588
v -0.331369 -0.047946 -0.264218
v -0.347640 -0.061264 -0.273677
v -0.346151 -0.071985 -0.268831
v -0.330580 -0.057478 -0.263655
v -0.393558 -0.112006 -0.275062
v -0.395469 -0.102838 -0.274298
v -0.367138 -0.083952 -0.278570
v -0.382215 -0.083024 -0.267918
v -0.362967 0.000295 -0.266210
v -0.371111 0.015974 -0.257771
v -0.348899 -0.017271 -0.250639
v -0.335316 -0.036881 -0.262991
v -0.346472 -0.047808 -0.273222
v -0.327053 -0.031847 -0.246522
v -0.346534 -0.032310 -0.244262
v -0.345651 -0.026989 -0.245563
v -0.326712 -0.026886 -0.248039
v -0.397042 0.047976 -0.279258
v -0.388710 0.082237 -0.225811
v -0.393968 0.067769 -0.232743
v -0.396116 0.136348 -0.356266
v -0.386976 0.095077 -0.380499
v -0.388582 0.099145 -0.316656
v -0.315598 -0.043549 -0.263628
v -0.306862 -0.024690 -0.256049
v -0.308827 -0.026401 -0.248996
v -0.421353 -0.093248 -0.313977
v -0.361315 -0.095647 -0.229654
v -0.362611 0.025290 -0.254444
v -0.417991 -0.052198 -0.347876
v -0.411601 -0.077728 -0.337260
v -0.359250 0.031268 -0.256059
v -0.363994 0.036882 -0.250254
v -0.351467 -0.093231 -0.253966
v -0.358341 -0.089370 -0.237894
v -0.365330 0.039050 -0.249599
v -0.367313 -0.062294 -0.231278
v -0.419218 0.049065 -0.307227
v 0.133966 0.135792 0.180319
v 0.136909 0.132499 0.162104
v -0.374608 -0.150195 -0.279050
v -0.366329 -0.157857 -0.264102
v 0.123823 0.129300 0.161125
v -0.306714 -0.030351 -0.248989
v 0.122441 0.128251 0.176916
v -0.324790 -0.076812 -0.249344
v -0.321433 -0.034966 -0.263913
v 0.138268 0.130404 0.187055
v 0.124402 0.123822 0.182336
v 0.172815 0.135151 0.186994
v -0.358397 -0.042893 -0.238670
v -0.356064 -0.053662 -0.237356
v -0.369885 -0.051316 -0.231976
v 0.104954 0.357386 -0.733566
v 0.102085 0.279217 -0.749321
v -0.389141 -0.081162 -0.276436
v -0.371323 -0.077623 -0.289902
v -0.376363 -0.072606 -0.300541
v -0.396645 -0.076813 -0.284879
v -0.404075 -0.101671 -0.325498
v -0.395182 -0.123354 -0.309392
v -0.406503 -0.130864 -0.307397
v -0.416866 -0.108647 -0.325945
v 0.199915 0.288510 -0.704973
v 0.200465 0.356422 -0.692323
v -0.402779 0.213230 -0.398199
v -0.399125 0.164587 -0.321817
v -0.405948 0.245619 -0.341000
v -0.411290 0.097610 -0.323139
v -0.411974 0.085573 -0.331918
v -0.435948 0.091253 -0.347543
v -0.387087 0.117907 -0.246138
v -0.389389 0.105810 -0.266161
v -0.387751 0.112697 -0.255658
v -0.436610 -0.027352 -0.362465
v 0.204748 0.134407 0.156401
v 0.195737 0.131315 0.142404
v 0.251183 0.362313 -0.654073
v 0.247385 0.405553 -0.639680
v 0.202967 0.414651 -0.666699
v 0.173923 -0.309575 -0.488681
v 0.123312 -0.361996 -0.521594
v -0.372652 0.026159 -0.224929
v -0.382317 0.029464 -0.238957
v 0.105489 0.110319 0.179930
v -0.386337 -0.090778 -0.314600
v 0.112929 0.116453 0.182658
v -0.396711 -0.085775 -0.275121
v -0.406316 -0.082925 -0.286509
v -0.441466 0.101360 -0.288586
v -0.424698 0.092078 -0.276841
v 0.100304 0.106066 0.177608
v 0.094668 0.105226 0.178754
v 0.099371 0.110882 0.180629
v 0.107162 0.118400 0.183662
v 0.122285 0.123854 0.186293
v 0.117766 0.126627 0.188215
v 0.133825 0.135307 0.192716
v 0.137090 0.131609 0.191013
v 0.172016 0.136055 0.191058
v 0.170917 0.140153 0.192119
v 0.130662 0.138666 0.191899
v 0.114562 0.129811 0.186957
v 0.128029 0.141575 0.189642
v 0.113039 0.133793 0.185258
v 0.169816 0.147261 0.189730
v 0.170164 0.144165 0.191859
v 0.110653 0.093324 0.182102
v 0.096283 0.096793 0.179617
v 0.112306 0.095229 0.180169
v 0.101543 0.098425 0.178272
v 0.117123 0.096202 0.176116
v 0.098484 0.100646 0.177524
v 0.093355 0.099369 0.178729
v -0.051838 -0.559893 0.016942
v -0.051143 -0.595017 -0.001533
v 0.117399 0.097224 0.170356
v 0.094475 0.112277 0.178365
v 0.089356 0.104729 0.177987
v 0.088494 0.113940 0.176058
v 0.083460 0.104758 0.176501
v 0.098582 0.124830 0.179064
v 0.102744 0.121320 0.181315
v 0.088073 0.098070 0.178539
v 0.090832 0.095136 0.179759
v 0.082815 0.097345 0.177640
v 0.086165 0.093519 0.178938
v 0.122328 0.079905 0.186657
v 0.120817 0.076456 0.186711
v 0.104515 0.086953 0.183592
v 0.101301 0.084131 0.183357
v 0.163888 0.062381 0.183799
v 0.180250 0.063174 0.178809
v 0.161580 0.055899 0.183947
v -0.040223 -0.043773 0.289975
v -0.047585 -0.045100 0.283080
v -0.042446 -0.035452 0.278289
v -0.038693 -0.035101 0.281452
v 0.178746 0.055708 0.178632
v 0.136696 0.058584 0.187662
v 0.139464 0.064522 0.187231
v 0.159423 -0.579465 -0.076327
v 0.232117 0.072445 0.139408
v 0.238811 0.064519 0.136144
v 0.230390 0.060849 0.145065
v 0.224932 0.069955 0.146959
v 0.216965 0.067813 0.154745
v -0.042558 -0.088722 0.282900
v -0.039335 -0.080602 0.277366
v -0.043407 -0.081823 0.273713
v -0.047224 -0.088490 0.278071
v 0.219716 0.058300 0.154631
v 0.207352 0.057127 0.163530
v 0.206591 0.065787 0.163295
v 0.195416 0.064437 0.170935
v 0.194786 0.056327 0.171164
v 0.248075 0.091486 0.125827
v 0.254134 0.108484 0.124988
v 0.258001 0.086441 0.117037
v 0.265482 0.105888 0.113510
v 0.080785 0.117946 0.176700
v -0.026447 -0.036367 0.277228
v -0.018909 -0.051166 0.291118
v -0.026434 -0.044340 0.298418
v -0.032435 -0.032711 0.281319
v 0.076664 0.106536 0.175830
v 0.069999 0.122016 0.181897
v 0.067863 0.109285 0.179479
v 0.077995 0.136620 0.188089
v 0.088752 0.132633 0.182199
v 0.078036 0.097059 0.176834
v 0.081417 0.091548 0.177990
v 0.070997 0.096283 0.178639
v 0.076254 0.088720 0.179518
v 0.118027 0.071539 0.186503
v 0.114867 0.065945 0.186766
v 0.097604 0.080457 0.183015
v 0.092772 0.075936 0.183916
v 0.238212 -0.057311 -0.580570
v 0.261204 0.151863 -0.648461
v 0.238075 0.172667 0.177665
v 0.226924 0.157879 0.182405
v 0.208843 0.162970 0.193797
v 0.218083 0.180533 0.194211
v 0.248140 0.195700 0.166138
v 0.260561 0.179302 0.151279
v 0.250825 0.162030 0.162317
v 0.240024 0.150062 0.169440
v 0.258509 0.122959 0.129924
v 0.250117 0.122632 0.138315
v 0.250756 0.131371 0.146137
v 0.259112 0.134826 0.138343
v 0.269740 0.123664 0.117765
v 0.271614 0.141069 0.126512
v 0.256484 0.147004 0.149629
v 0.246742 0.140191 0.157188
v 0.267627 0.158515 0.139464
v 0.118654 0.161118 0.201948
v 0.122964 0.154256 0.194708
v 0.107373 0.143778 0.187309
v 0.098969 0.146879 0.191500
v 0.112091 0.167652 0.207203
v 0.088802 0.150313 0.196230
v 0.185978 0.185783 0.209096
v 0.179364 0.166414 0.202814
v 0.126130 0.143622 0.187669
v 0.114199 0.136330 0.185610
v 0.125484 0.145033 0.188178
v 0.113703 0.137825 0.185141
v 0.291422 0.460106 -0.550026
v 0.302986 0.490396 -0.487538
v 0.219670 0.543795 -0.519181
v 0.215046 0.506571 -0.580731
v 0.208465 0.140012 0.177412
v 0.210478 0.141487 0.179860
v 0.223053 0.136542 0.171411
v 0.220283 0.134728 0.169958
v 0.229802 0.129768 0.161434
v 0.232998 0.131724 0.161836
v 0.239380 0.126892 0.152672
v 0.236084 0.125153 0.152995
v 0.239374 0.121939 0.146691
v 0.242174 0.121592 0.144501
v 0.112465 0.141254 0.186613
v 0.124966 0.147688 0.190108
v 0.257620 0.302703 -0.660010
v 0.223766 0.374472 0.120533
v 0.258802 0.356465 0.087355
v 0.248802 0.323682 0.116049
v 0.216694 0.147091 0.182940
v 0.229998 0.141707 0.172253
v 0.239062 0.135450 0.161201
v 0.244360 0.128978 0.151545
v 0.246248 0.124293 0.144861
v 0.351195 -0.068027 -0.185998
v 0.355180 -0.068435 -0.194341
v 0.392616 -0.016189 -0.321585
v 0.382842 0.017882 -0.318499
v 0.376851 0.035079 -0.313477
v 0.389584 0.075737 -0.243170
v 0.410832 0.090792 -0.256996
v 0.409474 -0.112645 -0.291629
v 0.393848 -0.121569 -0.272137
v -0.440113 0.118135 -0.292388
v 0.409742 -0.107827 -0.294588
v 0.441553 0.072521 -0.312756
v 0.443208 0.064182 -0.319444
v 0.447309 0.063349 -0.318777
v 0.202866 -0.164281 -0.528607
v 0.225059 -0.101152 -0.559599
v 0.445334 0.053951 -0.326711
v 0.366563 -0.044800 -0.206276
v 0.399336 -0.019857 -0.322819
v 0.409222 -0.023478 -0.331337
v 0.411192 -0.049595 -0.333198
v 0.408090 -0.046341 -0.327682
v 0.405553 -0.073895 -0.323604
v 0.403085 -0.068591 -0.320083
v 0.418043 -0.094213 -0.307487
v 0.428809 -0.076540 -0.316663
v 0.416657 0.093247 -0.262136
v 0.412375 0.088042 -0.254529
v 0.420323 0.091298 -0.263496
v 0.370116 -0.050964 -0.213585
v 0.379836 0.068451 -0.242148
v 0.378525 0.055493 -0.237175
v 0.376326 0.057513 -0.239320
v 0.349872 -0.025261 -0.234894
v 0.350196 -0.020421 -0.235493
v 0.356019 -0.032787 -0.232146
v 0.369450 -0.040894 -0.225431
v 0.336296 -0.079687 -0.226484
v 0.332426 -0.086718 -0.238185
v 0.335418 -0.092008 -0.233868
v 0.425538 0.125363 -0.284964
v 0.378839 0.050606 -0.236031
v 0.386670 0.055796 -0.236121
v 0.388290 0.061928 -0.237470
v 0.424760 0.089383 -0.265070
v 0.388976 0.066466 -0.238868
v 0.384996 0.066580 -0.238565
v 0.393335 0.074305 -0.242621
v 0.381655 0.066601 -0.239596
v 0.368193 -0.058931 -0.297118
v 0.361086 -0.060072 -0.287243
v 0.361767 0.037520 -0.191147
v 0.365749 0.025304 -0.201643
v 0.389169 -0.124645 -0.260916
v 0.376838 0.069744 -0.295014
v 0.377531 0.082180 -0.301003
v 0.435261 -0.052774 -0.326358
v 0.400071 -0.079974 -0.276719
v 0.389356 -0.082682 -0.266616
v 0.409302 -0.074906 -0.285716
v 0.417408 -0.062280 -0.293668
v 0.352461 0.019554 -0.264531
v 0.415118 0.038750 -0.285426
v 0.417569 0.027749 -0.292438
v 0.407061 0.038960 -0.277516
v 0.384619 0.100024 -0.292168
v 0.383536 0.099742 -0.280307
v 0.387575 0.071342 -0.281981
v 0.379915 0.091773 -0.277282
v 0.346582 -0.062066 -0.228406
v 0.345485 -0.092922 -0.246040
v 0.340515 -0.082300 -0.249892
v 0.350499 -0.091695 -0.250754
v 0.347707 -0.087332 -0.257753
v 0.350054 -0.079077 -0.266583
v 0.353459 -0.069256 -0.273493
v 0.353131 -0.057237 -0.277433
v 0.344592 -0.041090 -0.232838
v 0.386119 0.096909 -0.226533
v 0.341845 -0.050727 -0.231893
v 0.351541 -0.032384 -0.233331
v 0.352422 -0.041508 -0.231000
v 0.350875 -0.051672 -0.228905
v 0.373781 -0.096463 -0.233453
v 0.377826 -0.088170 -0.246201
v 0.366356 -0.092955 -0.230242
v 0.382802 -0.084907 -0.256922
v 0.360523 -0.091335 -0.228011
v 0.376428 0.076369 -0.286815
v 0.378371 0.091903 -0.287427
v 0.351545 -0.049908 -0.175984
v 0.322730 -0.010006 0.062271
v 0.329321 0.038332 0.034581
v 0.129117 -0.257739 0.161942
v 0.123878 -0.272505 0.164197
v 0.285128 -0.067679 0.131850
v 0.261991 -0.080835 0.158085
v 0.124773 -0.231694 0.221395
v 0.120928 -0.235120 0.221980
v 0.116312 -0.232402 0.222913
v 0.120135 -0.230594 0.221374
v 0.109353 -0.228470 0.214656
v 0.113356 -0.229118 0.211138
v 0.114297 -0.229510 0.215354
v 0.110689 -0.228802 0.218926
v 0.144976 -0.155557 0.228922
v 0.163259 -0.135214 0.223221
v 0.175421 -0.157410 0.217434
v 0.157578 -0.174157 0.224461
v 0.122852 -0.234657 0.174764
v 0.121747 -0.228156 0.176654
v 0.115475 -0.228090 0.195609
v 0.117747 -0.230992 0.193994
v 0.121434 -0.248454 0.175060
v 0.116566 -0.237766 0.193105
v 0.131942 -0.237836 0.161788
v 0.128217 -0.226747 0.163695
v 0.170619 -0.264985 0.201257
v 0.152345 -0.253243 0.209104
v 0.157189 -0.237276 0.212332
v 0.175478 -0.241429 0.204156
v 0.124182 -0.096784 0.228513
v 0.145206 -0.115915 0.227211
v 0.128356 -0.135969 0.231550
v 0.109296 -0.114434 0.231888
v 0.089945 -0.090649 0.234438
v 0.103866 -0.076949 0.229591
v 0.081828 -0.052489 0.252496
v 0.085768 -0.070730 0.258317
v 0.084373 -0.075658 0.275433
v 0.085405 -0.064683 0.269308
v 0.074650 -0.095167 0.266948
v 0.086484 -0.081899 0.250837
v 0.055528 -0.101661 0.269508
v -0.057474 -0.089563 0.279815
v -0.052566 -0.081792 0.274320
v -0.057680 -0.078178 0.282859
v -0.064544 -0.084552 0.288012
v 0.053840 -0.097994 0.274294
v 0.074364 -0.097708 0.258984
v -0.023074 -0.085309 0.321903
v -0.028709 -0.074868 0.322595
v -0.023362 -0.079467 0.310890
v -0.023045 -0.088627 0.309185
v 0.075700 -0.102416 0.249602
v 0.057428 -0.104883 0.264094
v 0.050198 -0.092862 0.279262
v 0.063915 -0.092557 0.279201
v -0.036712 -0.071683 0.319616
v -0.045291 -0.074357 0.327884
v -0.053760 -0.074472 0.319661
v -0.043725 -0.071820 0.311787
v -0.021810 -0.068344 0.286678
v -0.027729 -0.077475 0.292922
v -0.018573 -0.068484 0.304592
v -0.058367 -0.068080 0.274375
v -0.050130 -0.073578 0.267849
v -0.046774 -0.054594 0.263881
v -0.053660 -0.050116 0.269016
v 0.072939 -0.083314 0.287083
v 0.021056 -0.090770 0.321623
v 0.027553 -0.084599 0.331438
v 0.045790 0.065533 0.250124
v 0.058920 0.047843 0.234992
v 0.045541 0.052061 0.261392
v 0.058801 0.036404 0.246346
v 0.068463 -0.072980 0.306145
v 0.076295 -0.063394 0.297583
v 0.057095 -0.067106 0.324866
v 0.062191 -0.053765 0.322402
v 0.023549 0.141059 0.250029
v 0.010313 -0.107400 0.300284
v 0.011710 -0.110999 0.297811
v 0.009201 -0.102280 0.309921
v 0.109681 0.471414 -0.672142
v 0.112258 0.532924 -0.615719
v 0.108590 0.599920 -0.500106
v 0.097570 0.622477 -0.438137
v 0.030041 -0.192825 0.299324
v 0.027485 -0.179995 0.299189
v 0.063520 -0.196710 0.230062
v 0.035876 -0.195883 0.236766
v 0.034234 -0.214653 0.250079
v 0.060452 -0.214677 0.243137
v 0.081085 -0.215553 0.232332
v 0.085563 -0.198403 0.219811
v 0.066277 -0.179157 0.222915
v 0.037873 -0.177686 0.229973
v 0.060074 -0.225310 0.259937
v 0.034251 -0.225252 0.270390
v 0.033798 -0.216497 0.285100
v 0.060569 -0.218541 0.271882
v 0.089803 -0.124291 0.243444
v 0.069885 -0.121164 0.256057
v 0.049322 -0.120919 0.273537
v 0.033289 -0.121845 0.286740
v 0.029671 -0.111673 0.288394
v 0.042178 -0.108417 0.277392
v 0.027871 -0.107421 0.290201
v 0.040422 -0.104675 0.280524
v 0.039294 -0.100797 0.283113
v 0.041863 -0.093749 0.285134
v 0.032532 -0.094727 0.291110
v 0.035274 -0.088686 0.289391
v 0.027191 -0.103061 0.291384
v 0.022442 0.024171 0.324962
v 0.021559 0.042418 0.311051
v 0.050168 -0.171390 0.289861
v 0.025359 -0.169192 0.296662
v 0.022336 -0.148905 0.293354
v 0.043988 -0.148946 0.286938
v 0.066307 -0.152704 0.274459
v 0.075151 -0.179836 0.276752
v 0.013643 -0.114862 0.295679
v 0.052263 -0.182428 0.290903
v 0.054158 -0.194927 0.289495
v 0.077826 -0.191454 0.276905
v 0.079446 -0.202504 0.274591
v 0.098748 -0.192164 0.260655
v 0.092787 -0.162342 0.259702
v 0.121635 -0.172874 0.243096
v 0.118286 -0.205504 0.243970
v 0.156767 -0.221698 0.217705
v 0.131662 -0.232847 0.220159
v 0.132740 -0.226552 0.223369
v 0.131289 -0.220519 0.228182
v 0.152439 -0.206163 0.224375
v 0.174150 -0.218452 0.209976
v 0.168302 -0.195422 0.217118
v 0.142078 -0.190390 0.232327
v 0.127703 -0.214068 0.234206
v 0.125825 -0.228198 0.224337
v 0.120848 -0.229014 0.223314
v 0.124961 -0.224659 0.228675
v 0.119879 -0.227415 0.227092
v 0.122043 -0.221321 0.233965
v 0.117833 -0.225895 0.231455
v 0.113605 -0.223054 0.237800
v 0.116394 -0.215997 0.241725
v 0.110947 -0.229000 0.214645
v 0.106419 -0.228461 0.220240
v 0.106991 -0.228880 0.227383
v 0.111058 -0.229296 0.221831
v 0.113618 -0.229266 0.211639
v 0.113265 -0.229242 0.218481
v 0.112821 -0.225081 0.201222
v 0.106542 -0.221046 0.210327
v -0.238142 -0.421946 -0.115235
v -0.276120 -0.409881 -0.183440
v 0.116044 -0.230159 0.207686
v 0.115971 -0.229257 0.213766
v 0.116091 -0.229498 0.220825
v 0.115890 -0.228928 0.223356
v 0.113785 -0.228344 0.227164
v 0.109957 -0.227325 0.232407
v 0.079690 -0.212265 0.268565
v 0.097236 -0.212151 0.257739
v 0.095944 -0.220211 0.250554
v 0.079186 -0.222301 0.257996
v 0.094055 -0.225655 0.242442
v 0.089137 -0.181199 0.213797
v 0.077553 -0.225842 0.248623
v 0.102103 -0.203529 0.206927
v 0.106558 -0.190239 0.196484
v 0.096139 -0.217982 0.219599
v 0.119550 -0.220984 0.182054
v 0.111754 -0.212529 0.194901
v 0.125887 -0.218000 0.169473
v 0.116938 -0.202455 0.184752
v 0.093362 -0.227656 0.232685
v 0.098552 -0.203178 0.260432
v 0.056749 -0.206693 0.282643
v 0.031358 -0.204229 0.293396
v -0.170119 0.023761 0.182322
v -0.166686 0.009709 0.188668
v -0.145779 0.016186 0.193588
v -0.150185 0.028581 0.188118
v 0.026529 -0.014476 0.356204
v 0.024731 0.006250 0.339909
v 0.113012 -0.230046 0.222679
v 0.050313 -0.622627 -0.016753
v -0.373651 -0.039702 -0.226913
v -0.371166 -0.035908 -0.220494
v -0.411603 0.071971 -0.340564
v 0.127855 -0.238670 0.219580
v 0.117462 -0.258894 0.174917
v 0.112647 -0.242334 0.194137
v 0.155278 -0.286855 0.203351
v 0.131504 -0.307250 0.215693
v 0.120578 -0.287096 0.224823
v 0.140357 -0.269675 0.212069
v 0.107535 -0.254713 0.235922
v 0.120161 -0.246188 0.224625
v -0.440111 0.084969 -0.312315
v 0.114254 -0.239319 0.228272
v 0.102916 -0.243876 0.239551
v 0.098604 -0.235765 0.241553
v 0.109787 -0.233875 0.229201
v 0.089685 -0.226716 0.234342
v 0.068460 -0.223557 0.249214
v 0.065298 -0.241476 0.224795
v 0.088224 -0.243581 0.212487
v 0.105297 -0.243481 0.200393
v 0.105184 -0.228356 0.219398
v -0.410873 0.106863 -0.311741
v -0.404447 0.118204 -0.287766
v -0.398694 0.110600 -0.282141
v -0.404332 0.097714 -0.303150
v 0.092734 -0.225970 0.238536
v 0.106590 -0.228071 0.223844
v 0.070088 -0.223244 0.254680
v 0.103190 -0.605846 -0.041976
v 0.107526 -0.229703 0.227905
v 0.094494 -0.228488 0.240372
v 0.073405 -0.227704 0.258033
v 0.078274 -0.237688 0.260497
v 0.082524 -0.249263 0.260814
v 0.085969 -0.263593 0.255999
v 0.095290 -0.300042 0.242075
v 0.100214 -0.324877 0.236084
v 0.064971 -0.307889 0.256674
v 0.067635 -0.333449 0.255022
v 0.060697 -0.269964 0.273957
v 0.058871 -0.252227 0.280862
v 0.055651 -0.238500 0.279415
v 0.052371 -0.227101 0.274275
v 0.016661 -0.123376 0.293436
v 0.026325 -0.094616 0.297128
v 0.021234 -0.094005 0.309028
v 0.037975 -0.076918 0.335730
v 0.008829 -0.098332 0.321344
v 0.049699 -0.067598 0.332989
v 0.042254 -0.071137 0.340707
v 0.045218 -0.062228 0.344820
v 0.050650 -0.058841 0.338411
v 0.035269 -0.074660 0.347507
v 0.041282 -0.063428 0.350411
v 0.016118 -0.081187 0.357273
v 0.021152 -0.063414 0.368129
v 0.026259 -0.033512 0.366820
v 0.023413 -0.051613 0.370432
v 0.047452 -0.053659 0.347736
v 0.052938 -0.043605 0.340768
v -0.451121 0.088294 -0.318735
v 0.054444 -0.029328 0.328308
v 0.064582 -0.040653 0.309986
v 0.052032 0.650910 -0.219208
v 0.049081 -0.221210 0.269493
v 0.046741 -0.221804 0.259527
v -0.367364 -0.103064 -0.227439
v -0.408951 0.029406 -0.292305
v 0.063694 -0.292213 0.190529
v 0.064213 -0.270440 0.202953
v 0.042609 -0.270168 0.210452
v -0.401721 0.120248 -0.274430
v -0.419004 0.127825 -0.278427
v 0.042292 -0.293954 0.198184
v 0.025724 -0.221173 0.263951
v -0.441418 -0.027143 -0.340686
v -0.452393 0.080831 -0.329331
v -0.443469 0.073727 -0.323615
v -0.407219 0.081096 -0.246612
v -0.379685 -0.058795 -0.312801
v -0.412366 -0.057765 -0.301167
v -0.404869 -0.070281 -0.293127
v -0.376266 -0.067945 -0.307114
v -0.352307 0.007960 -0.283085
v 0.023730 -0.239430 0.237552
v 0.044096 -0.239573 0.232742
v 0.026801 -0.219984 0.275649
v 0.029165 -0.226743 0.282063
v 0.031859 -0.238527 0.288894
v 0.022341 -0.271041 0.214038
v 0.022530 -0.294765 0.202314
v -0.351747 -0.080918 -0.185636
v 0.109051 -0.266188 0.180884
v -0.390279 -0.135311 -0.262697
v -0.395688 -0.129373 -0.274494
v -0.157440 -0.167707 -0.578458
v -0.174185 -0.112019 -0.611020
v -0.447684 -0.027620 -0.354726
v 0.113331 -0.283841 0.169967
v 0.088109 -0.270536 0.192753
v 0.089539 -0.289999 0.181554
v 0.037795 -0.334157 0.269580
v 0.036241 -0.310645 0.268404
v 0.032652 -0.255609 0.290567
v 0.033352 -0.275274 0.282437
v 0.112369 0.572714 -0.561411
v 0.314774 0.384921 -0.029045
v 0.307262 0.351274 0.010749
v -0.412525 0.089999 -0.282706
v 0.272304 0.389704 0.045877
v 0.281852 0.416108 0.009003
v 0.318445 0.423747 -0.070044
v 0.285016 0.449084 -0.029956
v 0.200616 0.609008 -0.316357
v 0.203566 0.606487 -0.244878
v 0.108071 0.637578 -0.225379
v 0.174763 0.609071 -0.386465
v 0.236281 0.566204 -0.432824
v 0.247848 0.580507 -0.335709
v 0.247922 0.580811 -0.259016
v -0.374872 -0.105885 -0.234305
v -0.370343 -0.135577 -0.231113
v -0.364094 -0.132794 -0.220751
v -0.385769 0.044259 -0.275372
v 0.121629 -0.432563 -0.527964
v 0.261652 0.215379 -0.655828
v 0.241318 0.576051 -0.189862
v 0.200265 0.597887 -0.175835
v 0.197608 0.582762 -0.113834
v 0.234755 0.565054 -0.131202
v 0.107320 0.626414 -0.153042
v 0.051845 0.638156 -0.143791
v 0.090488 0.031418 -0.719026
v 0.021409 0.059805 0.297577
v 0.229248 -0.245188 -0.443771
v 0.275547 -0.246478 -0.354800
v 0.284127 -0.503519 -0.241927
v 0.337716 -0.132238 -0.260988
v 0.335616 -0.129866 -0.265745
v 0.293063 -0.320710 -0.262818
v 0.297092 -0.251671 -0.268088
v 0.183318 -0.239893 -0.503333
v 0.385781 -0.075294 -0.314551
v 0.390207 -0.056992 -0.320778
v 0.392545 -0.080078 -0.313095
v 0.397824 -0.060448 -0.319768
v 0.399778 -0.040359 -0.322594
v 0.396298 -0.089695 -0.309693
v 0.387048 0.100634 -0.266254
v 0.392788 0.108532 -0.262292
v -0.383458 -0.086567 -0.317079
v -0.385387 -0.075753 -0.321533
v 0.337067 -0.142679 -0.240003
v 0.335839 -0.138781 -0.248309
v -0.307633 -0.028095 -0.262280
v 0.333750 -0.140873 -0.243632
v 0.332553 -0.143858 -0.237443
v 0.335903 -0.147887 -0.232435
v 0.332449 -0.147157 -0.231825
v 0.389100 0.178698 -0.232823
v 0.325352 -0.143496 -0.248818
v 0.332492 -0.131562 -0.262138
v 0.333679 -0.136171 -0.254833
v 0.329129 -0.140276 -0.248166
v 0.328744 -0.146333 -0.237944
v 0.328963 -0.151132 -0.229439
v 0.334019 -0.154249 -0.226937
v -0.391792 -0.114658 -0.305207
v -0.372515 -0.141645 -0.277582
v -0.298203 -0.393921 -0.250717
v -0.289018 -0.380167 -0.325507
v -0.292092 -0.437075 -0.315274
v -0.294349 -0.456099 -0.242709
v -0.361696 -0.011650 -0.190480
v -0.362399 -0.047964 -0.204338
v -0.358433 -0.053177 -0.194935
v 0.398314 -0.095607 -0.311715
v 0.361383 -0.149757 -0.253892
v -0.120030 -0.514805 -0.006664
v -0.106046 -0.573330 -0.027487
v 0.387757 0.061639 -0.296349
v 0.387337 0.053770 -0.302989
v 0.399707 0.061704 -0.310753
v 0.399830 0.072369 -0.303971
v 0.287405 -0.052010 -0.517860
v 0.299887 0.002774 -0.544652
v 0.057138 -0.424904 -0.552021
v 0.058220 -0.353918 -0.550941
v 0.375463 0.164914 -0.470888
v 0.388489 0.069697 -0.288383
v 0.400600 0.080647 -0.296662
v 0.393295 -0.036779 -0.322483
v 0.386066 0.065352 -0.287096
v 0.384823 0.057544 -0.294862
v 0.406089 0.088734 -0.304363
v 0.406497 0.077903 -0.312614
v 0.405822 0.066350 -0.319396
v 0.383446 0.049330 -0.302868
v -0.353806 -0.077979 -0.164095
v -0.351953 -0.081045 -0.112658
v -0.359938 -0.002344 -0.113095
v -0.358810 -0.029953 -0.161947
v 0.382031 0.093012 -0.301523
v 0.401888 0.317927 -0.353040
v 0.396780 0.288384 -0.423405
v 0.384329 0.402738 -0.370512
v 0.380185 0.377663 -0.447306
v 0.356129 0.347542 -0.526978
v 0.371716 0.253322 -0.503236
v 0.384011 0.098555 -0.273552
v 0.396546 0.113143 -0.264445
v 0.321076 0.455725 -0.109361
v 0.346128 0.430094 -0.146021
v 0.286119 0.477953 -0.065969
v 0.285141 0.503726 -0.099915
v 0.317654 0.485904 -0.144636
v 0.353017 0.451012 -0.205643
v 0.397845 0.271282 -0.277863
v 0.393632 0.345321 -0.282000
v 0.378647 0.366130 -0.213812
v -0.297987 0.153914 0.071198
v -0.306798 0.157249 0.048539
v -0.309677 0.109300 0.047101
v -0.298643 0.114978 0.066978
v 0.375230 0.428022 -0.292122
v 0.332519 0.496779 -0.237717
v 0.350628 0.478400 -0.311027
v 0.296745 0.538987 -0.257325
v 0.306964 0.528741 -0.330867
v 0.306241 0.515913 -0.411231
v 0.358894 0.458449 -0.387125
v 0.307986 0.512894 -0.175847
v 0.277116 0.527248 -0.127283
v 0.282062 0.544264 -0.193647
v 0.265821 0.547252 -0.150170
v 0.369155 0.375409 -0.177404
v 0.313839 -0.174048 -0.226289
v 0.320654 -0.175319 -0.200770
v -0.096999 0.443982 0.161011
v -0.046496 0.448125 0.172397
v -0.047308 0.485554 0.142292
v -0.099098 0.479798 0.129050
v 0.341451 -0.121100 -0.165827
v -0.183468 -0.071179 -0.633023
v -0.192330 -0.018653 -0.656801
v -0.095180 -0.032760 -0.691851
v -0.090202 -0.081392 -0.665859
v 0.341985 0.003901 0.001018
v 0.341896 0.067212 -0.011386
v 0.356710 0.027506 -0.062835
v 0.347901 -0.040171 -0.046304
v -0.101521 0.565590 0.017194
v -0.048748 0.574008 0.030786
v -0.049703 0.599057 -0.019478
v -0.103361 0.589223 -0.031318
v -0.264345 0.012181 0.135081
v -0.274748 -0.018462 0.135920
v -0.255139 -0.021575 0.154656
v -0.246982 0.009411 0.150068
v 0.334991 0.135873 -0.019172
v 0.353081 0.098241 -0.069931
v 0.354680 0.169307 -0.079425
v 0.336266 0.207962 -0.021092
v 0.310683 0.320124 -0.602226
v 0.321138 0.235844 -0.592337
v -0.369398 -0.158720 -0.216388
v -0.364197 -0.154276 -0.209785
v 0.322556 0.171854 -0.582844
v 0.241177 0.293238 0.136154
v -0.050906 0.620452 -0.078322
v -0.105812 0.609623 -0.088102
v 0.107600 0.426116 -0.702964
v 0.234257 0.412162 0.082952
v 0.273430 0.422804 -0.604627
v -0.006504 -0.352330 -0.559746
v 0.207436 0.452694 -0.637598
v 0.354302 0.433965 -0.462856
v 0.337417 0.407504 -0.530679
v 0.296561 0.375455 -0.604997
v 0.315859 0.090864 -0.571808
v 0.237799 0.546030 -0.093008
v 0.281328 0.123102 0.102376
v 0.277353 0.100244 0.098080
v 0.282243 0.147390 0.110030
v 0.268707 0.076141 0.105492
v 0.076110 0.032080 0.223500
v 0.074108 0.021687 0.233381
v 0.071367 0.010303 0.243459
v 0.091585 0.007877 0.222590
v 0.087645 -0.007116 0.231897
v 0.056925 0.009169 0.268508
v 0.057996 0.023221 0.257384
v 0.069358 -0.004336 0.252632
v 0.067297 -0.020468 0.260719
v 0.056118 -0.006318 0.280083
v 0.086737 -0.082583 0.239269
v 0.091738 -0.058833 0.233356
v 0.080076 -0.037795 0.243707
v 0.105979 -0.021571 0.225075
v 0.099816 -0.038542 0.230780
v 0.083571 -0.021044 0.238642
v 0.112634 -0.004800 0.215758
v 0.072077 -0.037309 0.273283
v 0.078117 -0.053231 0.287714
v 0.060277 -0.023680 0.294897
v 0.051769 -0.012938 0.311954
v 0.048012 0.005446 0.297172
v 0.094632 0.019137 0.213454
v 0.117031 0.008597 0.207761
v 0.117357 -0.056202 0.228447
v 0.139987 -0.073305 0.227065
v 0.127382 -0.033940 0.221419
v 0.150006 -0.048247 0.219699
v 0.134307 -0.015793 0.212170
v 0.156844 -0.028517 0.209993
v 0.161028 -0.091918 0.224709
v 0.179100 -0.112412 0.219401
v 0.195796 -0.137852 0.210068
v 0.193762 -0.086835 0.211042
v 0.212541 -0.114453 0.200979
v 0.203679 -0.061370 0.201346
v 0.225842 -0.086614 0.190812
v -0.058792 0.059814 0.219123
v -0.061043 0.069841 0.205056
v -0.079585 0.053316 0.198967
v -0.077377 0.042815 0.210170
v -0.035517 0.306886 0.230112
v -0.040288 0.346948 0.218120
v -0.085085 0.346970 0.210214
v -0.077504 0.307225 0.224326
v 0.173529 -0.065989 0.216670
v 0.181812 -0.044048 0.206504
v 0.163078 -0.008890 0.200902
v 0.140558 0.000772 0.203831
v 0.209615 -0.003752 0.182935
v 0.208901 -0.032586 0.191989
v 0.186260 -0.020050 0.196853
v 0.188884 0.003709 0.188330
v 0.234300 -0.052053 0.180989
v 0.233132 -0.012723 0.174480
v 0.228303 0.013230 0.166861
v 0.158023 0.047017 0.186348
v 0.133005 0.050131 0.189408
v 0.176202 0.045740 0.181150
v 0.207706 0.017276 0.175517
v 0.190342 0.021130 0.182371
v 0.246952 0.051789 0.134451
v 0.235932 0.047521 0.146023
v 0.207486 0.044907 0.167074
v 0.193110 0.044975 0.174787
v 0.222121 0.045980 0.157503
v 0.110168 0.058100 0.189058
v 0.088013 0.069044 0.188360
v 0.272277 -0.312077 -0.340114
v 0.046732 0.022211 0.285373
v 0.045747 0.037715 0.273689
v 0.073420 0.153160 0.204950
v 0.063704 0.139355 0.197590
v 0.037784 0.140277 0.235435
v 0.095299 0.171485 0.217029
v 0.069591 0.082284 0.188432
v -0.102188 0.040008 0.193938
v -0.098466 0.029870 0.201205
v 0.061673 0.093965 0.188156
v 0.056796 0.109729 0.189546
v 0.057043 0.124006 0.193106
v -0.047688 0.518116 0.108659
v -0.100191 0.511592 0.094452
v -0.103568 0.639172 -0.339229
v -0.105878 0.640794 -0.296715
v -0.049589 0.654306 -0.298839
v -0.054961 0.649374 -0.361820
v 0.154833 0.242713 0.224041
v 0.139613 0.209466 0.231961
v 0.290947 0.318668 0.056168
v 0.309584 0.274673 0.036627
v 0.253417 0.221282 0.148123
v 0.268793 0.199911 0.132760
v 0.278846 0.173985 0.119670
v 0.318086 0.215531 0.022434
v 0.320406 0.152728 0.018418
v 0.325759 0.093742 0.022393
v -0.347305 -0.003318 -0.460455
v -0.363661 -0.009599 -0.384574
v -0.377850 0.050690 -0.391906
v -0.367262 0.079453 -0.473933
v 0.243597 0.470824 0.011750
v -0.173770 -0.480377 -0.054023
v -0.162782 -0.540252 -0.069764
v -0.006546 -0.421163 -0.558811
v 0.243197 0.498564 -0.022760
v 0.241206 0.441051 0.047610
v 0.196391 0.563338 -0.066257
v 0.196623 0.541440 -0.024113
v 0.241316 0.523618 -0.057453
v 0.198940 0.516277 0.012600
v 0.200595 0.488574 0.046762
v 0.198284 0.459186 0.082824
v 0.193090 0.428290 0.117233
v 0.185297 0.385579 0.151242
v 0.222342 -0.307136 -0.429225
v 0.038263 -0.034421 0.276251
v 0.034627 -0.033546 0.278961
v -0.263114 0.265914 0.110618
v -0.273028 0.293016 0.089221
v -0.290000 0.256705 0.070172
v -0.279148 0.234660 0.093476
v 0.032466 -0.037531 0.273625
v 0.029281 -0.036150 0.276238
v 0.026610 -0.045219 0.274752
v 0.034090 -0.079713 0.285655
v 0.027715 -0.070474 0.280337
v 0.024283 -0.053722 0.274106
v 0.332416 -0.153156 -0.174499
v -0.027918 0.243014 0.247129
v -0.065128 0.242927 0.244104
v -0.055644 0.211819 0.245807
v -0.024347 0.211104 0.249304
v -0.297528 0.077942 0.068995
v -0.311284 0.063525 0.054593
v -0.306735 0.022851 0.078446
v -0.291769 0.042705 0.088031
v -0.277041 0.018935 0.118769
v -0.289042 -0.010021 0.116864
v -0.091952 0.395141 0.191000
v -0.043727 0.397493 0.200158
v -0.300795 0.209244 0.055155
v -0.290935 0.195611 0.079979
v -0.044946 0.076037 0.232503
v -0.048444 0.083738 0.214201
v -0.034119 0.109311 0.228386
v -0.017599 0.104794 0.257457
v -0.015897 0.124740 0.249839
v -0.032125 0.124504 0.231304
v -0.166313 0.305696 0.188636
v -0.174553 0.342251 0.171828
v -0.212438 0.335571 0.144227
v -0.204326 0.301288 0.162304
v -0.100864 0.539603 0.058176
v -0.048100 0.547018 0.072364
v -0.018661 0.171478 0.245678
v -0.040789 0.171729 0.237215
v -0.034593 0.154879 0.233301
v -0.017863 0.155043 0.244757
v -0.121958 0.022062 0.197756
v -0.126286 0.033334 0.192353
v -0.331285 -0.154567 -0.229016
v -0.336423 -0.159715 -0.228165
v -0.365853 0.075314 -0.174823
v -0.360797 0.022436 -0.166672
v -0.360658 0.064108 -0.117333
v -0.362099 0.127723 -0.127307
v -0.373521 0.186931 -0.143961
v -0.380208 0.229813 -0.169763
v -0.383736 0.151815 -0.206428
v -0.375597 0.120090 -0.185469
v -0.263644 -0.423961 -0.378263
v -0.251644 -0.372864 -0.395041
v -0.016770 0.088535 0.271042
v -0.016402 0.073574 0.283828
v -0.104608 0.177909 -0.749098
v -0.102441 0.109827 -0.739753
v -0.203509 0.129730 -0.697628
v -0.204560 0.194624 -0.704912
v -0.331697 -0.056717 -0.440681
v -0.351017 -0.054023 -0.370923
v -0.051040 -0.060304 0.292571
v -0.035231 -0.038184 0.269210
v -0.035523 -0.056373 0.263949
v -0.033946 -0.043697 0.269378
v -0.051419 -0.073108 0.300804
v -0.061873 -0.076901 0.306981
v -0.039844 -0.073879 0.267699
v -0.036660 -0.072881 0.269591
v -0.032892 -0.054902 0.264997
v -0.041500 -0.035667 0.272549
v -0.007930 -0.093857 0.334376
v -0.010206 -0.086434 0.349083
v -0.029603 -0.079594 0.342444
v -0.022468 -0.086675 0.331967
v -0.024453 -0.042665 0.275828
v -0.019897 -0.052897 0.278881
v -0.025177 -0.062649 0.314835
v -0.033486 -0.043649 0.295380
v -0.035630 -0.033455 0.281562
v -0.033219 -0.059253 0.310847
v -0.029294 -0.088360 0.296127
v -0.041825 -0.058577 0.302643
v -0.390430 -0.089531 -0.265554
v -0.287482 -0.323512 -0.158911
v -0.310374 -0.250452 -0.197268
v -0.304625 -0.252438 -0.225283
v -0.291551 -0.329977 -0.204142
v -0.398475 0.040510 -0.282613
v -0.332818 0.288591 -0.020798
v -0.340680 0.347519 -0.066910
v -0.367041 0.288774 -0.125289
v -0.363965 0.235072 -0.099797
v -0.343013 0.396439 -0.107584
v -0.369462 0.343271 -0.161569
v -0.385818 0.282506 -0.210107
v -0.395473 0.181114 -0.279449
v -0.206819 0.089913 0.161588
v -0.207852 0.088250 0.161153
v -0.200360 0.086081 0.167022
v -0.199653 0.088008 0.167648
v -0.205346 0.091063 0.160574
v -0.198978 0.089030 0.165323
v -0.210594 0.093251 0.156381
v -0.212265 0.091873 0.157361
v -0.212896 0.090103 0.156852
v -0.123821 0.091911 0.178104
v -0.125660 0.092815 0.174437
v -0.137490 0.089951 0.179326
v -0.136855 0.088897 0.183366
v -0.123234 0.090050 0.179510
v -0.138168 0.086374 0.183793
v -0.119039 0.100057 0.147164
v -0.118059 0.103036 0.147311
v -0.123897 0.095615 0.148545
v -0.113075 0.103063 0.161438
v -0.112153 0.108469 0.161834
v -0.115866 0.111038 0.147807
v -0.116983 0.105598 0.147271
v -0.114206 0.100447 0.162344
v -0.106310 0.099068 0.165135
v -0.104746 0.101293 0.164334
v -0.104888 0.106674 0.165159
v -0.161381 0.081126 0.184015
v -0.163027 0.077952 0.182570
v -0.140677 0.080197 0.183481
v -0.139776 0.083343 0.183921
v -0.159892 0.083979 0.184550
v -0.176127 0.084059 0.181034
v -0.177818 0.081351 0.179762
v -0.179151 0.078358 0.177853
v -0.123799 0.084580 0.180424
v -0.123435 0.087616 0.180185
v -0.180356 0.074908 0.175783
v -0.164246 0.074316 0.180488
v -0.141448 0.076309 0.182304
v -0.123390 0.081730 0.180716
v -0.107592 0.088696 0.177223
v -0.109736 0.090671 0.176736
v -0.165149 0.070339 0.179035
v -0.164677 0.066157 0.178597
v -0.140766 0.068164 0.181659
v -0.141416 0.072142 0.181448
v -0.181116 0.070861 0.173914
v -0.180842 0.066296 0.173344
v -0.221304 0.091196 0.148153
v -0.224195 0.093737 0.144733
v -0.224729 0.089980 0.143867
v -0.223185 0.087653 0.145648
v -0.237198 0.074482 0.127213
v -0.241729 0.081266 0.123212
v -0.251683 0.075147 0.115314
v -0.245615 0.068096 0.121671
v -0.286477 0.028097 0.102875
v -0.255323 0.055666 0.117902
v -0.261953 0.063368 0.107822
v -0.217906 0.089037 0.151785
v -0.213820 0.087476 0.155850
v -0.217127 0.091995 0.152795
v -0.220446 0.094159 0.149386
v -0.220115 0.085748 0.149308
v -0.215592 0.084104 0.154155
v -0.208973 0.085770 0.160237
v -0.210537 0.082357 0.158794
v -0.202811 0.080271 0.164815
v -0.201512 0.083485 0.165962
v -0.190662 0.082097 0.172784
v -0.189454 0.084684 0.174077
v -0.192027 0.078965 0.171198
v -0.204215 0.076636 0.163572
v -0.193814 0.075437 0.169573
v -0.212511 0.078647 0.156665
v -0.217990 0.080625 0.151272
v -0.222209 0.082691 0.146234
v -0.225511 0.084791 0.142409
v -0.227588 0.088077 0.139962
v -0.224813 0.078922 0.141885
v -0.227614 0.075071 0.137670
v -0.221554 0.072432 0.144425
v -0.220068 0.076732 0.147677
v -0.228897 0.081643 0.137351
v -0.232411 0.078317 0.132283
v -0.213973 0.075008 0.154286
v -0.214856 0.070860 0.151662
v -0.205455 0.068890 0.159830
v -0.205080 0.073398 0.162191
v -0.195204 0.071771 0.167963
v -0.195546 0.067219 0.166145
v -0.158991 0.086266 0.184478
v -0.158211 0.087736 0.181313
v -0.174335 0.087696 0.178479
v -0.175161 0.086148 0.181596
v -0.188436 0.086685 0.174541
v -0.188265 0.088120 0.171946
v -0.174691 0.082116 0.166485
v -0.170018 0.086168 0.146004
v -0.184472 0.086296 0.142211
v -0.191350 0.083101 0.161128
v -0.155723 0.081380 0.168625
v -0.153305 0.087859 0.148848
v -0.137346 0.084216 0.169093
v -0.136888 0.091515 0.149285
v -0.124958 0.092105 0.167601
v -0.168440 0.147551 0.180685
v -0.169195 0.148505 0.182743
v -0.192895 0.144898 0.178965
v -0.190974 0.143611 0.176518
v -0.257647 -0.003293 -0.607021
v -0.263945 0.071860 -0.634535
v -0.200772 0.050121 -0.680781
v -0.205691 0.133752 0.172010
v -0.205697 0.136915 0.170799
v -0.216986 0.131333 0.163240
v -0.216126 0.128065 0.164285
v -0.205481 0.129699 0.172711
v -0.215250 0.124006 0.163898
v -0.190647 0.135362 0.180772
v -0.190823 0.139228 0.180138
v -0.190672 0.141711 0.177852
v -0.217978 0.117784 0.140341
v -0.212980 0.125275 0.144255
v -0.211800 0.118497 0.156912
v -0.215942 0.113783 0.151327
v -0.220599 0.114275 0.136879
v -0.218662 0.110276 0.146865
v -0.216731 0.116846 0.119631
v -0.212639 0.120495 0.122921
v -0.206501 0.124959 0.127744
v -0.219031 0.113325 0.117749
v -0.220238 0.109547 0.117100
v -0.219885 0.105380 0.116844
v -0.218523 0.101442 0.118414
v -0.299605 -0.052054 0.104071
v -0.299460 0.003110 0.098130
v -0.311820 -0.036402 0.082527
v -0.216020 0.094080 0.153502
v -0.219373 0.096458 0.149912
v -0.213835 0.095614 0.153011
v -0.215938 0.097400 0.150276
v -0.221788 0.098979 0.146042
v -0.223772 0.096755 0.145402
v -0.208394 0.086804 0.149846
v -0.205567 0.089785 0.133167
v -0.211146 0.092340 0.128671
v -0.213085 0.091382 0.143840
v -0.202485 0.084051 0.154840
v -0.196691 0.087516 0.137828
v -0.214305 0.095008 0.124814
v -0.216834 0.098208 0.121027
v -0.216110 0.094029 0.140683
v -0.218447 0.096844 0.136633
v -0.218135 0.099673 0.146877
v -0.221416 0.103689 0.132940
v -0.221864 0.106823 0.133270
v -0.219738 0.101775 0.143221
v -0.221545 0.104481 0.139899
v -0.220340 0.100610 0.133753
v -0.221704 0.110636 0.134488
v -0.220400 0.107203 0.142590
v -0.226142 0.093676 0.142090
v -0.225820 0.098953 0.141894
v -0.229874 0.103755 0.137187
v -0.228933 0.092825 0.138230
v -0.233609 0.092243 0.132780
v -0.231616 0.085691 0.134259
v -0.235602 0.105810 0.133290
v -0.241245 0.107799 0.128976
v -0.238847 0.092021 0.127307
v -0.235759 0.084091 0.129104
v -0.223673 0.101097 0.142640
v -0.225299 0.103776 0.140043
v -0.232784 0.111933 0.139452
v -0.236501 0.115704 0.137452
v -0.227584 0.108998 0.142095
v -0.224904 0.113388 0.148421
v -0.229138 0.117234 0.147667
v -0.231574 0.120952 0.146772
v -0.223861 0.122283 0.155793
v -0.225712 0.125800 0.154926
v -0.220923 0.118510 0.155588
v -0.223328 0.107639 0.143742
v -0.221088 0.111141 0.148240
v -0.217638 0.115203 0.153976
v -0.213293 0.119632 0.160604
v -0.204885 0.126000 0.170364
v -0.203686 0.124632 0.166460
v -0.190340 0.131262 0.178781
v -0.189951 0.129815 0.175163
v -0.171542 0.152268 0.188008
v -0.198325 0.149907 0.183429
v -0.189762 0.136840 0.160238
v -0.181057 0.132297 0.143414
v -0.168116 0.133875 0.150369
v -0.172390 0.139750 0.169109
v -0.113074 0.112145 0.163033
v -0.115131 0.118079 0.165910
v -0.118053 0.121147 0.150983
v -0.115406 0.115222 0.148421
v -0.108746 0.110338 0.167592
v -0.114371 0.116317 0.171096
v -0.132999 0.134399 0.174135
v -0.136137 0.130916 0.154808
v -0.123110 0.128105 0.153531
v -0.121348 0.126980 0.170455
v -0.137317 0.128841 0.180709
v -0.123469 0.122374 0.175871
v -0.172127 0.133078 0.181014
v -0.110564 0.357141 -0.733725
v -0.108638 0.278925 -0.749528
v -0.205803 0.287994 -0.705347
v -0.205476 0.355990 -0.692602
v -0.205064 0.132179 0.151103
v -0.195337 0.129270 0.135670
v -0.255540 0.361755 -0.654445
v -0.251167 0.405079 -0.639955
v -0.207207 0.414281 -0.666907
v -0.187061 -0.311283 -0.488739
v -0.136399 -0.363496 -0.521912
v -0.104879 0.109010 0.173464
v -0.112114 0.115076 0.176189
v -0.099906 0.104866 0.171244
v -0.094245 0.104245 0.172570
v -0.098782 0.109794 0.174183
v -0.106348 0.117218 0.177054
v -0.121316 0.122403 0.179911
v -0.116742 0.125280 0.181630
v -0.132672 0.133753 0.186362
v -0.136131 0.130110 0.184763
v -0.170937 0.134013 0.185138
v -0.169460 0.138268 0.185911
v -0.129366 0.137312 0.185076
v -0.113437 0.128753 0.180061
v -0.126596 0.140493 0.182369
v -0.111709 0.132951 0.177878
v -0.167989 0.145532 0.182689
v -0.168396 0.142305 0.185193
v -0.110632 0.092443 0.176016
v -0.096199 0.095921 0.173699
v -0.112123 0.094529 0.173824
v -0.101342 0.097595 0.171984
v -0.116825 0.095679 0.169612
v -0.098302 0.099692 0.171233
v -0.093169 0.098512 0.172771
v -0.116657 0.096909 0.163755
v -0.093841 0.111371 0.172227
v -0.088822 0.103949 0.172318
v -0.087560 0.113244 0.170444
v -0.082787 0.104093 0.171394
v -0.097330 0.124112 0.172286
v -0.101882 0.120387 0.174840
v -0.087808 0.097290 0.172923
v -0.090646 0.094290 0.174048
v -0.082419 0.096642 0.172563
v -0.085901 0.092759 0.173680
v -0.122191 0.078723 0.180968
v -0.120526 0.075275 0.181313
v -0.104359 0.085963 0.177876
v -0.101050 0.083203 0.178024
v -0.163222 0.060801 0.178148
v -0.179587 0.061392 0.172965
v -0.160660 0.054469 0.178501
v -0.177837 0.053975 0.172875
v -0.136117 0.057396 0.182860
v -0.138907 0.063201 0.181918
v -0.163365 -0.580398 -0.076460
v -0.231214 0.070228 0.134055
v -0.237767 0.062346 0.130794
v -0.229284 0.058657 0.139589
v -0.224133 0.067666 0.141473
v -0.216281 0.065503 0.149107
v -0.218757 0.055994 0.149028
v -0.206495 0.054910 0.157773
v -0.206174 0.063524 0.157625
v -0.194969 0.062366 0.165156
v -0.193880 0.054371 0.165297
v -0.246296 0.089551 0.120248
v -0.251819 0.106712 0.119006
v -0.255962 0.084493 0.111638
v -0.263424 0.103941 0.107979
v -0.079739 0.117317 0.172203
v -0.075872 0.105913 0.171157
v -0.068927 0.121263 0.178306
v -0.066969 0.108617 0.175879
v -0.076312 0.135899 0.184227
v -0.087339 0.132044 0.176866
v -0.077539 0.096398 0.172219
v -0.081050 0.090859 0.173304
v -0.070507 0.095694 0.174691
v -0.075886 0.088086 0.175404
v -0.117670 0.070468 0.181556
v -0.114460 0.065011 0.182347
v -0.097244 0.079626 0.178205
v -0.092461 0.075193 0.179697
v -0.248207 -0.058703 -0.581779
v -0.268258 0.150890 -0.649333
v -0.235766 0.170696 0.172296
v -0.224244 0.156077 0.175984
v -0.206110 0.161232 0.187117
v -0.215493 0.178627 0.188523
v -0.246728 0.193592 0.162233
v -0.259466 0.177208 0.146992
v -0.248781 0.160141 0.156940
v -0.237356 0.148384 0.163093
v -0.256201 0.121148 0.124002
v -0.247341 0.121100 0.131951
v -0.247865 0.129863 0.139736
v -0.256907 0.132994 0.132527
v -0.267781 0.121694 0.112319
v -0.269806 0.139030 0.121192
v -0.254188 0.145197 0.143818
v -0.244039 0.138626 0.150800
v -0.266070 0.156461 0.134490
v -0.116238 0.160193 0.196070
v -0.120902 0.153544 0.187816
v -0.105690 0.143220 0.180471
v -0.096926 0.146310 0.185885
v -0.109628 0.166937 0.202270
v -0.086601 0.149674 0.191886
v -0.183172 0.184178 0.202963
v -0.176712 0.164932 0.196058
v -0.124500 0.142651 0.180169
v -0.112676 0.135480 0.178050
v -0.123779 0.144261 0.180474
v -0.112178 0.137142 0.177593
v -0.293991 0.459655 -0.550247
v -0.304994 0.489904 -0.487773
v -0.221859 0.543452 -0.519306
v -0.217902 0.506242 -0.580871
v -0.206220 0.138195 0.170308
v -0.207976 0.139797 0.172763
v -0.220394 0.134947 0.164324
v -0.217895 0.132944 0.162904
v -0.227310 0.128087 0.154495
v -0.230227 0.130193 0.154899
v -0.236438 0.125452 0.145856
v -0.233440 0.123561 0.146219
v -0.236797 0.120382 0.140079
v -0.239455 0.120106 0.137932
v -0.110652 0.140644 0.179103
v -0.123033 0.146914 0.182657
v -0.262762 0.302040 -0.660513
v -0.221951 0.373450 0.119135
v -0.257382 0.355352 0.085852
v -0.246541 0.322383 0.113975
v -0.214004 0.145432 0.175997
v -0.227233 0.140094 0.165428
v -0.236139 0.133973 0.154384
v -0.241245 0.127577 0.144790
v -0.243190 0.122894 0.138120
v -0.355051 -0.067327 -0.194699
v -0.358283 -0.067539 -0.203866
v -0.398378 -0.018619 -0.328875
v -0.390555 0.013924 -0.324320
v -0.384401 0.031468 -0.319068
v -0.388560 0.075337 -0.253892
v -0.408501 0.090798 -0.268230
v -0.411501 -0.109839 -0.299327
v -0.395719 -0.119000 -0.280126
v -0.411641 -0.105270 -0.302628
v -0.440224 0.074364 -0.324629
v -0.441631 0.066374 -0.331699
v -0.445287 0.065635 -0.331351
v -0.214874 -0.165555 -0.529354
v -0.236085 -0.102692 -0.560839
v -0.444298 0.056210 -0.339029
v -0.368698 -0.044109 -0.216378
v -0.403668 -0.021301 -0.330762
v -0.411963 -0.023942 -0.339935
v -0.413298 -0.049012 -0.342009
v -0.411062 -0.046565 -0.336437
v -0.408353 -0.073265 -0.332264
v -0.406956 -0.068712 -0.328496
v -0.420031 -0.091800 -0.315919
v -0.431286 -0.074527 -0.325817
v -0.414371 0.093434 -0.273429
v -0.410243 0.088555 -0.265565
v -0.417912 0.092045 -0.274730
v -0.371950 -0.050022 -0.223637
v -0.379749 0.067124 -0.252583
v -0.377515 0.055893 -0.247166
v -0.375372 0.057298 -0.249567
v -0.351757 -0.024842 -0.244874
v -0.351904 -0.020044 -0.245496
v -0.357681 -0.032038 -0.242148
v -0.370920 -0.040038 -0.235460
v -0.338623 -0.078010 -0.235910
v -0.334670 -0.084912 -0.247581
v -0.337488 -0.090036 -0.243367
v -0.425339 0.126651 -0.293922
v -0.378225 0.051178 -0.246014
v -0.385176 0.056663 -0.246346
v -0.386815 0.062539 -0.247818
v -0.422104 0.090558 -0.276237
v -0.387204 0.067022 -0.249414
v -0.383902 0.066616 -0.248946
v -0.391915 0.074450 -0.253295
v -0.381031 0.065909 -0.250136
v -0.369882 -0.058113 -0.307063
v -0.363764 -0.060788 -0.297247
v -0.364586 0.037664 -0.197788
v -0.367498 0.025881 -0.210754
v -0.390610 -0.122251 -0.269322
v -0.380551 0.069493 -0.301061
v -0.380829 0.081824 -0.306044
v -0.437086 -0.050490 -0.335421
v -0.401999 -0.077593 -0.283914
v -0.391632 -0.081197 -0.274333
v -0.411627 -0.072282 -0.292919
v -0.419444 -0.059640 -0.301096
v -0.355350 0.021475 -0.275181
v -0.412551 0.039489 -0.295966
v -0.415831 0.029168 -0.303007
v -0.405537 0.039344 -0.287559
v -0.386789 0.099328 -0.295817
v -0.385241 0.099278 -0.284689
v -0.389507 0.071174 -0.288382
v -0.381573 0.091591 -0.282717
v -0.348845 -0.060712 -0.238091
v -0.347654 -0.091335 -0.255826
v -0.342287 -0.080682 -0.259375
v -0.353097 -0.090733 -0.260501
v -0.349550 -0.086644 -0.267372
v -0.352358 -0.079220 -0.276223
v -0.356137 -0.069785 -0.283207
v -0.354659 -0.056792 -0.287551
v -0.346763 -0.040346 -0.242541
v -0.387880 0.097829 -0.231581
v -0.344203 -0.049617 -0.241275
v -0.353425 -0.031762 -0.243221
v -0.354354 -0.040704 -0.240835
v -0.353017 -0.050655 -0.238680
v -0.377324 -0.094485 -0.241388
v -0.381319 -0.087005 -0.254447
v -0.370180 -0.090644 -0.238003
v -0.385305 -0.083976 -0.265160
v -0.364176 -0.089082 -0.236348
v -0.379705 0.076035 -0.292564
v -0.381155 0.091349 -0.292134
v -0.357223 -0.049851 -0.183990
v -0.322236 -0.010223 0.057508
v -0.328924 0.037710 0.030019
v -0.129834 -0.256036 0.162430
v -0.124515 -0.271100 0.164666
v -0.283420 -0.066521 0.126601
v -0.260216 -0.079485 0.152968
v -0.123811 -0.229579 0.219492
v -0.120317 -0.233111 0.220556
v -0.115779 -0.230601 0.221834
v -0.119403 -0.228676 0.219943
v -0.108928 -0.227048 0.214590
v -0.113283 -0.227391 0.211098
v -0.113988 -0.227892 0.214953
v -0.110091 -0.227289 0.218439
v -0.144351 -0.154519 0.225267
v -0.162390 -0.133998 0.218140
v -0.173740 -0.155576 0.212936
v -0.156328 -0.172575 0.221044
v -0.123262 -0.232713 0.175079
v -0.122028 -0.226274 0.176848
v -0.115493 -0.226252 0.195629
v -0.117955 -0.228996 0.194201
v -0.121891 -0.246725 0.175433
v -0.116824 -0.235900 0.193327
v -0.132558 -0.235910 0.162225
v -0.128685 -0.224802 0.164005
v -0.169759 -0.261512 0.197429
v -0.151275 -0.250272 0.205551
v -0.156140 -0.234635 0.209057
v -0.174397 -0.238348 0.200560
v -0.124608 -0.096302 0.224059
v -0.144855 -0.115076 0.222189
v -0.128039 -0.135140 0.227621
v -0.109247 -0.113849 0.227846
v -0.091185 -0.090282 0.231908
v -0.105333 -0.076754 0.226250
v -0.084537 -0.052379 0.251603
v -0.087144 -0.070551 0.257256
v -0.083878 -0.075323 0.273977
v -0.086042 -0.064680 0.268166
v -0.074312 -0.094314 0.265112
v -0.087661 -0.081496 0.249538
v -0.055023 -0.100571 0.267204
v -0.053106 -0.097076 0.272307
v -0.075061 -0.097019 0.257056
v -0.076561 -0.101988 0.247305
v -0.057197 -0.104151 0.261428
v -0.049696 -0.092295 0.277601
v -0.063198 -0.092059 0.277440
v -0.072070 -0.083044 0.285461
v -0.019912 -0.090566 0.320726
v -0.026003 -0.084261 0.330184
v -0.044517 0.065379 0.248287
v -0.058616 0.047762 0.232763
v -0.044443 0.051959 0.259753
v -0.058444 0.036341 0.244354
v -0.067565 -0.072938 0.304644
v -0.075171 -0.063234 0.296073
v -0.056055 -0.067242 0.323493
v -0.061102 -0.053836 0.321187
v -0.016362 0.140456 0.246412
v -0.009718 -0.107612 0.299938
v -0.010954 -0.110973 0.297156
v -0.008286 -0.102503 0.309782
v -0.113640 0.471231 -0.672231
v -0.115470 0.532751 -0.615790
v -0.110284 0.599720 -0.500148
v -0.098732 0.622306 -0.438145
v -0.027319 -0.192621 0.297984
v -0.025114 -0.180023 0.297578
v -0.061720 -0.197060 0.229494
v -0.033796 -0.196072 0.236365
v -0.031926 -0.214713 0.249548
v -0.058369 -0.214915 0.242360
v -0.079309 -0.215725 0.231567
v -0.083984 -0.198520 0.219282
v -0.064670 -0.179490 0.222421
v -0.035977 -0.177983 0.229571
v -0.057857 -0.225201 0.258851
v -0.031646 -0.224997 0.269746
v -0.031105 -0.215979 0.284097
v -0.058273 -0.217985 0.270403
v -0.089835 -0.123843 0.240214
v -0.069630 -0.120621 0.253201
v -0.048519 -0.120403 0.270773
v -0.031926 -0.121528 0.284028
v -0.028599 -0.111261 0.286339
v -0.041371 -0.107726 0.274950
v -0.027114 -0.107128 0.288820
v -0.039614 -0.103897 0.278487
v -0.038629 -0.100279 0.281489
v -0.041699 -0.093302 0.283704
v -0.032564 -0.094526 0.289956
v -0.035651 -0.088345 0.288302
v -0.026736 -0.103056 0.290516
v -0.018007 0.023211 0.323258
v -0.016679 0.041452 0.309299
v -0.048218 -0.171488 0.287531
v -0.023548 -0.169429 0.294689
v -0.020578 -0.149009 0.291220
v -0.042598 -0.148948 0.284345
v -0.065554 -0.152410 0.272158
v -0.073487 -0.179494 0.274374
v -0.012532 -0.114721 0.294524
v -0.050083 -0.182150 0.288839
v -0.051706 -0.194500 0.287627
v -0.075968 -0.190921 0.274723
v -0.077402 -0.201833 0.272580
v -0.097177 -0.191411 0.258339
v -0.092182 -0.161828 0.257361
v -0.120444 -0.171858 0.240555
v -0.117047 -0.204377 0.241558
v -0.155691 -0.219416 0.214712
v -0.130679 -0.230578 0.217701
v -0.131682 -0.224416 0.221009
v -0.130069 -0.218602 0.225775
v -0.151372 -0.204281 0.221535
v -0.173148 -0.215942 0.206933
v -0.167247 -0.193390 0.214157
v -0.141019 -0.188995 0.229474
v -0.126416 -0.212467 0.231702
v -0.124605 -0.226171 0.222279
v -0.119879 -0.227099 0.221739
v -0.123551 -0.222796 0.226535
v -0.118598 -0.225619 0.225310
v -0.120512 -0.219685 0.231704
v -0.116315 -0.224322 0.229520
v -0.111898 -0.221772 0.235773
v -0.114782 -0.214706 0.239416
v -0.110142 -0.227754 0.214008
v -0.105128 -0.227712 0.219390
v -0.105490 -0.227987 0.226107
v -0.109963 -0.228040 0.220759
v -0.113276 -0.227554 0.211302
v -0.112609 -0.227706 0.217679
v -0.112400 -0.223633 0.200993
v -0.105544 -0.220131 0.209884
v -0.116084 -0.228225 0.207666
v -0.115719 -0.227432 0.213366
v -0.115521 -0.227834 0.219857
v -0.114886 -0.227279 0.222067
v -0.112422 -0.226933 0.225627
v -0.108286 -0.226184 0.230702
v -0.077543 -0.211560 0.266775
v -0.095426 -0.211284 0.255710
v -0.094066 -0.219443 0.248768
v -0.077106 -0.221833 0.256518
v -0.092260 -0.225134 0.241022
v -0.087759 -0.181113 0.213410
v -0.075615 -0.225756 0.247572
v -0.100968 -0.203117 0.206542
v -0.105692 -0.189584 0.196252
v -0.094680 -0.217746 0.218936
v -0.119468 -0.219370 0.182065
v -0.111143 -0.211456 0.194716
v -0.126052 -0.216248 0.169623
v -0.116555 -0.201154 0.184676
v -0.091710 -0.227421 0.231677
v -0.096933 -0.202323 0.258212
v -0.054455 -0.206124 0.280923
v -0.028605 -0.203824 0.292193
v -0.021431 -0.015369 0.354661
v -0.020236 0.005308 0.338341
v -0.112433 -0.228424 0.221837
v -0.054280 -0.623154 -0.016812
v -0.127091 -0.236437 0.217655
v -0.117855 -0.257421 0.175334
v -0.112722 -0.240842 0.194356
v -0.155319 -0.283418 0.200676
v -0.132561 -0.304254 0.214325
v -0.121210 -0.284438 0.223675
v -0.140019 -0.266729 0.209674
v -0.107641 -0.252703 0.235387
v -0.119861 -0.244032 0.223479
v -0.113929 -0.237400 0.227373
v -0.102689 -0.242139 0.238876
v -0.097926 -0.234270 0.240742
v -0.109318 -0.232199 0.228369
v -0.088312 -0.225907 0.234082
v -0.066504 -0.222919 0.248924
v -0.063771 -0.241039 0.224628
v -0.087321 -0.242883 0.212464
v -0.104953 -0.242446 0.200507
v -0.104331 -0.227278 0.219246
v -0.091417 -0.224966 0.237958
v -0.105655 -0.226877 0.223329
v -0.068197 -0.222627 0.254001
v -0.106370 -0.606464 -0.040957
v -0.106824 -0.228203 0.227212
v -0.093437 -0.227247 0.239628
v -0.071800 -0.226871 0.257055
v -0.077180 -0.236538 0.259472
v -0.082017 -0.247872 0.259986
v -0.086039 -0.262013 0.255445
v -0.095828 -0.297861 0.241071
v -0.101017 -0.322436 0.234704
v -0.065415 -0.306451 0.255252
v -0.067787 -0.331772 0.253392
v -0.059910 -0.268811 0.272841
v -0.057771 -0.251143 0.279406
v -0.054003 -0.237885 0.277872
v -0.050349 -0.226781 0.273096
v -0.015191 -0.123216 0.291584
v -0.026401 -0.094779 0.296384
v -0.020821 -0.094274 0.308409
v -0.036334 -0.076830 0.334379
v -0.007397 -0.098503 0.321115
v -0.048374 -0.067868 0.331800
v -0.040369 -0.071211 0.339435
v -0.043385 -0.062609 0.343813
v -0.049142 -0.059161 0.337336
v -0.032569 -0.074320 0.346067
v -0.038682 -0.063751 0.349346
v -0.011837 -0.080200 0.355987
v -0.015838 -0.062965 0.366437
v -0.020519 -0.034222 0.364855
v -0.017742 -0.051741 0.368560
v -0.045105 -0.054089 0.346787
v -0.050968 -0.043911 0.339751
v -0.052966 -0.029407 0.327147
v -0.063913 -0.040525 0.308680
v -0.052152 0.650740 -0.219180
v -0.046846 -0.220932 0.268801
v -0.044408 -0.221380 0.259266
v -0.063437 -0.291931 0.190515
v -0.063493 -0.270150 0.202867
v -0.041378 -0.270052 0.210275
v -0.041572 -0.293910 0.198015
v -0.023213 -0.220770 0.263971
v -0.021883 -0.239047 0.237602
v -0.042411 -0.239098 0.232677
v -0.024204 -0.219762 0.275384
v -0.026626 -0.226737 0.281201
v -0.029503 -0.238407 0.287443
v -0.021025 -0.270911 0.213947
v -0.021540 -0.294750 0.202200
v -0.109201 -0.265095 0.181236
v -0.113839 -0.282678 0.170361
v -0.087891 -0.269873 0.192929
v -0.089790 -0.289241 0.181796
v -0.037313 -0.333470 0.266744
v -0.035533 -0.309643 0.265706
v -0.030617 -0.255056 0.288683
v -0.032493 -0.274436 0.280910
v -0.114844 0.572538 -0.561469
v -0.314125 0.384067 -0.029965
v -0.306386 0.350301 0.009346
v -0.271478 0.388753 0.044827
v -0.281154 0.415262 0.008198
v -0.317945 0.422954 -0.070750
v -0.284460 0.448321 -0.030523
v -0.201349 0.608646 -0.316371
v -0.203973 0.606088 -0.244870
v -0.108208 0.637307 -0.225340
v -0.175917 0.608766 -0.386500
v -0.237841 0.565813 -0.432939
v -0.248832 0.580050 -0.335810
v -0.248475 0.580338 -0.259071
v -0.134033 -0.434408 -0.528614
v -0.267677 0.214580 -0.656499
v -0.241584 0.575558 -0.189897
v -0.200421 0.597459 -0.175824
v -0.197552 0.582305 -0.113846
v -0.234802 0.564535 -0.131250
v -0.107269 0.626146 -0.153015
v -0.051706 0.638011 -0.143778
v -0.100059 0.030981 -0.719354
v -0.016007 0.058834 0.295893
v -0.241852 -0.247143 -0.444416
v -0.288198 -0.248631 -0.355476
v -0.292062 -0.505493 -0.241446
v -0.343825 -0.133290 -0.269406
v -0.342664 -0.131479 -0.274047
v -0.303368 -0.322746 -0.263424
v -0.307634 -0.253517 -0.269267
v -0.195883 -0.241386 -0.503887
v -0.392817 -0.077090 -0.322537
v -0.397208 -0.059226 -0.328493
v -0.397738 -0.080645 -0.320917
v -0.403113 -0.061514 -0.327763
v -0.404099 -0.041569 -0.330938
v -0.400063 -0.089442 -0.317929
v -0.387336 0.100450 -0.271139
v -0.392924 0.108571 -0.267653
v -0.341590 -0.141468 -0.247948
v -0.340802 -0.138367 -0.256504
v -0.338682 -0.139550 -0.251025
v -0.337666 -0.142412 -0.244965
v -0.340294 -0.146117 -0.240304
v -0.337502 -0.145341 -0.239097
v -0.389181 0.178212 -0.235318
v -0.331569 -0.143672 -0.254822
v -0.339902 -0.133240 -0.269905
v -0.339658 -0.136656 -0.262655
v -0.335032 -0.139865 -0.255212
v -0.332650 -0.143991 -0.244402
v -0.333000 -0.148628 -0.235894
v -0.338935 -0.152289 -0.234421
v -0.400863 -0.094720 -0.320493
v -0.363516 -0.148561 -0.263931
v -0.389680 0.061982 -0.303588
v -0.390271 0.053526 -0.310079
v -0.400369 0.062160 -0.318847
v -0.399614 0.073317 -0.312042
v -0.297332 -0.053965 -0.519840
v -0.308651 0.001136 -0.546309
v -0.070064 -0.425853 -0.552366
v -0.071309 -0.354629 -0.551274
v -0.380958 0.163537 -0.472750
v -0.389645 0.070217 -0.295547
v -0.399808 0.081900 -0.304573
v -0.399234 -0.039095 -0.330054
v -0.388337 0.065310 -0.293813
v -0.388223 0.057213 -0.301552
v -0.404391 0.090558 -0.313047
v -0.404832 0.079514 -0.321606
v -0.405302 0.067192 -0.328568
v -0.388007 0.048344 -0.309543
v -0.385352 0.092206 -0.305244
v -0.403445 0.317163 -0.354137
v -0.399535 0.287528 -0.424522
v -0.385615 0.402040 -0.371185
v -0.382386 0.376939 -0.448015
v -0.359434 0.346779 -0.527683
v -0.376053 0.252344 -0.504329
v -0.384899 0.098326 -0.278389
v -0.396560 0.113807 -0.270983
v -0.320762 0.454997 -0.109836
v -0.345930 0.429355 -0.146568
v -0.285715 0.477254 -0.066357
v -0.284912 0.503080 -0.100164
v -0.317545 0.485227 -0.144968
v -0.353094 0.450309 -0.206130
v -0.398627 0.270574 -0.279492
v -0.394297 0.344587 -0.283051
v -0.378733 0.365377 -0.214727
v -0.375819 0.427336 -0.292676
v -0.332918 0.496151 -0.238004
v -0.351349 0.477787 -0.311327
v -0.297391 0.538435 -0.257487
v -0.307917 0.528183 -0.331084
v -0.307621 0.515385 -0.411456
v -0.359990 0.457827 -0.387500
v -0.308108 0.512268 -0.176073
v -0.277078 0.526648 -0.127437
v -0.282404 0.543705 -0.193772
v -0.265960 0.546690 -0.150271
v -0.368976 0.374640 -0.178166
v -0.322685 -0.174764 -0.230009
v -0.330067 -0.175062 -0.205498
v -0.346922 -0.119435 -0.171465
v -0.342369 0.003895 -0.003538
v -0.341995 0.067007 -0.015565
v -0.357862 0.027053 -0.067482
v -0.349635 -0.039908 -0.051398
v -0.334989 0.135032 -0.023050
v -0.353264 0.097780 -0.074270
v -0.354198 0.168166 -0.083175
v -0.335506 0.206723 -0.024377
v -0.315006 0.319374 -0.602853
v -0.326296 0.234979 -0.593119
v -0.328458 0.170774 -0.583943
v -0.238387 0.291719 0.133428
v -0.112349 0.425908 -0.703082
v -0.233161 0.411191 0.082035
v -0.276595 0.422332 -0.604884
v -0.210975 0.452357 -0.637763
v -0.356057 0.433348 -0.463271
v -0.340066 0.406906 -0.531081
v -0.300158 0.374846 -0.605420
v -0.323051 0.089491 -0.573263
v -0.237652 0.545475 -0.093107
v -0.279211 0.121141 0.097524
v -0.274963 0.098298 0.092859
v -0.281003 0.145249 0.105429
v -0.266654 0.074098 0.100165
v -0.075962 0.031936 0.220821
v -0.073983 0.021634 0.231022
v -0.071470 0.010258 0.240995
v -0.091441 0.007684 0.219627
v -0.087770 -0.007338 0.228634
v -0.057221 0.009258 0.266972
v -0.057949 0.023232 0.255545
v -0.070145 -0.004287 0.250596
v -0.068914 -0.020398 0.259151
v -0.057109 -0.006132 0.278597
v -0.089332 -0.082380 0.238105
v -0.094483 -0.058767 0.231444
v -0.082569 -0.037724 0.242124
v -0.105856 -0.021807 0.221123
v -0.100731 -0.038737 0.227134
v -0.084671 -0.021190 0.235814
v -0.112277 -0.004950 0.212436
v -0.073289 -0.037354 0.272031
v -0.077684 -0.053262 0.286348
v -0.060655 -0.023604 0.293548
v -0.051063 -0.012895 0.310731
v -0.047603 0.005479 0.295863
v -0.094539 0.018901 0.210464
v -0.117254 0.008613 0.205137
v -0.118077 -0.056212 0.224292
v -0.140560 -0.073100 0.222638
v -0.127246 -0.033999 0.217213
v -0.149627 -0.048024 0.215270
v -0.134124 -0.015685 0.209001
v -0.156246 -0.028439 0.205938
v -0.160845 -0.091297 0.219780
v -0.178228 -0.111291 0.214094
v -0.193902 -0.135943 0.205187
v -0.192189 -0.085675 0.206114
v -0.210778 -0.112768 0.196131
v -0.202026 -0.060581 0.196337
v -0.223842 -0.085235 0.185857
v -0.172458 -0.065333 0.211887
v -0.180557 -0.043692 0.201748
v -0.162335 -0.009194 0.196765
v -0.140567 0.000915 0.201205
v -0.207793 -0.004506 0.176809
v -0.206807 -0.032302 0.186638
v -0.184640 -0.020335 0.191507
v -0.187356 0.002525 0.182010
v -0.232009 -0.051205 0.175765
v -0.230570 -0.012648 0.168837
v -0.226505 0.012435 0.161181
v -0.156937 0.045801 0.181218
v -0.132679 0.049152 0.185322
v -0.175070 0.044005 0.175306
v -0.205942 0.015955 0.169198
v -0.188682 0.019661 0.175899
v -0.245572 0.049752 0.129332
v -0.234546 0.045475 0.140625
v -0.206256 0.042942 0.161100
v -0.191750 0.043078 0.168607
v -0.220954 0.043879 0.151837
v -0.109735 0.057408 0.185343
v -0.087852 0.068480 0.184913
v -0.286853 -0.314358 -0.339796
v -0.045819 0.022131 0.284010
v -0.044918 0.037618 0.272191
v -0.071332 0.152342 0.201816
v -0.061903 0.138429 0.195080
v -0.032769 0.139729 0.232360
v -0.092799 0.170824 0.213307
v -0.069417 0.081841 0.185134
v -0.061528 0.093460 0.185066
v -0.056317 0.108954 0.187106
v -0.056068 0.123046 0.190782
v -0.151319 0.241400 0.219415
v -0.136133 0.208759 0.226594
v -0.289561 0.317510 0.054289
v -0.308183 0.273419 0.034153
v -0.251959 0.219154 0.144879
v -0.267999 0.197771 0.129454
v -0.278109 0.171847 0.115897
v -0.317178 0.214191 0.019291
v -0.320297 0.151601 0.014685
v -0.325621 0.092853 0.017937
v -0.242925 0.470090 0.011278
v -0.242694 0.497906 -0.023070
v -0.240352 0.440215 0.046938
v -0.196134 0.562846 -0.066320
v -0.196163 0.540900 -0.024257
v -0.240985 0.523018 -0.057639
v -0.198267 0.515673 0.012342
v -0.199676 0.487880 0.046351
v -0.197036 0.458373 0.082205
v -0.191345 0.427343 0.116321
v -0.182769 0.384595 0.149889
v -0.236076 -0.309223 -0.428689
v -0.037676 -0.034382 0.274478
v -0.034081 -0.033510 0.277239
v -0.032058 -0.037338 0.271933
v -0.028904 -0.036021 0.274599
v -0.026327 -0.044921 0.273274
v -0.034239 -0.079302 0.284374
v -0.027504 -0.070080 0.278886
v -0.024054 -0.053403 0.272667
v -0.339884 -0.151604 -0.179712
v -0.292739 -0.485271 -0.314963
v -0.271676 -0.467618 -0.376911
v 0.277313 -0.483327 -0.314473
v 0.256378 -0.465246 -0.377434
v 0.104492 -0.638732 -0.051554
v 0.162100 -0.617431 -0.081337
v 0.168337 -0.660104 -0.087640
v 0.108225 -0.677403 -0.058883
v 0.294760 -0.571190 -0.342531
v 0.282881 -0.529235 -0.317254
v 0.265450 -0.509206 -0.391269
v 0.284936 -0.551205 -0.419215
v 0.232510 -0.498487 -0.455441
v 0.252076 -0.544943 -0.483882
v 0.198039 -0.547725 -0.532750
v 0.184333 -0.493267 -0.504211
v 0.125893 -0.493670 -0.539525
v 0.137919 -0.553422 -0.565286
v 0.218750 -0.593356 -0.123253
v 0.262533 -0.568798 -0.179181
v 0.264793 -0.617230 -0.183831
v 0.220372 -0.636320 -0.127754
v 0.284555 -0.546336 -0.244146
v 0.290266 -0.592740 -0.259131
v 0.067251 -0.549759 -0.586615
v 0.060819 -0.484649 -0.559310
v 0.117164 -0.767937 -0.068136
v 0.053089 -0.777442 -0.056363
v 0.052840 -0.730734 -0.051087
v 0.113919 -0.722269 -0.064689
v 0.273568 -0.778047 -0.157131
v 0.346667 -0.743871 -0.223484
v 0.378209 -0.786200 -0.203201
v 0.296708 -0.822160 -0.134206
v 0.484822 -0.781078 -0.269286
v 0.531363 -0.724671 -0.378137
v 0.192304 -0.802962 -0.104751
v 0.206710 -0.846248 -0.078682
v -0.005718 -0.601496 -0.630228
v -0.005714 -0.539768 -0.590895
v 0.482389 -0.695441 -0.396296
v 0.474598 -0.675471 -0.511224
v 0.538831 -0.701905 -0.500806
v 0.267762 -0.782997 -0.718539
v 0.268306 -0.816911 -0.736991
v 0.346423 -0.793298 -0.718417
v 0.323203 -0.763974 -0.697614
v 0.368063 -0.621087 -0.485636
v 0.309599 -0.626080 -0.561840
v 0.356792 -0.660236 -0.586854
v 0.420715 -0.648928 -0.509272
v 0.184738 -0.708763 -0.676736
v 0.275065 -0.682869 -0.636326
v 0.236440 -0.644650 -0.610760
v 0.159647 -0.663048 -0.644715
v 0.433246 -0.669539 -0.396806
v 0.375655 -0.644856 -0.384580
v 0.395537 -0.706550 -0.302741
v 0.349290 -0.677066 -0.296453
v 0.309478 -0.705968 -0.218905
v 0.281770 -0.586541 -0.519597
v 0.219217 -0.596863 -0.569527
v 0.142553 -0.609590 -0.606204
v 0.064395 -0.612335 -0.628279
v -0.006281 -0.851708 -0.734885
v -0.005623 -0.791340 -0.717761
v 0.088431 -0.720788 -0.690115
v 0.078326 -0.665317 -0.659560
v 0.440348 -0.739967 -0.293514
v 0.311435 -0.639259 -0.283274
v 0.282219 -0.662915 -0.206760
v 0.327624 -0.863401 -0.086576
v 0.419542 -0.830740 -0.166977
v 0.225723 -0.888481 -0.031402
v 0.134158 -0.905098 0.002430
v 0.096171 -0.778106 -0.717845
v 0.091280 -0.839080 -0.734819
v 0.191347 -0.823270 -0.737386
v 0.208123 -0.764333 -0.711485
v 0.248691 -0.728143 -0.155708
v 0.183386 -0.753955 -0.106635
v 0.118302 -0.817014 -0.063467
v 0.320048 -0.589978 -0.448514
v 0.325967 -0.612387 -0.365289
v 0.231628 -0.679578 -0.142845
v 0.176118 -0.707778 -0.097617
v 0.050300 -0.687535 -0.040070
v 0.123699 -0.861710 -0.038712
v 0.488558 -0.722739 -0.607808
v 0.420247 -0.761153 -0.677258
v 0.379575 -0.744697 -0.670424
v -0.005110 -0.726797 -0.693310
v -0.005884 -0.737603 -0.048946
v -0.006826 -0.782790 -0.059510
v -0.003286 -0.695119 -0.034117
v 0.407779 -0.700877 -0.616819
v 0.302930 -0.727031 -0.672097
v -0.001937 -0.659517 -0.020659
v -0.006257 -0.480873 -0.565423
v -0.007244 -0.835549 -0.060912
v -0.008359 -0.885854 -0.035130
v -0.009253 -0.936212 0.008174
v 0.049975 -0.652187 -0.028166
v 0.054455 -0.875582 -0.031476
v 0.052816 -0.826393 -0.053900
v 0.059226 -0.924784 0.007179
v -0.003495 -0.662315 -0.663704
v -0.107913 -0.639447 -0.050289
v -0.166719 -0.618426 -0.081083
v -0.175063 -0.660837 -0.087250
v -0.113751 -0.678110 -0.058494
v -0.304716 -0.573742 -0.345637
v -0.294549 -0.531595 -0.318318
v -0.279299 -0.511549 -0.392158
v -0.296200 -0.553807 -0.421220
v -0.244135 -0.501010 -0.456139
v -0.261737 -0.547675 -0.484733
v -0.207748 -0.550698 -0.532565
v -0.195357 -0.495973 -0.504757
v -0.136809 -0.495982 -0.539644
v -0.148439 -0.555978 -0.564531
v -0.225463 -0.594926 -0.123097
v -0.270247 -0.571630 -0.179106
v -0.273138 -0.618709 -0.184167
v -0.228439 -0.637425 -0.127437
v -0.292140 -0.548723 -0.243894
v -0.298202 -0.595185 -0.261523
v -0.077676 -0.551503 -0.585405
v -0.072712 -0.486064 -0.559116
v -0.128861 -0.768041 -0.068479
v -0.064583 -0.777614 -0.057077
v -0.061822 -0.730990 -0.051627
v -0.123237 -0.722369 -0.065238
v -0.284749 -0.780019 -0.163705
v -0.355593 -0.746510 -0.233024
v -0.388171 -0.788720 -0.212628
v -0.309085 -0.824536 -0.141689
v -0.495889 -0.780803 -0.278753
v -0.540028 -0.722894 -0.385635
v -0.204811 -0.803793 -0.107808
v -0.220146 -0.847160 -0.083151
v -0.493010 -0.694403 -0.403129
v -0.484940 -0.675989 -0.515625
v -0.548922 -0.700835 -0.506396
v -0.279577 -0.782797 -0.722198
v -0.280750 -0.815714 -0.740508
v -0.357402 -0.792516 -0.722315
v -0.334889 -0.763861 -0.701552
v -0.378205 -0.623080 -0.488502
v -0.319447 -0.627856 -0.563404
v -0.365582 -0.661698 -0.589854
v -0.429177 -0.650216 -0.512839
v -0.194320 -0.709642 -0.678763
v -0.283394 -0.684060 -0.639227
v -0.245885 -0.646627 -0.612622
v -0.164945 -0.664806 -0.646670
v -0.442205 -0.668553 -0.402254
v -0.384045 -0.644780 -0.389475
v -0.403580 -0.708115 -0.310519
v -0.357716 -0.679154 -0.303992
v -0.317911 -0.708250 -0.226933
v -0.289228 -0.588710 -0.520986
v -0.227655 -0.598881 -0.570076
v -0.153555 -0.610993 -0.605953
v -0.076520 -0.612530 -0.627319
v -0.098778 -0.721111 -0.690494
v -0.087579 -0.666603 -0.660197
v -0.449199 -0.740990 -0.301994
v -0.319362 -0.641039 -0.289167
v -0.290971 -0.664396 -0.210922
v -0.342020 -0.863168 -0.093067
v -0.432530 -0.830884 -0.175769
v -0.241070 -0.887815 -0.035597
v -0.151059 -0.905474 0.000437
v -0.107490 -0.778955 -0.719172
v -0.099877 -0.840084 -0.736170
v -0.198125 -0.824808 -0.740502
v -0.217780 -0.764761 -0.714491
v -0.259517 -0.729474 -0.159653
v -0.195154 -0.754463 -0.108307
v -0.131400 -0.816849 -0.064285
v -0.328595 -0.591802 -0.451022
v -0.335054 -0.613795 -0.369667
v -0.241653 -0.680307 -0.144015
v -0.186298 -0.708036 -0.097805
v -0.057240 -0.688206 -0.040397
v -0.138216 -0.861957 -0.040961
v -0.495436 -0.722144 -0.612428
v -0.429040 -0.760791 -0.681395
v -0.388295 -0.745095 -0.674697
v -0.416016 -0.701676 -0.620799
v -0.311142 -0.727755 -0.675916
v -0.054230 -0.652967 -0.027986
v -0.070062 -0.875605 -0.032477
v -0.066569 -0.826487 -0.054717
v -0.076019 -0.924081 0.005474
v -0.033341 -0.044876 0.268968
v -0.337906 -0.164849 -0.076653
v -0.335690 -0.202767 -0.112217
v -0.320113 -0.255390 -0.080370
v -0.324852 -0.215221 -0.045030
v -0.293064 -0.309202 -0.038346
v -0.307484 -0.259909 -0.008454
v -0.263416 -0.349993 0.007062
v -0.285032 -0.299781 0.027234
v -0.238339 -0.374597 0.055981
v -0.260988 -0.325542 0.068270
v -0.164842 -0.392455 0.162253
v -0.156385 -0.416814 0.144071
v -0.123917 -0.431059 0.180897
v -0.127458 -0.411106 0.202068
v -0.088520 -0.441434 0.214453
v -0.091342 -0.421959 0.235004
v -0.049143 -0.446178 0.233789
v -0.048914 -0.427568 0.255021
v -0.001893 -0.447047 0.242242
v -0.001228 -0.428043 0.263402
v -0.000123 -0.380532 0.280338
v -0.044176 -0.380237 0.273482
v -0.047149 -0.404308 0.268512
v -0.000686 -0.406781 0.274874
v -0.081825 -0.376352 0.254759
v -0.088602 -0.401089 0.247562
v -0.115236 -0.363989 0.226717
v -0.123597 -0.389198 0.217298
v -0.153099 -0.344171 0.193497
v -0.162789 -0.369062 0.178723
v -0.185943 -0.317808 0.173065
v -0.200888 -0.334996 0.151533
v -0.044593 -0.460965 0.202210
v -0.002676 -0.461551 0.213820
v -0.080225 -0.456866 0.183978
v -0.112960 -0.448851 0.156206
v -0.140670 -0.439473 0.123771
v -0.204590 -0.390575 0.102527
v -0.171312 -0.427921 0.083861
v -0.209814 -0.406778 0.042420
v -0.237833 -0.383226 -0.011340
v -0.273423 -0.341325 -0.064143
v -0.309028 -0.285693 -0.111736
v -0.328684 -0.224432 -0.149345
v -0.341930 -0.162792 -0.139156
v -0.075932 -0.354311 0.254523
v -0.040691 -0.357314 0.271719
v -0.111309 -0.342432 0.228797
v -0.143801 -0.322678 0.204157
v -0.169334 -0.300874 0.189856
v -0.194018 -0.242918 0.188769
v -0.187961 -0.273931 0.185863
v -0.185475 -0.182210 0.204264
v -0.192095 -0.211947 0.195456
v -0.224981 -0.148613 0.181143
v -0.233537 -0.192133 0.163634
v -0.212860 -0.205081 0.180864
v -0.205926 -0.167798 0.193298
v -0.242780 -0.120686 0.167323
v -0.253899 -0.170231 0.144545
v -0.039995 -0.472780 0.174122
v -0.003184 -0.474062 0.179861
v -0.071014 -0.470021 0.156872
v -0.098173 -0.466276 0.131014
v -0.119145 -0.462809 0.098880
v -0.142514 -0.456499 0.062228
v -0.171383 -0.445056 0.020206
v -0.207038 -0.421796 -0.030720
v -0.251304 -0.376195 -0.089590
v -0.295733 -0.309197 -0.141456
v -0.318188 -0.244837 -0.178914
v -0.103883 -0.495775 0.035663
v -0.084175 -0.492195 0.066183
v -0.068201 -0.490095 0.092627
v -0.053651 -0.488943 0.114270
v -0.032654 -0.494204 0.111850
v -0.003142 -0.496352 0.110414
v -0.029120 -0.509226 0.074316
v -0.002138 -0.508277 0.075365
v -0.039685 -0.520963 0.051528
v -0.001350 -0.522970 0.051476
v -0.050019 -0.535021 0.032834
v -0.001110 -0.546241 0.035392
v -0.206799 -0.284222 0.168422
v -0.226366 -0.289363 0.144612
v -0.235220 -0.240015 0.149629
v -0.257031 -0.225326 0.124476
v -0.249045 -0.284899 0.115029
v -0.214246 -0.245063 0.172005
v -0.275805 -0.266161 0.078593
v -0.279633 -0.201524 0.096346
v -0.273722 -0.141201 0.124622
v -0.296055 -0.178487 0.070170
v -0.296966 -0.236821 0.043724
v -0.291691 -0.118626 0.102195
v -0.306012 -0.097170 0.080267
v -0.309336 -0.150991 0.045214
v -0.310501 -0.206763 0.017569
v -0.221374 -0.349443 0.118169
v -0.323203 -0.171409 -0.013643
v -0.317677 -0.075480 0.057445
v -0.319691 -0.124769 0.021970
v -0.329832 -0.046531 0.029118
v -0.333024 -0.088047 -0.010004
v -0.335463 -0.132934 -0.047756
v -0.348099 -0.122314 -0.119477
v -0.000033 -0.357168 0.279589
v -0.320233 -0.167979 -0.254730
v -0.106897 -0.149978 0.241929
v -0.081470 -0.139660 0.254784
v -0.056795 -0.136220 0.271318
v -0.036929 -0.135022 0.283603
v -0.017465 -0.136261 0.290773
v -0.001060 -0.600318 0.006345
v 0.002240 0.210817 0.250217
v -0.001172 -0.568638 0.024481
v 0.000566 -0.295091 0.203637
v 0.000139 0.643054 -0.138307
v 0.000152 -0.333302 0.276325
v 0.000677 -0.270851 0.215943
v 0.002671 0.008577 0.346188
v 0.000264 -0.309304 0.272667
v 0.001032 -0.256889 0.292231
v 0.001167 -0.227577 0.284025
v 0.001948 0.397431 0.203728
v 0.001215 -0.240563 0.291376
v 0.000702 -0.124728 0.293793
v 0.002965 -0.011979 0.362123
v 0.001216 -0.219080 0.277374
v -0.006404 -0.230142 -0.578991
v 0.000954 -0.273474 0.285707
v 0.001062 -0.238720 0.239267
v 0.001190 -0.220842 0.266652
v 0.001035 -0.178540 0.232685
v 0.000889 -0.138500 0.292122
v 0.003342 0.095581 0.277381
v -0.005476 -0.037315 -0.699814
v 0.003203 0.080364 0.289633
v 0.001270 0.520261 0.114975
v 0.001847 0.448594 0.177060
v 0.002654 0.028193 0.330429
v -0.003556 0.276841 -0.766161
v -0.003066 0.359417 -0.750888
v 0.001988 0.306722 0.231788
v -0.000643 0.630747 -0.454770
v 0.003229 -0.031729 0.372747
v 0.000671 -0.100260 0.321584
v 0.000488 0.603208 -0.013481
v -0.004567 0.104507 -0.753759
v -0.001420 0.582590 -0.577002
v 0.001287 -0.218468 0.287263
v 0.000305 0.625094 -0.073071
v 0.001292 -0.225764 0.272225
v 0.002091 -0.083011 0.359218
v -0.005043 0.026105 -0.730988
v -0.004064 0.173115 -0.764429
v 0.000949 -0.170772 0.295465
v 0.000907 -0.151462 0.292446
v -0.001037 0.610812 -0.517880
v 0.002112 0.243280 0.247340
v 0.001046 -0.182108 0.299826
v 0.003822 0.140982 0.253100
v 0.001334 -0.195787 0.301508
v -0.001709 -0.630923 -0.008593
v -0.002191 0.479718 -0.686947
v 0.001318 -0.208034 0.294844
v 0.001276 -0.214159 0.252026
v 0.002898 0.046914 0.315042
v 0.001145 -0.196484 0.239826
v 0.001929 0.347239 0.220585
v 0.000357 -0.112017 0.300024
v 0.000413 -0.108493 0.302962
v 0.003729 0.125180 0.257897
v 0.001581 0.487542 0.147463
v 0.003633 0.154716 0.251645
v 0.000498 -0.115958 0.297236
v -0.002610 0.433014 -0.718489
v -0.000305 0.654305 -0.367726
v -0.000218 0.660603 -0.301788
v 0.003489 0.110241 0.265618
v 0.003127 0.065121 0.301469
v -0.006455 -0.288924 -0.567673
v 0.002833 -0.065461 0.372222
v 0.003122 -0.050920 0.375443
v 0.000706 0.577172 0.037673
v -0.005845 -0.084874 -0.672991
v -0.000051 0.657392 -0.215911
v 0.000969 0.549529 0.079142
v -0.006322 -0.171380 -0.610928
v -0.006131 -0.122235 -0.649230
v 0.001588 -0.089426 0.350653
v 0.003149 0.171318 0.251262
v 0.001030 -0.096280 0.334911
v -0.001799 0.542929 -0.629853
v 0.000524 -0.104233 0.310415
v 0.033596 -0.045215 0.270504
v 0.333783 -0.166255 -0.071697
v 0.327493 -0.203529 -0.107478
v 0.312818 -0.256415 -0.076682
v 0.321305 -0.217005 -0.040784
v 0.287332 -0.310686 -0.035358
v 0.304419 -0.262222 -0.004877
v 0.257789 -0.351112 0.008996
v 0.281596 -0.302502 0.030143
v -0.019626 -0.082469 0.345821
v -0.014862 -0.090002 0.333282
v 0.234035 -0.376999 0.057349
v 0.258205 -0.328609 0.070543
v -0.076234 0.100633 0.171715
v -0.040312 -0.095093 0.282944
v -0.033173 0.016299 0.311706
v -0.068335 0.101751 0.174808
v 0.160859 -0.394963 0.162497
v 0.151567 -0.418554 0.143683
v 0.118509 -0.432038 0.180140
v 0.122962 -0.413077 0.201662
v -0.051088 -0.093718 0.276078
v 0.083523 -0.442708 0.214129
v 0.087520 -0.424111 0.235206
v 0.044730 -0.447441 0.234076
v 0.045811 -0.429288 0.255891
v -0.030286 0.050680 0.285325
v -0.040486 0.096212 0.221502
v 0.043009 -0.381509 0.275333
v 0.045408 -0.405914 0.269874
v -0.031066 0.033451 0.299224
v -0.078197 -0.080028 0.279276
v -0.069131 -0.092534 0.272116
v -0.032176 -0.052678 0.358424
v -0.036782 -0.038300 0.353373
v 0.080109 -0.378516 0.255808
v -0.036135 -0.067986 0.348172
v -0.022319 -0.076720 0.351337
v 0.085874 -0.403339 0.247992
v -0.087496 0.100081 0.172580
v -0.116651 0.107960 0.147353
v -0.028285 -0.062810 0.357763
v -0.013504 -0.073376 0.361448
v -0.103953 0.103686 0.164137
v -0.081819 0.100175 0.172047
v -0.058573 -0.059291 0.322728
v -0.033626 0.090618 0.243496
v 0.113417 -0.366797 0.227424
v 0.120389 -0.391756 0.217232
v 0.151304 -0.347611 0.194714
v 0.159908 -0.372140 0.179340
v -0.071769 -0.066906 0.300972
v 0.184550 -0.321743 0.175375
v 0.198718 -0.338663 0.153318
v 0.039874 -0.461413 0.202022
v -0.092679 0.100956 0.172388
v -0.097852 0.101870 0.171054
v -0.036501 -0.001929 0.326670
v 0.074968 -0.456942 0.183330
v 0.107567 -0.449172 0.155420
v 0.135047 -0.440548 0.123108
v 0.201200 -0.393558 0.103149
v -0.112481 0.105435 0.161088
v -0.014247 -0.098346 0.308884
v -0.049109 -0.062822 0.334378
v -0.042153 -0.065724 0.342104
v -0.016960 -0.101169 0.298641
v 0.167092 -0.429273 0.083624
v 0.204416 -0.407789 0.042859
v -0.058655 0.100458 0.186054
v 0.230828 -0.382863 -0.010349
v -0.031214 0.079001 0.261294
v -0.030919 0.064450 0.273920
v 0.266434 -0.341708 -0.062132
v 0.300370 -0.285957 -0.108650
v -0.013400 -0.094565 0.320947
v 0.317420 -0.224397 -0.144795
v 0.335739 -0.164174 -0.133842
v 0.075371 -0.356294 0.256143
v 0.040663 -0.358245 0.274018
v 0.110366 -0.345165 0.229953
v -0.038341 -0.020979 0.342419
v 0.142737 -0.325956 0.205416
v 0.169064 -0.304717 0.192322
v 0.194595 -0.246347 0.192239
v -0.028428 -0.097913 0.290465
v 0.188149 -0.277716 0.189400
v 0.186802 -0.184478 0.207969
v 0.193073 -0.214720 0.198760
v 0.226754 -0.150909 0.185492
v 0.234315 -0.194788 0.167472
v 0.213857 -0.207965 0.184475
v 0.002574 -0.075125 0.366388
v -0.024917 -0.070609 0.354968
v 0.207716 -0.170229 0.197582
v 0.244488 -0.122612 0.171947
v 0.254522 -0.172566 0.148578
v 0.034879 -0.472833 0.173893
v -0.147381 0.171760 0.203351
v -0.147053 0.160366 0.194873
v 0.065439 -0.469766 0.156376
v 0.093298 -0.466104 0.130141
v 0.114068 -0.462713 0.098185
v 0.137269 -0.456638 0.061698
v 0.166376 -0.445044 0.020010
v 0.200669 -0.420910 -0.030568
v -0.111385 0.187823 0.222351
v -0.021366 0.189767 0.247198
v -0.047399 0.190411 0.241395
v 0.245226 -0.376361 -0.088693
v -0.147701 0.140516 0.186840
v -0.153074 0.132290 0.181859
v -0.145834 0.150506 0.186517
v -0.152799 0.133389 0.186112
v -0.149961 0.137076 0.187350
v 0.287457 -0.309201 -0.139553
v -0.145216 0.147901 0.183069
v 0.306688 -0.243905 -0.175697
v -0.145497 0.145903 0.182533
v 0.099240 -0.495207 0.035017
v -0.142286 0.186279 0.212637
v 0.079321 -0.491687 0.065398
v 0.063233 -0.489602 0.091899
v -0.145789 0.143767 0.184599
v -0.152084 0.137842 0.174562
v 0.048911 -0.488621 0.113757
v -0.152566 0.133304 0.154040
v 0.027365 -0.494047 0.111588
v 0.002605 0.189972 0.250082
v -0.105215 0.242255 0.236484
v -0.255984 0.240584 0.128598
v 0.025322 -0.508739 0.073930
v -0.271924 0.213436 0.114072
v 0.036386 -0.520603 0.051112
v -0.239920 0.029552 0.144302
v -0.253043 0.034581 0.131368
v -0.091107 0.211173 0.239556
v 0.046556 -0.534969 0.033177
v 0.206003 -0.288061 0.171101
v 0.224576 -0.292774 0.146909
v 0.234585 -0.243079 0.152670
v 0.256354 -0.228085 0.127806
v -0.130628 0.344948 0.195574
v -0.154116 0.576734 -0.046906
v -0.122852 0.307140 0.210884
v -0.196871 0.270490 0.179529
v 0.247310 -0.288156 0.117480
v -0.154259 0.553923 -0.001171
v 0.214398 -0.248545 0.174966
v 0.273948 -0.269243 0.081492
v 0.278728 -0.204037 0.100192
v 0.274372 -0.143269 0.129096
v 0.295120 -0.180708 0.074376
v -0.231543 0.263017 0.150035
v 0.294768 -0.239460 0.047233
v -0.276353 0.061806 0.094612
v -0.031596 0.272749 0.240253
v -0.283821 0.090369 0.082899
v 0.292359 -0.120464 0.107031
v -0.071388 0.273016 0.236734
v -0.137672 0.626342 -0.360570
v 0.306588 -0.098664 0.085313
v 0.308248 -0.152770 0.049832
v 0.308480 -0.208931 0.021688
v 0.218904 -0.352774 0.119909
v -0.065175 0.171448 0.226379
v 0.321095 -0.173130 -0.009000
v -0.190390 0.032927 0.171432
v -0.205727 0.030921 0.164501
v 0.317841 -0.076456 0.062490
v -0.157007 0.625326 -0.303953
v -0.271711 0.049487 0.105673
v -0.146507 0.437504 0.142757
v -0.046278 0.139227 0.215585
v -0.052132 0.153657 0.218001
v -0.150559 0.471276 0.109808
v 0.318268 -0.125994 0.026873
v 0.329480 -0.046982 0.033960
v 0.331403 -0.088765 -0.005043
v -0.152649 0.501785 0.074461
v 0.332897 -0.134016 -0.042748
v 0.344309 -0.123747 -0.113981
v -0.156101 0.596577 -0.100344
v -0.105868 0.049374 0.188247
v 0.312406 -0.167098 -0.251242
v 0.107162 -0.150635 0.244756
v 0.081791 -0.140232 0.257306
v -0.283536 0.182064 0.101226
v -0.288615 0.149111 0.092067
v -0.159883 0.622540 -0.234486
v -0.153776 0.038106 0.184212
v -0.287425 0.118998 0.085376
v -0.078355 0.635780 -0.401012
v 0.057462 -0.136662 0.273830
v -0.264243 0.040568 0.118327
v 0.038443 -0.135190 0.286376
v 0.019173 -0.136303 0.292897
v -0.159187 0.272425 0.205043
v -0.172984 0.034759 0.178015
v -0.043485 0.124033 0.211057
v -0.082995 0.060743 0.189872
v -0.065209 0.076655 0.192599
v -0.153587 0.529018 0.038578
v -0.054055 0.089785 0.197913
v -0.044437 0.109593 0.206490
v -0.129748 0.042039 0.188412
v -0.139338 0.391229 0.174416
v -0.157610 0.612510 -0.163940
v -0.222875 0.029981 0.155349
v -0.000402 0.642090 -0.415058
v 0.002009 0.272326 0.241356
v -0.048522 0.098311 0.202662
v -0.077807 0.190330 0.233137
v -0.115247 0.272929 0.225730
v 0.000844 -0.290924 0.276384
v -0.132307 -0.202142 0.232173
v -0.139182 -0.212568 0.224542
v -0.136829 -0.242046 0.212503
v -0.096055 -0.177352 0.258049
v -0.118113 -0.190510 0.243014
v -0.090687 -0.278866 0.248608
v -0.141622 -0.222244 0.218582
v -0.062161 -0.286315 0.263771
v -0.141499 -0.232232 0.214245
v -0.033229 -0.292003 0.271741
v 0.000938 -0.160926 0.294032
v -0.045630 -0.159819 0.286165
v -0.022258 -0.158817 0.293177
v -0.070644 -0.166162 0.273317
v -0.127746 -0.253673 0.217308
v -0.114300 -0.266341 0.229520
v 0.022819 -0.083521 0.347209
v 0.017241 -0.090655 0.334273
v 0.076852 0.101295 0.176342
v 0.040743 -0.095568 0.284551
v 0.035695 0.016709 0.313096
v 0.069053 0.102357 0.178660
v 0.051768 -0.094390 0.277881
v 0.033065 0.051150 0.286877
v 0.041366 0.096605 0.223579
v 0.033966 0.033986 0.300754
v 0.079197 -0.080485 0.280916
v 0.069873 -0.093127 0.273853
v 0.036088 -0.052255 0.359747
v 0.040435 -0.037725 0.354624
v 0.038852 -0.067950 0.349453
v 0.025883 -0.077513 0.352878
v 0.087862 0.100826 0.178082
v 0.116453 0.108565 0.155339
v 0.032218 -0.062770 0.359202
v 0.018390 -0.074228 0.363023
v 0.104229 0.104684 0.170751
v 0.082318 0.100860 0.177172
v 0.059566 -0.059209 0.323956
v 0.035588 0.090842 0.245362
v 0.072758 -0.067021 0.302419
v 0.092943 0.101784 0.178289
v 0.098117 0.102865 0.177294
v 0.038685 -0.001675 0.327902
v 0.112695 0.106354 0.167673
v 0.014920 -0.097936 0.309221
v 0.050472 -0.062550 0.335537
v 0.044023 -0.065451 0.343220
v 0.017140 -0.100785 0.299126
v 0.058956 0.101074 0.188873
v 0.034151 0.079337 0.263020
v 0.034550 0.064984 0.275455
v 0.014761 -0.094521 0.321531
v 0.041394 -0.020526 0.343598
v 0.028633 -0.097951 0.291480
v 0.028720 -0.071013 0.356516
v 0.150027 0.173035 0.209474
v 0.149471 0.161469 0.201638
v 0.114371 0.188286 0.226975
v 0.025909 0.189718 0.248052
v 0.051178 0.190343 0.243427
v 0.149219 0.142153 0.193445
v 0.153906 0.134010 0.188012
v 0.147997 0.151477 0.193780
v 0.153768 0.135138 0.192213
v 0.151270 0.138829 0.193450
v 0.147117 0.148923 0.190623
v 0.147179 0.147073 0.189923
v 0.145053 0.187433 0.217928
v 0.147400 0.145183 0.191652
v 0.152841 0.139720 0.180525
v 0.153303 0.135256 0.160981
v 0.109054 0.242786 0.240861
v 0.257898 0.242467 0.131814
v 0.272863 0.215383 0.117206
v 0.241561 0.030808 0.149771
v 0.254769 0.035965 0.136579
v 0.094855 0.211110 0.244151
v 0.133856 0.345933 0.197359
v 0.154509 0.577144 -0.046859
v 0.126176 0.307969 0.213113
v 0.199845 0.272104 0.182839
v 0.154902 0.554381 -0.001050
v 0.234236 0.264867 0.153297
v 0.278638 0.063591 0.100106
v 0.035493 0.272827 0.241758
v 0.286424 0.092235 0.088494
v 0.075326 0.273409 0.239409
v 0.136842 0.626578 -0.360578
v 0.068259 0.171754 0.229379
v 0.191991 0.034591 0.177794
v 0.207257 0.032571 0.170606
v 0.156490 0.625615 -0.303978
v 0.273597 0.051042 0.110766
v 0.148989 0.438418 0.143663
v 0.049060 0.140044 0.217851
v 0.054845 0.154384 0.220383
v 0.152370 0.472027 0.110404
v 0.153958 0.502409 0.074840
v 0.156268 0.596956 -0.100346
v 0.106173 0.049688 0.191324
v 0.283807 0.184091 0.104593
v 0.289210 0.151295 0.096332
v 0.159623 0.622870 -0.234522
v 0.154890 0.038819 0.188708
v 0.289241 0.120989 0.090217
v 0.077481 0.635889 -0.401021
v 0.266255 0.041917 0.123362
v 0.162339 0.273745 0.208265
v 0.174185 0.036211 0.183750
v 0.045110 0.124908 0.213216
v 0.083029 0.061060 0.192716
v 0.065255 0.076932 0.195341
v 0.154523 0.529546 0.038804
v 0.054189 0.090169 0.200440
v 0.045232 0.110268 0.208538
v 0.129581 0.042618 0.191646
v 0.142381 0.392245 0.175757
v 0.157566 0.612867 -0.163969
v 0.224256 0.031442 0.161031
v 0.048943 0.098847 0.204947
v 0.081242 0.190278 0.236965
v 0.118905 0.273720 0.228975
v 0.133437 -0.203511 0.234851
v 0.140333 -0.214387 0.227262
v 0.137661 -0.244484 0.215323
v 0.097437 -0.177987 0.260339
v 0.119395 -0.191486 0.245448
v 0.089897 -0.280720 0.249190
v 0.142777 -0.224436 0.221399
v 0.062476 -0.287520 0.264883
v 0.142515 -0.234596 0.217163
v 0.033689 -0.293063 0.273675
v 0.047301 -0.159720 0.288668
v 0.024060 -0.158607 0.295148
v 0.071754 -0.166324 0.275627
v 0.128117 -0.256066 0.218923
v 0.114198 -0.268698 0.230230
v 0.158593 0.114391 0.121864
v -0.157029 0.114418 0.113243
v 0.150201 0.114390 0.187229
v 0.142154 0.114384 0.185638
v 0.134732 0.114381 0.183199
v 0.128499 0.114377 0.180308
v 0.150361 0.116029 0.187230
v 0.142467 0.117598 0.185643
v 0.135190 0.119046 0.183206
v 0.129095 0.120264 0.180314
v 0.150845 0.117599 0.187235
v 0.143409 0.120692 0.185648
v 0.136551 0.123529 0.183208
v 0.130797 0.125914 0.180312
v 0.151606 0.119050 0.187235
v 0.144923 0.123531 0.185647
v 0.138754 0.127674 0.183211
v 0.133579 0.131127 0.180320
v 0.152660 0.120321 0.187235
v 0.146962 0.126016 0.185651
v 0.141709 0.131295 0.183209
v 0.137304 0.135705 0.180318
v 0.153917 0.121369 0.187230
v 0.149450 0.128076 0.185642
v 0.145330 0.134260 0.183206
v 0.141878 0.139451 0.180312
v 0.155371 0.122136 0.187225
v 0.152293 0.129592 0.185637
v 0.149452 0.136464 0.183201
v 0.147081 0.142226 0.180311
v 0.156943 0.122618 0.187226
v 0.155379 0.130527 0.185639
v 0.153923 0.137834 0.183201
v 0.152717 0.143945 0.180307
v 0.158575 0.122782 0.187227
v 0.158577 0.130847 0.185639
v 0.158584 0.138291 0.183201
v 0.158584 0.144542 0.180306
v 0.160214 0.122619 0.187233
v 0.161782 0.130528 0.185640
v 0.163242 0.137833 0.183201
v 0.164447 0.143944 0.180304
v 0.161780 0.122131 0.187236
v 0.164867 0.129587 0.185648
v 0.167703 0.136467 0.183202
v 0.170085 0.142228 0.180306
v 0.163236 0.121373 0.187236
v 0.167704 0.128076 0.185646
v 0.171836 0.134260 0.183205
v 0.175286 0.139452 0.180309
v 0.164493 0.120319 0.187235
v 0.170196 0.126021 0.185652
v 0.175454 0.131297 0.183207
v 0.179856 0.135705 0.180310
v 0.165545 0.119050 0.187241
v 0.172240 0.123533 0.185651
v 0.178413 0.127673 0.183207
v 0.183595 0.131134 0.180310
v 0.166311 0.117599 0.187239
v 0.173749 0.120694 0.185655
v 0.180616 0.123534 0.183209
v 0.186380 0.125920 0.180309
v 0.166792 0.116032 0.187238
v 0.174691 0.117604 0.185650
v 0.181984 0.119056 0.183206
v 0.188086 0.120277 0.180309
v 0.166950 0.114392 0.187230
v 0.175004 0.114395 0.185639
v 0.182432 0.114397 0.183191
v 0.188674 0.114398 0.180296
v 0.166785 0.112759 0.187217
v 0.174675 0.111174 0.185618
v 0.181964 0.109726 0.183172
v 0.188068 0.108518 0.180283
v 0.166296 0.111175 0.187206
v 0.173734 0.108097 0.185606
v 0.180593 0.105248 0.183160
v 0.186355 0.102872 0.180272
v 0.165531 0.109725 0.187196
v 0.172220 0.105245 0.185590
v 0.178387 0.101113 0.183154
v 0.183573 0.097644 0.180264
v 0.164483 0.108451 0.187207
v 0.170181 0.102750 0.185610
v 0.175430 0.097482 0.183166
v 0.179831 0.093062 0.180270
v 0.163226 0.107405 0.187209
v 0.167689 0.100702 0.185616
v 0.171818 0.094503 0.183177
v 0.175270 0.089312 0.180280
v 0.161772 0.106634 0.187220
v 0.164854 0.099173 0.185625
v 0.167686 0.092303 0.183186
v 0.170064 0.086530 0.180287
v 0.160205 0.106144 0.187219
v 0.161773 0.098229 0.185630
v 0.163224 0.090933 0.183186
v 0.164431 0.084805 0.180296
v 0.158573 0.105981 0.187226
v 0.158570 0.097918 0.185636
v 0.158567 0.090471 0.183197
v 0.158568 0.084216 0.180299
v 0.156935 0.106141 0.187225
v 0.155367 0.098223 0.185637
v 0.153910 0.090922 0.183200
v 0.152701 0.084792 0.180306
v 0.155372 0.106624 0.187227
v 0.152283 0.099165 0.185639
v 0.149442 0.092290 0.183202
v 0.147067 0.086516 0.180306
v 0.153918 0.107396 0.187230
v 0.149444 0.100683 0.185638
v 0.145319 0.094479 0.183209
v 0.141872 0.089293 0.180307
v 0.152659 0.108441 0.187228
v 0.146964 0.102737 0.185644
v 0.141707 0.097463 0.183200
v 0.137314 0.093039 0.180305
v 0.151613 0.109708 0.187222
v 0.144924 0.105222 0.185633
v 0.138754 0.101088 0.183192
v 0.133582 0.097622 0.180298
v 0.158571 0.114402 0.187784
v 0.150854 0.111162 0.187221
v 0.143419 0.108077 0.185630
v 0.136559 0.105226 0.183191
v 0.130805 0.102846 0.180297
v 0.150364 0.112736 0.187223
v 0.142471 0.111163 0.185634
v 0.135194 0.109710 0.183190
v 0.129097 0.108499 0.180307
v 0.122438 0.114373 0.176722
v 0.113062 0.114370 0.169213
v 0.105058 0.114367 0.159879
v 0.099120 0.114364 0.149614
v 0.095464 0.114364 0.139763
v 0.094237 0.114383 0.121861
v 0.095493 0.114358 0.103931
v 0.099150 0.114357 0.094062
v 0.105097 0.114353 0.083786
v 0.113109 0.114354 0.074439
v 0.122851 0.114356 0.066662
v 0.133989 0.114359 0.060836
v 0.146051 0.114361 0.057235
v 0.123131 0.121450 0.176728
v 0.113940 0.123264 0.169214
v 0.106088 0.124841 0.159893
v 0.100264 0.125984 0.149613
v 0.096681 0.126719 0.139755
v 0.095478 0.126957 0.121857
v 0.096698 0.126712 0.103944
v 0.100292 0.125975 0.094063
v 0.106130 0.124824 0.083782
v 0.113991 0.123242 0.074438
v 0.123547 0.121351 0.066656
v 0.134448 0.119170 0.060840
v 0.146280 0.116815 0.057237
v 0.125192 0.128246 0.176737
v 0.116525 0.131840 0.169222
v 0.109140 0.134919 0.159893
v 0.103652 0.137183 0.149617
v 0.100277 0.138587 0.139749
v 0.099147 0.139053 0.121851
v 0.100292 0.138580 0.103948
v 0.103677 0.137168 0.094061
v 0.109178 0.134895 0.083782
v 0.116573 0.131814 0.074441
v 0.125579 0.128067 0.066661
v 0.135857 0.123808 0.060840
v 0.147004 0.119175 0.057235
v 0.128517 0.134516 0.176734
v 0.120732 0.139743 0.169218
v 0.114085 0.144195 0.159894
v 0.109151 0.147497 0.149619
v 0.106114 0.149520 0.139757
v 0.105090 0.150220 0.121850
v 0.106124 0.149512 0.103937
v 0.109179 0.147479 0.094052
v 0.114122 0.144169 0.083780
v 0.120771 0.139709 0.074450
v 0.128882 0.134272 0.066664
v 0.138122 0.128072 0.060844
v 0.148168 0.121355 0.057237
v 0.133021 0.140012 0.176737
v 0.126392 0.146657 0.169219
v 0.120742 0.152320 0.159884
v 0.116552 0.156526 0.149617
v 0.113974 0.159125 0.139755
v 0.113101 0.159987 0.121849
v 0.113984 0.159107 0.103927
v 0.116576 0.156508 0.094048
v 0.120772 0.152291 0.083784
v 0.126432 0.146625 0.074440
v 0.133327 0.139714 0.066663
v 0.141196 0.131820 0.060843
v 0.149725 0.123254 0.057235
v 0.138503 0.144524 0.176729
v 0.133294 0.152331 0.169211
v 0.128852 0.158991 0.159890
v 0.125559 0.163943 0.149615
v 0.123539 0.166998 0.139753
v 0.122845 0.168025 0.121849
v 0.123548 0.166989 0.103928
v 0.125578 0.163926 0.094053
v 0.128878 0.158965 0.083778
v 0.133328 0.152297 0.074443
v 0.138747 0.144169 0.066660
v 0.144930 0.134901 0.060842
v 0.151627 0.124829 0.057236
v 0.144747 0.147855 0.176727
v 0.141174 0.156539 0.169208
v 0.138101 0.163950 0.159885
v 0.135841 0.169452 0.149607
v 0.134441 0.172849 0.139741
v 0.133985 0.174000 0.121849
v 0.134449 0.172840 0.103940
v 0.135857 0.169434 0.094058
v 0.138126 0.163925 0.083778
v 0.141200 0.156512 0.074436
v 0.144932 0.147479 0.066657
v 0.149179 0.137172 0.060838
v 0.153804 0.125982 0.057234
v 0.151536 0.149924 0.176716
v 0.149725 0.159146 0.169202
v 0.148152 0.167007 0.159879
v 0.146999 0.172858 0.149601
v 0.146281 0.176452 0.139744
v 0.146048 0.177671 0.121849
v 0.146288 0.176443 0.103937
v 0.147008 0.172837 0.094058
v 0.148169 0.166982 0.083777
v 0.149733 0.159100 0.074433
v 0.151633 0.149518 0.066652
v 0.153802 0.138584 0.060836
v 0.156151 0.126717 0.057235
v 0.158587 0.150620 0.176713
v 0.158588 0.160011 0.169202
v 0.158595 0.168047 0.159870
v 0.158596 0.174010 0.149602
v 0.158597 0.177675 0.139744
v 0.158599 0.178916 0.121852
v 0.158603 0.177663 0.103921
v 0.158604 0.173994 0.094056
v 0.158604 0.168022 0.083775
v 0.158608 0.159980 0.074433
v 0.158607 0.150214 0.066657
v 0.158606 0.139049 0.060834
v 0.158603 0.126953 0.057235
v 0.165637 0.149922 0.176716
v 0.167467 0.159133 0.169199
v 0.169035 0.167013 0.159873
v 0.170194 0.172861 0.149597
v 0.170918 0.176458 0.139732
v 0.171161 0.177670 0.121844
v 0.170923 0.176448 0.103933
v 0.170199 0.172841 0.094056
v 0.169038 0.166989 0.083770
v 0.167469 0.159103 0.074432
v 0.165582 0.149521 0.066651
v 0.163405 0.138589 0.060836
v 0.161056 0.126721 0.057235
v 0.172414 0.147856 0.176723
v 0.176012 0.156541 0.169200
v 0.179089 0.163956 0.159876
v 0.181354 0.169457 0.149599
v 0.182759 0.172856 0.139722
v 0.183228 0.174007 0.121838
v 0.182757 0.172853 0.103932
v 0.181356 0.169444 0.094049
v 0.179085 0.163937 0.083769
v 0.176011 0.156514 0.074428
v 0.172276 0.147484 0.066654
v 0.168026 0.137176 0.060832
v 0.163402 0.125985 0.057233
v 0.178674 0.144525 0.176719
v 0.183893 0.152338 0.169200
v 0.188340 0.159003 0.159874
v 0.191640 0.163956 0.149605
v 0.193665 0.167008 0.139727
v 0.194364 0.168034 0.121834
v 0.193661 0.166999 0.103916
v 0.191635 0.163940 0.094040
v 0.188332 0.158979 0.083762
v 0.183888 0.152308 0.074435
v 0.178461 0.144177 0.066651
v 0.172281 0.134902 0.060834
v 0.165580 0.124834 0.057229
v 0.184158 0.140004 0.176726
v 0.190794 0.146666 0.169211
v 0.196448 0.152333 0.159870
v 0.200651 0.156544 0.149605
v 0.203235 0.159131 0.139734
v 0.204112 0.160001 0.121833
v 0.203227 0.159121 0.103912
v 0.200637 0.156528 0.094037
v 0.196435 0.152313 0.083768
v 0.190783 0.146637 0.074427
v 0.183886 0.139724 0.066652
v 0.176014 0.131823 0.060834
v 0.167466 0.123259 0.057228
v 0.188652 0.134521 0.176725
v 0.196464 0.139752 0.169204
v 0.203111 0.144210 0.159881
v 0.208056 0.147518 0.149607
v 0.211103 0.149545 0.139731
v 0.212125 0.150236 0.121834
v 0.211084 0.149533 0.103912
v 0.208031 0.147501 0.094033
v 0.203084 0.144183 0.083756
v 0.196435 0.139724 0.074433
v 0.188329 0.134284 0.066651
v 0.179086 0.128082 0.060833
v 0.169038 0.121362 0.057228
v 0.191987 0.128252 0.176727
v 0.200664 0.131852 0.169212
v 0.208065 0.134940 0.159881
v 0.213562 0.137209 0.149606
v 0.216937 0.138616 0.139722
v 0.218073 0.139070 0.121835
v 0.216920 0.138607 0.103926
v 0.213532 0.137194 0.094042
v 0.208028 0.134915 0.083760
v 0.200632 0.131825 0.074425
v 0.191628 0.128079 0.066646
v 0.181349 0.123817 0.060829
v 0.170200 0.119181 0.057226
v 0.194044 0.121461 0.176719
v 0.203262 0.123281 0.169212
v 0.211118 0.124859 0.159883
v 0.216959 0.126010 0.149607
v 0.220535 0.126748 0.139726
v 0.221741 0.126979 0.121840
v 0.220516 0.126738 0.103924
v 0.216913 0.125996 0.094042
v 0.211075 0.124840 0.083760
v 0.203216 0.123259 0.074422
v 0.193653 0.121359 0.066640
v 0.182756 0.119182 0.060830
v 0.170918 0.116823 0.057227
v 0.194754 0.114398 0.176717
v 0.204156 0.114393 0.169216
v 0.212161 0.114392 0.159879
v 0.218104 0.114392 0.149607
v 0.221759 0.114392 0.139743
v 0.222973 0.114403 0.121842
v 0.221724 0.114381 0.103905
v 0.218056 0.114378 0.094039
v 0.212108 0.114375 0.083763
v 0.204096 0.114373 0.074422
v 0.194355 0.114367 0.066649
v 0.183218 0.114365 0.060832
v 0.171159 0.114364 0.057228
v 0.194030 0.107318 0.176694
v 0.203258 0.105494 0.169200
v 0.211118 0.103909 0.159871
v 0.216957 0.102763 0.149602
v 0.220533 0.102035 0.139724
v 0.221732 0.101793 0.121829
v 0.220510 0.102032 0.103917
v 0.216914 0.102751 0.094039
v 0.211075 0.103899 0.083759
v 0.203213 0.105470 0.074420
v 0.193656 0.107377 0.066639
v 0.182754 0.109542 0.060830
v 0.170916 0.111908 0.057227
v 0.191965 0.100525 0.176689
v 0.200648 0.096921 0.169182
v 0.208047 0.093830 0.159857
v 0.213555 0.091561 0.149591
v 0.216927 0.090153 0.139711
v 0.218055 0.089680 0.121819
v 0.216916 0.090153 0.103915
v 0.213529 0.091553 0.094038
v 0.208025 0.093825 0.083756
v 0.200629 0.096902 0.074419
v 0.191622 0.100656 0.066645
v 0.181345 0.104915 0.060828
v 0.170197 0.109539 0.057226
v 0.188624 0.094248 0.176680
v 0.196436 0.089017 0.169172
v 0.203087 0.084553 0.159851
v 0.208037 0.081257 0.149582
v 0.211085 0.079223 0.139709
v 0.212105 0.078514 0.121822
v 0.211076 0.079225 0.103902
v 0.208024 0.081252 0.094026
v 0.203071 0.084548 0.083748
v 0.196422 0.089004 0.074421
v 0.188318 0.094441 0.066643
v 0.179079 0.100652 0.060826
v 0.169033 0.107369 0.057228
v 0.184127 0.088766 0.176682
v 0.190768 0.082100 0.169170
v 0.196426 0.076426 0.159837
v 0.200631 0.072217 0.149582
v 0.203215 0.069623 0.139711
v 0.204098 0.068750 0.121812
v 0.203208 0.069625 0.103897
v 0.200625 0.072213 0.094018
v 0.196419 0.076421 0.083757
v 0.190767 0.082093 0.074417
v 0.183874 0.089002 0.066641
v 0.176005 0.096893 0.060826
v 0.167460 0.105461 0.057227
v 0.178652 0.084247 0.176686
v 0.183866 0.076422 0.169170
v 0.188317 0.069765 0.159847
v 0.191618 0.064808 0.149579
v 0.193639 0.061738 0.139706
v 0.194346 0.060710 0.121818
v 0.193644 0.061735 0.103902
v 0.191616 0.064804 0.094021
v 0.188314 0.069761 0.083746
v 0.183870 0.076419 0.074424
v 0.178449 0.084543 0.066643
v 0.172271 0.093812 0.060827
v 0.165574 0.103884 0.057228
v 0.158597 0.114376 0.056017
v 0.172394 0.080904 0.176700
v 0.175984 0.072207 0.169178
v 0.179066 0.064804 0.159846
v 0.181332 0.059287 0.149578
v 0.182732 0.055885 0.139702
v 0.183203 0.054746 0.121818
v 0.182733 0.055887 0.103913
v 0.181333 0.059290 0.094032
v 0.179072 0.064802 0.083752
v 0.175999 0.072205 0.074418
v 0.172268 0.081242 0.066646
v 0.168022 0.091540 0.060829
v 0.163396 0.102732 0.057226
v 0.165618 0.078837 0.176701
v 0.167446 0.069612 0.169184
v 0.169012 0.061735 0.159853
v 0.170171 0.055882 0.149580
v 0.170896 0.052286 0.139710
v 0.171135 0.051080 0.121825
v 0.170898 0.052284 0.103915
v 0.170181 0.055882 0.094040
v 0.169023 0.061735 0.083754
v 0.167451 0.069611 0.074422
v 0.165568 0.079206 0.066641
v 0.163393 0.090125 0.060833
v 0.161049 0.102004 0.057228
v 0.158568 0.078137 0.176705
v 0.158568 0.068731 0.169186
v 0.158573 0.060699 0.159851
v 0.158573 0.054740 0.149582
v 0.158574 0.051075 0.139724
v 0.158578 0.049857 0.121831
v 0.158583 0.051078 0.103905
v 0.158585 0.054740 0.094040
v 0.158588 0.060696 0.083765
v 0.158591 0.068736 0.074424
v 0.158593 0.078498 0.066648
v 0.158596 0.089670 0.060830
v 0.158598 0.101773 0.057227
v 0.151519 0.078827 0.176713
v 0.149696 0.069607 0.169193
v 0.148136 0.061727 0.159863
v 0.146978 0.055879 0.149583
v 0.146259 0.052281 0.139716
v 0.146026 0.051073 0.121830
v 0.146263 0.052283 0.103922
v 0.146990 0.055883 0.094043
v 0.148154 0.061729 0.083764
v 0.149720 0.069609 0.074424
v 0.151618 0.079204 0.066644
v 0.153796 0.090123 0.060835
v 0.156145 0.102003 0.057229
v 0.144747 0.080888 0.176720
v 0.141156 0.072208 0.169196
v 0.138088 0.064793 0.159865
v 0.135826 0.059281 0.149590
v 0.134426 0.055875 0.139715
v 0.133970 0.054732 0.121831
v 0.134430 0.055878 0.103926
v 0.135840 0.059280 0.094045
v 0.138107 0.064790 0.083766
v 0.141183 0.072197 0.074429
v 0.144920 0.081238 0.066650
v 0.149175 0.091536 0.060832
v 0.153799 0.102730 0.057228
v 0.138496 0.084226 0.176713
v 0.133284 0.076408 0.169192
v 0.128841 0.069749 0.159868
v 0.125546 0.064788 0.149599
v 0.123525 0.061723 0.139727
v 0.122832 0.060689 0.121832
v 0.123531 0.061726 0.103915
v 0.125563 0.064792 0.094041
v 0.128866 0.069751 0.083766
v 0.133313 0.076408 0.074439
v 0.138739 0.084534 0.066655
v 0.144920 0.093811 0.060836
v 0.151621 0.103880 0.057231
v 0.133018 0.088739 0.176715
v 0.126390 0.082073 0.169201
v 0.120739 0.076408 0.159861
v 0.116541 0.072205 0.149602
v 0.113964 0.069606 0.139731
v 0.113086 0.068728 0.121834
v 0.113970 0.069604 0.103914
v 0.116559 0.072196 0.094041
v 0.120764 0.076408 0.083773
v 0.126420 0.082079 0.074432
v 0.133316 0.088990 0.066654
v 0.141188 0.096890 0.060837
v 0.149726 0.105456 0.057230
v 0.128525 0.094229 0.176712
v 0.120735 0.088993 0.169196
v 0.114090 0.084533 0.159874
v 0.109149 0.081234 0.149606
v 0.106103 0.079200 0.139735
v 0.105082 0.078496 0.121840
v 0.106116 0.079202 0.103923
v 0.109166 0.081234 0.094044
v 0.114118 0.084536 0.083767
v 0.120769 0.088993 0.074437
v 0.128874 0.094427 0.066657
v 0.138116 0.100641 0.060838
v 0.148164 0.107362 0.057232
v 0.125201 0.100501 0.176713
v 0.116535 0.096899 0.169198
v 0.109143 0.093821 0.159875
v 0.103651 0.091535 0.149604
v 0.100277 0.090124 0.139730
v 0.099139 0.089665 0.121847
v 0.100282 0.090121 0.103937
v 0.103673 0.091532 0.094056
v 0.109169 0.093804 0.083779
v 0.116566 0.096884 0.074441
v 0.125575 0.100642 0.066659
v 0.135853 0.104906 0.060835
v 0.147001 0.109534 0.057235
v 0.123137 0.107295 0.176713
v 0.113943 0.105472 0.169206
v 0.106093 0.103889 0.159879
v 0.100265 0.102736 0.149607
v 0.096681 0.102006 0.139748
v 0.095470 0.101774 0.121853
v 0.096692 0.102007 0.103941
v 0.100294 0.102731 0.094062
v 0.106130 0.103877 0.083777
v 0.113988 0.105457 0.074438
v 0.123544 0.107360 0.066656
v 0.134446 0.109530 0.060840
v 0.146284 0.111901 0.057237
v -0.165405 0.114440 0.178595
v -0.173455 0.114440 0.177003
v -0.180881 0.114439 0.174563
v -0.187122 0.114438 0.171679
v -0.165244 0.116080 0.178595
v -0.173139 0.117649 0.177010
v -0.180431 0.119099 0.174574
v -0.186532 0.120319 0.171686
v -0.164764 0.117649 0.178597
v -0.172198 0.120742 0.177013
v -0.179063 0.123580 0.174575
v -0.184827 0.125964 0.171688
v -0.163999 0.119101 0.178602
v -0.170689 0.123582 0.177013
v -0.176861 0.127721 0.174576
v -0.182044 0.131180 0.171694
v -0.162950 0.120374 0.178602
v -0.168649 0.126074 0.177023
v -0.173905 0.131348 0.174587
v -0.178305 0.135753 0.171703
v -0.161694 0.121429 0.178609
v -0.166159 0.128132 0.177027
v -0.170289 0.134316 0.174593
v -0.173736 0.139505 0.171703
v -0.160239 0.122189 0.178608
v -0.163324 0.129646 0.177028
v -0.166156 0.136525 0.174592
v -0.168536 0.142287 0.171705
v -0.158673 0.122678 0.178612
v -0.160238 0.130589 0.177028
v -0.161695 0.137895 0.174597
v -0.162898 0.144007 0.171706
v -0.157035 0.122841 0.178612
v -0.157034 0.130909 0.177030
v -0.157038 0.138355 0.174598
v -0.157033 0.144605 0.171707
v -0.155401 0.122680 0.178615
v -0.153834 0.130592 0.177036
v -0.152375 0.137899 0.174601
v -0.151166 0.144011 0.171708
v -0.153830 0.122197 0.178612
v -0.150750 0.129655 0.177030
v -0.147905 0.136529 0.174598
v -0.145530 0.142291 0.171710
v -0.152378 0.121429 0.178608
v -0.147907 0.128138 0.177030
v -0.143784 0.134326 0.174598
v -0.140328 0.139517 0.171708
v -0.151123 0.120380 0.178606
v -0.145423 0.126076 0.177026
v -0.140166 0.131358 0.174591
v -0.135755 0.135770 0.171704
v -0.150071 0.119107 0.178603
v -0.143386 0.123590 0.177018
v -0.137215 0.127735 0.174584
v -0.132035 0.131190 0.171695
v -0.149311 0.117655 0.178601
v -0.141874 0.120750 0.177014
v -0.135013 0.123588 0.174575
v -0.129257 0.125977 0.171681
v -0.148826 0.116085 0.178596
v -0.140932 0.117655 0.177007
v -0.133655 0.119106 0.174569
v -0.127557 0.120327 0.171679
v -0.148667 0.114447 0.178595
v -0.140620 0.114443 0.177003
v -0.133197 0.114443 0.174564
v -0.126961 0.114442 0.171673
v -0.148828 0.112794 0.178590
v -0.140935 0.111223 0.177001
v -0.133660 0.109774 0.174556
v -0.127561 0.108564 0.171671
v -0.149319 0.111222 0.178588
v -0.141885 0.108142 0.176996
v -0.135026 0.105293 0.174554
v -0.129271 0.102915 0.171659
v -0.150081 0.109772 0.178588
v -0.143395 0.105292 0.176994
v -0.137227 0.101160 0.174550
v -0.132052 0.097695 0.171652
v -0.151128 0.108506 0.178594
v -0.145436 0.102805 0.177004
v -0.140185 0.097539 0.174549
v -0.135793 0.093117 0.171648
v -0.152389 0.107462 0.178591
v -0.147922 0.100756 0.176990
v -0.143804 0.094560 0.174549
v -0.140356 0.089372 0.171646
v -0.153842 0.106687 0.178589
v -0.150760 0.099233 0.176995
v -0.147924 0.092364 0.174547
v -0.145553 0.086593 0.171645
v -0.155408 0.106203 0.178586
v -0.153845 0.098290 0.176992
v -0.152394 0.090994 0.174545
v -0.151187 0.084867 0.171647
v -0.157044 0.106041 0.178589
v -0.157046 0.097979 0.176997
v -0.157048 0.090534 0.174552
v -0.157051 0.084284 0.171648
v -0.158677 0.106202 0.178582
v -0.160248 0.098286 0.176992
v -0.161702 0.090990 0.174547
v -0.162912 0.084865 0.171654
v -0.160240 0.106689 0.178586
v -0.163327 0.099227 0.176993
v -0.166160 0.092355 0.174554
v -0.168542 0.086583 0.171652
v -0.161694 0.107457 0.178581
v -0.166160 0.100751 0.176991
v -0.170291 0.094550 0.174553
v -0.173743 0.089358 0.171656
v -0.162949 0.108502 0.178582
v -0.168648 0.102798 0.176990
v -0.173898 0.097526 0.174548
v -0.178300 0.093101 0.171656
v -0.163995 0.109773 0.178575
v -0.170684 0.105288 0.176974
v -0.176851 0.101153 0.174541
v -0.182033 0.097683 0.171649
v -0.157037 0.114447 0.179156
v -0.164756 0.111224 0.178581
v -0.172192 0.108143 0.176983
v -0.179048 0.105290 0.174539
v -0.184806 0.102912 0.171650
v -0.165241 0.112806 0.178589
v -0.173127 0.111218 0.176990
v -0.180411 0.109769 0.174543
v -0.186515 0.108559 0.171660
v -0.193199 0.114435 0.168105
v -0.202589 0.114427 0.160601
v -0.210601 0.114422 0.151275
v -0.216546 0.114416 0.141011
v -0.220199 0.114411 0.131149
v -0.221409 0.114402 0.113251
v -0.220154 0.114394 0.095318
v -0.216483 0.114393 0.085453
v -0.210531 0.114393 0.075175
v -0.202515 0.114393 0.065833
v -0.192772 0.114389 0.058057
v -0.181632 0.114389 0.052235
v -0.169570 0.114390 0.048624
v -0.192490 0.121501 0.168107
v -0.201701 0.123316 0.160604
v -0.209559 0.124890 0.151285
v -0.215400 0.126035 0.141013
v -0.218971 0.126766 0.131137
v -0.220173 0.126993 0.113252
v -0.218944 0.126753 0.095337
v -0.215337 0.126013 0.085456
v -0.209494 0.124860 0.075174
v -0.201632 0.123281 0.065832
v -0.192067 0.121383 0.058046
v -0.181167 0.119208 0.052231
v -0.169328 0.116852 0.048622
v -0.190436 0.128296 0.168119
v -0.199108 0.131889 0.160611
v -0.206504 0.134973 0.151285
v -0.211998 0.137234 0.141014
v -0.215368 0.138637 0.131136
v -0.216501 0.139087 0.113249
v -0.215345 0.138625 0.095341
v -0.211954 0.137212 0.085457
v -0.206446 0.134936 0.075178
v -0.199045 0.131850 0.065837
v -0.190039 0.128105 0.058052
v -0.179758 0.123845 0.052228
v -0.168610 0.119210 0.048620
v -0.187100 0.134564 0.168123
v -0.194906 0.139790 0.160605
v -0.201547 0.144247 0.151284
v -0.206492 0.147547 0.141013
v -0.209533 0.149570 0.131143
v -0.210551 0.150259 0.113248
v -0.209505 0.149554 0.095328
v -0.206448 0.147523 0.085447
v -0.201497 0.144203 0.075166
v -0.194844 0.139746 0.065839
v -0.186737 0.134309 0.058056
v -0.177494 0.128109 0.052234
v -0.167446 0.121391 0.048624
v -0.182605 0.140049 0.168126
v -0.189236 0.146707 0.160614
v -0.194883 0.152372 0.151280
v -0.199086 0.156577 0.141022
v -0.201662 0.159161 0.131146
v -0.202535 0.160029 0.113246
v -0.201645 0.159147 0.095325
v -0.199051 0.156552 0.085450
v -0.194847 0.152338 0.075179
v -0.189190 0.146661 0.065832
v -0.182293 0.139747 0.058054
v -0.174421 0.131851 0.052233
v -0.165873 0.123289 0.048622
v -0.177118 0.144572 0.168119
v -0.182331 0.152380 0.160604
v -0.186774 0.159043 0.151281
v -0.190071 0.163993 0.141014
v -0.192089 0.167043 0.131136
v -0.192784 0.168064 0.113243
v -0.192076 0.167029 0.095325
v -0.190048 0.163968 0.085450
v -0.186742 0.159007 0.075172
v -0.182296 0.152339 0.065844
v -0.176868 0.144207 0.058055
v -0.170687 0.134933 0.052232
v -0.163987 0.124864 0.048623
v -0.170860 0.147909 0.168124
v -0.174452 0.156590 0.160604
v -0.177523 0.163998 0.151281
v -0.179781 0.169497 0.141003
v -0.181179 0.172892 0.131125
v -0.181645 0.174040 0.113243
v -0.181170 0.172886 0.095335
v -0.179765 0.169476 0.085453
v -0.177494 0.163968 0.075174
v -0.174416 0.156546 0.065830
v -0.170681 0.147516 0.058053
v -0.166431 0.137208 0.052226
v -0.161809 0.126017 0.048624
v -0.164083 0.149979 0.168118
v -0.165906 0.159185 0.160602
v -0.167467 0.167059 0.151275
v -0.168620 0.172905 0.140997
v -0.169337 0.176497 0.131130
v -0.169575 0.177705 0.113242
v -0.169332 0.176483 0.095330
v -0.168606 0.172877 0.085452
v -0.167444 0.167023 0.075169
v -0.165872 0.159138 0.065828
v -0.163984 0.149556 0.058046
v -0.161809 0.138623 0.052229
v -0.159462 0.126754 0.048625
v -0.157030 0.150677 0.168115
v -0.157027 0.160065 0.160604
v -0.157027 0.168098 0.151270
v -0.157021 0.174057 0.140999
v -0.157016 0.177719 0.131138
v -0.157013 0.178940 0.113243
v -0.157010 0.177701 0.095312
v -0.157008 0.174033 0.085448
v -0.157007 0.168060 0.075168
v -0.157011 0.160018 0.065826
v -0.157010 0.150251 0.058049
v -0.157010 0.139084 0.052224
v -0.157009 0.126988 0.048623
v -0.149981 0.149987 0.168116
v -0.148164 0.159203 0.160600
v -0.146583 0.167063 0.151274
v -0.145423 0.172907 0.140994
v -0.144698 0.176499 0.131132
v -0.144460 0.177715 0.113235
v -0.144697 0.176487 0.095323
v -0.145414 0.172879 0.085446
v -0.146573 0.167026 0.075164
v -0.148135 0.159140 0.065822
v -0.150035 0.149557 0.058041
v -0.152206 0.138621 0.052224
v -0.154557 0.126752 0.048622
v -0.143192 0.147920 0.168126
v -0.139613 0.156601 0.160603
v -0.136533 0.164010 0.151275
v -0.134265 0.169507 0.140994
v -0.132859 0.172902 0.131125
v -0.132398 0.174049 0.113232
v -0.132859 0.172891 0.095321
v -0.134264 0.169481 0.085441
v -0.136533 0.163973 0.075160
v -0.139604 0.156555 0.065821
v -0.143337 0.147518 0.058043
v -0.147584 0.137209 0.052224
v -0.152211 0.126018 0.048620
v -0.136948 0.144589 0.168122
v -0.131732 0.152394 0.160601
v -0.127285 0.159054 0.151275
v -0.123986 0.164005 0.140997
v -0.121959 0.167056 0.131134
v -0.121260 0.168081 0.113227
v -0.121959 0.167042 0.095305
v -0.123987 0.163978 0.085431
v -0.127286 0.159016 0.075155
v -0.131734 0.152342 0.065823
v -0.137152 0.144211 0.058043
v -0.143335 0.134941 0.052226
v -0.150034 0.124866 0.048621
v -0.131468 0.140077 0.168124
v -0.124832 0.146722 0.160603
v -0.119175 0.152384 0.151262
v -0.114979 0.156591 0.140994
v -0.112397 0.159187 0.131129
v -0.111519 0.160047 0.113222
v -0.112398 0.159164 0.095298
v -0.114988 0.156563 0.085421
v -0.119184 0.152344 0.075157
v -0.124840 0.146674 0.065816
v -0.131734 0.139759 0.058043
v -0.139603 0.131862 0.052225
v -0.148133 0.123291 0.048619
v -0.126966 0.134580 0.168114
v -0.119173 0.139808 0.160594
v -0.112519 0.144261 0.151269
v -0.107581 0.147562 0.140991
v -0.104541 0.149585 0.131123
v -0.103510 0.150282 0.113218
v -0.104542 0.149573 0.095301
v -0.107594 0.147536 0.085420
v -0.112535 0.144224 0.075150
v -0.119184 0.139762 0.065822
v -0.127291 0.134319 0.058040
v -0.136531 0.128116 0.052222
v -0.146576 0.121395 0.048618
v -0.123645 0.128310 0.168109
v -0.114972 0.131906 0.160593
v -0.107578 0.134985 0.151264
v -0.102087 0.137250 0.140981
v -0.098708 0.138652 0.131108
v -0.097571 0.139117 0.113212
v -0.098714 0.138642 0.095306
v -0.102096 0.137227 0.085423
v -0.107593 0.134950 0.075148
v -0.114986 0.131866 0.065809
v -0.123990 0.128114 0.058033
v -0.134266 0.123850 0.052218
v -0.145413 0.119213 0.048616
v -0.121587 0.121516 0.168096
v -0.112391 0.123332 0.160579
v -0.104533 0.124909 0.151258
v -0.098707 0.126051 0.140970
v -0.095117 0.126784 0.131110
v -0.093907 0.127020 0.113212
v -0.095123 0.126773 0.095297
v -0.098715 0.126034 0.085419
v -0.104547 0.124880 0.075144
v -0.112406 0.123294 0.065804
v -0.121959 0.121400 0.058026
v -0.132858 0.119216 0.052214
v -0.144690 0.116855 0.048616
v -0.120896 0.114441 0.168087
v -0.111517 0.114439 0.160574
v -0.103510 0.114436 0.151237
v -0.097570 0.114433 0.140966
v -0.093908 0.114430 0.131113
v -0.092673 0.114430 0.113210
v -0.093922 0.114416 0.095282
v -0.097575 0.114415 0.085416
v -0.103518 0.114409 0.075145
v -0.111526 0.114407 0.065802
v -0.121265 0.114405 0.058030
v -0.132401 0.114401 0.052211
v -0.144462 0.114399 0.048615
v -0.121598 0.107363 0.168075
v -0.112402 0.105542 0.160565
v -0.104551 0.103959 0.151231
v -0.098717 0.102804 0.140958
v -0.095127 0.102071 0.131095
v -0.093910 0.101836 0.113200
v -0.095128 0.102067 0.095290
v -0.098722 0.102788 0.085415
v -0.104556 0.103933 0.075134
v -0.112408 0.105509 0.065801
v -0.121961 0.107409 0.058023
v -0.132860 0.109575 0.052212
v -0.144696 0.111940 0.048615
v -0.123666 0.100572 0.168071
v -0.115000 0.096970 0.160552
v -0.107608 0.093892 0.151222
v -0.102108 0.091604 0.140951
v -0.098727 0.090191 0.131076
v -0.097583 0.089729 0.113194
v -0.098723 0.090182 0.095286
v -0.102108 0.091590 0.085409
v -0.107600 0.093858 0.075134
v -0.114991 0.096939 0.065803
v -0.123994 0.100689 0.058028
v -0.134269 0.104948 0.052210
v -0.145415 0.109571 0.048615
v -0.126998 0.094304 0.168061
v -0.119206 0.089069 0.160541
v -0.112559 0.084607 0.151217
v -0.107612 0.081304 0.140951
v -0.104559 0.079268 0.131082
v -0.103531 0.078560 0.113189
v -0.104558 0.079262 0.095274
v -0.107604 0.081290 0.085404
v -0.112550 0.084587 0.075133
v -0.119196 0.089045 0.065805
v -0.127297 0.094476 0.058027
v -0.136535 0.100684 0.052212
v -0.146579 0.107401 0.048610
v -0.131495 0.088817 0.168057
v -0.124865 0.082149 0.160542
v -0.119208 0.076480 0.151204
v -0.115007 0.072275 0.140947
v -0.112423 0.069671 0.131078
v -0.111538 0.068790 0.113184
v -0.112416 0.069662 0.095268
v -0.115000 0.072252 0.085396
v -0.119200 0.076459 0.075133
v -0.124850 0.082129 0.065800
v -0.131742 0.089035 0.058028
v -0.139608 0.096932 0.052212
v -0.148141 0.105493 0.048610
v -0.136976 0.084304 0.168053
v -0.131763 0.076481 0.160532
v -0.127316 0.069821 0.151211
v -0.124015 0.064855 0.140945
v -0.121987 0.061785 0.131077
v -0.121287 0.060747 0.113186
v -0.121980 0.061780 0.095272
v -0.124006 0.064845 0.085401
v -0.127304 0.069803 0.075129
v -0.131745 0.076457 0.065804
v -0.137166 0.084578 0.058027
v -0.143342 0.093851 0.052213
v -0.150038 0.103917 0.048611
v -0.157011 0.114398 0.047407
v -0.143232 0.080966 0.168058
v -0.139637 0.072281 0.160537
v -0.136563 0.064862 0.151209
v -0.134294 0.059341 0.140941
v -0.132887 0.055933 0.131068
v -0.132426 0.054783 0.113188
v -0.132881 0.055930 0.095285
v -0.134285 0.059328 0.085408
v -0.136546 0.064839 0.075132
v -0.139616 0.072241 0.065801
v -0.143346 0.081278 0.058027
v -0.147595 0.091574 0.052212
v -0.152214 0.102766 0.048611
v -0.150004 0.078900 0.168054
v -0.148176 0.069673 0.160539
v -0.146612 0.061790 0.151212
v -0.145446 0.055934 0.140938
v -0.144721 0.052331 0.131072
v -0.144482 0.051118 0.113189
v -0.144714 0.052328 0.095285
v -0.145434 0.055925 0.085412
v -0.146593 0.061772 0.075135
v -0.148152 0.069648 0.065802
v -0.150045 0.079242 0.058024
v -0.152218 0.090161 0.052216
v -0.154562 0.102038 0.048612
v -0.157050 0.078201 0.168055
v -0.157047 0.068793 0.160537
v -0.157048 0.060755 0.151207
v -0.157042 0.054792 0.140941
v -0.157038 0.051122 0.131085
v -0.157034 0.049882 0.113196
v -0.157032 0.051115 0.095274
v -0.157030 0.054777 0.085414
v -0.157027 0.060733 0.075143
v -0.157023 0.068772 0.065805
v -0.157020 0.078534 0.058031
v -0.157016 0.089705 0.052215
v -0.157013 0.101808 0.048612
v -0.164098 0.078895 0.168060
v -0.165924 0.069669 0.160542
v -0.167484 0.061784 0.151220
v -0.168639 0.055931 0.140945
v -0.169357 0.052327 0.131079
v -0.169590 0.051115 0.113200
v -0.169347 0.052318 0.095291
v -0.168626 0.055917 0.085419
v -0.167461 0.061767 0.075139
v -0.165883 0.069646 0.065807
v -0.163994 0.079241 0.058028
v -0.161815 0.090159 0.052219
v -0.159466 0.102037 0.048615
v -0.170870 0.080954 0.168069
v -0.174459 0.072255 0.160548
v -0.177534 0.064845 0.151223
v -0.179796 0.059328 0.140954
v -0.181191 0.055922 0.131081
v -0.181657 0.054778 0.113203
v -0.181183 0.055919 0.095297
v -0.179778 0.059320 0.085419
v -0.177510 0.064830 0.075144
v -0.174431 0.072236 0.065808
v -0.170693 0.081274 0.058035
v -0.166441 0.091571 0.052218
v -0.161812 0.102764 0.048615
v -0.177123 0.084289 0.168067
v -0.182338 0.076462 0.160551
v -0.186783 0.069798 0.151229
v -0.190081 0.064842 0.140965
v -0.192098 0.061772 0.131092
v -0.192798 0.060737 0.113209
v -0.192092 0.061763 0.095294
v -0.190058 0.064830 0.085418
v -0.186752 0.069787 0.075145
v -0.182303 0.076448 0.065818
v -0.176874 0.084572 0.058035
v -0.170692 0.093842 0.052218
v -0.163990 0.103914 0.048618
v -0.182598 0.088803 0.168072
v -0.189236 0.082137 0.160562
v -0.194887 0.076459 0.151230
v -0.199090 0.072248 0.140975
v -0.201671 0.069651 0.131104
v -0.202546 0.068770 0.113215
v -0.201654 0.069647 0.095298
v -0.199066 0.072235 0.085422
v -0.194857 0.076445 0.075160
v -0.189201 0.082117 0.065820
v -0.182300 0.089026 0.058042
v -0.174425 0.096921 0.052221
v -0.165876 0.105489 0.048618
v -0.187088 0.094282 0.168071
v -0.194895 0.089049 0.160565
v -0.201546 0.084584 0.151246
v -0.206493 0.081285 0.140981
v -0.209539 0.079245 0.131116
v -0.210553 0.078533 0.113221
v -0.209519 0.079242 0.095310
v -0.206462 0.081271 0.085433
v -0.201507 0.084568 0.075156
v -0.194855 0.089028 0.065830
v -0.186744 0.094466 0.058045
v -0.177498 0.100677 0.052224
v -0.167449 0.107396 0.048621
v -0.190419 0.100561 0.168075
v -0.199100 0.096954 0.160572
v -0.206499 0.093859 0.151253
v -0.212004 0.091583 0.140992
v -0.215380 0.090167 0.131120
v -0.216502 0.089695 0.113228
v -0.215357 0.090166 0.095325
v -0.211964 0.091569 0.085447
v -0.206456 0.093844 0.075161
v -0.199055 0.096926 0.065824
v -0.190043 0.100679 0.058047
v -0.179761 0.104941 0.052225
v -0.168611 0.109567 0.048619
v -0.192478 0.107356 0.168080
v -0.201701 0.105528 0.160590
v -0.209563 0.103937 0.151267
v -0.215399 0.102787 0.141003
v -0.218977 0.102051 0.131130
v -0.220173 0.101806 0.113238
v -0.218946 0.102044 0.095328
v -0.215344 0.102767 0.085451
v -0.209502 0.103918 0.075168
v -0.201634 0.105492 0.065829
v -0.192073 0.107400 0.058044
v -0.181169 0.109567 0.052230
v -0.169329 0.111935 0.048621
v 0.122326 -0.149231 0.168771
v 0.119381 -0.149231 0.171245
v 0.113929 -0.149231 0.177563
v 0.100076 -0.149231 0.193172
v 0.080985 -0.149231 0.212229
v 0.056514 -0.149231 0.229706
v 0.031347 -0.149231 0.239472
v 0.001183 -0.149231 0.241397
v -0.028968 -0.149231 0.237861
v -0.054738 -0.149231 0.228044
v -0.079710 -0.149231 0.210810
v -0.099057 -0.149231 0.191820
v -0.112913 -0.149231 0.176100
v -0.118316 -0.149231 0.169565
v -0.121204 -0.149231 0.166928
v 0.122326 -0.304556 0.153978
v 0.119381 -0.304556 0.156452
v 0.113929 -0.304556 0.162770
v 0.100076 -0.304556 0.178380
v 0.080985 -0.304556 0.197437
v 0.056514 -0.304556 0.214913
v 0.031347 -0.304556 0.224680
v 0.001183 -0.304556 0.226604
v -0.028968 -0.304556 0.223068
v -0.054738 -0.304556 0.213251
v -0.079710 -0.304556 0.196017
v -0.099057 -0.304556 0.177027
v -0.112913 -0.304556 0.161308
v -0.118316 -0.304556 0.154772
v -0.121204 -0.304556 0.152135
v 0.122326 -0.223195 0.168771
v 0.119381 -0.223195 0.171245
v 0.113929 -0.223195 0.177563
v 0.100076 -0.223195 0.193172
v 0.080985 -0.223195 0.212229
v 0.056514 -0.223195 0.229706
v 0.031347 -0.223195 0.239472
v 0.001183 -0.223195 0.241397
v -0.028968 -0.223195 0.237861
v -0.054738 -0.223195 0.228044
v -0.079710 -0.223195 0.210810
v -0.099057 -0.223195 0.191820
v -0.112913 -0.223195 0.176100
v -0.118316 -0.223195 0.169565
v -0.121204 -0.223195 0.166928
v 0.122326 -0.230592 0.153978
v 0.119381 -0.230592 0.156452
v 0.113929 -0.230592 0.162770
v 0.100076 -0.230592 0.178379
v 0.080985 -0.230592 0.197437
v 0.056514 -0.230592 0.214913
v 0.031347 -0.230592 0.224680
v 0.001183 -0.230592 0.226604
v -0.028968 -0.230592 0.223068
v -0.054738 -0.230592 0.213251
v -0.079710 -0.230592 0.196017
v -0.099057 -0.230592 0.177027
v -0.112913 -0.230592 0.161308
v -0.118316 -0.230592 0.154772
v -0.121204 -0.230592 0.152135
v 0.122326 -0.149231 0.131789
v 0.119381 -0.149231 0.134263
v 0.113929 -0.149231 0.140581
v 0.100076 -0.149231 0.156190
v 0.080985 -0.149231 0.175247
v 0.056514 -0.149231 0.192724
v 0.031347 -0.149231 0.202491
v 0.001183 -0.149231 0.204415
v -0.028968 -0.149231 0.200879
v -0.054738 -0.149231 0.191062
v -0.079710 -0.149231 0.173828
v -0.099057 -0.149231 0.154838
v -0.112913 -0.149231 0.139119
v -0.118316 -0.149231 0.132583
v -0.121204 -0.149231 0.129946
v 0.122326 -0.223195 0.131789
v 0.119381 -0.223195 0.134263
v 0.113929 -0.223195 0.140581
v 0.100076 -0.223195 0.156190
v 0.080985 -0.223195 0.175247
v 0.056514 -0.223195 0.192724
v 0.031347 -0.223195 0.202491
v 0.001183 -0.223195 0.204415
v -0.028968 -0.223195 0.200879
v -0.054738 -0.223195 0.191062
v -0.079710 -0.223195 0.173828
v -0.099057 -0.223195 0.154838
v -0.112913 -0.223195 0.139119
v -0.118316 -0.223195 0.132583
v -0.121204 -0.223195 0.129946
v 0.122326 -0.304556 0.116996
v 0.119381 -0.304556 0.119470
v 0.113929 -0.304556 0.125788
v 0.100076 -0.304556 0.141398
v 0.080985 -0.304556 0.160455
v 0.056514 -0.304556 0.177931
v 0.031347 -0.304556 0.187698
v 0.001183 -0.304556 0.189622
v -0.028968 -0.304556 0.186086
v -0.054738 -0.304556 0.176269
v -0.079710 -0.304556 0.159035
v -0.099057 -0.304556 0.140045
v -0.112913 -0.304556 0.124326
v -0.118316 -0.304556 0.117790
v -0.121204 -0.304556 0.115153
v 0.122326 -0.230592 0.116996
v 0.119381 -0.230592 0.119470
v 0.113929 -0.230592 0.125788
v 0.100076 -0.230592 0.141398
v 0.080985 -0.230592 0.160455
v 0.056514 -0.230592 0.177931
v 0.031347 -0.230592 0.187698
v 0.001183 -0.230592 0.189622
v -0.028968 -0.230592 0.186086
v -0.054738 -0.230592 0.176269
v -0.079710 -0.230592 0.159035
v -0.099057 -0.230592 0.140045
v -0.112913 -0.230592 0.124326
v -0.118316 -0.230592 0.117790
v -0.121204 -0.230592 0.115153
vn 0.2450 0.0936 -0.9650
vn 0.9867 0.1596 0.0296
vn 0.8065 0.0990 -0.5829
vn 0.6315 0.3008 0.7147
vn 0.9979 -0.0641 0.0038
vn -0.1446 0.1922 0.9706
vn 0.5324 0.0781 0.8429
vn -0.2419 0.1234 -0.9624
vn -0.9821 0.1425 0.1236
vn 0.6468 -0.2387 0.7244
vn -0.6210 -0.3639 -0.6942
vn 0.8521 0.0871 0.5160
vn -0.1133 -0.2989 -0.9475
vn 0.9725 -0.1316 0.1921
vn 0.3941 0.4249 -0.8149
vn 0.8696 0.0941 0.4847
vn 0.9526 -0.2838 -0.1096
vn 0.8971 -0.0476 0.4393
vn 0.8444 0.0062 0.5356
vn 0.3736 -0.7579 0.5348
vn -0.0329 0.3470 -0.9373
vn 0.6401 -0.2313 0.7327
vn 0.9200 0.2654 0.2883
vn -0.3597 -0.4296 -0.8283
vn -0.0935 -0.5393 0.8369
vn 0.5309 -0.4612 0.7110
vn 0.8650 -0.0015 0.5018
vn 0.9896 0.0108 0.1435
vn -0.9846 0.0267 0.1730
vn 0.8606 -0.4882 0.1450
vn -0.0068 -0.6427 -0.7661
vn 0.6374 -0.1150 0.7619
vn 0.0636 -0.7734 -0.6307
vn 0.9527 -0.1284 0.2756
vn 0.9818 -0.1772 0.0677
vn 0.4096 0.1396 -0.9015
vn 0.9180 0.2748 0.2859
vn 0.2858 -0.7994 -0.5284
vn 0.9589 0.0412 0.2806
vn -0.4265 0.8916 0.1524
vn 0.2411 -0.3474 -0.9062
vn 0.4232 -0.4945 -0.7592
vn 0.4936 0.7049 -0.5095
vn 0.8213 -0.4445 -0.3577
vn 0.9306 -0.3347 0.1483
vn 0.7278 -0.5974 0.3367
vn 0.0898 0.2514 -0.9637
vn 0.8846 -0.0910 0.4575
vn 0.0480 -0.6273 -0.7773
vn 0.3749 -0.8664 0.3298
vn -0.6672 -0.5586 0.4928
vn 0.3733 -0.3639 0.8534
vn 0.6704 -0.3502 0.6542
vn 0.7810 -0.5175 0.3496
vn 0.4249 -0.5471 0.7212
vn -0.3384 -0.2825 -0.8976
vn 0.9375 -0.3475 0.0198
vn -0.8113 -0.0563 -0.5819
vn 0.1773 0.0054 -0.9841
vn 0.8444 -0.5253 0.1050
vn 0.6736 -0.0019 0.7391
vn -0.2045 -0.7482 -0.6312
vn 0.5300 -0.7760 -0.3419
vn 0.1108 -0.0970 -0.9891
vn -0.1892 -0.8315 -0.5223
vn 0.7938 -0.5601 0.2368
vn 0.9509 0.0020 0.3094
vn -0.6552 0.7551 0.0256
vn 0.7985 -0.1142 0.5910
vn 0.1692 -0.5881 0.7909
vn -0.5853 -0.4307 -0.6870
vn 0.7520 0.3650 0.5489
vn -0.0429 -0.6852 0.7271
vn -0.6376 -0.2691 -0.7218
vn 0.9225 -0.1096 0.3701
vn -0.9159 -0.1437 0.3748
vn 0.8135 -0.1591 0.5594
vn 0.7268 -0.3124 0.6117
vn -0.2364 0.2912 0.9270
vn 0.7434 -0.3105 0.5924
vn 0.2547 -0.4157 -0.8731
vn -0.8417 -0.4454 0.3053
vn 0.8740 -0.2286 0.4287
vn 0.2948 0.1116 0.9490
vn 0.1348 -0.2709 0.9531
vn 0.6979 -0.4870 0.5252
vn 0.4231 0.4346 0.7950
vn 0.6563 0.6381 -0.4027
vn 0.1686 -0.0382 -0.9850
vn -0.0249 -0.8280 0.5602
vn 0.1322 0.9911 -0.0174
vn 0.2165 -0.7900 0.5736
vn 0.9036 -0.1920 0.3829
vn 0.1224 -0.2023 -0.9716
vn 0.5458 0.0008 0.8379
vn 0.9680 -0.2473 -0.0432
vn 0.9396 -0.2320 -0.2518
vn -0.1945 -0.5589 -0.8061
vn 0.9745 -0.0481 0.2191
vn -0.0006 -0.0850 0.9964
vn 0.0264 -0.8203 -0.5714
vn 0.2472 0.5243 -0.8149
vn 0.8301 0.2662 0.4900
vn -0.2902 -0.2976 -0.9095
vn 0.3526 -0.3154 0.8810
vn 0.8805 -0.3224 -0.3475
vn 0.8036 -0.0830 0.5893
vn -0.5179 0.1696 -0.8384
vn -0.5823 -0.4929 -0.6465
vn 0.8488 -0.2241 0.4789
vn 0.9973 0.0481 -0.0554
vn -0.1285 0.1278 0.9835
vn 0.3780 -0.2087 -0.9020
vn -0.0305 0.9267 0.3745
vn -0.5202 0.4906 -0.6991
vn 0.2687 -0.8041 0.5302
vn -0.2745 -0.2384 -0.9316
vn 0.9288 -0.1412 0.3427
vn 0.2152 0.1389 -0.9666
vn -0.0991 -0.5863 -0.8040
vn 0.7488 -0.1852 0.6364
vn 0.6556 -0.6662 0.3556
vn 0.8615 -0.2194 0.4580
vn -0.5882 -0.6140 -0.5264
vn -0.0242 0.0772 0.9967
vn 0.8581 -0.4288 -0.2825
vn -0.1670 -0.9764 -0.1373
vn -0.6317 0.0586 0.7730
vn 0.5309 0.5963 0.6022
vn 0.2498 0.2985 0.9212
vn -0.7812 0.1651 -0.6021
vn 0.6933 0.3482 0.6309
vn 0.6090 -0.5094 0.6079
vn 0.4001 -0.2240 0.8887
vn 0.9938 -0.0818 0.0755
vn 0.4582 0.5546 -0.6946
vn 0.9315 0.3564 0.0725
vn 0.9594 -0.1480 0.2402
vn 0.9921 -0.1174 -0.0450
vn 0.2863 -0.5875 -0.7569
vn 0.8151 -0.0493 0.5773
vn 0.7513 -0.5487 -0.3667
vn 0.8241 0.1540 0.5450
vn -0.0178 -0.8788 0.4769
vn 0.9428 0.2281 -0.2429
vn 0.0770 -0.0965 0.9924
vn 0.8041 -0.3708 -0.4647
vn 0.3630 -0.4401 -0.8213
vn 0.9346 0.0074 0.3556
vn 0.9483 -0.0439 0.3142
vn 0.4291 -0.4523 0.7819
vn 0.6546 0.2375 0.7177
vn 0.8090 0.2316 0.5403
vn 0.9217 -0.0251 0.3871
vn 0.6634 0.5552 0.5017
vn -0.8227 -0.1295 0.5535
vn 0.9385 -0.2670 -0.2188
vn 0.7183 0.2453 0.6510
vn 0.7311 -0.2812 0.6216
vn -0.6700 -0.7007 -0.2451
vn 0.3630 -0.3076 0.8796
vn 0.1755 0.4684 0.8659
vn 0.3387 -0.5078 -0.7921
vn 0.8849 0.0933 -0.4564
vn -0.1099 -0.3124 0.9436
vn -0.1207 -0.5550 -0.8230
vn 0.8913 0.1340 0.4331
vn 0.2143 0.6138 0.7598
vn 0.8221 -0.1572 -0.5472
vn 0.1639 0.3493 0.9226
vn 0.9837 -0.0400 0.1752
vn -0.9204 -0.3079 -0.2410
vn -0.4600 -0.8403 0.2867
vn 0.4933 0.3069 0.8139
vn -0.9017 -0.3966 0.1722
vn 0.4353 -0.8545 0.2835
vn -0.2506 -0.9678 -0.0242
vn 0.8551 -0.3754 -0.3576
vn 0.9269 -0.3413 0.1559
vn -0.4576 -0.6770 -0.5764
vn -0.0596 -0.5428 -0.8377
vn 0.9501 0.2010 0.2385
vn -0.6149 -0.5709 -0.5440
vn -0.2546 -0.4562 0.8527
vn -0.0306 0.2084 0.9776
vn 0.8956 0.0890 0.4360
vn 0.1570 -0.6990 0.6977
vn 0.7344 0.0374 0.6777
vn 0.9674 -0.1207 0.2227
vn 0.9970 -0.0766 -0.0126
vn 0.7448 0.1024 0.6594
vn -0.1335 0.1157 0.9843
vn 0.9747 0.0989 0.2006
vn 0.1340 0.8397 0.5263
vn 0.1610 0.7708 0.6164
vn 0.9944 -0.0625 0.0852
vn 0.5833 0.2945 0.7570
vn -0.1512 0.6579 0.7378
vn 0.1662 0.2934 0.9414
vn 0.8338 -0.1817 -0.5213
vn -0.0038 -0.4216 0.9068
vn 0.2486 -0.2335 0.9400
vn 0.7696 -0.6346 -0.0704
vn -0.2142 0.0872 0.9729
vn 0.4272 -0.1589 -0.8901
vn -0.2157 0.2198 0.9514
vn 0.0101 -0.2959 0.9552
vn -0.2480 0.0047 0.9688
vn 0.7680 -0.1675 0.6181
vn 0.7250 0.0757 0.6845
vn 0.7378 0.0386 0.6739
vn 0.3628 0.5824 0.7274
vn 0.2672 -0.3986 0.8773
vn 0.9284 -0.0980 0.3585
vn -0.3075 -0.3643 -0.8791
vn 0.6468 0.0604 0.7602
vn 0.5160 -0.0952 0.8513
vn 0.7781 -0.0193 0.6278
vn 0.2653 -0.4186 0.8686
vn 0.7842 0.0094 0.6205
vn -0.8670 0.4961 -0.0469
vn 0.7917 -0.0952 0.6035
vn 0.7572 -0.0823 0.6480
vn 0.7656 -0.0598 0.6406
vn 0.6750 -0.1775 0.7161
vn -0.5209 0.1815 0.8341
vn 0.1003 0.9746 0.2004
vn 0.5274 0.1997 0.8258
vn 0.1425 0.9512 0.2736
vn 0.5191 0.7468 -0.4158
vn 0.2128 0.9412 0.2626
vn 0.7074 -0.4260 -0.5640
vn 0.3101 -0.1311 0.9416
vn 0.6281 -0.3207 -0.7090
vn 0.5936 0.1030 0.7981
vn 0.4739 -0.0661 0.8781
vn -0.8851 -0.3871 -0.2584
vn -0.9170 -0.2976 -0.2657
vn 0.4941 0.5335 0.6865
vn 0.2095 0.7657 0.6081
vn -0.3341 0.9307 0.1491
vn -0.0683 -0.9080 0.4133
vn -0.1756 -0.3308 0.9272
vn -0.6009 0.6025 -0.5253
vn 0.6617 0.2075 0.7205
vn -0.3794 0.9202 0.0962
vn -0.6125 0.1618 -0.7737
vn -0.7420 0.6693 0.0377
vn -0.7175 0.6496 -0.2514
vn -0.6127 0.6478 -0.4527
vn -0.8757 0.4690 -0.1152
vn -0.9349 -0.3546 0.0140
vn -0.9365 0.3499 0.0227
vn 0.2138 0.7569 0.6176
vn 0.7052 -0.0036 0.7090
vn 0.7697 0.0177 0.6382
vn 0.1588 -0.5046 0.8486
vn -0.9880 -0.0467 -0.1472
vn 0.7016 -0.0813 0.7079
vn 0.5227 -0.2377 0.8187
vn 0.0502 0.7511 0.6582
vn 0.6105 0.4126 0.6760
vn 0.5012 -0.4998 0.7064
vn 0.5046 -0.6242 0.5964
vn -0.8421 -0.5383 0.0319
vn 0.6380 -0.1382 0.7576
vn 0.6509 -0.1367 0.7468
vn 0.4718 -0.5888 0.6563
vn 0.3947 -0.5585 0.7296
vn -0.0920 -0.8062 0.5845
vn -0.1092 -0.8267 0.5520
vn 0.9544 -0.1347 0.2666
vn 0.2443 -0.7226 0.6467
vn 0.2574 -0.7174 0.6474
vn -0.2159 -0.8885 0.4050
vn -0.2647 -0.8550 0.4459
vn -0.0949 -0.9208 0.3783
vn 0.8864 0.0457 0.4607
vn 0.2443 -0.5462 0.8012
vn 0.2608 -0.6607 0.7039
vn 0.0681 -0.7006 0.7102
vn 0.9208 -0.3859 0.0562
vn 0.0059 -0.9542 0.2990
vn 0.9359 -0.3008 0.1835
vn 0.4149 -0.7504 0.5145
vn 0.5996 -0.7424 0.2987
vn 0.8974 -0.4243 -0.1210
vn 0.3049 0.2794 0.9105
vn 0.4055 0.3344 0.8507
vn -0.5375 0.3852 -0.7502
vn 0.9607 -0.1340 -0.2433
vn 0.3938 0.1677 -0.9038
vn 0.1709 -0.9597 0.2233
vn -0.1570 -0.9382 0.3084
vn -0.0264 -0.9488 0.3149
vn -0.8005 -0.5194 -0.2990
vn 0.5473 0.3173 -0.7745
vn 0.5745 -0.7908 0.2110
vn 0.8076 -0.5889 0.0316
vn 0.2430 -0.4813 0.8422
vn 0.0635 -0.4292 0.9010
vn 0.4460 -0.8607 0.2456
vn 0.0603 -0.5004 0.8637
vn -0.0474 -0.4519 0.8908
vn 0.2982 -0.8848 0.3580
vn 0.0812 -0.2294 0.9699
vn -0.2631 -0.0134 0.9647
vn 0.0633 -0.9715 0.2286
vn -0.4216 0.2862 0.8604
vn -0.1553 0.4325 0.8882
vn -0.0376 -0.0218 0.9991
vn -0.1700 0.4408 0.8814
vn -0.0821 0.3330 0.9393
vn 0.1437 0.9099 0.3892
vn -0.1248 0.6530 0.7470
vn 0.1634 0.9468 0.2774
vn 0.0726 0.6785 0.7310
vn 0.2321 -0.2435 0.9417
vn 0.5917 0.5679 0.5722
vn 0.0949 0.4328 0.8965
vn 0.6910 -0.5214 0.5006
vn 0.6536 0.7528 0.0775
vn -0.4103 0.0391 0.9111
vn -0.4266 0.0787 0.9010
vn -0.3818 -0.0192 0.9240
vn -0.1602 0.1080 0.9812
vn -0.9979 -0.0605 0.0244
vn 0.0649 0.2078 0.9760
vn -0.1881 0.1637 0.9684
vn -0.7166 0.0427 0.6962
vn -0.4805 0.1822 0.8578
vn -0.1066 0.2945 0.9497
vn -0.0700 0.1582 0.9849
vn -0.0658 0.0656 0.9957
vn -0.3527 -0.8642 0.3588
vn -0.0166 0.0230 0.9996
vn -0.0698 0.2444 0.9672
vn -0.1395 0.0767 0.9872
vn -0.0728 0.3206 0.9444
vn 0.2951 -0.1596 0.9420
vn 0.6343 -0.1241 0.7630
vn 0.7256 0.0768 0.6838
vn 0.6727 -0.3834 -0.6328
vn 0.6597 0.2478 0.7095
vn 0.7379 0.0333 0.6741
vn -0.8535 0.0020 0.5210
vn 0.1375 -0.1546 -0.9784
vn 0.7371 -0.0687 0.6722
vn -0.9470 -0.0550 0.3166
vn -0.3864 0.4461 -0.8072
vn -0.9092 0.1021 0.4036
vn -0.8106 -0.2897 0.5088
vn -0.9280 -0.2138 0.3050
vn 0.6616 0.1826 0.7272
vn 0.6253 0.0760 0.7767
vn 0.4654 -0.1402 0.8739
vn 0.5829 -0.2438 0.7751
vn -0.8456 0.0184 0.5335
vn 0.5689 -0.0985 0.8165
vn -0.8151 0.5771 0.0507
vn 0.6382 -0.1285 0.7591
vn 0.6010 -0.1758 0.7796
vn 0.0366 -0.0891 0.9954
vn 0.2679 -0.4967 0.8255
vn 0.3152 0.2316 -0.9203
vn -0.5651 -0.3261 0.7578
vn -0.8265 0.1793 0.5336
vn 0.3703 -0.8997 -0.2310
vn 0.4501 -0.3680 -0.8136
vn 0.3502 -0.2312 0.9077
vn 0.2951 0.0911 0.9511
vn -0.1715 0.1004 0.9801
vn -0.1440 0.0743 0.9868
vn 0.2133 0.2578 0.9424
vn -0.0403 -0.0194 0.9990
vn 0.0655 -0.6596 0.7488
vn -0.0211 0.0588 0.9980
vn -0.1451 0.0541 0.9879
vn -0.6349 -0.3854 0.6696
vn -0.0255 0.2216 0.9748
vn -0.8573 0.0465 0.5127
vn -0.2336 0.0974 0.9674
vn 0.6233 -0.1873 -0.7592
vn -0.9854 -0.1699 0.0127
vn 0.6097 -0.4218 -0.6711
vn 0.4308 -0.2095 0.8778
vn -0.9785 0.0148 0.2058
vn 0.9515 -0.0577 0.3022
vn 0.9754 -0.0082 0.2203
vn -0.9929 0.0894 0.0787
vn 0.2223 0.2820 0.9333
vn 0.7035 0.0475 0.7091
vn 0.5823 -0.1853 0.7916
vn 0.0626 0.1230 0.9904
vn 0.6895 -0.3832 0.6147
vn 0.6336 -0.4688 0.6154
vn 0.6826 -0.1972 0.7037
vn 0.7705 -0.2162 0.5997
vn -0.9670 -0.2101 0.1441
vn 0.7039 -0.2845 0.6508
vn -0.0511 -0.6571 -0.7521
vn 0.6364 -0.3204 0.7017
vn 0.1148 -0.6859 0.7186
vn 0.0233 -0.6122 0.7904
vn -0.0128 -0.5096 0.8603
vn 0.1572 -0.6164 0.7715
vn 0.1640 -0.5965 0.7857
vn 0.6972 0.5581 0.4499
vn -0.7626 -0.0911 0.6404
vn -0.8940 -0.1024 0.4362
vn 0.3748 -0.0174 0.9269
vn -0.1972 0.6491 0.7347
vn -0.2420 -0.7707 -0.5894
vn -0.9930 -0.1080 0.0472
vn 0.6971 0.0707 -0.7135
vn 0.5971 0.6729 -0.4367
vn -0.4943 0.1066 0.8627
vn -0.9254 -0.0265 0.3780
vn 0.8439 0.3115 0.4368
vn 0.2573 0.5670 0.7825
vn -0.0514 -0.8363 0.5458
vn -0.4080 0.0223 -0.9127
vn 0.8344 0.3646 0.4134
vn -0.9241 0.2834 0.2562
vn 0.5529 -0.4894 0.6744
vn 0.4246 -0.6975 0.5772
vn 0.4669 -0.5586 0.6855
vn -0.3198 -0.8067 -0.4969
vn -0.2493 -0.1990 0.9477
vn 0.6080 -0.5259 0.5948
vn -0.1082 -0.4610 0.8808
vn -0.9674 0.0386 0.2503
vn 0.0038 -0.3935 0.9193
vn -0.3329 0.6395 0.6930
vn 0.0091 -0.6190 0.7853
vn 0.3916 0.9195 0.0341
vn -0.2251 -0.3624 -0.9044
vn -0.9050 -0.0471 -0.4227
vn -0.5767 -0.4640 -0.6724
vn 0.0433 -0.7825 0.6212
vn 0.6263 -0.2711 0.7310
vn -0.4952 0.6858 -0.5333
vn -0.9559 0.0276 -0.2925
vn 0.5860 0.1438 -0.7975
vn 0.4676 -0.4045 0.7860
vn 0.2294 -0.6518 0.7229
vn -0.8217 -0.4434 -0.3581
vn -0.9097 -0.4148 0.0211
vn -0.7292 -0.2213 0.6475
vn 0.0631 -0.6978 0.7135
vn -0.3265 0.1370 -0.9352
vn 0.4494 -0.6222 0.6410
vn 0.1774 0.0608 0.9823
vn -0.7162 -0.6598 0.2275
vn -0.0765 0.3307 -0.9406
vn 0.0360 0.5074 0.8610
vn -0.8965 -0.1385 0.4209
vn 0.6571 -0.5173 0.5483
vn 0.0178 -0.6262 -0.7795
vn 0.8893 -0.1497 0.4321
vn 0.0439 0.0912 -0.9949
vn -0.8158 -0.5780 -0.0194
vn -0.9344 -0.1894 0.3016
vn -0.7228 -0.4333 0.5383
vn -0.3547 -0.3426 0.8700
vn 0.9693 0.0523 -0.2404
vn 0.2247 -0.2800 0.9333
vn -0.9042 0.1835 -0.3857
vn 0.0298 0.6935 0.7199
vn 0.1509 0.3859 -0.9101
vn 0.6310 0.3765 0.6783
vn 0.2546 0.5948 0.7625
vn -0.9404 0.0656 -0.3337
vn 0.6320 -0.6071 0.4817
vn -0.1217 -0.4226 0.8981
vn 0.5891 -0.5134 -0.6240
vn -0.8916 -0.4055 -0.2017
vn 0.5601 -0.4346 0.7053
vn 0.4947 0.0437 0.8680
vn -0.9867 0.1074 -0.1218
vn 0.8790 0.1542 0.4513
vn 0.9730 -0.0898 0.2125
vn -0.9370 0.1113 -0.3310
vn 0.9813 0.0640 0.1814
vn 0.8552 -0.2227 0.4681
vn -0.8798 -0.0351 -0.4740
vn -0.8992 -0.0223 -0.4371
vn -0.7313 -0.4714 -0.4929
vn 0.4372 -0.1885 0.8794
vn 0.5372 -0.6116 0.5808
vn -0.3315 -0.9053 0.2655
vn -0.6136 -0.5443 0.5720
vn 0.0147 -0.5614 0.8274
vn -0.7235 -0.0924 -0.6841
vn -0.7866 -0.0269 0.6169
vn 0.1385 0.6354 0.7597
vn -0.4322 -0.6769 -0.5958
vn 0.6520 -0.6218 0.4340
vn -0.8161 0.3879 -0.4283
vn 0.8199 -0.5604 -0.1172
vn -0.2613 -0.7217 -0.6410
vn -0.5375 -0.7682 -0.3478
vn -0.2000 -0.9262 -0.3196
vn -0.3549 -0.3425 0.8699
vn 0.2027 0.1008 -0.9740
vn 0.7953 0.0598 0.6032
vn -0.9624 -0.0920 0.2558
vn 0.9601 -0.1925 -0.2028
vn 0.7342 -0.0929 0.6725
vn 0.0418 -0.8580 0.5120
vn 0.8146 -0.5630 0.1394
vn 0.4632 -0.3570 -0.8112
vn 0.5029 -0.4093 -0.7613
vn -0.4112 0.9115 -0.0072
vn 0.7021 -0.6903 -0.1746
vn -0.2435 0.2363 0.9407
vn -0.4712 -0.8714 0.1363
vn -0.7267 -0.4588 0.5113
vn -0.7756 -0.5383 0.3296
vn -0.3137 -0.6223 0.7172
vn 0.7623 -0.2735 0.5866
vn -0.9235 0.0334 0.3821
vn -0.9033 -0.3912 0.1761
vn 0.8057 -0.0146 -0.5922
vn 0.7712 -0.2640 0.5793
vn 0.5295 0.8271 -0.1882
vn 0.6901 0.2906 0.6629
vn 0.2288 -0.2080 -0.9510
vn -0.1416 0.0526 -0.9885
vn -0.7450 0.0137 0.6669
vn -0.9674 -0.0614 0.2456
vn -0.9037 -0.4282 -0.0022
vn 0.1972 -0.5542 -0.8087
vn 0.2078 -0.7374 -0.6427
vn -0.0303 -0.1879 -0.9817
vn -0.0333 0.0329 -0.9989
vn -0.0524 -0.3121 -0.9486
vn -0.4800 -0.5506 -0.6830
vn 0.9768 -0.1181 -0.1787
vn 0.0782 -0.8296 0.5529
vn 0.1635 -0.9789 0.1227
vn 0.2391 -0.9479 -0.2105
vn -0.8836 -0.3669 0.2909
vn 0.2466 -0.5312 -0.8105
vn 0.3957 -0.5862 -0.7069
vn -0.5521 -0.7505 -0.3632
vn -0.2386 -0.0479 0.9699
vn -0.0953 -0.0851 -0.9918
vn 0.6610 0.4919 0.5666
vn 0.4417 -0.5777 -0.6864
vn 0.8124 -0.0158 0.5829
vn 0.8439 0.1545 0.5137
vn 0.0784 -0.8817 -0.4652
vn -0.8771 -0.4331 0.2075
vn 0.5798 -0.4653 0.6688
vn -0.7368 -0.4184 -0.5312
vn 0.8089 0.4829 0.3354
vn -0.2018 -0.0562 -0.9778
vn 0.9489 -0.0498 0.3117
vn 0.9560 -0.1899 0.2235
vn -0.9468 0.0788 0.3119
vn 0.0988 -0.5261 -0.8447
vn -0.6652 -0.2987 0.6843
vn 0.9487 -0.0296 -0.3147
vn 0.9390 -0.1598 0.3047
vn -0.7680 0.1225 0.6286
vn 0.5896 -0.6298 -0.5057
vn -0.9785 -0.1785 0.1037
vn 0.9698 -0.2258 0.0917
vn 0.6473 -0.4198 -0.6362
vn 0.6275 0.7778 -0.0350
vn 0.1365 -0.0304 0.9902
vn 0.8163 -0.3942 0.4223
vn -0.5500 0.2927 0.7822
vn 0.8598 0.2253 0.4582
vn -0.2554 0.4548 0.8532
vn -0.2939 0.2738 0.9158
vn 0.7957 0.0284 0.6050
vn 0.2585 0.7038 0.6617
vn -0.2643 -0.5959 0.7583
vn 0.7874 0.2985 -0.5394
vn 0.4403 0.0967 -0.8926
vn -0.9411 -0.0737 0.3299
vn 0.0080 -0.7167 -0.6973
vn 0.3243 0.5834 0.7446
vn 0.9177 -0.3962 -0.0289
vn 0.1876 0.2189 0.9575
vn -0.8265 -0.1151 0.5510
vn -0.8531 -0.3747 0.3631
vn 0.9304 -0.3596 0.0708
vn 0.2289 -0.9344 0.2729
vn 0.0420 -0.4710 0.8811
vn -0.7556 0.4330 0.4914
vn 0.6732 -0.2677 0.6893
vn -0.7667 0.2693 0.5828
vn 0.7562 -0.5848 0.2936
vn 0.8787 -0.3607 0.3127
vn -0.0547 0.2875 -0.9562
vn 0.3286 -0.2212 -0.9182
vn 0.0301 -0.6579 -0.7525
vn -0.1013 -0.3112 -0.9449
vn 0.6743 0.5130 -0.5312
vn -0.7913 -0.2815 0.5428
vn 0.0912 -0.7434 0.6626
vn 0.9239 0.0290 0.3816
vn 0.5213 -0.2326 0.8211
vn 0.6560 -0.3339 0.6769
vn -0.6218 -0.7818 -0.0466
vn 0.1443 0.4459 -0.8834
vn 0.9139 0.3968 -0.0854
vn 0.7008 -0.2245 -0.6771
vn 0.2969 -0.1368 -0.9451
vn -0.9434 -0.1978 0.2664
vn 0.9592 -0.2808 -0.0346
vn -0.9958 -0.0250 -0.0877
vn 0.9134 -0.3385 0.2264
vn -0.6712 -0.6593 0.3390
vn -0.9235 -0.1292 0.3611
vn -0.0156 0.2680 0.9633
vn 0.8448 -0.2850 0.4529
vn -0.7975 -0.5714 0.1937
vn 0.1589 0.1895 -0.9689
vn -0.8169 -0.2432 0.5230
vn 0.6678 -0.3649 0.6488
vn 0.2136 0.2848 0.9345
vn -0.1034 -0.4583 0.8828
vn 0.9129 -0.3363 -0.2312
vn -0.6925 -0.1580 0.7040
vn 0.3441 -0.2980 -0.8904
vn -0.1363 0.0825 -0.9872
vn 0.2145 -0.9756 -0.0464
vn 0.4338 0.5577 0.7076
vn -0.7288 -0.2069 0.6528
vn -0.2589 -0.3929 -0.8824
vn 0.8452 -0.4337 0.3124
vn 0.8399 0.4257 0.3367
vn -0.8762 -0.2332 0.4218
vn -0.9760 0.0857 0.2003
vn -0.3404 0.1344 0.9306
vn -0.7058 -0.4189 0.5713
vn 0.6165 -0.4545 0.6429
vn -0.6687 -0.5567 0.4929
vn -0.7650 -0.0155 0.6439
vn -0.0418 -0.3549 0.9340
vn -0.5353 0.3305 0.7773
vn 0.9720 -0.2331 -0.0311
vn -0.4958 0.6005 -0.6274
vn -0.1389 -0.0736 -0.9876
vn -0.2262 -0.2447 0.9429
vn 0.9488 -0.1133 -0.2949
vn 0.0711 -0.0630 0.9955
vn 0.5971 -0.6754 0.4328
vn 0.0116 -0.8886 0.4586
vn -0.1123 0.9935 0.0205
vn -0.8513 -0.1121 0.5126
vn 0.6931 -0.3807 -0.6121
vn -0.2229 -0.8537 0.4707
vn 0.8563 -0.1811 0.4837
vn 0.7901 0.2678 0.5514
vn 0.8216 -0.3372 0.4596
vn -0.5080 0.0089 0.8613
vn 0.6648 -0.7060 0.2441
vn -0.9008 -0.2191 0.3748
vn 0.2167 0.9699 -0.1108
vn -0.6883 0.0326 -0.7247
vn 0.8933 0.0099 0.4493
vn -0.6978 -0.2153 -0.6832
vn -0.8253 -0.0906 0.5574
vn -0.3129 -0.9146 -0.2561
vn 0.1419 -0.1343 -0.9807
vn 0.4050 -0.1436 -0.9030
vn 0.0265 0.0238 0.9994
vn 0.9244 -0.2788 -0.2605
vn 0.8851 -0.1746 0.4314
vn -0.2005 0.3628 0.9100
vn 0.6082 0.5063 0.6113
vn -0.0679 0.5723 0.8172
vn 0.9186 -0.1250 0.3749
vn 0.2585 -0.4446 -0.8576
vn 0.4600 -0.0412 0.8869
vn 0.2762 0.4853 0.8296
vn 0.1423 -0.0398 -0.9890
vn -0.5119 0.0154 0.8589
vn 0.2279 -0.0378 -0.9730
vn -0.1229 -0.2825 -0.9514
vn 0.3118 -0.5144 0.7989
vn 0.6221 0.0393 0.7820
vn 0.6591 -0.6918 0.2950
vn -0.3939 -0.2757 0.8768
vn 0.9702 -0.1378 0.1994
vn -0.6664 -0.2294 0.7094
vn -0.9777 -0.2099 -0.0112
vn 0.4827 0.1186 -0.8677
vn 0.9497 -0.2613 0.1727
vn -0.9354 -0.1327 -0.3279
vn 0.7467 0.6030 0.2808
vn 0.6225 0.1769 0.7624
vn 0.0054 -0.1062 0.9943
vn -0.0084 -0.8199 -0.5725
vn -0.6068 0.1467 0.7812
vn 0.5333 -0.4098 0.7400
vn -0.1548 0.9877 0.0231
vn -0.2431 0.5153 -0.8218
vn 0.2990 0.2291 0.9263
vn 0.9515 -0.2396 -0.1931
vn 0.7185 -0.4745 -0.5085
vn 0.2706 -0.3167 -0.9091
vn 0.4287 0.4243 0.7976
vn -0.3767 0.4929 -0.7843
vn 0.9949 -0.1007 0.0050
vn 0.8285 -0.2222 0.5140
vn 0.7458 0.0720 0.6622
vn 0.8063 0.5521 0.2122
vn -0.0711 -0.2838 -0.9562
vn -0.2599 0.1414 -0.9552
vn -0.0038 0.8479 0.5301
vn 0.9259 -0.0370 0.3760
vn 0.2927 -0.1756 -0.9400
vn -0.9370 -0.2303 -0.2626
vn -0.8479 -0.4283 -0.3125
vn -0.8886 0.0847 0.4507
vn 0.1136 0.8270 0.5506
vn 0.9276 -0.1529 0.3409
vn 0.9361 -0.2242 -0.2711
vn 0.5678 0.2450 0.7859
vn -0.8704 -0.3321 -0.3635
vn 0.6919 0.2921 0.6603
vn 0.6285 -0.3863 -0.6751
vn 0.9268 -0.2049 0.3147
vn -0.1857 -0.3860 0.9036
vn 0.0423 0.0745 0.9963
vn -0.1069 -0.1832 -0.9772
vn 0.5880 0.0593 -0.8067
vn -0.9817 0.1775 -0.0688
vn -0.3087 0.9479 0.0780
vn 0.6469 0.5209 0.5570
vn -0.2671 0.9631 0.0346
vn -0.0059 -0.1123 0.9937
vn 0.2329 0.8963 0.3775
vn 0.7310 0.4797 0.4853
vn 0.5378 0.6688 0.5133
vn 0.9716 -0.1940 0.1356
vn -0.3842 -0.1934 -0.9028
vn 0.3724 -0.6142 0.6958
vn -0.4453 0.7526 -0.4851
vn 0.1037 0.9187 0.3810
vn 0.2953 -0.4887 -0.8210
vn 0.9387 -0.0870 0.3335
vn 0.7486 -0.0176 0.6628
vn -0.9963 -0.0855 -0.0068
vn 0.5491 0.5217 -0.6529
vn 0.7522 -0.5987 0.2752
vn 0.3819 -0.4053 0.8306
vn 0.2683 -0.3555 -0.8953
vn 0.3737 -0.3066 -0.8754
vn 0.4383 0.8189 0.3706
vn 0.6946 -0.0250 0.7190
vn 0.8054 0.0139 0.5925
vn 0.1994 0.9788 0.0465
vn -0.1476 -0.7219 0.6761
vn 0.2540 0.8115 0.5263
vn 0.2401 -0.7949 -0.5571
vn 0.6610 -0.0746 0.7467
vn -0.9467 0.0906 -0.3091
vn 0.3498 -0.0523 0.9354
vn -0.9665 -0.0949 -0.2385
vn 0.6377 0.3976 0.6598
vn 0.2909 -0.1757 0.9405
vn 0.1319 0.0777 0.9882
vn 0.6652 -0.1801 0.7246
vn -0.8256 -0.1857 -0.5329
vn 0.9794 0.1888 -0.0715
vn -0.2558 -0.9412 -0.2208
vn -0.6956 -0.1856 -0.6940
vn 0.1198 -0.9642 0.2364
vn -0.9114 0.2837 -0.2981
vn -0.7972 -0.3957 0.4560
vn 0.7882 0.2110 0.5781
vn 0.8113 0.1405 0.5675
vn -0.5294 -0.5928 -0.6068
vn -0.1078 0.0491 -0.9930
vn 0.4538 -0.0507 0.8896
vn -0.0043 -0.6670 -0.7450
vn 0.8671 0.3101 0.3899
vn -0.8484 -0.4525 0.2745
vn -0.8619 -0.2437 0.4447
vn 0.8507 -0.1143 0.5131
vn -0.5715 -0.7399 0.3549
vn 0.5607 0.6710 0.4852
vn 0.8509 0.4058 0.3336
vn 0.8667 0.3401 0.3649
vn 0.7676 0.0246 0.6404
vn -0.2433 -0.4517 -0.8584
vn -0.2333 0.6455 0.7272
vn -0.3559 -0.5029 -0.7877
vn 0.8258 0.4792 0.2974
vn -0.9359 -0.1795 -0.3030
vn 0.3329 -0.7940 0.5086
vn 0.2945 0.7931 0.5332
vn 0.1833 -0.4879 0.8534
vn -0.1858 -0.4887 0.8525
vn 0.6682 -0.2595 -0.6973
vn 0.9194 0.1207 -0.3744
vn 0.9229 0.2062 -0.3253
vn 0.4254 -0.1216 0.8968
vn 0.5269 0.4967 0.6897
vn 0.6815 -0.4985 0.5358
vn 0.7939 -0.2210 0.5664
vn 0.1114 0.9618 0.2501
vn 0.4304 0.4416 0.7872
vn -0.2122 -0.5510 -0.8070
vn 0.9239 0.0207 0.3821
vn 0.8454 0.1195 0.5207
vn 0.2329 0.9711 -0.0523
vn 0.9749 0.0009 -0.2228
vn -0.6451 0.1315 0.7527
vn 0.8028 0.5774 0.1489
vn 0.2680 -0.6195 0.7379
vn 0.2484 0.8662 0.4336
vn -0.0372 -0.1175 0.9924
vn 0.5957 -0.6140 -0.5178
vn 0.2892 -0.1924 -0.9377
vn 0.6834 0.0546 0.7280
vn 0.1236 0.8879 0.4430
vn -0.2436 -0.3327 -0.9110
vn -0.5566 0.6073 0.5669
vn -0.4217 -0.4853 -0.7659
vn 0.1915 -0.8573 0.4779
vn 0.5444 0.1171 0.8306
vn -0.6303 -0.7268 -0.2731
vn 0.6269 0.1209 0.7697
vn 0.6124 -0.5661 0.5518
vn 0.6750 -0.2609 0.6902
vn 0.5225 -0.2101 0.8264
vn 0.8306 0.2889 0.4761
vn 0.5450 -0.6840 -0.4850
vn 0.9750 0.0553 0.2152
vn 0.6279 0.4787 -0.6137
vn 0.9827 -0.1525 0.1053
vn 0.1422 0.9436 -0.2990
vn 0.6802 -0.0062 -0.7330
vn 0.1113 0.2801 0.9535
vn 0.8916 0.0843 0.4450
vn 0.3274 -0.0722 0.9421
vn 0.9781 -0.1754 0.1122
vn 0.1649 -0.1745 -0.9708
vn -0.2168 0.8123 0.5414
vn 0.3734 -0.0477 0.9264
vn 0.5109 0.1288 0.8499
vn 0.2066 -0.5602 0.8022
vn 0.1882 -0.3821 0.9048
vn 0.7692 0.0062 0.6390
vn 0.3923 -0.2685 0.8798
vn 0.5907 -0.1307 0.7962
vn 0.5668 0.2010 0.7989
vn 0.2116 -0.2227 -0.9517
vn -0.1641 0.9672 0.1939
vn 0.6849 0.0310 -0.7280
vn 0.4899 -0.1423 0.8601
vn 0.3590 -0.2096 0.9095
vn 0.4938 -0.0508 0.8681
vn 0.2006 -0.7391 0.6431
vn 0.4983 0.0494 0.8656
vn 0.0807 -0.4636 0.8823
vn 0.3652 -0.6831 0.6325
vn 0.3067 -0.1604 -0.9382
vn -0.1643 -0.9857 -0.0379
vn -0.9580 0.1346 0.2533
vn 0.4872 0.0637 0.8710
vn 0.7752 -0.0338 0.6308
vn -0.2070 0.9361 0.2844
vn 0.8920 0.0943 0.4421
vn 0.8982 0.1198 0.4229
vn 0.9074 -0.3496 -0.2331
vn -0.1266 -0.9814 0.1441
vn -0.9734 0.1871 -0.1325
vn -0.8028 -0.5929 -0.0638
vn -0.1160 0.9926 0.0359
vn 0.2939 -0.0830 0.9522
vn -0.0127 -0.9221 0.3868
vn -0.2473 -0.9493 0.1943
vn -0.2779 -0.6923 0.6660
vn 0.0233 -0.9862 0.1641
vn 0.0841 -0.9649 0.2489
vn 0.2130 -0.8309 0.5140
vn 0.4697 -0.4553 0.7564
vn 0.1435 -0.9117 0.3849
vn -0.3517 -0.7874 -0.5063
vn -0.7441 -0.2403 -0.6233
vn 0.3658 -0.6835 0.6316
vn -0.3781 -0.2345 -0.8955
vn -0.6390 -0.3377 -0.6911
vn -0.8918 -0.2616 -0.3690
vn -0.9480 -0.0543 -0.3135
vn -0.8957 0.0530 -0.4414
vn -0.8860 -0.0579 -0.4600
vn -0.0062 0.3590 0.9333
vn 0.1850 -0.3833 0.9049
vn 0.6290 -0.5031 0.5926
vn -0.5929 -0.6166 -0.5180
vn 0.1340 -0.9345 0.3296
vn -0.8126 -0.1494 -0.5634
vn -0.8410 -0.3005 -0.4500
vn 0.7854 0.0371 0.6178
vn 0.8060 0.0855 0.5857
vn 0.1490 0.6650 -0.7318
vn 0.3019 0.5856 0.7523
vn -0.6120 -0.6296 -0.4786
vn -0.1084 -0.9929 -0.0495
vn 0.6385 -0.0270 0.7692
vn 0.5916 -0.0812 0.8021
vn -0.9560 -0.1830 -0.2292
vn 0.3262 -0.5758 0.7497
vn 0.3180 -0.4239 0.8481
vn 0.5267 -0.2306 0.8182
vn 0.4797 -0.0284 0.8770
vn -0.8183 0.3179 -0.4789
vn 0.0488 0.5854 0.8092
vn 0.4316 0.4687 0.7707
vn 0.6364 -0.0108 0.7713
vn 0.3835 -0.0291 0.9231
vn 0.5840 0.3546 0.7303
vn 0.5563 0.3043 0.7733
vn -0.0622 0.9875 0.1448
vn 0.6170 0.1174 0.7782
vn 0.5532 -0.2298 0.8007
vn 0.4053 0.1858 0.8951
vn -0.4356 0.7265 -0.5315
vn 0.3540 -0.1601 0.9214
vn 0.2926 0.9559 0.0246
vn 0.5187 0.0364 0.8542
vn 0.5625 0.7065 0.4295
vn 0.5769 -0.0397 0.8158
vn 0.0255 -0.0367 0.9990
vn 0.3375 -0.4050 0.8497
vn 0.4672 0.7104 0.5263
vn 0.5887 0.4423 0.6767
vn 0.3707 0.0333 0.9282
vn 0.0729 0.9935 -0.0869
vn 0.6218 -0.0224 0.7828
vn 0.4365 -0.0126 0.8996
vn 0.5761 -0.0819 0.8132
vn 0.6722 0.0390 0.7393
vn -0.4315 0.8652 -0.2554
vn 0.5953 -0.1236 0.7939
vn 0.5275 -0.2612 0.8084
vn 0.5645 0.4466 0.6942
vn 0.1128 -0.5843 0.8037
vn 0.8627 -0.3401 0.3744
vn 0.4308 -0.8918 0.1380
vn 0.6024 -0.7481 0.2782
vn 0.9338 -0.3431 0.1013
vn 0.5463 0.2529 0.7985
vn 0.6123 -0.5941 0.5216
vn 0.7554 -0.4966 0.4275
vn 0.7981 -0.1837 0.5738
vn 0.7748 -0.3754 0.5086
vn 0.7036 -0.5777 0.4138
vn 0.6708 -0.7413 0.0215
vn -0.6721 -0.5183 -0.5288
vn 0.4541 -0.7229 0.5207
vn 0.5964 -0.4661 0.6535
vn 0.7313 -0.6189 0.2866
vn 0.6846 -0.6481 0.3336
vn 0.0131 0.0883 0.9960
vn 0.8884 -0.1975 0.4144
vn 0.7276 0.0241 0.6856
vn 0.9043 0.1949 0.3799
vn 0.2401 0.6891 0.6838
vn -0.1416 -0.8350 -0.5317
vn -0.1851 0.8272 -0.5305
vn 0.4339 0.7249 0.5350
vn -0.1750 0.4351 -0.8832
vn 0.0767 0.4780 0.8750
vn 0.6900 -0.1753 0.7023
vn -0.0742 0.4517 -0.8891
vn -0.9993 -0.0358 0.0071
vn -0.6677 0.2677 -0.6946
vn -0.0428 0.5872 -0.8083
vn -0.6184 0.4508 -0.6437
vn 0.1720 -0.9755 -0.1370
vn -0.7816 0.6065 0.1460
vn 0.6247 0.0684 0.7779
vn -0.1813 0.5921 -0.7852
vn -0.5134 0.3993 -0.7596
vn 0.3361 -0.3114 0.8889
vn -0.3446 0.4714 -0.8118
vn -0.4980 0.5137 -0.6987
vn 0.3850 -0.3041 0.8714
vn 0.8309 0.3376 0.4423
vn 0.8759 0.2890 0.3864
vn 0.7932 -0.2429 0.5585
vn -0.0192 -0.9308 0.3651
vn 0.0581 0.5227 0.8505
vn 0.3567 0.9341 0.0182
vn 0.1125 0.9621 -0.2485
vn 0.2186 -0.1892 0.9573
vn 0.3021 0.9492 -0.0887
vn 0.6640 0.1594 -0.7306
vn 0.2875 0.9461 0.1490
vn 0.2395 0.9399 0.2435
vn 0.0578 0.3343 0.9407
vn 0.0984 0.9906 -0.0947
vn -0.9122 0.3644 0.1872
vn 0.8560 -0.2561 -0.4492
vn 0.5000 0.8561 0.1305
vn -0.0007 -0.8950 -0.4461
vn 0.8860 -0.4042 -0.2272
vn 0.3592 -0.4036 0.8415
vn 0.0245 0.7484 0.6628
vn 0.9687 -0.0812 0.2348
vn 0.7257 -0.3525 -0.5909
vn -0.3462 0.5731 -0.7428
vn -0.1632 -0.2822 -0.9454
vn 0.1491 0.9196 0.3635
vn 0.4451 -0.3202 0.8363
vn 0.6239 -0.4001 0.6714
vn 0.3339 0.2895 0.8970
vn -0.1145 -0.8101 -0.5750
vn -0.6306 0.6617 -0.4056
vn -0.0334 -0.9066 -0.4206
vn 0.3268 0.1838 0.9270
vn 0.1493 0.7975 -0.5846
vn 0.1892 -0.8885 -0.4181
vn 0.3447 0.2869 0.8938
vn -0.1103 -0.8031 -0.5855
vn 0.2261 -0.2282 0.9470
vn 0.6141 0.4377 0.6568
vn 0.5513 -0.7490 -0.3674
vn 0.9756 -0.2183 0.0234
vn -0.5525 -0.4453 -0.7046
vn -0.6405 -0.3021 -0.7060
vn 0.8908 -0.0247 0.4538
vn 0.9887 -0.0923 0.1182
vn 0.6582 -0.2785 0.6995
vn 0.2978 -0.7848 -0.5435
vn 0.9974 -0.0227 0.0682
vn 0.7591 -0.4230 0.4948
vn 0.8789 -0.1950 0.4354
vn -0.9923 0.0784 -0.0960
vn 0.6292 -0.2487 -0.7364
vn -0.6659 -0.3819 -0.6409
vn 0.9918 -0.1243 0.0284
vn -0.7302 -0.2751 -0.6254
vn 0.0464 0.9964 -0.0710
vn 0.5238 -0.1302 0.8418
vn -0.0610 -0.3432 -0.9373
vn 0.9105 -0.3476 -0.2241
vn 0.8184 -0.4544 -0.3517
vn -0.7943 -0.1805 0.5801
vn 0.8419 -0.4329 -0.3222
vn 0.4211 -0.6824 0.5974
vn 0.2029 -0.6974 -0.6873
vn 0.9693 -0.1691 -0.1786
vn 0.1724 0.6963 0.6967
vn -0.0341 -0.6064 -0.7944
vn -0.8053 -0.5457 -0.2318
vn -0.0994 0.8996 -0.4253
vn 0.7221 -0.0297 0.6911
vn -0.0063 0.7147 0.6994
vn 0.6150 -0.2629 0.7434
vn -0.1606 0.0377 -0.9863
vn 0.8476 -0.1907 0.4952
vn -0.3349 0.3186 0.8868
vn 0.5397 -0.0053 0.8418
vn 0.4795 -0.1119 0.8704
vn 0.8666 0.0322 -0.4979
vn 0.7641 -0.6056 -0.2225
vn 0.8877 -0.4410 -0.1322
vn 0.4019 0.0752 -0.9126
vn -0.9773 0.1064 0.1835
vn 0.5733 0.3691 -0.7315
vn -0.5537 -0.0629 -0.8304
vn -0.9210 0.0433 0.3871
vn -0.1481 0.6225 -0.7685
vn 0.4297 0.4988 -0.7527
vn 0.4412 -0.1222 0.8890
vn 0.7231 -0.6640 0.1904
vn 0.9070 -0.3669 0.2066
vn -0.0543 0.5981 0.7996
vn 0.9775 0.1794 -0.1113
vn 0.9599 -0.0650 -0.2728
vn 0.8976 -0.4386 0.0436
vn 0.0281 0.1375 0.9901
vn 0.8842 0.2836 -0.3711
vn 0.8978 -0.4184 -0.1372
vn -0.6547 0.3387 -0.6757
vn -0.7655 0.6291 -0.1351
vn -0.8859 0.2829 -0.3677
vn -0.3131 -0.4230 -0.8503
vn -0.8537 0.4318 -0.2911
vn -0.1065 -0.5868 -0.8027
vn 0.8695 0.3473 0.3513
vn 0.7789 0.5118 0.3623
vn 0.9939 0.0617 0.0917
vn 0.2716 0.0417 -0.9615
vn 0.5646 -0.2688 0.7803
vn 0.2241 0.0360 0.9739
vn 0.6227 -0.3011 0.7223
vn -0.9967 -0.0501 -0.0635
vn 0.9694 0.0348 0.2430
vn 0.9154 0.1289 0.3814
vn 0.7783 -0.3362 0.5304
vn 0.9968 0.0156 -0.0789
vn 0.2394 0.9115 0.3345
vn 0.0879 -0.1245 0.9883
vn 0.9742 0.2219 0.0415
vn 0.9475 0.2696 0.1717
vn 0.8787 0.4667 0.1001
vn 0.7528 0.6581 0.0129
vn 0.7554 0.6460 -0.1099
vn -0.7216 0.3262 -0.6106
vn -0.0331 -0.0602 0.9976
vn -0.9911 0.1328 0.0029
vn 0.7413 0.6040 0.2927
vn -0.6392 0.7685 0.0281
vn 0.6914 0.6910 0.2108
vn -0.9222 0.1547 0.3545
vn 0.9664 0.1383 0.2167
vn 0.8335 -0.4942 -0.2472
vn 0.7315 0.6724 0.1129
vn 0.8355 0.5128 0.1977
vn -0.6046 0.6362 0.4793
vn -0.6013 -0.1898 0.7761
vn 0.9443 0.1244 0.3048
vn 0.9901 -0.1200 0.0724
vn 0.9603 0.1249 0.2496
vn 0.2757 0.9612 0.0040
vn 0.1450 -0.7135 0.6854
vn 0.9519 -0.0087 0.3062
vn 0.6003 0.1846 0.7782
vn 0.5941 0.1429 0.7916
vn -0.6012 -0.5193 0.6073
vn 0.7600 -0.0131 0.6498
vn -0.8070 -0.3704 0.4600
vn 0.9076 0.2674 -0.3237
vn -0.4393 0.5578 -0.7042
vn 0.3543 0.1430 0.9241
vn 0.3178 0.5834 0.7474
vn -0.1681 0.8298 0.5321
vn -0.9491 -0.0639 0.3085
vn 0.8728 -0.0526 -0.4852
vn 0.9757 -0.0824 0.2032
vn -0.6109 -0.6505 -0.4514
vn 0.7296 0.0009 -0.6839
vn 0.0365 0.2897 0.9564
vn 0.7805 0.3488 0.5188
vn -0.9914 -0.0891 0.0961
vn 0.3218 -0.6933 0.6448
vn -0.2954 -0.8350 -0.4643
vn -0.8203 0.2115 0.5314
vn 0.4071 -0.0247 -0.9131
vn -0.3213 -0.5481 -0.7722
vn 0.8696 0.4101 0.2751
vn -0.6001 -0.0734 0.7966
vn -0.4626 -0.1451 -0.8746
vn -0.6689 0.5733 -0.4732
vn 0.7772 0.1994 0.5968
vn 0.3721 0.3655 -0.8532
vn 0.3366 0.9025 -0.2687
vn 0.7426 -0.0181 0.6695
vn 0.7680 0.5968 -0.2323
vn -0.8961 -0.3808 -0.2279
vn 0.6464 0.7581 0.0862
vn -0.8275 0.0951 -0.5534
vn -0.8365 -0.5444 0.0630
vn 0.7970 -0.5155 0.3149
vn 0.7065 0.1453 -0.6926
vn 0.1088 0.4305 -0.8960
vn 0.6634 0.2881 -0.6906
vn -0.0451 -0.0313 0.9985
vn 0.5576 0.5018 -0.6613
vn -0.6897 0.0859 0.7190
vn 0.9407 -0.0530 0.3351
vn -0.7519 0.2008 0.6279
vn -0.8611 -0.5084 -0.0071
vn 0.9779 0.0974 0.1852
vn 0.1171 0.9329 0.3405
vn 0.7299 -0.1760 -0.6605
vn 0.7440 -0.2923 -0.6009
vn 0.3423 0.5752 0.7430
vn 0.8692 -0.2925 -0.3986
vn 0.6593 0.7517 -0.0131
vn -0.1540 -0.8261 -0.5420
vn 0.0509 0.9476 0.3153
vn 0.7764 0.0328 0.6293
vn 0.6105 0.1493 0.7778
vn 0.7064 0.5185 0.4818
vn 0.6853 0.3832 0.6193
vn 0.7140 -0.0412 0.6989
vn 0.6389 0.3327 0.6937
vn -0.7578 -0.5269 -0.3849
vn -0.8574 0.1914 0.4777
vn 0.8927 0.1056 0.4382
vn 0.2468 -0.0485 0.9679
vn 0.8201 -0.5530 0.1470
vn 0.4572 0.1230 0.8808
vn 0.8770 -0.0662 0.4760
vn 0.7584 -0.0854 0.6462
vn 0.9190 -0.3023 0.2530
vn 0.1399 -0.1524 -0.9784
vn -0.8379 -0.3159 -0.4451
vn 0.8859 0.1906 -0.4230
vn 0.5171 0.0980 0.8503
vn 0.8528 0.4508 0.2637
vn 0.4801 0.3681 0.7962
vn 0.9517 0.1082 0.2872
vn 0.3645 -0.1565 -0.9180
vn 0.1106 0.8843 -0.4537
vn 0.8287 0.3710 0.4190
vn -0.2079 -0.8608 -0.4645
vn 0.1973 -0.9586 0.2051
vn 0.8818 0.2294 0.4121
vn 0.8828 0.4149 0.2203
vn -0.7498 0.5326 -0.3926
vn 0.3289 -0.3089 -0.8924
vn 0.6532 0.4810 0.5848
vn 0.7529 0.0952 0.6512
vn 0.3894 0.6421 -0.6604
vn 0.0687 0.0103 0.9976
vn 0.0002 -0.8582 0.5133
vn 0.2051 0.2094 0.9561
vn 0.1828 0.0519 0.9818
vn 0.2827 0.3478 0.8940
vn 0.1038 -0.0085 0.9946
vn 0.7875 0.4301 0.4415
vn -0.2804 0.8717 -0.4018
vn 0.7619 0.2665 0.5902
vn 0.8059 -0.0296 -0.5913
vn 0.4115 -0.3303 0.8495
vn -0.9965 -0.0681 -0.0488
vn -0.9846 0.0439 -0.1693
vn -0.9361 -0.1094 0.3342
vn -0.2092 -0.9538 -0.2155
vn 0.5763 0.3682 -0.7296
vn 0.3542 -0.8237 0.4427
vn 0.5294 0.1140 0.8407
vn -0.8261 0.1625 -0.5396
vn -0.5168 -0.4065 0.7534
vn -0.4429 -0.6429 0.6250
vn 0.6166 0.7232 0.3111
vn 0.4829 0.0093 0.8756
vn 0.2742 0.3311 0.9029
vn 0.3720 0.0887 0.9240
vn 0.8567 0.2784 0.4342
vn 0.2255 0.3055 0.9251
vn 0.3444 0.2735 0.8981
vn 0.3863 0.2210 0.8955
vn 0.9055 0.1579 0.3940
vn 0.9340 0.0654 0.3512
vn 0.6937 0.4216 0.5839
vn 0.6512 0.0229 0.7585
vn 0.2667 0.3512 0.8975
vn 0.4910 0.1564 0.8570
vn 0.5593 0.2628 0.7862
vn 0.4114 -0.2082 -0.8874
vn 0.3879 -0.1673 -0.9064
vn 0.2046 0.3466 0.9154
vn 0.1654 0.1951 0.9667
vn 0.2934 0.1631 0.9420
vn 0.3495 0.3397 0.8732
vn 0.1489 0.2525 0.9561
vn 0.2729 0.2559 0.9274
vn 0.6453 0.2924 0.7058
vn 0.6906 -0.0131 0.7231
vn 0.6125 0.3696 0.6987
vn -0.9940 -0.1049 0.0296
vn 0.8499 -0.1141 0.5144
vn 0.9123 0.3722 -0.1708
vn 0.6297 0.3078 0.7133
vn 0.5409 0.2897 0.7896
vn 0.9705 -0.1063 0.2162
vn 0.4207 0.3600 0.8327
vn 0.7635 0.0207 0.6454
vn 0.8116 0.3437 0.4723
vn 0.5900 0.2992 0.7499
vn 0.3900 0.3742 0.8414
vn 0.4868 0.3918 0.7807
vn 0.0694 0.2412 0.9680
vn 0.1882 0.4371 0.8795
vn 0.2279 0.3528 0.9075
vn 0.0574 0.2342 0.9705
vn 0.9678 -0.0844 -0.2373
vn 0.8013 -0.0193 0.5979
vn -0.7411 0.1635 -0.6512
vn -0.9329 -0.0232 0.3594
vn 0.9311 0.1860 0.3137
vn 0.1601 0.0119 0.9870
vn 0.6439 0.1196 0.7557
vn 0.2751 -0.7361 0.6184
vn 0.5295 0.4769 0.7016
vn -0.1467 -0.1569 -0.9767
vn 0.1082 0.3396 0.9343
vn -0.2569 0.6351 0.7285
vn 0.8500 0.1144 0.5143
vn -0.3384 -0.4703 -0.8151
vn 0.6235 -0.1993 0.7560
vn -0.2539 0.8657 0.4314
vn -0.6041 0.2700 0.7498
vn 0.7168 -0.4791 -0.5066
vn 0.1480 0.0028 0.9890
vn 0.5275 -0.4274 0.7342
vn -0.8363 0.2696 0.4774
vn 0.7487 -0.3649 0.5535
vn 0.2606 0.3596 0.8960
vn 0.7725 0.2791 0.5704
vn 0.6288 -0.0861 0.7728
vn 0.6840 0.3663 0.6309
vn 0.4552 -0.8728 0.1763
vn 0.1800 -0.2636 0.9477
vn 0.4447 0.2651 0.8555
vn 0.5476 -0.3560 0.7573
vn 0.3885 0.8710 -0.3007
vn -0.2396 0.9103 0.3374
vn 0.4025 0.7696 -0.4957
vn 0.6359 0.4597 0.6199
vn -0.8384 0.3114 -0.4472
vn 0.6318 -0.1977 0.7495
vn 0.1842 -0.6471 0.7398
vn 0.8605 0.0522 0.5068
vn 0.7756 -0.0924 0.6245
vn 0.1834 -0.4799 0.8580
vn 0.5301 -0.2869 0.7979
vn 0.8622 0.1454 0.4853
vn 0.9836 -0.1802 0.0105
vn 0.3974 -0.1410 0.9068
vn 0.7510 -0.1457 0.6441
vn 0.6712 0.1105 0.7330
vn 0.8091 0.2487 0.5325
vn 0.1953 0.1330 0.9717
vn 0.8794 0.1761 0.4423
vn 0.8174 0.2869 0.4996
vn 0.3101 -0.6150 0.7251
vn 0.6107 0.7697 -0.1861
vn 0.7446 0.4238 0.5158
vn -0.0488 0.8365 -0.5459
vn 0.6500 -0.3358 0.6818
vn 0.5764 -0.7655 0.2859
vn 0.8140 -0.3288 0.4789
vn 0.8443 0.1275 0.5205
vn 0.4602 0.2364 0.8557
vn 0.7517 -0.3183 0.5776
vn -0.2366 0.2318 0.9435
vn 0.9735 -0.1899 0.1271
vn 0.0938 0.7019 0.7060
vn 0.7681 0.1829 0.6137
vn 0.8202 0.2065 0.5335
vn 0.3332 -0.4466 0.8304
vn 0.7235 0.2478 0.6443
vn 0.9229 0.0793 0.3768
vn 0.8861 -0.0537 0.4603
vn 0.8686 0.0908 0.4872
vn 0.2173 -0.4615 0.8601
vn 0.4519 -0.7545 0.4759
vn 0.8949 0.0999 0.4349
vn 0.9113 0.0325 0.4103
vn 0.9072 0.0418 0.4185
vn 0.2718 -0.8555 0.4407
vn 0.9233 0.0096 0.3840
vn 0.8876 0.0467 0.4582
vn 0.9072 0.1184 0.4036
vn 0.9422 0.1069 0.3176
vn 0.9195 -0.0200 -0.3925
vn 0.9311 0.1345 0.3392
vn 0.4854 0.5698 0.6631
vn -0.6888 0.4562 0.5634
vn -0.1293 0.2702 0.9541
vn 0.9311 0.0647 0.3589
vn 0.7194 0.5454 0.4301
vn 0.7388 0.4935 0.4590
vn 0.4277 0.3270 0.8427
vn 0.5714 0.7295 0.3759
vn 0.4440 -0.4233 0.7897
vn 0.3327 0.8441 0.4204
vn 0.2680 0.2875 0.9195
vn 0.6348 0.6149 0.4679
vn 0.5154 0.6807 0.5207
vn 0.9172 -0.0903 0.3881
vn 0.5022 -0.6424 0.5790
vn 0.4933 0.7361 0.4634
vn 0.8491 -0.3073 0.4296
vn 0.6602 0.5066 0.5545
vn 0.5133 0.5770 0.6353
vn 0.3193 0.8881 0.3307
vn 0.6547 0.3247 0.6826
vn 0.4212 0.5265 -0.7385
vn 0.9641 -0.1921 -0.1833
vn 0.6071 0.6728 0.4228
vn 0.2318 -0.3708 0.8993
vn 0.7640 0.1440 0.6290
vn 0.3564 0.7406 0.5697
vn 0.4288 0.8425 0.3262
vn 0.6157 0.7391 -0.2734
vn -0.4252 0.4190 0.8023
vn 0.5197 0.6380 0.5682
vn -0.8907 0.1527 -0.4281
vn -0.6859 -0.7261 0.0479
vn 0.5377 0.7757 0.3304
vn -0.2498 0.6943 0.6750
vn -0.2301 0.9715 -0.0565
vn 0.1326 -0.3465 0.9286
vn 0.9410 0.1768 0.2885
vn 0.2211 0.2877 0.9319
vn 0.9875 0.1440 0.0633
vn 0.5730 -0.4470 0.6870
vn 0.4674 0.3016 0.8310
vn 0.5986 0.2880 0.7475
vn 0.4950 0.4470 0.7451
vn -0.0749 -0.4617 -0.8839
vn 0.1486 0.7762 0.6127
vn 0.8165 0.0828 0.5714
vn 0.6467 0.6618 0.3792
vn 0.9205 -0.0322 -0.3895
vn 0.5479 -0.3832 0.7436
vn -0.0257 -0.5406 -0.8409
vn 0.8951 -0.3961 -0.2048
vn 0.8942 0.2564 -0.3669
vn -0.9413 -0.2617 -0.2133
vn 0.7816 0.3716 0.5009
vn 0.7176 -0.4731 0.5111
vn 0.2880 -0.2143 -0.9333
vn -0.7705 -0.6111 0.1812
vn -0.0580 0.4927 0.8683
vn 0.1079 -0.2003 0.9738
vn 0.0677 -0.3513 0.9338
vn -0.6851 -0.3840 0.6190
vn 0.5325 -0.7342 -0.4213
vn 0.8586 -0.1524 -0.4896
vn 0.9412 0.1845 0.2831
vn 0.6307 -0.2644 -0.7296
vn 0.8314 -0.2976 0.4693
vn 0.7468 0.4354 0.5027
vn 0.7596 -0.2277 -0.6092
vn 0.1513 0.3255 0.9334
vn -0.1007 -0.9949 -0.0017
vn 0.3810 -0.2542 -0.8889
vn 0.1940 0.9707 -0.1417
vn 0.0671 -0.5561 -0.8284
vn 0.0952 -0.2207 -0.9707
vn 0.1068 0.0135 -0.9942
vn -0.0633 -0.6620 -0.7468
vn 0.6898 -0.3736 0.6202
vn 0.3843 -0.8897 0.2465
vn -0.1522 -0.7888 -0.5954
vn 0.4948 -0.3982 0.7724
vn -0.8390 0.1423 0.5253
vn 0.6593 -0.1117 0.7436
vn 0.8478 -0.4198 -0.3240
vn 0.6621 0.6286 0.4080
vn 0.8202 0.0305 -0.5712
vn 0.2628 -0.9024 -0.3415
vn 0.6165 -0.2349 -0.7515
vn 0.7164 0.3107 0.6247
vn -0.7681 -0.4435 -0.4620
vn 0.8870 -0.4616 -0.0077
vn 0.9696 -0.2417 -0.0378
vn 0.9800 -0.1854 -0.0727
vn 0.4984 -0.5233 0.6912
vn 0.0309 -0.8086 0.5875
vn 0.6390 0.4044 0.6543
vn 0.7770 -0.0230 0.6291
vn -0.1096 0.0554 0.9924
vn 0.8176 -0.5555 0.1515
vn -0.2584 -0.9616 0.0921
vn -0.7956 0.1821 0.5777
vn -0.7106 0.2513 0.6572
vn -0.8743 0.0001 0.4853
vn 0.9660 -0.1721 0.1929
vn 0.8077 -0.5865 0.0598
vn 0.2310 0.4173 0.8789
vn 0.7836 0.6041 0.1449
vn 0.9991 -0.0088 0.0421
vn 0.9237 0.1520 -0.3518
vn 0.8804 0.1400 -0.4530
vn 0.9578 -0.0798 0.2760
vn 0.9316 0.3404 -0.1273
vn 0.5710 0.4892 -0.6593
vn 0.1953 -0.1091 0.9747
vn 0.3593 0.6073 0.7086
vn -0.2297 0.4919 0.8398
vn -0.8969 0.1241 0.4244
vn -0.8352 0.4314 0.3411
vn -0.7519 -0.0278 0.6587
vn -0.5719 0.2328 0.7866
vn 0.9385 0.2772 0.2057
vn 0.5402 -0.1963 0.8183
vn 0.9607 -0.0764 -0.2669
vn -0.3253 -0.5210 -0.7891
vn 0.7274 0.3909 0.5639
vn -0.8858 0.4632 0.0288
vn -0.2635 0.8128 0.5196
vn -0.3109 -0.4159 -0.8546
vn 0.3187 0.5633 0.7623
vn -0.5630 -0.0735 0.8232
vn 0.3937 -0.3510 -0.8496
vn -0.2272 0.3245 0.9182
vn 0.2971 0.9240 0.2405
vn -0.7572 -0.1750 0.6293
vn 0.6733 -0.7075 -0.2148
vn 0.5711 0.2059 0.7947
vn -0.2661 0.7606 0.5922
vn 0.9504 -0.2195 -0.2206
vn 0.0735 -0.5768 -0.8136
vn -0.8830 0.0795 -0.4626
vn -0.9961 -0.0087 0.0883
vn -0.9703 -0.1051 0.2177
vn 0.5625 0.4043 0.7212
vn -0.8574 0.0328 -0.5135
vn 0.6647 0.1743 0.7265
vn 0.3580 0.9237 0.1362
vn -0.3041 -0.0752 -0.9497
vn 0.4389 0.2864 0.8517
vn -0.4220 0.5709 0.7043
vn -0.4170 -0.1080 -0.9025
vn -0.1638 0.3746 0.9126
vn 0.1526 0.0342 0.9877
vn 0.0751 0.9428 0.3247
vn -0.9096 -0.3492 -0.2250
vn 0.8375 -0.4015 -0.3708
vn 0.5374 0.3427 0.7706
vn 0.8953 -0.3639 -0.2570
vn 0.5337 -0.3567 0.7668
vn -0.3541 -0.0542 0.9336
vn 0.6704 -0.7416 -0.0244
vn -0.4967 0.3112 0.8102
vn 0.9021 -0.3992 0.1637
vn -0.4256 -0.8379 0.3416
vn 0.2239 -0.9737 -0.0426
vn 0.6746 0.0414 0.7370
vn -0.9197 -0.3716 0.1269
vn 0.1479 0.6488 -0.7464
vn 0.5004 0.8598 0.1018
vn 0.3137 -0.4662 0.8272
vn 0.1890 0.7367 -0.6493
vn -0.8626 -0.3693 -0.3458
vn 0.4698 -0.6740 -0.5702
vn 0.0888 -0.5521 -0.8290
vn -0.9444 0.2103 0.2528
vn -0.9867 0.1516 0.0582
vn 0.5669 -0.5216 -0.6376
vn 0.0202 0.2012 0.9793
vn 0.4260 0.7449 -0.5134
vn 0.2907 0.4034 0.8676
vn 0.4029 0.8221 0.4024
vn -0.8787 0.0192 0.4770
vn -0.9636 -0.2385 0.1208
vn 0.8525 0.0155 0.5225
vn 0.7591 0.5195 -0.3923
vn 0.7234 0.4354 -0.5358
vn 0.4915 0.2475 0.8350
vn 0.8118 0.1794 -0.5557
vn 0.9220 -0.3850 -0.0405
vn 0.3660 -0.0993 0.9253
vn -0.1930 -0.6911 0.6965
vn 0.5752 0.0341 0.8173
vn 0.7312 0.4517 0.5112
vn -0.3937 -0.2778 0.8763
vn -0.8032 -0.1371 0.5798
vn -0.9462 0.0930 0.3101
vn -0.9484 0.1455 0.2818
vn -0.9756 0.0582 0.2117
vn -0.9737 -0.0152 0.2272
vn 0.9435 0.0900 -0.3189
vn -0.9999 -0.0101 0.0114
vn -0.9738 -0.1239 0.1906
vn -0.9909 -0.0724 0.1136
vn 0.4378 -0.4331 -0.7879
vn 0.8799 -0.4536 -0.1416
vn -0.6082 0.1751 0.7743
vn -0.1965 0.7781 0.5966
vn -0.2175 0.7268 0.6515
vn -0.6149 -0.0078 0.7886
vn -0.1043 0.9522 0.2871
vn 0.2707 0.0219 0.9624
vn -0.9549 0.0306 0.2955
vn -0.8806 0.3745 0.2902
vn -0.2398 0.4089 0.8805
vn -0.3803 -0.4038 0.8321
vn 0.0191 -0.1438 0.9894
vn 0.0321 0.0251 0.9992
vn -0.2115 -0.0726 0.9747
vn -0.2431 -0.2947 0.9241
vn 0.2097 0.0518 0.9764
vn 0.2111 0.2451 0.9462
vn -0.2655 -0.4104 0.8724
vn -0.0101 -0.2879 0.9576
vn 0.1463 0.1215 0.9818
vn 0.1993 0.1280 0.9715
vn 0.2337 0.0485 0.9711
vn -0.0919 -0.1140 0.9892
vn -0.0603 -0.2012 0.9777
vn -0.2789 -0.2732 0.9206
vn -0.3066 -0.1359 0.9421
vn -0.7762 -0.0331 0.6296
vn -0.5898 0.0800 0.8035
vn -0.6414 0.3448 0.6854
vn -0.7040 -0.0563 0.7080
vn -0.7359 -0.0674 0.6738
vn -0.7746 -0.0352 0.6314
vn -0.7341 -0.0182 0.6788
vn -0.6174 -0.0490 0.7851
vn -0.6185 -0.0104 0.7857
vn -0.6593 -0.0539 0.7499
vn -0.6742 -0.0168 0.7383
vn -0.5492 -0.0951 0.8302
vn -0.5156 -0.0956 0.8515
vn -0.5058 -0.0977 0.8571
vn -0.6193 -0.0291 0.7846
vn -0.6850 -0.0525 0.7267
vn -0.7385 -0.0485 0.6725
vn -0.7841 -0.0815 0.6153
vn -0.7939 -0.0506 0.6060
vn -0.7929 -0.1690 0.5855
vn -0.7863 -0.1366 0.6025
vn -0.7873 -0.1471 0.5987
vn -0.7724 -0.1204 0.6236
vn -0.6632 -0.3033 0.6843
vn -0.6535 -0.1424 0.7435
vn -0.7208 -0.1526 0.6762
vn -0.7442 -0.2367 0.6246
vn -0.5071 -0.1782 0.8433
vn -0.5182 -0.2833 0.8069
vn -0.0582 0.9108 0.4086
vn -0.0824 0.9012 0.4255
vn -0.2098 0.1134 0.9712
vn 0.0328 0.0188 0.9993
vn -0.1190 0.9212 0.3704
vn -0.5287 -0.0804 0.8450
vn 0.0043 0.9858 0.1680
vn 0.2223 0.8815 -0.4166
vn 0.0742 0.8973 -0.4350
vn 0.0158 0.9802 0.1975
vn -0.1236 0.8773 -0.4638
vn -0.2158 0.9354 0.2801
vn -0.5226 0.7406 -0.4225
vn -0.2673 0.9062 0.3278
vn 0.0746 -0.8940 0.4418
vn -0.6204 -0.3250 -0.7138
vn -0.6224 0.0851 0.7781
vn -0.5887 -0.2016 0.7828
vn -0.5092 0.1210 0.8521
vn -0.5403 0.3000 0.7862
vn 0.8578 -0.4111 -0.3087
vn 0.8827 -0.3515 -0.3120
vn 0.7621 -0.6431 0.0750
vn 0.7855 -0.6011 0.1472
vn -0.8510 0.0549 0.5223
vn -0.6756 0.1117 0.7288
vn -0.6838 0.0339 0.7289
vn -0.2283 0.7327 0.6412
vn -0.2956 0.6459 0.7039
vn -0.7001 0.1683 0.6940
vn 0.6048 0.7862 0.1269
vn 0.6200 0.6528 -0.4353
vn 0.5784 0.6447 -0.4998
vn 0.2595 0.9421 0.2124
vn 0.6603 0.7392 0.1328
vn 0.7815 0.5841 -0.2193
vn 0.7225 0.6484 -0.2401
vn 0.5765 0.8075 0.1247
vn -0.2661 0.7232 0.6373
vn 0.1203 0.7781 0.6165
vn 0.9844 0.1282 0.1206
vn 0.8545 0.5177 -0.0430
vn 0.8753 0.4701 -0.1135
vn 0.9258 0.3565 0.1255
vn 0.9492 -0.2042 -0.2393
vn 0.9545 -0.2638 -0.1392
vn 0.9936 -0.0700 0.0881
vn 0.9338 -0.3452 0.0937
vn -0.8047 -0.0224 0.5933
vn -0.8413 0.0712 0.5358
vn -0.7593 -0.0033 0.6507
vn -0.8087 -0.0146 0.5880
vn -0.7522 -0.0811 0.6540
vn -0.5870 -0.1163 0.8012
vn -0.6363 -0.1761 0.7511
vn -0.7145 -0.1222 0.6889
vn -0.6484 0.4310 0.6276
vn -0.2772 0.7755 0.5672
vn -0.1135 0.7391 0.6640
vn -0.4752 0.4466 0.7581
vn -0.6865 -0.3341 0.6458
vn -0.6097 -0.3832 0.6938
vn -0.6012 -0.5142 0.6117
vn -0.7143 -0.3993 0.5747
vn -0.7013 -0.3044 0.6446
vn -0.5640 -0.4908 0.6641
vn -0.5539 -0.4687 0.6881
vn -0.6669 -0.1724 0.7249
vn 0.1552 -0.7267 0.6692
vn 0.0336 -0.8180 0.5742
vn -0.3715 -0.6815 0.6305
vn -0.4462 -0.4897 0.7491
vn 0.1170 -0.8423 0.5261
vn 0.2970 -0.8724 0.3883
vn -0.3435 -0.6583 0.6698
vn -0.3424 -0.6640 0.6647
vn 0.2309 -0.8939 0.3843
vn 0.1127 -0.9184 0.3793
vn -0.2960 -0.4351 0.8504
vn -0.3684 -0.5397 0.7570
vn 0.0288 -0.8071 0.5897
vn 0.0225 -0.9622 0.2715
vn -0.9308 -0.3581 0.0731
vn -0.9351 -0.2973 0.1931
vn -0.4148 -0.7644 0.4936
vn -0.6091 -0.7401 0.2850
vn -0.1489 -0.9648 0.2169
vn -0.5371 -0.8435 -0.0002
vn -0.4936 -0.5575 -0.6675
vn -0.0060 -0.7954 -0.6060
vn -0.3934 0.1712 -0.9033
vn 0.4846 -0.7670 -0.4205
vn 0.7699 -0.5300 -0.3555
vn 0.5250 -0.8217 0.2217
vn 0.1333 -0.9552 0.2641
vn -0.5498 0.3232 -0.7702
vn -0.6351 -0.1328 -0.7609
vn -0.8100 -0.5852 0.0383
vn -0.6075 -0.7750 -0.1743
vn -0.5822 -0.7867 0.2054
vn -0.5627 -0.7956 0.2244
vn -0.2501 -0.4532 0.8556
vn -0.0550 -0.4083 0.9112
vn -0.6029 -0.7944 0.0735
vn 0.0366 -0.4572 0.8886
vn -0.0097 -0.5015 0.8651
vn -0.3939 -0.8933 0.2163
vn -0.0512 -0.9661 0.2530
vn -0.0610 -0.2752 0.9594
vn 0.3446 0.0940 0.9340
vn 0.4061 0.2844 0.8685
vn 0.1872 0.5370 0.8226
vn 0.1323 0.2259 0.9651
vn 0.1840 0.2486 0.9510
vn 0.2356 0.4659 0.8529
vn -0.0760 0.6960 0.7141
vn -0.1273 0.9115 0.3911
vn -0.1403 0.9427 0.3028
vn 0.1412 0.6247 0.7680
vn -0.2457 -0.2283 0.9421
vn -0.7617 -0.4100 0.5018
vn -0.5778 0.6039 0.5491
vn -0.1270 0.4922 0.8612
vn -0.7984 0.5935 0.1017
vn -0.9352 0.2982 0.1908
vn -0.6556 0.7483 0.1013
vn -0.5442 0.8269 -0.1417
vn 0.0487 0.0453 0.9978
vn 0.1449 0.1766 0.9735
vn 0.3681 0.1761 0.9130
vn 0.3551 0.0461 0.9337
vn 0.4282 0.0278 0.9032
vn 0.4775 0.2425 0.8445
vn 0.0447 0.3136 0.9485
vn 0.0892 0.2005 0.9756
vn 0.0905 0.1288 0.9875
vn -0.0158 0.1237 0.9922
vn 0.0927 -0.1995 0.9755
vn -0.0014 0.0526 0.9986
vn 0.0493 0.2871 0.9566
vn 0.0970 0.1687 0.9809
vn 0.1435 0.2120 0.9667
vn 0.0454 0.3546 0.9339
vn -0.3032 -0.1612 0.9392
vn -0.3086 -0.0719 0.9485
vn -0.1826 0.0713 0.9806
vn -0.1527 -0.0056 0.9883
vn -0.6421 -0.0216 0.7663
vn 0.9220 0.3650 -0.1289
vn -0.7405 0.0374 0.6710
vn -0.6550 0.2419 0.7159
vn -0.6471 0.2384 0.7242
vn -0.7202 0.0176 0.6935
vn -0.7040 -0.0574 0.7079
vn -0.6256 0.1999 0.7541
vn -0.5666 0.1408 0.8119
vn -0.6543 -0.1767 0.7353
vn -0.4542 -0.1835 0.8718
vn -0.4267 -0.1116 0.8975
vn -0.6680 -0.1624 0.7262
vn -0.6689 -0.1186 0.7338
vn -0.6626 -0.0087 0.7489
vn -0.6660 -0.1029 0.7388
vn -0.1474 -0.1398 0.9791
vn -0.4122 -0.2329 0.8808
vn -0.3539 -0.4987 0.7913
vn -0.0447 -0.3224 0.9455
vn 0.0767 0.1445 0.9865
vn -0.2912 0.2912 0.9113
vn -0.3764 0.1173 0.9190
vn 0.0506 0.1027 0.9934
vn -0.0002 0.0503 0.9987
vn -0.0224 0.1305 0.9912
vn 0.0942 0.1499 0.9842
vn -0.0225 0.2971 0.9546
vn -0.1194 0.4484 0.8858
vn 0.1536 0.2007 0.9675
vn -0.6135 -0.4093 -0.6754
vn -0.6209 -0.1827 -0.7623
vn -0.5509 -0.2320 0.8017
vn -0.6754 0.0007 0.7375
vn -0.7317 -0.0625 0.6787
vn -0.6464 -0.2511 0.7205
vn -0.5806 -0.4981 0.6440
vn -0.6596 -0.4021 0.6350
vn -0.6090 -0.3262 0.7230
vn -0.6079 -0.4181 0.6750
vn -0.6718 -0.3364 0.6599
vn -0.7760 -0.1255 0.6181
vn -0.7055 -0.3280 0.6282
vn -0.6487 -0.4339 0.6252
vn -0.1634 -0.7212 0.6732
vn -0.1902 -0.6798 0.7083
vn -0.1126 -0.6104 0.7841
vn -0.0345 -0.5973 0.8013
vn -0.2367 -0.6278 0.7415
vn -0.2441 -0.6041 0.7586
vn 0.4051 0.4294 0.8072
vn 0.3281 0.1578 0.9314
vn 0.0803 -0.2201 0.9722
vn 0.1813 0.6102 0.7713
vn 0.4464 0.1104 0.8880
vn -0.5910 0.6730 -0.4447
vn -0.2622 0.6121 0.7461
vn -0.4698 0.4560 0.7559
vn 0.0445 -0.8219 0.5679
vn -0.1838 -0.7109 0.6789
vn -0.5610 0.0865 0.8233
vn -0.6029 -0.1778 0.7777
vn -0.3580 -0.6285 0.6905
vn -0.4640 -0.6126 0.6398
vn -0.6604 -0.3346 0.6722
vn -0.4249 -0.6671 0.6119
vn -0.5420 -0.4415 0.7151
vn -0.7147 -0.3762 0.5896
vn -0.0735 -0.5976 0.7984
vn -0.0118 -0.3916 0.9201
vn -0.0620 -0.3723 0.9260
vn -0.0000 -0.6465 0.7629
vn -0.0283 -0.7999 0.5995
vn -0.5880 0.1518 -0.7945
vn -0.6952 0.2674 0.6672
vn -0.4501 -0.4320 0.7815
vn -0.2303 -0.6579 0.7170
vn -0.0573 -0.6982 0.7136
vn -0.2694 -0.4606 0.8457
vn -0.5766 -0.4577 0.6768
vn -0.6299 -0.4880 0.6043
vn -0.4235 -0.6334 0.6477
vn -0.4365 -0.5902 0.6791
vn -0.4896 -0.6919 0.5306
vn -0.4310 -0.6746 0.5993
vn -0.6193 -0.5462 0.5641
vn 0.4119 -0.0660 0.9088
vn -0.8295 -0.3695 0.4188
vn 0.8393 -0.5054 0.2003
vn 0.9047 0.3636 0.2222
vn -0.9312 0.3389 -0.1338
vn -0.9196 -0.2143 0.3292
vn -0.1424 -0.5590 -0.8168
vn 0.9985 0.0514 0.0188
vn -0.0429 -0.3819 0.9232
vn 0.0401 0.1085 -0.9933
vn -0.9706 0.0851 -0.2250
vn -0.7323 0.4744 0.4886
vn 0.8361 -0.1066 0.5381
vn -0.8548 -0.5008 -0.1358
vn 0.9391 0.1163 -0.3233
vn -0.8137 0.0529 -0.5789
vn 0.3707 0.5364 -0.7582
vn 0.4606 -0.7566 0.4642
vn -0.4860 -0.0723 0.8710
vn 0.9317 0.3631 0.0115
vn 0.1827 -0.0653 -0.9810
vn -0.2446 -0.7598 -0.6024
vn 0.5838 0.0805 0.8079
vn -0.0805 -0.6850 -0.7241
vn 0.0486 0.3191 -0.9465
vn -0.5542 0.4762 0.6827
vn -0.9660 0.2474 0.0746
vn -0.7362 0.2040 0.6454
vn 0.3153 -0.8041 0.5039
vn 0.2066 -0.6999 0.6837
vn 0.9158 0.1635 -0.3670
vn 0.9285 0.3255 -0.1786
vn 0.4834 0.8622 0.1514
vn -0.3969 0.4187 0.8168
vn -0.5596 -0.5372 -0.6310
vn -0.6258 -0.6224 0.4701
vn 0.1470 -0.3919 0.9082
vn 0.9880 0.0648 -0.1400
vn 0.9091 0.1318 -0.3952
vn 0.1960 -0.6069 0.7702
vn -0.9461 0.1577 0.2830
vn -0.9473 -0.1972 0.2526
vn 0.7096 0.0071 -0.7046
vn -0.9311 -0.1511 0.3319
vn 0.9592 -0.0256 -0.2815
vn -0.2812 -0.7513 -0.5970
vn 0.5806 0.5704 -0.5810
vn -0.0809 -0.3935 -0.9158
vn -0.7662 0.2736 -0.5814
vn 0.3347 -0.3935 0.8562
vn -0.8164 -0.3042 0.4908
vn -0.9373 -0.1410 0.3188
vn 0.9340 -0.0475 -0.3541
vn 0.9229 0.0341 -0.3835
vn 0.8434 -0.0123 -0.5372
vn 0.8048 -0.1117 -0.5830
vn 0.1510 0.7404 0.6550
vn -0.0568 0.6557 0.7529
vn 0.0028 0.5429 0.8398
vn 0.3067 -0.3149 -0.8982
vn 0.7328 0.3076 0.6069
vn 0.8974 -0.1645 -0.4093
vn 0.4529 -0.5968 -0.6624
vn 0.4731 -0.6156 -0.6303
vn 0.3086 -0.8607 -0.4049
vn 0.0773 -0.9584 -0.2747
vn 0.1252 0.9538 -0.2732
vn 0.0886 0.2570 -0.9623
vn -0.8797 0.1267 0.4583
vn 0.0981 -0.5804 -0.8084
vn -0.7056 -0.0743 0.7047
vn -0.4853 0.3477 -0.8023
vn -0.9600 -0.1865 -0.2088
vn 0.1768 0.5944 0.7845
vn -0.7549 -0.0752 -0.6515
vn -0.9094 -0.1576 0.3850
vn -0.9344 -0.2437 0.2600
vn -0.8330 -0.5194 0.1905
vn 0.3229 0.9423 -0.0883
vn -0.5661 -0.3836 -0.7296
vn -0.5619 -0.3790 -0.7353
vn 0.0352 -0.3246 0.9452
vn 0.2912 -0.1446 -0.9457
vn 0.3328 0.2312 0.9142
vn -0.8010 -0.4294 -0.4171
vn -0.3026 -0.1317 -0.9440
vn 0.2302 0.9594 0.1628
vn -0.9391 -0.0155 0.3433
vn -0.3571 -0.0947 -0.9293
vn -0.7745 -0.5937 -0.2184
vn -0.9006 0.1644 -0.4023
vn 0.0190 0.9881 0.1524
vn 0.4476 -0.8857 0.1231
vn -0.6662 0.2459 0.7040
vn -0.6703 -0.2197 0.7088
vn -0.7586 -0.2305 0.6094
vn -0.2014 -0.2169 0.9552
vn -0.1416 0.7218 0.6775
vn 0.5794 -0.8150 -0.0121
vn 0.2585 0.9527 -0.1600
vn 0.8843 0.0405 0.4652
vn 0.8807 0.0094 -0.4737
vn 0.8264 -0.4391 0.3524
vn 0.9954 -0.0683 0.0667
vn -0.5323 0.8241 -0.1934
vn -0.7191 0.2398 0.6522
vn 0.5552 0.3946 0.7322
vn -0.6493 -0.5146 -0.5600
vn -0.2423 -0.1959 -0.9502
vn -0.9361 -0.2049 0.2857
vn 0.7408 -0.0397 0.6705
vn 0.8891 -0.0321 0.4566
vn -0.1255 -0.2178 -0.9679
vn 0.0753 0.1174 -0.9902
vn 0.0515 0.0228 -0.9984
vn 0.0296 -0.2351 -0.9715
vn 0.4503 -0.5918 -0.6686
vn -0.5047 -0.8633 -0.0053
vn -0.3985 -0.8754 0.2737
vn 0.6876 -0.5961 -0.4146
vn -0.0773 -0.8165 0.5721
vn -0.8349 -0.0234 -0.5500
vn -0.9831 -0.1237 -0.1350
vn -0.0450 -0.6069 -0.7935
vn 0.0759 -0.4234 -0.9027
vn 0.0931 -0.3269 -0.9405
vn -0.4272 -0.6078 -0.6694
vn -0.5144 -0.6296 -0.5822
vn -0.7713 -0.4740 -0.4248
vn -0.4301 -0.3380 -0.8371
vn 0.4251 0.1728 0.8885
vn 0.7303 -0.2917 0.6178
vn 0.7362 -0.6682 0.1073
vn -0.8761 0.1704 0.4510
vn 0.9423 0.1917 0.2744
vn -0.7474 0.4774 -0.4620
vn 0.3159 0.8733 0.3710
vn 0.9867 -0.1587 -0.0362
vn 0.6461 0.2485 0.7217
vn 0.8153 0.1531 0.5585
vn -0.5078 0.1079 0.8547
vn -0.7866 0.5090 0.3494
vn -0.6420 0.5300 0.5541
vn -0.8374 0.0727 0.5417
vn -0.8844 -0.2939 -0.3626
vn 0.2697 0.7836 0.5597
vn 0.9692 0.0487 0.2415
vn -0.9577 -0.0704 0.2790
vn 0.1334 -0.2463 -0.9600
vn -0.0875 0.8954 0.4366
vn -0.9305 -0.2185 0.2941
vn -0.9066 -0.0248 0.4212
vn -0.8346 0.2323 0.4996
vn -0.8833 0.1033 0.4572
vn -0.9089 -0.1445 0.3911
vn -0.9938 0.0827 0.0736
vn 0.8006 0.0079 -0.5992
vn -0.8417 -0.0353 0.5387
vn -0.5310 -0.6752 -0.5121
vn 0.3002 0.0771 -0.9508
vn 0.0965 0.4853 0.8690
vn 0.3065 0.2632 0.9148
vn 0.1608 -0.3327 -0.9292
vn 0.2173 0.4508 0.8658
vn 0.5334 0.2791 0.7985
vn 0.2558 0.4829 0.8375
vn 0.9229 -0.0752 0.3776
vn 0.6915 -0.5502 0.4681
vn 0.2422 -0.4641 0.8520
vn -0.8518 -0.0742 0.5187
vn -0.0595 0.9114 0.4072
vn -0.1983 0.7367 0.6465
vn -0.7950 -0.0319 0.6057
vn -0.7077 0.2519 0.6600
vn -0.7776 -0.0771 0.6241
vn -0.1173 0.4861 0.8660
vn -0.0484 0.2197 0.9744
vn -0.8740 -0.0487 0.4834
vn -0.8879 0.2805 -0.3647
vn -0.0431 -0.7330 -0.6788
vn 0.8487 -0.4036 0.3418
vn -0.9503 -0.3057 0.0591
vn -0.9106 -0.4098 -0.0536
vn -0.9769 0.1591 -0.1426
vn -0.4154 -0.8213 0.3911
vn 0.2424 -0.1316 -0.9612
vn -0.4087 0.5134 -0.7545
vn 0.9532 -0.2066 0.2210
vn 0.1454 -0.7442 0.6519
vn -0.9482 -0.2007 0.2463
vn -0.3134 -0.2388 -0.9191
vn 0.5070 -0.5604 -0.6549
vn 0.6518 0.4028 0.6425
vn 0.8056 -0.3052 0.5079
vn 0.6923 0.1694 0.7014
vn -0.8951 -0.1358 0.4248
vn -0.6745 -0.2357 0.6996
vn -0.3273 0.2405 0.9138
vn 0.9905 -0.0915 0.1029
vn -0.9113 -0.2489 0.3279
vn 0.1396 -0.3007 -0.9435
vn 0.6805 0.2919 0.6721
vn 0.2545 0.4608 0.8503
vn -0.9767 -0.2121 -0.0331
vn -0.8396 0.0735 0.5382
vn -0.5610 -0.0920 0.8227
vn -0.4975 -0.2743 0.8230
vn -0.7363 -0.1758 0.6534
vn -0.7675 -0.0418 0.6397
vn 0.9543 -0.2474 0.1679
vn -0.7320 0.3899 0.5587
vn -0.1325 0.4383 -0.8890
vn -0.7179 -0.6857 0.1199
vn 0.8087 0.0869 0.5818
vn 0.7676 0.1276 -0.6281
vn -0.9625 -0.2672 0.0469
vn 0.3829 0.7569 0.5296
vn 0.8496 -0.4337 -0.3002
vn 0.3296 0.1313 -0.9350
vn 0.3569 -0.2783 0.8917
vn 0.9998 0.0128 -0.0145
vn 0.3990 -0.2796 -0.8733
vn 0.7759 -0.2069 0.5959
vn 0.2992 -0.3774 0.8764
vn 0.2352 -0.3755 0.8965
vn -0.8366 -0.5473 -0.0231
vn -0.7916 0.1599 0.5898
vn -0.7076 -0.3832 0.5937
vn -0.5553 -0.3618 -0.7488
vn -0.9565 -0.2886 0.0415
vn -0.5830 0.0688 -0.8095
vn -0.3008 -0.1343 -0.9442
vn 0.3651 -0.0822 -0.9273
vn 0.4541 -0.3843 -0.8038
vn -0.6855 -0.6350 0.3561
vn 0.9916 -0.1143 0.0605
vn -0.6929 -0.4959 -0.5234
vn -0.7736 -0.5106 -0.3753
vn 0.5237 0.0884 0.8473
vn -0.2950 -0.2892 -0.9107
vn -0.5698 0.7236 0.3895
vn 0.9282 0.2118 0.3059
vn -0.3638 -0.6256 0.6901
vn -0.9901 -0.0400 0.1344
vn -0.4201 0.8160 0.3970
vn 0.8659 -0.2288 0.4448
vn -0.3761 0.8691 0.3212
vn -0.4985 0.2377 0.8336
vn 0.9073 0.2936 -0.3011
vn -0.5748 0.8161 -0.0591
vn 0.1484 -0.3607 0.9208
vn -0.4499 0.6295 -0.6335
vn -0.9070 -0.4113 0.0903
vn -0.8733 -0.2331 0.4277
vn -0.3556 -0.5616 -0.7471
vn -0.9512 -0.1844 -0.2473
vn -0.4044 0.4303 0.8071
vn 0.2883 -0.2380 0.9275
vn -0.9472 -0.1804 0.2652
vn 0.7070 -0.2839 0.6478
vn 0.2061 0.9783 0.0232
vn -0.9355 -0.0765 -0.3448
vn -0.6639 -0.4075 0.6271
vn 0.0288 0.8524 0.5222
vn 0.3296 0.9064 0.2642
vn -0.2132 0.8683 0.4479
vn -0.5332 0.4968 0.6847
vn -0.2881 0.4925 0.8212
vn -0.2035 0.7174 0.6663
vn -0.8010 0.2403 0.5484
vn -0.8094 0.1038 0.5781
vn -0.7429 0.0796 0.6647
vn -0.5558 0.5293 0.6411
vn -0.8247 0.2615 0.5015
vn -0.8506 -0.0582 0.5225
vn 0.8160 0.0799 0.5724
vn -0.1153 -0.1894 -0.9751
vn -0.1128 -0.4579 -0.8818
vn -0.3564 -0.4183 0.8354
vn 0.3032 0.4758 0.8256
vn 0.4968 0.6574 -0.5665
vn 0.1728 0.3588 0.9173
vn -0.8830 -0.2821 -0.3751
vn -0.9449 -0.2380 0.2249
vn -0.0258 0.0157 0.9995
vn -0.6027 0.6778 0.4212
vn -0.0472 0.3489 0.9360
vn 0.6220 0.3157 0.7165
vn -0.9185 -0.1110 0.3796
vn -0.4904 -0.1268 -0.8622
vn -0.2048 -0.0457 -0.9777
vn -0.4907 -0.0119 0.8712
vn 0.1771 0.0387 0.9834
vn -0.1155 -0.0636 -0.9913
vn -0.2742 0.0470 -0.9605
vn -0.7112 0.0190 0.7028
vn -0.6994 -0.6624 0.2683
vn -0.6583 0.1922 0.7278
vn -0.9576 0.1969 0.2102
vn -0.9395 -0.1768 -0.2933
vn -0.6556 -0.5120 0.5550
vn -0.4756 -0.2236 -0.8508
vn -0.0714 0.2137 0.9743
vn -0.9445 -0.0231 -0.3278
vn 0.7158 0.1086 0.6898
vn 0.8645 0.0485 -0.5003
vn -0.5040 0.8520 0.1415
vn -0.9269 0.2095 -0.3115
vn -0.3176 -0.1471 -0.9368
vn -0.1807 -0.2051 -0.9619
vn -0.1620 -0.2023 -0.9658
vn -0.2239 -0.2295 -0.9472
vn 0.5960 0.7962 -0.1043
vn 0.7992 -0.5253 0.2920
vn 0.2844 -0.4413 0.8511
vn 0.0478 -0.3209 0.9459
vn 0.3166 0.7943 0.5186
vn 0.0837 -0.1719 -0.9816
vn -0.8208 0.1122 -0.5601
vn 0.0435 0.0625 0.9971
vn -0.1525 -0.1054 -0.9827
vn -0.3524 -0.2431 -0.9038
vn -0.2551 -0.1996 -0.9461
vn -0.2589 -0.1648 -0.9517
vn -0.2549 -0.1615 -0.9534
vn 0.9075 -0.0275 0.4192
vn -0.3013 -0.3066 -0.9029
vn -0.3143 0.1663 0.9347
vn -0.8932 0.2508 -0.3733
vn 0.9013 -0.3021 -0.3104
vn 0.3418 -0.2597 -0.9032
vn -0.7942 -0.4340 -0.4252
vn 0.6669 -0.6507 0.3631
vn -0.9292 -0.2594 0.2633
vn -0.8309 0.3337 0.4453
vn -0.8637 0.1186 0.4899
vn -0.6993 0.3645 0.6149
vn -0.5797 0.6715 0.4616
vn -0.6164 0.5272 0.5849
vn -0.7876 0.4505 0.4204
vn -0.4624 0.8415 0.2795
vn -0.0631 0.9631 0.2618
vn 0.6305 0.6136 0.4754
vn 0.2059 0.7412 0.6389
vn -0.1837 0.8401 0.5104
vn -0.3626 0.8022 0.4743
vn -0.3524 0.5587 0.7508
vn 0.8265 0.1645 0.5383
vn 0.4466 0.7566 -0.4776
vn -0.3879 -0.0108 -0.9216
vn 0.1114 0.9582 0.2635
vn -0.0406 -0.8858 -0.4622
vn 0.5416 -0.1098 0.8334
vn -0.9311 -0.2114 0.2973
vn 0.9863 -0.0001 0.1652
vn -0.5538 -0.2022 0.8077
vn -0.9269 -0.1716 0.3337
vn -0.0216 -0.2276 0.9735
vn -0.6986 0.1457 0.7005
vn -0.9207 -0.2072 0.3308
vn -0.9403 -0.1187 0.3190
vn -0.8130 -0.3230 0.4844
vn -0.2174 0.5508 0.8058
vn 0.9274 -0.3223 -0.1899
vn -0.9962 -0.0305 0.0812
vn -0.8824 0.1267 0.4532
vn -0.8758 0.1675 0.4527
vn 0.8835 -0.0947 -0.4588
vn -0.7626 -0.0895 0.6406
vn -0.6920 -0.0151 0.7217
vn -0.7964 0.0161 0.6046
vn -0.1333 0.1625 0.9777
vn -0.1635 0.9865 0.0123
vn -0.3879 0.0419 0.9208
vn 0.9626 -0.1174 -0.2443
vn 0.9442 0.0843 -0.3184
vn 0.8138 0.1043 -0.5717
vn 0.8170 -0.1980 -0.5415
vn -0.2981 -0.1862 0.9362
vn -0.1590 0.0734 0.9846
vn -0.2501 0.1392 0.9582
vn -0.9888 0.1481 0.0202
vn -0.8088 -0.5281 0.2586
vn -0.3235 -0.8876 0.3281
vn -0.4241 -0.7788 0.4621
vn 0.5314 -0.5918 -0.6061
vn -0.0206 -0.6642 0.7473
vn -0.1097 -0.9718 0.2089
vn -0.5015 -0.6741 0.5423
vn 0.1079 -0.8041 0.5847
vn -0.8585 -0.5125 -0.0178
vn -0.8564 0.4168 0.3047
vn -0.8429 0.3770 0.3840
vn -0.8129 0.3722 0.4479
vn -0.8167 0.4263 0.3889
vn 0.1221 0.5333 -0.8370
vn -0.5283 0.6503 0.5460
vn 0.0545 0.6079 0.7922
vn 0.9410 -0.2022 -0.2712
vn -0.3298 -0.8011 0.4995
vn -0.7318 -0.4651 0.4981
vn -0.6832 -0.4993 0.5328
vn -0.8006 -0.2128 0.5601
vn 0.2706 0.5813 -0.7673
vn 0.2976 -0.2663 -0.9168
vn -0.2744 -0.6131 0.7408
vn 0.5988 -0.4847 -0.6376
vn 0.5110 0.1948 0.8372
vn -0.1345 0.9389 -0.3169
vn 0.2715 0.2334 0.9337
vn 0.2187 -0.5431 -0.8107
vn 0.3949 -0.4604 -0.7950
vn 0.2447 -0.3265 -0.9130
vn 0.0980 0.6258 0.7738
vn 0.6035 -0.4143 -0.6813
vn -0.1194 0.8846 0.4508
vn -0.5145 0.4381 -0.7372
vn -0.2067 -0.8332 0.5129
vn 0.1496 -0.8369 -0.5266
vn -0.4527 0.1970 0.8696
vn -0.5466 0.0610 0.8352
vn -0.6178 0.0910 0.7811
vn -0.6795 -0.3046 0.6675
vn -0.5624 -0.5684 0.6006
vn -0.6112 -0.5488 0.5703
vn -0.5626 0.2690 0.7817
vn -0.5386 -0.3111 0.7830
vn -0.6167 0.0223 0.7869
vn -0.4928 -0.6342 0.5958
vn -0.6217 -0.2512 0.7418
vn -0.6372 0.0992 0.7643
vn 0.7664 -0.5710 -0.2943
vn -0.2885 0.2357 0.9280
vn -0.4880 0.2076 0.8478
vn -0.2514 -0.5651 0.7858
vn -0.6397 -0.2284 0.7339
vn -0.3358 0.0891 0.9377
vn -0.2889 0.2914 0.9119
vn -0.5003 0.1911 0.8445
vn -0.4792 -0.1082 0.8710
vn -0.5628 0.1763 0.8075
vn -0.5877 0.0635 0.8066
vn -0.3062 -0.4885 0.8171
vn -0.3192 -0.4374 0.8407
vn -0.4375 -0.3018 0.8470
vn -0.4359 -0.2636 0.8605
vn -0.5012 -0.0232 0.8650
vn -0.4643 -0.3029 0.8323
vn -0.5100 -0.1646 0.8443
vn -0.0373 -0.6378 0.7693
vn -0.2556 -0.7257 0.6388
vn -0.4759 -0.6280 0.6158
vn -0.2871 -0.6456 0.7076
vn -0.4667 -0.6092 0.6411
vn -0.3572 -0.8205 0.4463
vn -0.4420 -0.6771 0.5884
vn -0.5519 -0.4512 0.7013
vn 0.0552 -0.9975 -0.0438
vn -0.0472 -0.9987 -0.0189
vn 0.7852 -0.5980 -0.1607
vn 0.7253 -0.6100 -0.3190
vn 0.0634 -0.9890 0.1336
vn 0.1231 0.9810 0.1498
vn 0.3168 0.8294 -0.4602
vn 0.7600 -0.6463 -0.0686
vn 0.2096 0.9763 0.0541
vn 0.1843 -0.9644 0.1896
vn -0.0593 -0.9144 0.4003
vn 0.1705 -0.7174 0.6754
vn -0.1066 -0.9798 0.1690
vn -0.1631 -0.9481 0.2728
vn -0.2649 -0.8129 0.5186
vn -0.2108 -0.8962 0.3903
vn -0.4163 -0.6284 0.6571
vn -0.3418 -0.7936 0.5033
vn 0.3679 -0.2246 -0.9023
vn -0.2032 -0.9087 0.3647
vn 0.3159 -0.7694 -0.5552
vn 0.6171 -0.1281 -0.7764
vn 0.6242 -0.3346 -0.7060
vn 0.8726 -0.2919 -0.3916
vn 0.9396 -0.1013 -0.3268
vn 0.8887 0.0270 -0.4576
vn 0.8742 -0.0710 -0.4804
vn 0.8011 -0.1591 -0.5770
vn 0.6478 -0.3109 -0.6955
vn -0.1262 -0.9652 0.2289
vn 0.5557 -0.5946 -0.5811
vn 0.5472 -0.6002 -0.5834
vn -0.0549 -0.9706 0.2344
vn -0.2695 -0.8133 0.5156
vn -0.1273 -0.9472 0.2942
vn -0.5936 -0.2862 0.7522
vn -0.4794 -0.5488 0.6848
vn -0.6109 -0.0229 0.7914
vn -0.5586 -0.3089 0.7698
vn -0.3779 -0.4704 0.7975
vn -0.3470 -0.6700 0.6562
vn -0.3142 -0.4807 0.8187
vn -0.3313 -0.4030 0.8531
vn 0.5030 0.8344 0.2251
vn -0.0153 0.9515 0.3074
vn 0.6525 -0.3968 0.6456
vn -0.2294 -0.1480 0.9620
vn -0.2752 -0.2911 0.9163
vn 0.8135 0.3116 -0.4911
vn -0.3670 0.5633 0.7403
vn -0.5110 0.0050 0.8596
vn -0.3854 -0.0326 0.9222
vn -0.6688 0.0734 0.7398
vn -0.4676 -0.0000 0.8839
vn -0.5804 0.3763 0.7222
vn -0.4724 0.4759 0.7419
vn -0.4701 0.2099 0.8573
vn -0.6425 0.1313 0.7550
vn 0.2455 0.7679 -0.5917
vn 0.4406 0.7157 -0.5419
vn 0.0620 0.9801 -0.1884
vn 0.0423 0.9781 -0.2038
vn -0.5990 -0.2965 0.7438
vn -0.2083 0.9618 0.1778
vn -0.4377 0.6722 0.5971
vn -0.5738 0.5372 0.6182
vn -0.2824 0.9306 0.2328
vn 0.5677 0.6306 -0.5292
vn 0.0112 0.9955 -0.0941
vn -0.4238 0.7485 0.5101
vn -0.5634 0.4681 0.6807
vn -0.6627 0.2322 0.7120
vn -0.6638 0.0651 0.7451
vn -0.6355 -0.0217 0.7718
vn -0.5823 -0.0493 0.8115
vn -0.4285 -0.0262 0.9032
vn 0.4341 0.8729 -0.2226
vn -0.5693 -0.1001 0.8160
vn -0.5313 0.4716 0.7038
vn -0.5057 -0.2656 0.8208
vn 0.2627 0.7117 0.6516
vn -0.1228 -0.5325 0.8375
vn 0.0094 -0.2842 0.9587
vn -0.6558 -0.6652 0.3570
vn -0.8430 -0.3640 0.3960
vn -0.6014 -0.7893 0.1239
vn -0.5310 -0.7972 0.2871
vn -0.8349 -0.5330 0.1371
vn -0.5135 -0.8228 0.2435
vn 0.6719 -0.5222 -0.5252
vn -0.6086 -0.6015 0.5175
vn -0.5126 -0.7478 0.4221
vn -0.7015 -0.4830 0.5240
vn -0.6854 -0.4080 0.6031
vn -0.6876 -0.5461 0.4784
vn -0.6876 -0.6321 0.3573
vn -0.3990 -0.7252 0.5612
vn -0.5339 -0.4801 0.6960
vn -0.0332 0.0881 0.9956
vn -0.0685 0.4610 0.8847
vn 0.0865 -0.0196 0.9961
vn -0.8670 -0.1775 0.4656
vn -0.7485 -0.3481 0.5644
vn -0.5896 -0.2759 0.7591
vn -0.6710 0.0451 0.7401
vn -0.9010 0.2071 0.3811
vn -0.7188 0.3242 0.6150
vn 0.5070 -0.4207 0.7523
vn 0.9862 -0.1264 0.1072
vn 0.5961 -0.3021 0.7439
vn 0.9562 -0.0333 0.2907
vn -0.3049 0.0131 0.9523
vn -0.0320 0.9972 -0.0680
vn 0.3244 0.4673 -0.8225
vn -0.0201 -0.3169 -0.9482
vn 0.1283 0.8297 -0.5433
vn -0.0353 0.9978 -0.0559
vn 0.6670 -0.3863 0.6371
vn 0.2318 0.0157 0.9726
vn -0.2427 0.6644 0.7069
vn -0.3144 0.4605 0.8301
vn 0.4942 -0.1527 0.8558
vn 0.1461 0.8008 -0.5808
vn -0.5766 0.2809 0.7672
vn -0.4077 0.7355 0.5411
vn 0.1777 0.4319 -0.8842
vn 0.1872 0.5888 -0.7863
vn 0.0503 0.5863 -0.8085
vn 0.0805 0.4509 -0.8889
vn 0.6753 0.2202 -0.7039
vn 0.6109 0.4435 -0.6559
vn 0.4936 0.5031 -0.7094
vn 0.5086 0.3910 -0.7671
vn 0.3435 0.5644 -0.7506
vn 0.3385 0.4648 -0.8181
vn -0.2380 -0.5322 -0.8125
vn -0.3233 0.0653 0.9440
vn 0.7405 0.2225 0.6342
vn 0.9600 -0.1454 0.2395
vn -0.3605 0.0933 0.9281
vn -0.3473 -0.3199 0.8815
vn 0.8276 0.0003 0.5613
vn -0.3049 -0.2724 0.9126
vn 0.8720 0.3258 0.3655
vn -0.2473 0.0540 0.9674
vn 0.0361 0.9970 -0.0679
vn -0.8309 0.3306 0.4476
vn -0.8145 0.3799 0.4385
vn -0.8895 0.2862 0.3562
vn -0.8979 0.1907 0.3968
vn 0.0728 -0.9770 0.2005
vn -0.3542 0.9349 0.0228
vn -0.3030 0.9491 -0.0864
vn -0.4585 0.8733 -0.1648
vn -0.5038 0.8638 0.0124
vn -0.5866 0.0568 -0.8079
vn -0.6187 -0.0013 -0.7856
vn -0.5945 -0.4819 -0.6437
vn -0.2217 -0.0994 0.9700
vn -0.5240 0.8445 0.1106
vn -0.5037 0.8335 0.2271
vn -0.3018 0.9231 0.2384
vn -0.2954 0.9445 0.1438
vn -0.2306 0.9391 0.2547
vn -0.3620 -0.3925 -0.8455
vn -0.1301 0.9893 -0.0664
vn -0.3305 0.4737 -0.8163
vn -0.0575 0.3179 0.9464
vn 0.5426 0.0239 0.8396
vn 0.0328 0.0253 0.9991
vn 0.2544 0.7583 0.6002
vn 0.9560 -0.0718 0.2845
vn 0.9334 0.0160 0.3585
vn 0.1821 0.8124 0.5539
vn -0.8693 -0.3183 -0.3783
vn 0.9525 0.2569 0.1638
vn -0.9457 -0.0098 0.3250
vn -0.8889 -0.3956 -0.2309
vn 0.8644 0.4348 0.2524
vn -0.9022 -0.3109 -0.2990
vn -0.0876 -0.9204 -0.3811
vn 0.4600 -0.7656 0.4497
vn -0.8658 -0.2388 0.4398
vn -0.0401 0.5660 0.8234
vn -0.9583 -0.2261 0.1746
vn -0.9960 -0.0555 0.0695
vn -0.7369 -0.3737 -0.5633
vn -0.9288 0.1507 0.3385
vn -0.7292 -0.1415 0.6696
vn -0.7114 0.1393 0.6888
vn -0.6996 -0.4053 0.5885
vn 0.1795 -0.2920 -0.9394
vn -0.0066 -0.5039 -0.8637
vn -0.0226 -0.5470 -0.8368
vn -0.0550 -0.3501 -0.9351
vn 0.7431 -0.0100 -0.6691
vn 0.4841 -0.1711 -0.8581
vn 0.6630 0.6298 -0.4047
vn 0.1208 -0.8896 -0.4405
vn 0.4062 -0.8130 -0.4172
vn 0.6446 -0.5998 -0.4741
vn 0.3087 -0.9030 -0.2988
vn 0.0546 -0.3123 0.9484
vn -0.9894 -0.0583 0.1332
vn -0.9809 -0.0371 0.1910
vn -0.2123 -0.8545 -0.4740
vn -0.1779 -0.9390 -0.2943
vn 0.1007 -0.8641 -0.4931
vn -0.0354 -0.9279 -0.3710
vn -0.3604 -0.8484 -0.3877
vn -0.6862 -0.6265 -0.3697
vn -0.2268 -0.8739 -0.4299
vn -0.2382 -0.8930 -0.3818
vn -0.7313 -0.6752 -0.0965
vn 0.7129 -0.3952 -0.5793
vn 0.1539 -0.5733 -0.8047
vn 0.2641 -0.6965 -0.6672
vn 0.7746 -0.2333 -0.5879
vn 0.4167 0.5799 -0.7001
vn 0.8975 0.0750 -0.4345
vn 0.8475 -0.0211 -0.5304
vn 0.8354 -0.0629 -0.5460
vn 0.8419 -0.0005 -0.5397
vn 0.9008 0.4339 -0.0159
vn -0.9074 -0.0163 0.4199
vn 0.0579 0.3908 0.9186
vn 0.3658 0.5828 0.7256
vn -0.9946 -0.0954 0.0420
vn 0.7320 0.3679 0.5734
vn -0.7980 -0.0065 0.6026
vn 0.4231 -0.1066 0.8998
vn -0.7747 0.2474 0.5819
vn 0.8894 0.3184 0.3280
vn -0.9801 -0.1608 0.1162
vn -0.2245 -0.2667 -0.9373
vn 0.7090 -0.3909 0.5869
vn 0.9977 0.0163 0.0652
vn -0.7517 -0.4351 0.4956
vn -0.7764 -0.2999 0.5543
vn -0.8650 -0.1218 0.4868
vn 0.2704 0.8189 0.5063
vn 0.7008 -0.3655 -0.6126
vn 0.8996 0.4214 0.1143
vn -0.9769 -0.1481 -0.1543
vn 0.9451 -0.0292 0.3255
vn 0.7284 -0.4277 -0.5352
vn -0.3904 -0.2715 -0.8797
vn 0.8773 -0.0509 0.4771
vn -0.4910 0.6440 -0.5867
vn -0.7697 -0.5758 -0.2756
vn 0.7479 -0.2447 -0.6171
vn 0.7622 -0.2871 -0.5802
vn 0.7897 -0.2197 -0.5729
vn 0.7963 -0.2306 -0.5592
vn 0.7875 0.2812 -0.5484
vn 0.7421 0.2183 -0.6338
vn -0.9342 0.1368 -0.3294
vn -0.7029 -0.1644 0.6920
vn -0.8359 -0.4348 -0.3350
vn -0.9077 -0.1876 -0.3754
vn -0.7157 -0.4510 -0.5332
vn -0.8245 -0.4257 -0.3727
vn -0.8420 -0.3642 -0.3980
vn -0.7202 -0.3855 -0.5769
vn -0.6263 -0.3215 0.7102
vn -0.9942 -0.1046 0.0229
vn -0.4120 0.0068 -0.9112
vn -0.9715 -0.1557 -0.1789
vn -0.9702 -0.1753 -0.1672
vn -0.9916 -0.0554 0.1171
vn 0.7392 -0.6457 -0.1913
vn 0.9428 -0.0323 0.3317
vn 0.4221 -0.0987 -0.9012
vn 0.8232 0.4688 -0.3203
vn 0.2056 -0.0551 -0.9771
vn 0.3171 0.0413 -0.9475
vn 0.0553 0.0551 -0.9969
vn -0.0290 -0.0802 -0.9964
vn -0.9422 0.0051 0.3349
vn 0.2823 0.2120 0.9356
vn 0.3260 0.3569 0.8754
vn 0.9411 -0.3380 -0.0071
vn 0.9693 0.2404 -0.0507
vn -0.6924 0.6033 -0.3956
vn -0.5897 0.3966 -0.7036
vn 0.9575 0.2063 -0.2018
vn -0.8416 -0.2755 0.4645
vn 0.9306 0.3215 -0.1747
vn 0.9067 0.2884 -0.3078
vn 0.8585 0.2694 -0.4363
vn 0.8667 0.3713 -0.3331
vn 0.5462 0.4292 -0.7193
vn 0.9114 0.1676 -0.3758
vn 0.8867 0.0624 -0.4582
vn 0.9119 0.0690 -0.4045
vn 0.8939 0.2576 -0.3669
vn 0.8197 0.3864 -0.4228
vn 0.0847 -0.8573 -0.5078
vn 0.6552 -0.0871 -0.7505
vn 0.7076 0.2406 -0.6644
vn 0.9415 0.1613 -0.2959
vn -0.5465 0.5531 -0.6288
vn -0.2786 0.5697 -0.7732
vn -0.9492 -0.3032 0.0843
vn -0.9325 -0.2716 0.2379
vn -0.8791 -0.4026 0.2551
vn -0.9976 0.0200 -0.0666
vn -0.9803 0.1564 -0.1203
vn -0.9445 0.0879 -0.3166
vn -0.9656 -0.0381 -0.2572
vn 0.9946 0.0596 0.0853
vn -0.0637 0.1681 -0.9837
vn -0.8882 -0.4548 0.0649
vn 0.7404 -0.0826 -0.6671
vn -0.9008 -0.4340 -0.0167
vn -0.8820 0.2805 -0.3786
vn -0.9610 -0.2390 -0.1390
vn -0.9252 -0.3790 -0.0196
vn 0.6252 0.3423 -0.7014
vn 0.7609 0.6302 -0.1547
vn 0.4079 0.7948 -0.4493
vn 0.8501 0.3287 -0.4115
vn 0.8164 0.4945 -0.2983
vn 0.3602 -0.3839 -0.8502
vn 0.4428 -0.6799 -0.5845
vn -0.1042 -0.7264 -0.6794
vn -0.5062 -0.6352 0.5834
vn -0.8727 0.3449 0.3456
vn -0.8057 0.4468 0.3889
vn -0.7792 0.5068 0.3687
vn -0.8568 0.4270 0.2890
vn -0.9939 0.0526 0.0970
vn -0.9832 0.0657 0.1702
vn -0.9613 0.2319 0.1484
vn -0.9759 0.2137 0.0432
vn -0.8800 0.4626 0.1083
vn -0.7590 0.6505 0.0278
vn -0.7702 0.6330 -0.0785
vn -0.9107 0.4126 -0.0193
vn -0.7428 0.6003 0.2965
vn -0.6933 0.6878 0.2149
vn -0.7343 0.6681 0.1203
vn -0.8365 0.5091 0.2026
vn -0.9459 0.2668 0.1848
vn -0.9655 0.1334 0.2238
vn -0.9407 0.1699 0.2936
vn -0.9869 -0.0299 0.1586
vn -0.9941 -0.0435 0.0998
vn -0.8900 -0.3656 -0.2725
vn -0.9869 -0.1428 -0.0749
vn 0.9828 -0.1532 0.1030
vn -0.9750 -0.0691 0.2112
vn -0.9693 0.0852 0.2307
vn -0.9987 -0.0076 0.0504
vn -0.9895 -0.0998 0.1045
vn -0.9861 0.0037 0.1664
vn -0.9477 0.0277 0.3180
vn -0.9408 -0.0542 0.3346
vn -0.9566 -0.1084 0.2706
vn -0.8569 0.0234 -0.5150
vn -0.7378 0.0209 -0.6747
vn -0.7435 -0.0700 -0.6651
vn -0.8968 -0.1034 -0.4302
vn 0.3060 -0.8276 -0.4706
vn -0.4147 -0.0098 -0.9099
vn -0.0419 0.2662 0.9630
vn -0.1262 0.9541 -0.2717
vn 0.2061 0.9768 0.0588
vn 0.4097 0.5662 0.7152
vn -0.3242 0.4448 0.8349
vn -0.2752 0.9473 -0.1643
vn -0.7685 0.1989 0.6081
vn -0.2460 0.9574 0.1510
vn -0.3868 0.8744 -0.2930
vn -0.3705 0.3654 -0.8539
vn -0.7498 0.3630 0.5532
vn -0.2612 0.5265 0.8091
vn -0.5614 0.5656 -0.6041
vn -0.6179 0.7778 0.1153
vn -0.7656 0.5995 -0.2334
vn -0.7620 0.5220 -0.3832
vn -0.8854 0.3227 -0.3346
vn -0.9136 0.3707 -0.1672
vn -0.7243 0.4397 -0.5310
vn -0.6657 0.2963 -0.6849
vn -0.7089 0.1579 -0.6874
vn -0.8121 0.2313 -0.5357
vn -0.5808 0.7852 0.2147
vn -0.5291 0.4821 -0.6983
vn -0.6970 0.2938 0.6541
vn 0.5616 0.3126 0.7661
vn -0.4219 0.5700 0.7051
vn 0.9663 -0.1506 0.2090
vn -0.1180 0.9320 0.3427
vn -0.3973 0.5748 0.7153
vn 0.4175 0.4622 0.7824
vn -0.2216 -0.3944 0.8918
vn -0.6159 -0.2403 -0.7503
vn -0.7491 -0.1351 -0.6486
vn -0.7277 -0.3059 -0.6139
vn -0.8698 -0.2681 -0.4142
vn -0.8952 -0.1161 -0.4302
vn -0.6506 0.7594 0.0002
vn -0.6130 0.7173 0.3312
vn 0.7334 0.2785 0.6201
vn 0.1869 -0.6904 0.6989
vn -0.8290 -0.1509 0.5384
vn -0.7424 -0.3254 0.5857
vn -0.8262 -0.3302 0.4566
vn -0.9156 -0.1213 0.3833
vn -0.7088 -0.0477 0.7038
vn -0.7522 -0.1688 0.6370
vn -0.7288 -0.0440 0.6833
vn -0.6731 0.2110 0.7088
vn 0.6087 -0.0191 -0.7931
vn -0.3656 0.6233 -0.6912
vn -0.7870 0.4336 0.4389
vn -0.7420 0.4173 0.5247
vn -0.7264 0.2141 0.6531
vn -0.8538 0.3021 0.4239
vn -0.8136 0.2711 0.5143
vn -0.8912 0.1577 0.4253
vn -0.9887 0.1484 0.0213
vn -0.8031 -0.5735 0.1617
vn -0.8537 -0.3990 0.3346
vn -0.5674 0.1065 0.8165
vn -0.8833 0.3324 0.3305
vn -0.5521 0.2830 0.7843
vn -0.4907 0.3567 0.7950
vn -0.6297 0.2058 0.7491
vn -0.9025 0.3978 0.1651
vn -0.8674 0.4432 0.2262
vn -0.8808 0.1977 0.4303
vn -0.9157 0.0325 0.4006
vn -0.8752 0.4149 0.2488
vn -0.9113 0.3028 0.2790
vn -0.6334 0.5568 0.5374
vn -0.8937 0.3824 0.2349
vn -0.6377 0.5265 0.5623
vn -0.8851 0.3932 0.2491
vn -0.8111 0.2248 0.5400
vn -0.7627 0.3065 0.5695
vn -0.6595 0.4804 0.5782
vn -0.7076 0.4238 0.5653
vn -0.3595 0.5181 -0.7761
vn -0.7490 0.2746 0.6030
vn -0.3572 0.3376 0.8709
vn -0.4059 0.5002 0.7648
vn -0.0985 0.0337 0.9946
vn -0.2762 0.1190 0.9537
vn -0.2168 0.2140 0.9525
vn -0.3033 0.2360 0.9232
vn -0.3072 0.3409 0.8885
vn -0.2963 0.2959 0.9081
vn -0.1202 -0.0219 0.9925
vn -0.3734 -0.0960 0.9227
vn -0.4835 0.0091 0.8753
vn -0.5342 0.1168 0.8372
vn -0.4183 0.2523 0.8726
vn -0.3808 0.1088 0.9182
vn -0.3215 0.2974 0.8990
vn -0.3085 0.3136 0.8980
vn -0.3371 0.3268 0.8829
vn -0.3647 0.3197 0.8745
vn -0.5109 0.2003 0.8360
vn -0.4072 0.2916 0.8655
vn -0.5380 0.1685 0.8260
vn 0.0679 0.0772 0.9947
vn -0.5054 -0.8405 0.1952
vn 0.8213 -0.2495 0.5130
vn -0.4877 0.3262 0.8098
vn -0.2608 0.3256 0.9088
vn -0.2469 0.3637 0.8982
vn -0.3868 -0.2419 -0.8899
vn -0.3678 -0.1379 -0.9196
vn -0.2119 0.3014 0.9297
vn -0.1956 0.2158 0.9566
vn -0.3118 0.1425 0.9394
vn -0.3376 0.2657 0.9030
vn -0.3991 0.2804 0.8730
vn -0.7766 -0.0370 0.6289
vn -0.7152 -0.0302 0.6983
vn -0.5597 0.4025 0.7244
vn -0.6188 0.3040 0.7244
vn -0.6210 0.3008 0.7238
vn -0.6108 0.3756 0.6970
vn -0.4922 0.2240 0.8412
vn -0.4255 0.2765 0.8617
vn -0.4648 0.2712 0.8429
vn -0.5405 0.2818 0.7927
vn -0.5998 0.2824 0.7487
vn -0.5129 0.3645 0.7772
vn -0.1104 0.3043 0.9462
vn -0.1270 0.3506 0.9279
vn -0.2325 0.4922 0.8389
vn -0.1248 0.2836 0.9508
vn -0.9558 -0.1877 -0.2261
vn -0.9770 -0.0141 -0.2128
vn 0.8303 0.5412 0.1331
vn -0.7981 -0.0800 0.5972
vn -0.7280 0.2222 0.6486
vn 0.7436 0.5332 -0.4035
vn 0.7319 0.1601 -0.6623
vn -0.5054 -0.3207 0.8011
vn 0.7037 -0.6875 0.1791
vn 0.5155 0.8569 -0.0039
vn -0.6580 0.4943 0.5681
vn -0.9094 0.2464 0.3350
vn -0.6829 0.4471 0.5777
vn -0.8408 0.3328 0.4270
vn -0.8594 0.2961 0.4169
vn -0.6663 0.4862 0.5654
vn 0.2964 0.3220 0.8991
vn 0.5952 0.4196 0.6853
vn -0.3957 0.1151 0.9111
vn -0.5679 0.6424 -0.5146
vn -0.1148 0.7689 0.6290
vn -0.0824 0.6026 0.7938
vn -0.4075 -0.6067 0.6825
vn -0.7253 -0.3893 0.5678
vn -0.4723 -0.6344 0.6119
vn -0.2840 -0.7221 0.6308
vn 0.7717 0.5594 -0.3027
vn -0.8485 0.3853 0.3626
vn -0.1877 0.5190 0.8339
vn -0.2876 0.3823 0.8781
vn -0.7543 0.0479 0.6548
vn -0.5693 0.4659 0.6774
vn -0.6262 0.4290 0.6510
vn -0.8326 0.1637 0.5292
vn -0.5483 -0.5363 0.6417
vn -0.7011 -0.2376 0.6723
vn -0.8446 -0.1212 0.5216
vn -0.7595 -0.4255 0.4921
vn -0.5602 -0.1184 0.8198
vn -0.7647 0.3016 0.5694
vn -0.2320 0.9721 0.0361
vn -0.3555 -0.1295 0.9257
vn -0.4473 0.2551 0.8572
vn -0.3723 0.8584 -0.3528
vn -0.3792 0.7486 -0.5439
vn 0.8857 0.2583 0.3857
vn -0.1869 0.0122 0.9823
vn -0.2360 0.2519 0.9385
vn -0.5430 0.3160 0.7780
vn -0.5043 0.1861 0.8432
vn -0.3566 -0.5170 0.7782
vn -0.2885 -0.6761 0.6780
vn -0.6603 0.7413 -0.1205
vn -0.6177 0.2797 0.7349
vn -0.3739 -0.1867 0.9085
vn -0.8548 0.1369 0.5006
vn -0.7879 0.2287 0.5718
vn -0.8183 0.2748 0.5049
vn -0.8828 0.1628 0.4407
vn -0.8316 0.2141 0.5124
vn -0.8244 0.1281 0.5513
vn -0.7062 0.2472 0.6635
vn -0.7518 0.2277 0.6189
vn -0.9098 0.0251 0.4143
vn -0.8343 -0.2101 0.5097
vn -0.8538 -0.0409 0.5190
vn -0.8954 0.1616 0.4148
vn -0.9230 0.0177 0.3844
vn -0.9057 0.0510 0.4208
vn -0.8816 0.0521 0.4692
vn -0.9085 0.0335 0.4165
vn 0.9921 0.0013 0.1252
vn -0.9270 0.1324 0.3509
vn -0.8960 0.1022 0.4322
vn -0.9305 0.0450 0.3635
vn -0.9414 0.1031 0.3213
vn 0.7918 -0.0217 0.6104
vn 0.2227 -0.7171 0.6604
vn 0.7230 0.4480 0.5258
vn 0.3894 -0.7321 -0.5590
vn 0.9899 -0.1360 -0.0399
vn -0.7136 0.5327 0.4551
vn -0.7335 0.4847 0.4764
vn -0.8016 0.5719 -0.1744
vn -0.3917 0.3517 0.8502
vn -0.1431 0.1706 -0.9749
vn 0.3564 0.0756 -0.9313
vn -0.5386 0.7740 0.3330
vn -0.5724 0.7272 0.3790
vn -0.3363 0.8432 0.4195
vn -0.3130 0.8865 0.3408
vn -0.6079 0.6697 0.4266
vn -0.6349 0.6109 0.4730
vn -0.5149 0.6764 0.5268
vn -0.4936 0.7332 0.4677
vn -0.6510 0.5619 0.5103
vn -0.6563 0.5004 0.5647
vn -0.5096 0.5688 0.6456
vn -0.5178 0.6322 0.5763
vn -0.6920 0.5999 0.4016
vn -0.5946 0.7448 -0.3029
vn -0.6341 0.3948 0.6648
vn -0.5974 0.2745 0.7535
vn -0.4685 0.2929 0.8335
vn -0.4918 0.4385 0.7523
vn -0.9252 0.0783 0.3713
vn -0.6464 -0.0800 0.7588
vn 0.2829 -0.6452 0.7097
vn 0.4092 -0.6581 0.6320
vn -0.6660 0.2185 0.7132
vn -0.2124 -0.4314 0.8768
vn -0.6227 -0.0819 -0.7781
vn 0.3368 -0.7794 0.5283
vn 0.7129 -0.4367 -0.5488
vn -0.6520 0.6668 0.3609
vn -0.9829 -0.0127 0.1836
vn -0.8819 0.0533 -0.4684
vn -0.2441 0.2318 0.9417
vn -0.7747 -0.0442 -0.6308
vn -0.8659 -0.0513 -0.4976
vn -0.8682 -0.1962 -0.4557
vn -0.7596 -0.2279 -0.6092
vn -0.7459 0.4303 0.5084
vn -0.5864 -0.3860 -0.7121
vn -0.8771 0.4200 -0.2331
vn -0.1914 0.3400 0.9208
vn -0.0796 0.2152 0.9733
vn 0.3535 -0.8106 -0.4669
vn -0.0625 -0.1886 -0.9801
vn 0.5192 -0.0304 0.8541
vn -0.0967 -0.1234 -0.9876
vn -0.9720 -0.0732 -0.2233
vn -0.9637 -0.1186 0.2392
vn -0.0285 0.2016 0.9791
vn -0.1292 -0.0134 -0.9915
vn -0.8391 0.5428 -0.0361
vn 0.0898 -0.6615 -0.7446
vn 0.8593 0.3621 0.3614
vn 0.1373 -0.7868 -0.6018
vn 0.4299 0.7681 0.4746
vn 0.2074 -0.9684 -0.1387
vn 0.2801 -0.9565 0.0820
vn -0.2111 -0.8365 0.5057
vn -0.3816 -0.8928 0.2393
vn -0.7050 -0.3591 0.6116
vn -0.7437 0.2850 0.6047
vn -0.6296 -0.5899 -0.5056
vn -0.8288 0.0414 -0.5580
vn -0.6124 0.6835 0.3972
vn -0.6420 0.3810 0.6653
vn 0.7105 -0.3954 -0.5822
vn -0.2483 -0.9166 -0.3132
vn 0.7307 0.4426 0.5198
vn 0.4275 0.5256 0.7355
vn -0.2401 -0.2598 -0.9353
vn -0.9586 -0.2486 -0.1388
vn -0.9846 -0.1609 -0.0686
vn -0.9893 -0.1426 0.0305
vn -0.9955 -0.0873 0.0359
vn -0.8486 -0.4918 0.1948
vn -0.9673 -0.2383 -0.0874
vn -0.9721 -0.1451 0.1843
vn -0.8937 0.3070 -0.3271
vn -0.9906 -0.0349 0.1321
vn -0.2451 -0.5948 0.7656
vn -0.8356 -0.5375 0.1139
vn 0.2564 0.5803 -0.7730
vn 0.3268 0.1501 0.9331
vn -0.6012 0.0091 -0.7990
vn -0.9973 0.0643 0.0344
vn 0.6055 0.1478 0.7820
vn -0.9989 -0.0463 -0.0035
vn 0.4459 -0.6641 0.6001
vn 0.5266 0.1107 0.8428
vn 0.4749 -0.7097 0.5203
vn -0.9476 0.0107 -0.3192
vn 0.0812 0.0956 -0.9921
vn 0.8029 0.3417 0.4885
vn 0.7953 0.4432 0.4137
vn -0.8497 0.1885 -0.4924
vn 0.4587 0.0845 0.8846
vn -0.4456 -0.8735 0.1958
vn -0.9513 -0.0193 0.3077
vn 0.4424 0.8896 0.1137
vn -0.0360 0.2707 -0.9620
vn 0.6344 0.2959 0.7141
vn 0.5221 0.2369 0.8193
vn 0.6205 0.7456 -0.2431
vn 0.7854 -0.0110 0.6188
vn 0.4828 -0.0940 0.8707
vn 0.3207 -0.0814 0.9437
vn 0.0389 0.5875 -0.8083
vn 0.3026 0.4895 0.8178
vn 0.4090 0.8349 -0.3685
vn 0.6349 0.5584 0.5340
vn 0.7771 0.6194 0.1115
vn 0.8122 0.3925 0.4315
vn 0.2206 0.6816 -0.6977
vn 0.7670 0.1017 0.6336
vn 0.4456 0.6346 0.6314
vn 0.4797 0.1207 0.8691
vn 0.2057 0.8019 0.5609
vn 0.1330 0.6986 0.7030
vn 0.2649 0.7095 -0.6530
vn 0.0162 0.3984 -0.9171
vn 0.1792 0.7134 -0.6775
vn 0.2808 0.8775 -0.3888
vn 0.0691 0.4420 -0.8943
vn 0.1326 0.6730 -0.7276
vn 0.4178 -0.1301 0.8992
vn 0.3885 0.8105 -0.4383
vn 0.2220 0.6945 -0.6844
vn -0.0596 0.6792 0.7315
vn 0.0027 0.4358 -0.9000
vn -0.1121 -0.0255 0.9934
vn 0.1054 0.3956 -0.9124
vn 0.4451 0.5010 -0.7422
vn 0.0639 0.4777 -0.8762
vn -0.0975 0.6499 0.7537
vn 0.1790 -0.3125 0.9329
vn -0.0677 0.2726 -0.9597
vn 0.7223 0.6091 0.3276
vn 0.6112 0.7794 0.1374
vn 0.9717 0.2108 0.1068
vn 0.6360 -0.1014 0.7650
vn 0.4768 -0.0530 0.8774
vn 0.1417 0.6449 -0.7510
vn 0.6141 -0.0571 0.7872
vn 0.0612 0.4152 -0.9077
vn 0.0988 0.4826 -0.8702
vn 0.0732 -0.3327 0.9402
vn 0.0119 0.4151 0.9097
vn 0.0493 -0.1118 0.9925
vn 0.0939 0.6002 -0.7943
vn 0.3860 0.7412 0.5492
vn 0.3170 0.7579 0.5702
vn 0.1495 0.7665 0.6246
vn 0.2117 0.5376 -0.8162
vn 0.4741 0.7767 -0.4146
vn 0.1375 0.0490 0.9893
vn 0.8938 0.1979 0.4025
vn -0.1256 0.4547 0.8817
vn 0.9458 0.0116 0.3246
vn 0.9891 0.0433 -0.1406
vn 0.2815 0.4271 -0.8593
vn 0.4759 -0.0600 0.8775
vn 0.9942 -0.0645 0.0859
vn 0.9672 -0.1090 -0.2296
vn -0.2587 0.5878 -0.7666
vn -0.8996 0.2456 -0.3611
vn 0.3101 0.1976 -0.9299
vn 0.5064 0.1943 -0.8402
vn 0.7003 0.2628 -0.6637
vn 0.8633 0.3208 -0.3896
vn 0.9724 0.1297 -0.1939
vn 0.9997 0.0110 -0.0203
vn 0.9497 -0.0289 0.3119
vn 0.6906 -0.2686 -0.6715
vn 0.4396 -0.3279 0.8362
vn 0.0453 -0.3871 0.9209
vn 0.6120 -0.2251 0.7582
vn 0.9541 -0.2861 0.0885
vn 0.9763 -0.2108 0.0480
vn 0.6918 -0.5967 0.4066
vn 0.0864 -0.7425 0.6642
vn 0.7241 -0.1656 0.6695
vn 0.2869 -0.8933 0.3459
vn 0.5973 -0.7583 0.2612
vn 0.7141 -0.6995 0.0268
vn 0.7603 -0.6496 0.0065
vn 0.9471 -0.3104 -0.0819
vn 0.9565 -0.2716 -0.1063
vn 0.4408 0.1923 0.8768
vn 0.8416 -0.5392 -0.0322
vn 0.6151 -0.7332 0.2899
vn 0.5190 -0.1218 0.8460
vn 0.4796 -0.2039 0.8535
vn 0.5091 -0.1524 0.8471
vn 0.6552 -0.1876 0.7318
vn 0.7437 -0.1548 0.6503
vn 0.4566 -0.1164 0.8820
vn 0.5889 -0.1105 0.8006
vn 0.6654 -0.0458 0.7451
vn 0.2841 -0.9049 0.3169
vn 0.4288 -0.8652 0.2600
vn 0.6656 -0.7398 0.0982
vn 0.8497 -0.5272 0.0094
vn 0.5849 -0.7888 0.1890
vn 0.9503 -0.2870 -0.1211
vn 0.9297 -0.3451 -0.1289
vn 0.9153 -0.3455 0.2068
vn 0.7762 -0.5479 0.3119
vn 0.6984 -0.6402 0.3200
vn 0.6150 -0.7576 0.2187
vn 0.1083 -0.2048 0.9728
vn 0.3600 -0.8968 0.2571
vn 0.4400 -0.8770 0.1929
vn 0.6483 -0.7326 0.2075
vn 0.5807 -0.0955 0.8085
vn 0.0009 -0.9467 0.3221
vn 0.0130 -0.8515 0.5242
vn 0.5072 -0.6955 0.5089
vn 0.4417 -0.4447 0.7792
vn 0.4283 -0.8217 0.3760
vn 0.4946 -0.8331 0.2476
vn 0.6915 -0.2859 0.6634
vn 0.6242 -0.6458 0.4398
vn 0.6568 -0.3324 0.6769
vn 0.7469 -0.3744 0.5495
vn 0.7956 -0.2170 0.5657
vn 0.5668 -0.2619 0.7811
vn 0.7524 -0.2206 0.6207
vn 0.6374 -0.1677 0.7521
vn 0.7004 -0.2056 0.6835
vn 0.7768 -0.1980 0.5978
vn 0.8328 -0.1697 0.5270
vn 0.7839 -0.1269 0.6078
vn 0.8355 -0.2129 0.5066
vn 0.6740 -0.0375 0.7378
vn 0.8974 -0.1895 0.3985
vn 0.6104 -0.0612 0.7898
vn 0.5112 -0.2216 0.8304
vn 0.0971 0.1264 -0.9872
vn 0.1532 -0.8816 0.4465
vn 0.9519 -0.2557 -0.1692
vn 0.3777 -0.7209 0.5811
vn 0.8521 -0.4933 0.1746
vn 0.5953 -0.2257 0.7712
vn 0.9068 -0.4012 0.1295
vn 0.5359 -0.8095 0.2397
vn 0.7920 -0.0225 0.6101
vn 0.5042 -0.0086 0.8635
vn 0.8890 -0.1432 0.4350
vn 0.8500 -0.1635 0.5008
vn 0.8192 -0.0998 0.5647
vn 0.6841 0.1899 0.7042
vn 0.5198 -0.4738 -0.7109
vn 0.6400 -0.1439 -0.7548
vn 0.7996 -0.2897 -0.5260
vn 0.5483 -0.8005 0.2421
vn 0.8741 -0.0485 0.4833
vn 0.9900 -0.1407 0.0087
vn 0.2941 -0.8957 0.3335
vn 0.1227 -0.5079 0.8526
vn 0.3285 -0.9049 0.2706
vn 0.0435 -0.5677 0.8221
vn 0.0601 -0.9504 0.3051
vn 0.0646 0.9654 0.2525
vn 0.4545 -0.3670 -0.8117
vn 0.1838 -0.8584 0.4789
vn 0.9179 0.3527 0.1819
vn 0.5440 0.8282 -0.1346
vn 0.7619 0.3618 0.5372
vn 0.9015 0.2956 0.3162
vn 0.4611 -0.6478 0.6064
vn 0.8734 0.3608 0.3271
vn 0.2300 0.9726 0.0347
vn 0.9353 -0.1530 0.3191
vn 0.4570 -0.2115 0.8640
vn 0.9923 -0.0360 0.1186
vn 0.3207 0.0825 0.9436
vn 0.0214 -0.3046 0.9522
vn 0.8464 -0.1556 0.5093
vn -0.7397 0.5459 -0.3935
vn 0.8249 -0.1006 -0.5563
vn 0.6842 -0.1451 0.7147
vn 0.3003 0.7871 -0.5389
vn 0.2346 0.1067 0.9662
vn 0.6143 -0.1091 -0.7815
vn 0.8328 0.4652 0.3000
vn 0.6100 -0.0597 0.7901
vn 0.4774 -0.1611 0.8638
vn 0.6811 -0.1056 0.7245
vn 0.0867 -0.9283 0.3615
vn 0.5636 -0.7931 0.2309
vn 0.7581 -0.6465 0.0857
vn 0.2056 -0.9337 0.2931
vn 0.6973 -0.3660 0.6164
vn 0.1092 -0.9172 0.3832
vn 0.9307 -0.1405 0.3379
vn 0.7109 -0.3817 0.5907
vn 0.7378 -0.3338 0.5868
vn 0.2176 -0.9537 0.2075
vn 0.5170 -0.8347 0.1897
vn -0.2657 0.7933 -0.5478
vn 0.4458 0.8614 0.2435
vn 0.9137 0.0441 0.4039
vn 0.6627 -0.6088 0.4361
vn 0.7817 -0.4942 0.3804
vn 0.2624 0.5822 -0.7695
vn -0.4491 -0.1201 0.8854
vn -0.9271 0.3747 -0.0056
vn -0.7721 0.5174 -0.3690
vn -0.4024 0.4162 -0.8154
vn -0.7867 -0.0079 0.6173
vn -0.9488 0.0244 0.3149
vn -0.6095 0.5685 -0.5526
vn -0.3221 0.3738 -0.8698
vn -0.2218 -0.0418 0.9742
vn -0.3899 0.5706 0.7228
vn -0.3549 0.5538 0.7532
vn -0.4552 0.8694 0.1923
vn -0.0767 0.6238 -0.7778
vn -0.2915 0.8812 -0.3721
vn -0.1689 0.6445 -0.7457
vn -0.4050 0.8978 0.1729
vn -0.5214 0.7239 0.4517
vn -0.4832 0.6277 0.6103
vn -0.2528 0.7159 -0.6509
vn -0.3985 0.6603 -0.6366
vn -0.3098 0.6605 -0.6839
vn -0.1210 0.5604 -0.8193
vn -0.1376 0.5026 -0.8535
vn -0.2616 0.5959 -0.7592
vn -0.3945 0.7577 0.5199
vn -0.9244 0.1574 0.3474
vn -0.4521 0.8848 0.1124
vn 0.0127 0.4009 -0.9160
vn 0.0470 0.2721 -0.9611
vn -0.5332 0.4070 0.7417
vn -0.5460 0.1153 0.8298
vn -0.4942 0.0999 0.8636
vn -0.6294 0.7069 -0.3229
vn -0.8130 0.5791 0.0611
vn -0.7851 0.0025 0.6194
vn -0.4442 -0.0935 0.8910
vn -0.5146 0.0025 0.8574
vn -0.2406 -0.2222 0.9448
vn -0.3497 0.5534 0.7559
vn -0.3952 0.7020 0.5925
vn -0.9293 0.3341 0.1571
vn -0.9925 0.1079 0.0570
vn -0.7111 0.1897 0.6770
vn -0.6894 0.4841 0.5389
vn -0.6002 0.6609 0.4506
vn -0.5751 0.8001 0.1706
vn -0.2902 0.7974 -0.5292
vn -0.1831 0.6175 -0.7649
vn -0.1219 0.6152 -0.7789
vn -0.6436 -0.0096 0.7653
vn -0.6458 -0.0170 0.7634
vn -0.6009 0.0020 0.7993
vn -0.1447 0.6526 -0.7438
vn -0.4143 0.8893 -0.1938
vn -0.3028 0.8090 0.5038
vn -0.2092 0.7591 0.6165
vn -0.1526 0.8215 0.5494
vn -0.1660 0.7844 0.5976
vn -0.3189 0.7282 0.6067
vn -0.0014 0.3971 -0.9178
vn -0.1686 0.7234 -0.6695
vn -0.1553 0.6378 -0.7544
vn -0.0812 0.6138 -0.7853
vn -0.3823 0.8495 -0.3636
vn -0.3593 0.8246 -0.4369
vn -0.1686 0.7275 -0.6651
vn -0.1086 0.5728 -0.8124
vn 0.0328 0.5338 -0.8450
vn 0.0559 0.3533 -0.9338
vn -0.3383 -0.2868 0.8963
vn 0.0206 -0.2280 0.9734
vn -0.0611 0.4657 0.8828
vn 0.0973 0.6061 0.7894
vn -0.1605 0.0928 0.9827
vn -0.1422 -0.2370 0.9610
vn -0.1520 -0.3444 0.9264
vn -0.1316 0.3781 -0.9164
vn 0.1552 0.3983 0.9040
vn 0.1337 0.6007 0.7882
vn 0.0462 0.0463 0.9979
vn -0.0591 0.4178 -0.9066
vn -0.1101 0.4762 -0.8724
vn -0.3596 0.1196 -0.9254
vn -0.5827 0.2855 -0.7609
vn -0.7630 0.3634 -0.5346
vn -0.8508 0.2979 -0.4329
vn -0.9365 0.2484 -0.2476
vn -0.9991 0.0376 0.0195
vn -0.9463 -0.0166 0.3230
vn -0.7701 -0.0411 0.6365
vn -0.5931 -0.0454 0.8039
vn -0.5117 -0.2117 0.8327
vn -0.4309 -0.3173 0.8448
vn 0.4594 0.7482 0.4786
vn -0.1083 0.1089 -0.9881
vn 0.5802 0.7863 0.2123
vn -0.5654 0.2325 -0.7914
vn 0.9998 0.0035 -0.0214
vn 0.8907 -0.0880 0.4459
vn -0.0177 -0.8748 0.4842
vn 0.6941 0.0974 0.7133
vn 0.8258 0.1938 0.5296
vn 0.8099 -0.3380 0.4793
vn 0.4807 -0.1494 0.8641
vn 0.1672 0.0216 -0.9857
vn 0.9700 -0.0953 0.2237
vn -0.1579 -0.3697 0.9156
vn 0.7874 0.2012 0.5827
vn -0.4938 -0.3392 0.8007
vn -0.9767 -0.1745 0.1252
vn -0.9569 -0.2471 0.1525
vn -0.9152 -0.3677 0.1649
vn -0.8618 -0.4583 0.2173
vn -0.7177 -0.5627 0.4103
vn -0.6276 -0.6063 0.4884
vn -0.3822 -0.6964 0.6074
vn -0.1307 -0.7449 0.6543
vn -0.1520 -0.1983 0.9683
vn -0.4521 -0.1265 0.8829
vn -0.6514 -0.0420 0.7576
vn -0.6738 -0.0519 0.7371
vn -0.6287 -0.2011 0.7512
vn -0.1251 -0.9053 0.4059
vn -0.2901 -0.8833 0.3683
vn -0.4941 -0.7944 0.3532
vn -0.6187 -0.7169 0.3213
vn -0.6447 -0.7072 0.2903
vn -0.6580 -0.7107 0.2488
vn -0.7285 -0.6802 0.0817
vn -0.7827 -0.6215 0.0343
vn -0.8478 -0.5301 0.0146
vn -0.9472 -0.3197 -0.0258
vn -0.9759 -0.1928 -0.1024
vn -0.3783 0.2401 0.8940
vn -0.4911 -0.0046 0.8711
vn -0.5781 -0.0946 0.8105
vn -0.5757 -0.0969 0.8119
vn -0.4673 -0.2097 0.8589
vn -0.5335 -0.1282 0.8360
vn -0.6469 -0.1718 0.7430
vn -0.7350 -0.1401 0.6635
vn -0.4911 -0.0304 0.8706
vn -0.5806 -0.1074 0.8071
vn -0.6636 -0.0361 0.7472
vn -0.0904 -0.9232 0.3735
vn -0.2713 -0.8989 0.3441
vn -0.4296 -0.8408 0.3294
vn -0.5461 -0.7927 0.2709
vn -0.5865 -0.7733 0.2408
vn -0.6062 -0.7678 0.2074
vn -0.6624 -0.7384 0.1265
vn -0.7611 -0.6445 0.0731
vn -0.8390 -0.5439 0.0161
vn -0.9175 -0.3828 -0.1077
vn -0.9561 -0.2313 -0.1798
vn -0.9218 -0.3618 -0.1390
vn -0.9088 -0.3698 0.1933
vn -0.7791 -0.5569 0.2877
vn -0.6968 -0.6387 0.3263
vn -0.5889 -0.6291 0.5075
vn -0.4961 -0.7653 0.4101
vn -0.4167 -0.8511 0.3193
vn -0.3489 -0.8937 0.2821
vn -0.1996 -0.9336 0.2977
vn -0.0544 -0.9508 0.3051
vn -0.0498 -0.9289 0.3671
vn -0.2840 -0.8991 0.3331
vn -0.3201 -0.7736 0.5468
vn -0.0454 -0.8794 0.4740
vn -0.4070 -0.6077 0.6820
vn -0.2010 -0.7263 0.6573
vn -0.5347 -0.4269 0.7293
vn -0.1443 -0.4670 0.8724
vn -0.4340 -0.4271 0.7932
vn -0.6800 -0.3104 0.6643
vn -0.7428 -0.2889 0.6039
vn -0.6493 -0.3070 0.6958
vn -0.7919 -0.2007 0.5768
vn -0.5669 -0.2770 0.7758
vn -0.7356 -0.1991 0.6475
vn -0.5989 -0.1333 0.7896
vn -0.6937 -0.1796 0.6975
vn -0.7688 -0.1798 0.6137
vn -0.8376 -0.1903 0.5120
vn -0.8152 -0.1784 0.5511
vn -0.7777 -0.1137 0.6182
vn -0.6640 0.0616 0.7452
vn -0.8955 -0.1721 0.4104
vn -0.8523 -0.1971 0.4845
vn -0.7788 -0.1605 0.6065
vn -0.8461 -0.1498 0.5116
vn -0.8983 -0.1995 0.3915
vn -0.9310 -0.1463 0.3343
vn -0.7261 -0.3445 0.5950
vn -0.7381 -0.3222 0.5927
vn -0.7367 -0.4813 0.4751
vn -0.7883 -0.4649 0.4031
vn -0.8104 -0.3237 0.4883
vn -0.9069 -0.2590 0.3325
vn -0.9436 -0.1873 0.2731
vn -0.9617 -0.1348 0.2387
vn -0.9003 -0.1314 0.4150
vn -0.9348 -0.1815 0.3053
vn -0.9528 -0.1356 0.2715
vn -0.9423 -0.0603 0.3292
vn -0.9445 0.0540 0.3240
vn -0.9687 -0.0914 0.2307
vn -0.9558 -0.1594 0.2472
vn -0.9696 -0.1194 0.2138
vn -0.9613 -0.1449 0.2344
vn -0.9824 -0.1776 0.0574
vn -0.9809 -0.1173 0.1554
vn -0.9805 -0.1441 0.1339
vn -0.9947 -0.0978 0.0300
vn -0.9902 -0.1364 -0.0300
vn -0.1900 0.0322 0.9812
vn -0.4254 0.1335 0.8951
vn -0.5465 0.1549 0.8230
vn -0.5922 0.0302 0.8052
vn -0.5769 -0.1488 0.8031
vn -0.6141 -0.1917 0.7656
vn -0.5946 -0.1038 0.7973
vn -0.5036 -0.0587 0.8619
vn -0.4496 -0.1812 0.8747
vn -0.4818 -0.1563 0.8623
vn -0.2461 0.1332 0.9600
vn -0.2049 -0.4282 0.8801
vn -0.0195 -0.8981 -0.4393
vn 0.5718 -0.3116 0.7589
vn -0.8191 0.4648 -0.3362
vn 0.3200 -0.5784 0.7504
vn 0.6096 0.1506 0.7783
vn 0.4387 -0.0123 0.8986
vn 0.8050 0.0114 0.5931
vn 0.3734 -0.6499 0.6619
vn 0.3712 -0.4049 0.8356
vn 0.6744 0.4041 0.6180
vn 0.1165 0.0677 0.9909
vn 0.1425 -0.1897 0.9714
vn 0.2500 -0.2944 0.9224
vn -0.6358 0.2923 -0.7144
vn 0.9224 0.1149 -0.3687
vn 0.9551 -0.1241 0.2690
vn -0.7933 0.5665 -0.2231
vn -0.3741 -0.2067 -0.9041
vn -0.6573 -0.0225 -0.7533
vn 0.9728 -0.1322 0.1902
vn 0.7893 0.4559 0.4113
vn 0.8859 0.3920 0.2479
vn 0.4862 -0.4026 0.7755
vn 0.2775 0.9102 0.3074
vn 0.6673 0.5952 -0.4476
vn 0.6381 -0.6728 -0.3745
vn -0.7953 -0.0649 -0.6028
vn -0.7460 -0.1232 -0.6544
vn -0.6886 -0.3448 -0.6379
vn 0.3221 0.1736 0.9306
vn -0.0481 0.0110 -0.9988
vn 0.8774 0.4209 0.2304
vn 0.7091 0.5087 0.4884
vn -0.6665 -0.3778 -0.6427
vn 0.8139 0.3837 0.4362
vn 0.2310 -0.8319 0.5045
vn -0.0042 0.9851 -0.1722
vn -0.4615 -0.6625 -0.5900
vn -0.0584 -0.0751 -0.9955
vn -0.0206 0.9868 -0.1605
vn 0.6618 -0.2798 0.6955
vn 0.1449 0.9882 -0.0497
vn -0.6340 0.7675 -0.0944
vn 0.9798 0.0708 0.1871
vn 0.8974 -0.1630 0.4100
vn -0.7322 -0.2066 -0.6490
vn -0.6672 0.5008 -0.5513
vn 0.3236 -0.6666 0.6715
vn -0.9207 -0.2711 -0.2806
vn -0.9830 -0.1601 0.0899
vn -0.9061 -0.3763 -0.1932
vn -0.9594 -0.2328 -0.1590
vn -0.9062 -0.4226 0.0123
vn -0.4231 0.0693 0.9034
vn -0.4185 0.2035 0.8852
vn -0.5641 0.3009 0.7690
vn -0.4598 -0.2157 0.8614
vn -0.4549 -0.2365 0.8586
vn -0.4171 -0.1972 0.8872
vn -0.3907 -0.2420 0.8881
vn -0.4341 -0.3058 0.8474
vn -0.2110 0.8611 0.4625
vn -0.4680 0.0332 0.8831
vn 0.0342 0.9833 0.1785
vn 0.3368 0.8138 -0.4736
vn -0.5592 -0.2290 0.7968
vn -0.5132 -0.0547 0.8565
vn -0.2647 0.0391 0.9635
vn -0.2422 -0.0648 0.9681
vn -0.3497 0.2870 0.8918
vn -0.2793 0.1627 0.9463
vn -0.3657 0.3197 0.8741
vn -0.3539 0.3230 0.8777
vn -0.3692 0.2867 0.8840
vn -0.4162 0.1826 0.8907
vn -0.3746 0.2016 0.9050
vn -0.3691 0.3166 0.8738
vn -0.5375 0.3997 0.7425
vn 0.7102 0.0331 0.7032
vn 0.6922 -0.0127 0.7216
vn 0.8045 0.4418 -0.3969
vn 0.3285 0.0120 -0.9444
vn -0.8976 0.0541 -0.4376
vn 0.0571 0.2788 -0.9586
vn -0.1905 -0.5432 -0.8177
vn 0.6593 -0.6745 0.3322
vn 0.5322 -0.2264 0.8158
vn 0.7850 -0.0251 0.6190
vn 0.9175 -0.0743 -0.3907
vn -0.4908 -0.7838 -0.3805
vn 0.0152 -0.7940 -0.6077
vn 0.6013 0.0702 0.7959
vn 0.0433 -0.9289 0.3679
vn 0.3703 -0.0460 0.9278
vn 0.6524 0.5665 0.5035
vn 0.6705 0.4936 0.5538
vn 0.9929 -0.0516 0.1072
vn 0.6835 0.5907 0.4288
vn 0.6978 0.2648 0.6656
vn 0.2230 -0.4083 0.8852
vn 0.6333 0.1976 0.7483
vn 0.7951 -0.3707 0.4800
vn 0.4351 -0.5628 0.7028
vn -0.0172 -0.7276 0.6858
vn 0.4541 -0.2979 0.8397
vn -0.0551 -0.6332 0.7720
vn 0.2453 -0.5679 0.7857
vn 0.7382 -0.1851 0.6487
vn 0.2359 0.6906 0.6837
vn -0.4163 -0.0692 0.9066
vn -0.4838 -0.3161 0.8161
vn -0.7583 -0.2141 0.6157
vn -0.5762 -0.6241 0.5278
vn -0.4925 -0.2952 0.8187
vn -0.1201 -0.8262 0.5503
vn -0.5503 -0.2766 0.7878
vn -0.5783 0.3994 0.7114
vn -0.6580 0.6769 0.3300
vn -0.7914 0.3505 0.5008
vn -0.6756 -0.2312 0.7001
vn -0.5478 0.4017 0.7339
vn -0.5468 0.3525 0.7595
vn -0.2750 -0.8748 0.3989
vn -0.0597 -0.6135 -0.7875
vn -0.0880 -0.5341 -0.8408
vn -0.1286 0.8309 0.5414
vn -0.2972 -0.2259 0.9277
vn -0.1290 0.9908 0.0402
vn 0.6072 0.5166 0.6036
vn 0.2842 -0.7389 0.6110
vn -0.4158 0.3552 0.8372
vn -0.2158 -0.8535 0.4743
vn 0.5070 0.1973 0.8391
vn 0.9551 -0.0611 -0.2901
vn -0.3739 0.5754 0.7274
vn 0.0743 -0.5709 -0.8177
vn -0.1474 0.6635 -0.7335
vn -0.1508 0.5542 -0.8186
vn -0.1407 -0.4418 0.8860
vn -0.2110 0.1165 0.9705
vn -0.3032 0.0765 0.9499
vn -0.3131 0.1935 0.9298
vn -0.0819 0.0465 0.9956
vn -0.1945 -0.3445 0.9184
vn -0.0329 0.2010 0.9790
vn -0.0160 0.2652 0.9641
vn -0.2899 -0.7434 0.6028
vn -0.2884 -0.6402 0.7120
vn 0.0487 -0.8898 -0.4538
vn 0.3272 0.4651 0.8226
vn -0.0598 -0.8442 0.5327
vn -0.1376 0.8942 -0.4260
vn -0.1443 0.7920 -0.5933
vn -0.1307 -0.2758 -0.9523
vn -0.1481 -0.1509 -0.9774
vn -0.9189 0.2829 -0.2748
vn 0.9832 -0.1806 0.0280
vn -0.2189 -0.9146 0.3400
vn -0.2655 -0.9132 0.3093
vn -0.3257 0.1459 0.9341
vn -0.7270 -0.2726 -0.6303
vn 0.7966 -0.2146 0.5651
vn 0.4655 0.8659 -0.1830
vn -0.0416 0.2801 0.9591
vn -0.1528 0.3990 -0.9041
vn -0.1503 0.1807 -0.9720
vn -0.1515 -0.0158 -0.9883
vn -0.3885 0.5777 0.7179
vn 0.1295 -0.1536 -0.9796
vn -0.8603 0.2543 -0.4417
vn -0.1204 0.7125 0.6912
vn 0.3137 -0.4174 -0.8528
vn -0.0935 -0.4885 -0.8675
vn -0.1015 -0.4383 -0.8931
vn 0.0539 0.2329 0.9710
vn 0.0736 -0.3428 -0.9365
vn 0.0295 0.8222 -0.5684
vn -0.0540 -0.4768 -0.8774
vn -0.0197 0.9958 -0.0897
vn 0.6790 0.3660 0.6364
vn -0.1582 -0.2784 0.9474
vn 0.9531 -0.1762 0.2459
vn 0.6090 0.2443 0.7546
vn -0.0572 0.6511 0.7569
vn -0.0775 0.4850 0.8711
vn -0.1245 -0.3589 0.9250
vn -0.1232 0.0533 0.9910
vn -0.1135 -0.4560 0.8827
vn -0.3351 0.5956 0.7301
vn -0.3864 0.6219 0.6811
vn 0.5789 -0.0592 0.8132
vn -0.2476 0.0606 0.9670
vn -0.7286 -0.2470 -0.6389
vn -0.1351 0.9769 0.1657
vn -0.1205 0.9584 0.2586
vn 0.4196 -0.7762 -0.4705
vn 0.5893 -0.1451 0.7948
vn -0.0935 0.8222 -0.5615
vn -0.8839 0.2443 -0.3989
vn 0.9391 -0.0917 0.3312
vn -0.1851 -0.4529 0.8721
vn -0.3181 -0.4667 0.8252
vn -0.6052 -0.1916 0.7727
vn 0.9621 -0.2328 -0.1417
vn 0.4208 -0.1974 0.8854
vn 0.6481 0.0024 0.7615
vn -0.8029 0.2535 0.5395
vn -0.7075 0.2410 0.6643
vn -0.7758 0.3842 0.5006
vn -0.7885 0.4014 0.4659
vn -0.7845 0.4209 0.4554
vn -0.7965 0.4050 0.4489
vn -0.7869 0.4783 0.3899
vn -0.7884 0.4698 0.3971
vn 0.9636 -0.1506 0.2210
vn 0.9870 -0.1481 -0.0620
vn 0.1777 0.1320 0.9752
vn 0.2291 -0.0497 0.9721
vn -0.5967 0.3592 0.7176
vn -0.5763 0.0806 0.8133
vn -0.5564 -0.2446 0.7941
vn -0.4741 -0.5900 0.6535
vn -0.4812 -0.6164 0.6233
vn -0.5200 -0.4611 0.7190
vn -0.4781 -0.7051 0.5237
vn -0.6588 -0.5437 0.5199
vn -0.7650 -0.4089 0.4976
vn -0.7194 -0.5305 0.4484
vn -0.5347 -0.8040 0.2602
vn -0.5090 -0.8132 0.2823
vn -0.5828 -0.7544 0.3022
vn -0.5570 -0.3870 0.7349
vn -0.5460 -0.4590 0.7008
vn -0.8074 -0.2024 0.5542
vn -0.7787 -0.3680 0.5082
vn -0.6840 0.4469 0.5765
vn -0.6796 0.4669 0.5658
vn -0.3699 -0.7937 0.4830
vn -0.2532 -0.8762 0.4101
vn 0.1917 -0.6616 0.7249
vn 0.5504 0.3556 0.7554
vn 0.0065 0.1048 0.9945
vn -0.4567 -0.0477 0.8884
vn -0.0270 0.0582 0.9979
vn 0.1439 0.1973 0.9697
vn -0.6688 0.2785 0.6893
vn -0.2566 0.1319 0.9575
vn -0.2814 0.2086 0.9366
vn -0.9507 0.1238 0.2844
vn -0.4981 -0.8027 0.3280
vn 0.6772 -0.0928 0.7299
vn 0.6421 -0.3769 0.6675
vn 0.8641 -0.4510 -0.2237
vn 0.1996 -0.8222 0.5331
vn 0.6081 -0.2091 0.7658
vn 0.9737 -0.1367 0.1821
vn 0.8000 -0.1955 0.5673
vn 0.2995 0.2927 0.9081
vn 0.9845 -0.1014 0.1431
vn 0.1259 0.9913 0.0392
vn 0.2229 -0.8500 0.4774
vn 0.1536 -0.2541 -0.9549
vn 0.1579 -0.1422 -0.9772
vn 0.2253 -0.9189 0.3239
vn 0.3748 0.2908 0.8803
vn 0.2575 0.1707 0.9511
vn 0.4794 0.0219 0.8773
vn 0.3956 -0.2713 0.8774
vn 0.5571 0.0714 0.8274
vn -0.3859 0.7798 -0.4930
vn 0.4787 -0.0474 0.8767
vn -0.0620 -0.5738 -0.8166
vn 0.1495 0.5515 -0.8206
vn -0.0640 0.1648 0.9843
vn 0.1841 -0.7853 0.5911
vn 0.1846 -0.9089 0.3740
vn 0.0928 -0.5875 -0.8039
vn 0.1538 0.9066 -0.3929
vn 0.4502 -0.1677 0.8770
vn 0.6709 -0.2542 0.6966
vn 0.4003 0.1936 0.8957
vn 0.5363 0.3841 0.7516
vn 0.6566 0.6461 0.3891
vn 0.0998 -0.4498 0.8875
vn 0.1679 0.1292 0.9773
vn 0.9497 0.0477 0.3094
vn 0.4693 -0.1620 0.8681
vn 0.3144 0.3035 0.8995
vn 0.9644 -0.2414 -0.1078
vn 0.9193 -0.2953 -0.2602
vn -0.2448 -0.4622 0.8523
vn -0.2477 -0.4261 0.8701
vn -0.2188 -0.1261 0.9676
vn -0.1194 -0.0085 0.9928
vn 0.5060 -0.3874 0.7706
vn 0.2066 -0.4327 0.8775
vn -0.0137 -0.6329 0.7741
vn 0.0348 -0.6207 0.7833
vn -0.0079 0.6958 0.7182
vn -0.0286 -0.9108 0.4118
vn -0.1403 -0.3758 0.9160
vn -0.2192 -0.1632 0.9619
vn -0.0615 0.1904 0.9798
vn -0.0244 0.5770 0.8164
vn -0.0042 -0.3986 0.9171
vn -0.1555 -0.9288 0.3363
vn -0.2002 -0.6794 -0.7059
vn -0.1695 -0.9647 0.2014
vn 0.1812 0.4192 0.8896
vn 0.1069 -0.4782 -0.8717
vn 0.0681 -0.4680 -0.8811
vn 0.0282 0.9942 -0.1037
vn 0.1577 -0.0126 -0.9874
vn 0.1523 0.3971 -0.9050
vn 0.0483 0.0995 0.9939
vn 0.2573 0.1501 0.9546
vn 0.1357 -0.4032 -0.9050
vn 0.2767 0.6020 0.7491
vn 0.0421 -0.2405 0.9697
vn 0.0639 -0.3793 0.9230
vn 0.1117 0.9773 0.1803
vn 0.6859 0.1912 0.7021
vn 0.8156 0.2138 0.5377
vn 0.5728 0.3583 0.7372
vn -0.2503 -0.2870 0.9246
vn 0.6595 0.5451 0.5175
vn -0.8516 0.3226 0.4132
vn -0.0292 0.2218 0.9747
vn -0.1367 -0.0651 0.9885
vn 0.0139 -0.5863 0.8100
vn -0.3654 0.2545 0.8954
vn 0.8193 0.4515 0.3533
vn 0.0079 0.5672 0.8235
vn 0.3067 0.2444 0.9199
vn -0.0829 0.2750 0.9579
vn 0.6499 0.2682 0.7111
vn -0.3259 0.4700 0.8203
vn -0.3031 0.3155 0.8992
vn -0.3522 0.6836 0.6393
vn -0.3425 0.6143 0.7109
vn -0.3467 0.7896 0.5063
vn -0.3568 0.7362 0.5751
vn -0.4059 0.8415 0.3566
vn -0.4520 0.7910 0.4124
vn -0.8973 0.1293 0.4220
vn -0.8764 -0.0908 0.4730
vn -0.7387 0.2713 0.6170
vn -0.8300 0.2708 0.4876
vn -0.6585 0.2396 0.7134
vn -0.3804 -0.3281 0.8647
vn -0.5671 0.2932 0.7697
vn -0.2686 0.3326 0.9040
vn -0.4402 0.3195 0.8391
vn -0.4097 0.2959 0.8629
vn -0.3476 0.0443 0.9366
vn -0.2737 0.2750 0.9217
vn -0.8307 -0.2937 0.4729
vn -0.9024 -0.0747 0.4243
vn -0.8958 0.1876 0.4030
vn -0.7517 0.4395 0.4918
vn -0.5652 0.5224 0.6385
vn -0.5921 -0.3825 0.7093
vn -0.7701 -0.1315 0.6242
vn 0.3225 0.4772 0.8175
vn -0.2704 0.4202 0.8662
vn -0.1085 0.3739 0.9211
vn -0.5674 0.3623 0.7395
vn -0.4997 0.2765 0.8209
vn -0.4495 0.2248 0.8645
vn -0.6006 0.3748 0.7063
vn -0.5840 0.3836 0.7154
vn -0.3216 0.1988 0.9258
vn -0.1979 0.2837 0.9383
vn 0.7930 -0.3966 0.4625
vn 0.1722 -0.9269 0.3334
vn -0.6840 0.3275 0.6518
vn -0.7439 0.0777 0.6638
vn -0.8745 -0.2086 0.4379
vn -0.7776 -0.2614 0.5719
vn 0.6659 0.2597 0.6994
vn -0.2786 0.9417 -0.1888
vn -0.1136 0.9621 -0.2481
vn 0.4511 -0.8455 0.2858
vn -0.3740 0.9177 0.1339
vn -0.3800 0.8943 0.2363
vn -0.3442 0.9308 -0.1232
vn -0.2807 0.9590 0.0377
vn -0.6613 0.3712 0.6519
vn 0.2056 -0.1076 0.9727
vn 0.3460 0.7924 0.5024
vn 0.3416 0.6227 0.7040
vn 0.5709 -0.4652 0.6765
vn 0.8339 -0.1293 0.5365
vn 0.9140 0.1544 0.3752
vn 0.5125 0.2729 0.8142
vn -0.0734 0.0943 0.9928
vn 0.7164 -0.5180 0.4674
vn 0.0582 -0.2376 0.9696
vn 0.0143 -0.0862 0.9962
vn 0.5920 0.3874 0.7067
vn 0.2823 0.1965 0.9390
vn 0.5986 0.3755 0.7076
vn 0.7664 0.3977 0.5044
vn 0.5776 -0.1782 0.7966
vn 0.6499 -0.6747 0.3499
vn 0.7963 0.4318 0.4236
vn 0.8460 0.2012 0.4937
vn 0.5189 -0.8220 0.2346
vn 0.6452 0.0507 0.7623
vn 0.4352 0.3419 0.8329
vn 0.8115 -0.1903 0.5525
vn 0.3520 0.6897 0.6328
vn 0.7531 0.2596 0.6045
vn 0.4630 0.7953 0.3913
vn 0.0979 -0.3811 0.9193
vn 0.8444 0.3500 0.4056
vn 0.5305 -0.5783 0.6198
vn -0.0342 -0.5803 0.8137
vn 0.8690 0.3045 0.3900
vn 0.3015 0.1925 0.9338
vn 0.3442 0.0655 0.9366
vn 0.8969 -0.2981 0.3267
vn 0.9187 -0.2701 0.2881
vn 0.9567 -0.1385 0.2560
vn 0.9639 -0.1531 0.2177
vn 0.9094 -0.1388 0.3920
vn 0.9566 -0.1379 0.2566
vn -0.6033 0.1994 0.7722
vn -0.5197 0.2550 0.8154
vn -0.4102 0.0148 0.9119
vn -0.3369 0.1150 0.9345
vn -0.0874 -0.1212 0.9888
vn -0.0541 0.0249 0.9982
vn -0.1189 -0.3075 0.9441
vn 0.1455 0.2220 0.9641
vn -0.0235 0.1438 0.9893
vn 0.6551 0.2595 0.7096
vn 0.3826 0.8944 0.2315
vn -0.3347 -0.4249 0.8411
vn -0.5814 -0.3141 0.7505
vn -0.5797 -0.0415 0.8138
vn -0.4442 0.0231 0.8956
vn -0.5655 0.0502 0.8232
vn -0.3525 -0.2229 0.9089
vn -0.5285 -0.3371 0.7791
vn -0.4715 -0.1334 0.8717
vn -0.3096 -0.5500 0.7757
vn -0.3156 -0.3812 0.8689
vn -0.5480 0.1730 0.8184
vn -0.5810 0.0631 0.8114
vn -0.4829 0.2738 0.8318
vn -0.2878 0.1741 0.9417
vn 0.2458 -0.3101 0.9184
vn 0.6011 -0.3180 0.7331
vn 0.4635 -0.1369 0.8754
vn 0.5876 0.0723 0.8059
vn 0.2955 0.9344 -0.1990
vn 0.3624 0.9213 0.1412
vn 0.6132 0.2161 0.7598
vn 0.3127 0.1126 0.9432
vn -0.0572 0.1345 0.9893
vn -0.0454 0.0248 0.9987
vn 0.2523 -0.2576 0.9327
vn 0.3846 -0.1153 0.9159
vn 0.3437 0.9306 -0.1259
vn 0.5091 0.2735 0.8161
vn 0.2743 0.1643 0.9475
vn 0.1526 0.7609 0.6306
vn 0.0692 -0.8277 0.5569
vn 0.6248 -0.0779 0.7769
vn 0.6143 0.0719 0.7858
vn 0.1429 0.7516 0.6440
vn 0.1327 0.7254 0.6754
vn 0.2169 0.7470 0.6284
vn 0.1455 -0.8646 0.4809
vn 0.5237 -0.5206 0.6744
vn 0.1031 -0.8511 0.5148
vn -0.0054 -0.6718 0.7407
vn 0.1513 0.7568 0.6359
vn 0.1636 -0.8643 0.4755
vn 0.1773 -0.8582 0.4817
vn 0.1742 -0.8595 0.4806
vn 0.5645 0.2800 0.7765
vn 0.6248 -0.0383 0.7799
vn 0.1503 0.7578 0.6349
vn 0.0094 -0.7259 0.6877
vn 0.0350 0.3661 0.9299
vn 0.1844 0.7612 0.6217
vn 0.1909 0.7598 0.6215
vn 0.1615 0.7601 0.6294
vn -0.0288 -0.1949 0.9804
vn 0.3749 0.6031 0.7041
vn 0.5922 0.1962 0.7815
vn 0.4976 -0.5673 0.6561
vn 0.0868 0.5954 0.7987
vn -0.0200 -0.0456 0.9988
vn -0.0256 -0.4873 0.8728
vn -0.1326 0.7681 0.6265
vn -0.1409 0.7754 0.6155
vn -0.6398 0.0500 0.7669
vn 0.0480 -0.6981 0.7144
vn 0.0714 -0.5059 0.8597
vn -0.5913 0.2604 0.7633
vn -0.3759 0.6240 0.6851
vn -0.0000 0.3703 0.9289
vn -0.5432 -0.5257 0.6547
vn 0.0745 -0.1920 0.9786
vn -0.1502 -0.8907 0.4290
vn -0.0616 0.6076 0.7918
vn -0.0326 -0.8580 0.5126
vn -0.0673 -0.8809 0.4684
vn -0.2081 0.7687 0.6048
vn -0.1230 -0.8936 0.4316
vn -0.1303 0.7623 0.6340
vn -0.1071 0.7230 0.6825
vn -0.1531 0.7776 0.6098
vn -0.6381 0.0632 0.7673
vn -0.5036 -0.5952 0.6262
vn -0.1495 -0.8909 0.4288
vn -0.6445 -0.0413 0.7635
vn -0.1436 0.7746 0.6159
vn 0.0320 -0.7535 0.6567
vn -0.1810 0.7792 0.6001
vn 0.0651 -0.0557 0.9963
vn -0.6210 0.1664 0.7659
vn -0.1340 -0.8936 0.4283
vn -0.1891 0.7775 0.5997
vn -0.3122 0.0294 0.9496
vn -0.4205 0.0416 0.9063
vn -0.1940 0.0174 0.9809
vn -0.4053 0.1224 0.9059
vn -0.1864 0.0551 0.9809
vn -0.3000 0.0906 0.9496
vn -0.3738 0.1981 0.9061
vn -0.1715 0.0918 0.9809
vn -0.2768 0.1464 0.9497
vn -0.3275 0.2669 0.9064
vn -0.1509 0.1225 0.9809
vn -0.2420 0.1981 0.9498
vn -0.2670 0.3274 0.9064
vn -0.1218 0.1512 0.9810
vn -0.1978 0.2424 0.9498
vn -0.1986 0.3730 0.9063
vn -0.0899 0.1718 0.9810
vn -0.1467 0.2764 0.9498
vn -0.1229 0.4048 0.9061
vn -0.0568 0.1856 0.9810
vn -0.0914 0.2987 0.9499
vn -0.0425 0.4207 0.9062
vn -0.0195 0.1930 0.9810
vn -0.0305 0.3109 0.9500
vn 0.0430 0.4199 0.9065
vn 0.0190 0.1937 0.9809
vn 0.0306 0.3111 0.9499
vn 0.1231 0.4052 0.9059
vn 0.0547 0.1867 0.9809
vn 0.0914 0.2990 0.9499
vn 0.1988 0.3733 0.9062
vn 0.0919 0.1715 0.9809
vn 0.1470 0.2767 0.9497
vn 0.2684 0.3275 0.9059
vn 0.1224 0.1511 0.9809
vn 0.1981 0.2425 0.9497
vn 0.3277 0.2682 0.9059
vn 0.1505 0.1232 0.9809
vn 0.2430 0.1983 0.9496
vn 0.3733 0.1993 0.9060
vn 0.1710 0.0926 0.9809
vn 0.2767 0.1479 0.9495
vn 0.4057 0.1225 0.9058
vn 0.1864 0.0549 0.9809
vn 0.3000 0.0911 0.9496
vn 0.4204 0.0401 0.9065
vn 0.1941 0.0158 0.9808
vn 0.3127 0.0268 0.9495
vn 0.4203 -0.0453 0.9063
vn 0.1935 -0.0261 0.9808
vn 0.3117 -0.0351 0.9495
vn 0.4042 -0.1245 0.9062
vn 0.1865 -0.0610 0.9806
vn 0.2999 -0.0944 0.9493
vn 0.3721 -0.1994 0.9065
vn 0.1709 -0.0963 0.9806
vn 0.2757 -0.1483 0.9497
vn 0.3282 -0.2668 0.9062
vn 0.1556 -0.1192 0.9806
vn 0.2440 -0.1957 0.9498
vn 0.2695 -0.3254 0.9064
vn 0.1253 -0.1498 0.9807
vn 0.2008 -0.2399 0.9498
vn 0.2003 -0.3725 0.9062
vn 0.0951 -0.1699 0.9809
vn 0.1483 -0.2749 0.9500
vn 0.1248 -0.4030 0.9067
vn 0.0583 -0.1853 0.9809
vn 0.0920 -0.2998 0.9495
vn 0.0427 -0.4199 0.9066
vn 0.0206 -0.1928 0.9810
vn 0.0331 -0.3116 0.9496
vn -0.0401 -0.4200 0.9066
vn -0.0180 -0.1931 0.9810
vn -0.0295 -0.3113 0.9499
vn -0.1235 -0.4035 0.9066
vn -0.0562 -0.1855 0.9810
vn -0.0910 -0.2990 0.9499
vn -0.1992 -0.3726 0.9064
vn -0.0918 -0.1713 0.9809
vn -0.1449 -0.2758 0.9502
vn -0.2685 -0.3264 0.9063
vn -0.1226 -0.1509 0.9809
vn -0.1999 -0.2392 0.9502
vn -0.3288 -0.2664 0.9060
vn -0.1522 -0.1206 0.9810
vn -0.2439 -0.1967 0.9496
vn -0.3736 -0.1984 0.9061
vn -0.1728 -0.0898 0.9809
vn -0.2773 -0.1467 0.9495
vn -0.4040 -0.1237 0.9064
vn -0.1857 -0.0583 0.9809
vn -0.3006 -0.0913 0.9494
vn -0.0662 0.0060 0.9978
vn -0.0641 0.0165 0.9978
vn -0.0582 0.0307 0.9978
vn -0.0506 0.0421 0.9978
vn -0.0401 0.0526 0.9978
vn -0.0285 0.0604 0.9978
vn -0.0199 0.0639 0.9978
vn -0.0078 0.0663 0.9978
vn 0.0032 0.0663 0.9978
vn 0.0180 0.0634 0.9978
vn 0.0300 0.0584 0.9978
vn 0.0430 0.0497 0.9978
vn 0.0482 0.0445 0.9978
vn 0.0580 0.0297 0.9979
vn 0.0626 0.0186 0.9979
vn 0.0660 0.0015 0.9978
vn 0.0660 -0.0145 0.9977
vn 0.0635 -0.0270 0.9976
vn 0.0589 -0.0379 0.9975
vn 0.0581 -0.0392 0.9975
vn 0.0453 -0.0518 0.9976
vn 0.0374 -0.0571 0.9977
vn 0.0196 -0.0645 0.9977
vn 0.0109 -0.0662 0.9977
vn -0.0073 -0.0662 0.9978
vn -0.0179 -0.0641 0.9978
vn -0.0298 -0.0592 0.9978
vn -0.0430 -0.0505 0.9978
vn -0.0538 -0.0397 0.9978
vn -0.0602 -0.0302 0.9977
vn -0.0638 -0.0217 0.9977
vn -0.4205 -0.0429 0.9063
vn -0.1939 -0.0204 0.9808
vn -0.3123 -0.0329 0.9494
vn -0.0662 -0.0101 0.9978
vn -0.8624 0.0849 -0.4991
vn -0.9929 0.0969 -0.0697
vn -0.9336 0.0922 0.3462
vn -0.7566 0.0735 0.6498
vn -0.4630 0.0449 -0.8852
vn -0.7571 0.0751 -0.6490
vn -0.9337 0.0918 -0.3460
vn -0.9929 0.0980 0.0681
vn -0.8625 0.0850 0.4989
vn -0.6240 0.0615 0.7790
vn -0.2859 0.0273 -0.9579
vn -0.6229 0.0614 -0.7799
vn -0.8300 0.2509 0.4981
vn -0.6009 0.1805 0.7787
vn -0.2751 0.0834 -0.9578
vn -0.5991 0.1818 -0.7798
vn -0.8293 0.2510 -0.4993
vn -0.9548 0.2892 -0.0690
vn -0.8979 0.2723 0.3458
vn -0.7280 0.2205 0.6491
vn -0.4452 0.1354 -0.8852
vn -0.7279 0.2195 -0.6496
vn -0.8978 0.2714 -0.3469
vn -0.9547 0.2896 0.0678
vn -0.7650 0.4078 0.4984
vn -0.5537 0.2951 0.7787
vn -0.2532 0.1361 -0.9578
vn -0.5518 0.2941 -0.7804
vn -0.7647 0.4075 -0.4992
vn -0.8802 0.4695 -0.0687
vn -0.8278 0.4417 0.3459
vn -0.6712 0.3577 0.6493
vn -0.4106 0.2189 -0.8852
vn -0.6712 0.3576 -0.6493
vn -0.8277 0.4414 -0.3466
vn -0.8807 0.4687 0.0687
vn -0.6703 0.5496 0.4987
vn -0.4854 0.3972 0.7789
vn -0.2226 0.1818 -0.9578
vn -0.4842 0.3953 -0.7806
vn -0.6702 0.5490 -0.4994
vn -0.7717 0.6321 -0.0695
vn -0.7262 0.5943 0.3455
vn -0.5878 0.4824 0.6494
vn -0.3598 0.2948 -0.8852
vn -0.5893 0.4814 -0.6488
vn -0.7256 0.5943 -0.3468
vn -0.7714 0.6327 0.0681
vn -0.5509 0.6690 0.4989
vn -0.3976 0.4849 0.7789
vn -0.1829 0.2213 -0.9579
vn -0.3971 0.4827 -0.7806
vn -0.5508 0.6685 -0.4998
vn -0.6344 0.7699 -0.0694
vn -0.5961 0.7243 0.3465
vn -0.4836 0.5873 0.6490
vn -0.2960 0.3584 -0.8854
vn -0.4827 0.5873 -0.6496
vn -0.5963 0.7239 -0.3470
vn -0.6349 0.7696 0.0680
vn -0.4090 0.7641 0.4990
vn -0.2953 0.5532 0.7790
vn -0.1349 0.2528 -0.9581
vn -0.2950 0.5506 -0.7809
vn -0.4094 0.7632 -0.4999
vn -0.4718 0.8790 -0.0693
vn -0.4431 0.8264 0.3474
vn -0.3589 0.6700 0.6498
vn -0.2196 0.4094 -0.8855
vn -0.3592 0.6699 -0.6498
vn -0.4428 0.8266 -0.3474
vn -0.4715 0.8792 0.0686
vn -0.2526 0.8284 0.4999
vn -0.1821 0.5994 0.7795
vn -0.0852 0.2734 -0.9581
vn -0.1826 0.5977 -0.7806
vn -0.2523 0.8286 -0.4997
vn -0.2904 0.9544 -0.0693
vn -0.2731 0.8970 0.3475
vn -0.2207 0.7268 0.6504
vn -0.1361 0.4439 -0.8857
vn -0.2208 0.7270 -0.6502
vn -0.2738 0.8969 -0.3473
vn -0.2904 0.9544 0.0688
vn -0.0857 0.8616 0.5003
vn -0.0609 0.6235 0.7795
vn -0.0274 0.2853 -0.9580
vn -0.0614 0.6219 -0.7807
vn -0.0859 0.8615 -0.5004
vn -0.0985 0.9927 -0.0694
vn -0.0927 0.9333 0.3470
vn -0.0747 0.7561 0.6502
vn -0.0451 0.4620 -0.8857
vn -0.0750 0.7557 -0.6506
vn -0.0932 0.9332 -0.3471
vn -0.0985 0.9928 0.0689
vn 0.0856 0.8616 0.5003
vn 0.0619 0.6234 0.7794
vn 0.0269 0.2851 -0.9581
vn 0.0611 0.6219 -0.7807
vn 0.0851 0.8619 -0.5000
vn 0.0980 0.9928 -0.0693
vn 0.0925 0.9333 0.3471
vn 0.0747 0.7555 0.6509
vn 0.0447 0.4620 -0.8858
vn 0.0747 0.7558 -0.6505
vn 0.0928 0.9332 -0.3471
vn 0.0985 0.9928 0.0686
vn 0.2526 0.8284 0.4999
vn 0.1818 0.5998 0.7792
vn 0.0849 0.2730 -0.9582
vn 0.1824 0.5979 -0.7805
vn 0.2517 0.8289 -0.4996
vn 0.2900 0.9545 -0.0690
vn 0.2732 0.8970 0.3475
vn 0.2207 0.7266 0.6506
vn 0.1351 0.4445 -0.8855
vn 0.2200 0.7268 -0.6507
vn 0.2729 0.8970 -0.3476
vn 0.2898 0.9546 0.0690
vn 0.4085 0.7642 0.4991
vn 0.2950 0.5529 0.7793
vn 0.1323 0.2535 -0.9583
vn 0.2940 0.5508 -0.7811
vn 0.4090 0.7634 -0.4999
vn 0.4718 0.8790 -0.0690
vn 0.4430 0.8265 0.3474
vn 0.3589 0.6699 0.6499
vn 0.2194 0.4097 -0.8854
vn 0.3582 0.6699 -0.6503
vn 0.4425 0.8270 -0.3469
vn 0.4716 0.8791 0.0688
vn 0.5502 0.6689 0.4998
vn 0.3971 0.4848 0.7793
vn 0.1834 0.2202 -0.9580
vn 0.3965 0.4828 -0.7808
vn 0.5505 0.6687 -0.4997
vn 0.6342 0.7701 -0.0694
vn 0.5961 0.7245 0.3461
vn 0.4831 0.5868 0.6498
vn 0.2956 0.3584 -0.8855
vn 0.4827 0.5878 -0.6492
vn 0.5962 0.7242 -0.3465
vn 0.6344 0.7699 0.0685
vn 0.6696 0.5495 0.4997
vn 0.4848 0.3967 0.7795
vn 0.2208 0.1830 -0.9580
vn 0.4839 0.3953 -0.7808
vn 0.6701 0.5489 -0.4997
vn 0.7716 0.6323 -0.0696
vn 0.7253 0.5952 0.3459
vn 0.5878 0.4832 0.6489
vn 0.3592 0.2952 -0.8853
vn 0.5887 0.4807 -0.6498
vn 0.7256 0.5945 -0.3464
vn 0.7713 0.6328 0.0686
vn 0.7644 0.4082 0.4991
vn 0.5529 0.2948 0.7794
vn 0.2531 0.1356 -0.9579
vn 0.5519 0.2940 -0.7804
vn 0.7645 0.4075 -0.4995
vn 0.8799 0.4700 -0.0695
vn 0.8280 0.4417 0.3455
vn 0.6706 0.3583 0.6495
vn 0.4104 0.2186 -0.8853
vn 0.6709 0.3572 -0.6498
vn 0.8276 0.4415 -0.3466
vn 0.8806 0.4690 0.0678
vn 0.8291 0.2515 0.4994
vn 0.5992 0.1816 0.7797
vn 0.2748 0.0835 -0.9579
vn 0.5988 0.1812 -0.7801
vn 0.8292 0.2508 -0.4995
vn 0.9548 0.2893 -0.0689
vn 0.8981 0.2724 0.3454
vn 0.7274 0.2205 0.6498
vn 0.4451 0.1349 -0.8853
vn 0.7278 0.2198 -0.6497
vn 0.8976 0.2709 -0.3477
vn 0.9547 0.2897 0.0681
vn 0.8624 0.0850 0.4990
vn 0.6224 0.0630 0.7802
vn 0.2860 0.0276 -0.9578
vn 0.6226 0.0615 -0.7801
vn 0.8623 0.0850 -0.4992
vn 0.9929 0.0971 -0.0693
vn 0.9340 0.0930 0.3450
vn 0.7564 0.0751 0.6497
vn 0.4631 0.0440 -0.8852
vn 0.7569 0.0750 -0.6492
vn 0.9334 0.0920 -0.3470
vn 0.9929 0.0974 0.0682
vn 0.8624 -0.0853 0.4990
vn 0.6223 -0.0642 0.7801
vn 0.2860 -0.0279 -0.9578
vn 0.6229 -0.0612 -0.7799
vn 0.8623 -0.0849 -0.4993
vn 0.9928 -0.0976 -0.0690
vn 0.9340 -0.0932 0.3449
vn 0.7562 -0.0758 0.6500
vn 0.4630 -0.0441 -0.8853
vn 0.7569 -0.0750 -0.6492
vn 0.9334 -0.0917 -0.3469
vn 0.9929 -0.0978 0.0678
vn 0.8288 -0.2522 0.4995
vn 0.5976 -0.1836 0.7805
vn 0.2750 -0.0831 -0.9578
vn 0.5988 -0.1818 -0.7800
vn 0.8293 -0.2509 -0.4993
vn 0.9549 -0.2889 -0.0689
vn 0.8979 -0.2729 0.3454
vn 0.7266 -0.2223 0.6502
vn 0.4450 -0.1352 -0.8853
vn 0.7278 -0.2194 -0.6497
vn 0.8979 -0.2714 -0.3467
vn 0.9547 -0.2898 0.0679
vn 0.7633 -0.4092 0.5000
vn 0.5520 -0.2951 0.7799
vn 0.2529 -0.1363 -0.9578
vn 0.5518 -0.2932 -0.7807
vn 0.7645 -0.4078 -0.4992
vn 0.8799 -0.4701 -0.0684
vn 0.8276 -0.4424 0.3455
vn 0.6701 -0.3587 0.6499
vn 0.4107 -0.2179 -0.8853
vn 0.6712 -0.3576 -0.6493
vn 0.8275 -0.4418 -0.3465
vn 0.8804 -0.4691 0.0688
vn 0.6702 -0.5491 0.4993
vn 0.4839 -0.3968 0.7800
vn 0.2212 -0.1820 -0.9581
vn 0.4842 -0.3954 -0.7806
vn 0.6700 -0.5490 -0.4997
vn 0.7716 -0.6324 -0.0694
vn 0.7254 -0.5947 0.3465
vn 0.5875 -0.4826 0.6496
vn 0.3597 -0.2943 -0.8855
vn 0.5886 -0.4812 -0.6495
vn 0.7263 -0.5942 -0.3456
vn 0.7714 -0.6326 0.0691
vn 0.5499 -0.6690 0.5000
vn 0.3979 -0.4836 0.7796
vn 0.1832 -0.2199 -0.9582
vn 0.3966 -0.4829 -0.7807
vn 0.5504 -0.6690 -0.4996
vn 0.6349 -0.7696 -0.0689
vn 0.5960 -0.7241 0.3471
vn 0.4830 -0.5870 0.6497
vn 0.2958 -0.3585 -0.8854
vn 0.4826 -0.5875 -0.6496
vn 0.5960 -0.7248 -0.3457
vn 0.6346 -0.7698 0.0689
vn 0.4094 -0.7629 0.5003
vn 0.2959 -0.5518 0.7797
vn 0.1344 -0.2528 -0.9581
vn 0.2938 -0.5506 -0.7813
vn 0.4093 -0.7633 -0.4998
vn 0.4712 -0.8794 -0.0684
vn 0.4433 -0.8263 0.3475
vn 0.3592 -0.6699 0.6498
vn 0.2188 -0.4100 -0.8855
vn 0.3592 -0.6700 -0.6497
vn 0.4429 -0.8265 -0.3476
vn 0.4708 -0.8795 0.0691
vn 0.2527 -0.8282 0.5003
vn 0.1826 -0.5991 0.7796
vn 0.0841 -0.2736 -0.9582
vn 0.1820 -0.5975 -0.7809
vn 0.2527 -0.8285 -0.4998
vn 0.2906 -0.9544 -0.0680
vn 0.2729 -0.8970 0.3477
vn 0.2223 -0.7268 0.6499
vn 0.1350 -0.4445 -0.8855
vn 0.2203 -0.7268 -0.6505
vn 0.2739 -0.8971 -0.3467
vn 0.2900 -0.9546 0.0684
vn 0.0850 -0.8618 0.5001
vn 0.0620 -0.6232 0.7796
vn 0.0272 -0.2852 -0.9581
vn 0.0623 -0.6212 -0.7812
vn 0.0853 -0.8618 -0.5000
vn 0.0973 -0.9930 -0.0676
vn 0.0922 -0.9334 0.3468
vn 0.0749 -0.7557 0.6506
vn 0.0443 -0.4614 -0.8861
vn 0.0745 -0.7558 -0.6505
vn 0.0919 -0.9335 -0.3465
vn 0.0968 -0.9930 0.0683
vn -0.0846 -0.8618 0.5001
vn -0.0610 -0.6232 0.7796
vn -0.0275 -0.2852 -0.9581
vn -0.0624 -0.6211 -0.7812
vn -0.0853 -0.8619 -0.4998
vn -0.0973 -0.9930 -0.0677
vn -0.0916 -0.9334 0.3470
vn -0.0737 -0.7557 0.6507
vn -0.0444 -0.4614 -0.8861
vn -0.0744 -0.7558 -0.6506
vn -0.0921 -0.9335 -0.3466
vn -0.0962 -0.9930 0.0683
vn -0.2524 -0.8286 0.4998
vn -0.1823 -0.5996 0.7793
vn -0.0844 -0.2736 -0.9581
vn -0.1821 -0.5973 -0.7811
vn -0.2526 -0.8285 -0.4998
vn -0.2900 -0.9546 -0.0685
vn -0.2725 -0.8970 0.3480
vn -0.2216 -0.7266 0.6503
vn -0.1353 -0.4444 -0.8856
vn -0.2208 -0.7269 -0.6503
vn -0.2734 -0.8971 -0.3470
vn -0.2898 -0.9547 0.0683
vn -0.4087 -0.7637 0.4997
vn -0.2953 -0.5528 0.7792
vn -0.1346 -0.2528 -0.9581
vn -0.2943 -0.5506 -0.7812
vn -0.4097 -0.7630 -0.5000
vn -0.4716 -0.8791 -0.0692
vn -0.4429 -0.8264 0.3477
vn -0.3589 -0.6702 0.6497
vn -0.2199 -0.4094 -0.8855
vn -0.3591 -0.6699 -0.6498
vn -0.4430 -0.8263 -0.3478
vn -0.4705 -0.8797 0.0682
vn -0.5507 -0.6688 0.4994
vn -0.3973 -0.4847 0.7792
vn -0.1831 -0.2209 -0.9580
vn -0.3966 -0.4829 -0.7807
vn -0.5501 -0.6691 -0.4997
vn -0.6344 -0.7699 -0.0693
vn -0.5966 -0.7237 0.3469
vn -0.4835 -0.5875 0.6489
vn -0.2958 -0.3583 -0.8855
vn -0.4828 -0.5875 -0.6494
vn -0.5958 -0.7245 -0.3465
vn -0.6348 -0.7696 0.0689
vn -0.6703 -0.5491 0.4992
vn -0.4854 -0.3960 0.7795
vn -0.2226 -0.1815 -0.9579
vn -0.4843 -0.3952 -0.7806
vn -0.6705 -0.5487 -0.4993
vn -0.7721 -0.6317 -0.0695
vn -0.7256 -0.5946 0.3464
vn -0.5885 -0.4826 0.6487
vn -0.3596 -0.2943 -0.8855
vn -0.5889 -0.4809 -0.6495
vn -0.7262 -0.5939 -0.3464
vn -0.7716 -0.6323 0.0689
vn -0.7644 -0.4078 0.4994
vn -0.5537 -0.2944 0.7789
vn -0.2536 -0.1343 -0.9579
vn -0.5521 -0.2928 -0.7806
vn -0.7646 -0.4076 -0.4993
vn -0.8799 -0.4700 -0.0693
vn -0.8279 -0.4414 0.3460
vn -0.6711 -0.3575 0.6495
vn -0.4108 -0.2187 -0.8851
vn -0.6714 -0.3572 -0.6493
vn -0.8279 -0.4412 -0.3464
vn -0.8807 -0.4687 0.0681
vn -0.8296 -0.2509 0.4988
vn -0.6000 -0.1821 0.7790
vn -0.2751 -0.0825 -0.9579
vn -0.5990 -0.1815 -0.7799
vn -0.8296 -0.2504 -0.4990
vn -0.9551 -0.2884 -0.0683
vn -0.8979 -0.2723 0.3458
vn -0.7275 -0.2207 0.6496
vn -0.4456 -0.1347 -0.8850
vn -0.7280 -0.2192 -0.6496
vn -0.8979 -0.2707 -0.3472
vn -0.9548 -0.2893 0.0683
vn -0.0966 0.0097 -0.9953
vn -0.0931 0.0276 -0.9953
vn -0.0853 0.0465 -0.9953
vn -0.0755 0.0611 -0.9953
vn -0.0617 0.0749 -0.9953
vn -0.0462 0.0852 -0.9953
vn -0.0286 0.0925 -0.9953
vn -0.0092 0.0963 -0.9953
vn 0.0091 0.0963 -0.9953
vn 0.0283 0.0925 -0.9953
vn 0.0438 0.0861 -0.9953
vn 0.0615 0.0743 -0.9953
vn 0.0743 0.0615 -0.9953
vn 0.0847 0.0460 -0.9953
vn 0.0922 0.0278 -0.9954
vn 0.0959 0.0090 -0.9953
vn 0.0959 -0.0091 -0.9953
vn 0.0922 -0.0276 -0.9954
vn 0.0845 -0.0460 -0.9954
vn 0.0745 -0.0610 -0.9954
vn 0.0613 -0.0740 -0.9954
vn 0.0454 -0.0846 -0.9954
vn 0.0277 -0.0919 -0.9954
vn 0.0093 -0.0956 -0.9954
vn -0.0098 -0.0956 -0.9954
vn -0.0281 -0.0919 -0.9954
vn -0.0459 -0.0846 -0.9954
vn -0.0613 -0.0744 -0.9953
vn -0.0751 -0.0606 -0.9953
vn -0.0859 -0.0446 -0.9953
vn -0.0931 -0.0273 -0.9953
vn -0.8624 -0.0852 0.4989
vn -0.6239 -0.0624 0.7790
vn -0.2859 -0.0276 -0.9579
vn -0.6229 -0.0611 -0.7799
vn -0.8625 -0.0846 -0.4989
vn -0.9929 -0.0965 -0.0694
vn -0.9336 -0.0923 0.3462
vn -0.7567 -0.0747 0.6495
vn -0.0966 -0.0098 -0.9953
vn -0.4630 -0.0444 -0.8852
vn -0.7571 -0.0747 -0.6490
vn -0.9337 -0.0919 -0.3460
vn -0.9929 -0.0972 0.0684
vn -0.5080 -0.0518 0.8598
vn -0.4884 -0.1491 0.8598
vn -0.4501 -0.2391 0.8604
vn -0.3953 -0.3206 0.8608
vn -0.3241 -0.3940 0.8601
vn -0.2402 -0.4493 0.8605
vn -0.1494 -0.4883 0.8598
vn -0.0489 -0.5082 0.8598
vn 0.0515 -0.5078 0.8600
vn 0.1507 -0.4879 0.8598
vn 0.2411 -0.4489 0.8605
vn 0.3251 -0.3932 0.8601
vn 0.3948 -0.3213 0.8608
vn 0.4490 -0.2402 0.8606
vn 0.4877 -0.1497 0.8601
vn 0.5070 -0.0541 0.8603
vn 0.5083 0.0490 0.8598
vn 0.4887 0.1476 0.8599
vn 0.4498 0.2401 0.8602
vn 0.3942 0.3226 0.8606
vn 0.3226 0.3937 0.8608
vn 0.2392 0.4491 0.8609
vn 0.1480 0.4872 0.8607
vn 0.0518 0.5064 0.8608
vn -0.0513 0.5067 0.8606
vn -0.1482 0.4875 0.8604
vn -0.2392 0.4489 0.8610
vn -0.3217 0.3941 0.8610
vn -0.3945 0.3215 0.8608
vn -0.4497 0.2386 0.8607
vn -0.4880 0.1473 0.8603
vn -0.5073 0.0505 0.8603
vn -0.3117 0.0278 0.9498
vn -0.4192 0.0409 0.9070
vn -0.1936 0.0169 0.9809
vn -0.4047 0.1219 0.9063
vn -0.1860 0.0555 0.9810
vn -0.2991 0.0912 0.9499
vn -0.3724 0.1977 0.9068
vn -0.1718 0.0913 0.9809
vn -0.2765 0.1468 0.9497
vn -0.3278 0.2662 0.9065
vn -0.1521 0.1207 0.9810
vn -0.2438 0.1957 0.9499
vn -0.2678 0.3261 0.9066
vn -0.1246 0.1486 0.9810
vn -0.1992 0.2410 0.9499
vn -0.1993 0.3720 0.9066
vn -0.0914 0.1707 0.9811
vn -0.1472 0.2757 0.9499
vn -0.1236 0.4042 0.9063
vn -0.0566 0.1853 0.9811
vn -0.0925 0.2978 0.9501
vn -0.0428 0.4195 0.9068
vn -0.0197 0.1926 0.9811
vn -0.0309 0.3101 0.9502
vn 0.0424 0.4206 0.9063
vn 0.0173 0.1925 0.9811
vn 0.0298 0.3106 0.9501
vn 0.1231 0.4046 0.9062
vn 0.0577 0.1845 0.9811
vn 0.0920 0.2982 0.9501
vn 0.1990 0.3723 0.9065
vn 0.0912 0.1705 0.9811
vn 0.1471 0.2753 0.9500
vn 0.2676 0.3257 0.9068
vn 0.1242 0.1481 0.9811
vn 0.1993 0.2405 0.9500
vn 0.3283 0.2649 0.9067
vn 0.1516 0.1209 0.9810
vn 0.2430 0.1961 0.9500
vn 0.3740 0.1968 0.9063
vn 0.1722 0.0902 0.9809
vn 0.2771 0.1451 0.9498
vn 0.4051 0.1216 0.9061
vn 0.1866 0.0548 0.9809
vn 0.3003 0.0898 0.9496
vn 0.4202 0.0417 0.9065
vn 0.1940 0.0176 0.9808
vn 0.3122 0.0296 0.9495
vn 0.4202 -0.0431 0.9064
vn 0.1940 -0.0197 0.9808
vn 0.3126 -0.0326 0.9493
vn 0.4040 -0.1242 0.9063
vn 0.1857 -0.0587 0.9809
vn 0.3007 -0.0921 0.9493
vn 0.3730 -0.2000 0.9060
vn 0.1722 -0.0919 0.9808
vn 0.2769 -0.1483 0.9494
vn 0.3278 -0.2686 0.9057
vn 0.1524 -0.1215 0.9808
vn 0.2431 -0.1988 0.9494
vn 0.2684 -0.3277 0.9059
vn 0.1212 -0.1534 0.9807
vn 0.1990 -0.2419 0.9497
vn 0.1996 -0.3735 0.9059
vn 0.0937 -0.1717 0.9807
vn 0.1469 -0.2765 0.9497
vn 0.1241 -0.4042 0.9062
vn 0.0561 -0.1865 0.9809
vn 0.0916 -0.3002 0.9495
vn 0.0420 -0.4204 0.9063
vn 0.0203 -0.1936 0.9809
vn 0.0323 -0.3120 0.9495
vn -0.0408 -0.4210 0.9061
vn -0.0198 -0.1931 0.9810
vn -0.0316 -0.3120 0.9496
vn -0.1235 -0.4038 0.9065
vn -0.0567 -0.1858 0.9810
vn -0.0904 -0.3002 0.9496
vn -0.1986 -0.3736 0.9061
vn -0.0925 -0.1710 0.9809
vn -0.1469 -0.2757 0.9499
vn -0.2679 -0.3261 0.9066
vn -0.1240 -0.1500 0.9809
vn -0.1997 -0.2405 0.9499
vn -0.3281 -0.2661 0.9064
vn -0.1543 -0.1200 0.9807
vn -0.2432 -0.1962 0.9499
vn -0.3731 -0.1979 0.9064
vn -0.1719 -0.0938 0.9806
vn -0.2765 -0.1464 0.9498
vn -0.4037 -0.1238 0.9065
vn -0.1869 -0.0591 0.9806
vn -0.3005 -0.0923 0.9493
vn -0.0669 0.0067 0.9977
vn -0.0646 0.0184 0.9977
vn -0.0603 0.0287 0.9978
vn -0.0515 0.0419 0.9978
vn -0.0457 0.0477 0.9978
vn -0.0297 0.0583 0.9979
vn -0.0218 0.0616 0.9979
vn -0.0060 0.0648 0.9979
vn 0.0040 0.0648 0.9979
vn 0.0208 0.0614 0.9979
vn 0.0326 0.0566 0.9979
vn 0.0430 0.0496 0.9978
vn 0.0522 0.0405 0.9978
vn 0.0594 0.0296 0.9978
vn 0.0647 0.0169 0.9978
vn 0.0669 0.0060 0.9977
vn 0.0669 -0.0099 0.9977
vn 0.0646 -0.0211 0.9977
vn 0.0603 -0.0316 0.9977
vn 0.0541 -0.0407 0.9977
vn 0.0418 -0.0530 0.9977
vn 0.0309 -0.0602 0.9977
vn 0.0181 -0.0655 0.9977
vn 0.0086 -0.0673 0.9977
vn -0.0107 -0.0673 0.9977
vn -0.0180 -0.0659 0.9977
vn -0.0347 -0.0590 0.9977
vn -0.0435 -0.0531 0.9976
vn -0.0559 -0.0408 0.9976
vn -0.0597 -0.0352 0.9976
vn -0.0642 -0.0244 0.9976
vn -0.4191 -0.0462 0.9068
vn -0.1941 -0.0237 0.9807
vn -0.3119 -0.0354 0.9495
vn -0.0669 -0.0108 0.9977
vn -0.8621 0.0854 -0.4995
vn -0.9928 0.0973 -0.0696
vn -0.9341 0.0932 0.3446
vn -0.7561 0.0747 0.6502
vn -0.4634 0.0440 -0.8851
vn -0.7568 0.0751 -0.6493
vn -0.9332 0.0921 -0.3473
vn -0.9929 0.0975 0.0680
vn -0.8622 0.0850 0.4993
vn -0.6231 0.0620 0.7797
vn -0.2865 0.0274 -0.9577
vn -0.6227 0.0615 -0.7800
vn -0.8290 0.2517 0.4994
vn -0.5995 0.1807 0.7797
vn -0.2754 0.0831 -0.9577
vn -0.5989 0.1813 -0.7800
vn -0.8290 0.2510 -0.4998
vn -0.9547 0.2894 -0.0691
vn -0.8981 0.2726 0.3451
vn -0.7274 0.2204 0.6498
vn -0.4455 0.1347 -0.8851
vn -0.7277 0.2201 -0.6496
vn -0.8975 0.2711 -0.3479
vn -0.9547 0.2898 0.0678
vn -0.7645 0.4082 0.4988
vn -0.5531 0.2947 0.7793
vn -0.2532 0.1365 -0.9577
vn -0.5520 0.2943 -0.7802
vn -0.7644 0.4076 -0.4997
vn -0.8799 0.4701 -0.0699
vn -0.8281 0.4417 0.3452
vn -0.6707 0.3586 0.6493
vn -0.4106 0.2191 -0.8851
vn -0.6712 0.3573 -0.6495
vn -0.8275 0.4416 -0.3468
vn -0.8806 0.4690 0.0676
vn -0.6702 0.5492 0.4991
vn -0.4850 0.3966 0.7794
vn -0.2217 0.1827 -0.9579
vn -0.4841 0.3953 -0.7806
vn -0.6702 0.5486 -0.4999
vn -0.7716 0.6322 -0.0699
vn -0.7255 0.5952 0.3455
vn -0.5882 0.4828 0.6488
vn -0.3596 0.2952 -0.8852
vn -0.5888 0.4808 -0.6497
vn -0.7256 0.5944 -0.3467
vn -0.7713 0.6328 0.0683
vn -0.5500 0.6692 0.4997
vn -0.3972 0.4848 0.7793
vn -0.1837 0.2207 -0.9579
vn -0.3967 0.4827 -0.7808
vn -0.5506 0.6686 -0.4998
vn -0.6343 0.7700 -0.0695
vn -0.5962 0.7247 0.3455
vn -0.4830 0.5870 0.6497
vn -0.2961 0.3585 -0.8853
vn -0.4829 0.5877 -0.6492
vn -0.5963 0.7240 -0.3468
vn -0.6345 0.7699 0.0682
vn -0.4084 0.7645 0.4987
vn -0.2953 0.5528 0.7792
vn -0.1335 0.2533 -0.9581
vn -0.2948 0.5507 -0.7809
vn -0.4093 0.7632 -0.5000
vn -0.4719 0.8789 -0.0692
vn -0.4429 0.8267 0.3469
vn -0.3588 0.6700 0.6499
vn -0.2202 0.4096 -0.8853
vn -0.3587 0.6698 -0.6501
vn -0.4427 0.8267 -0.3473
vn -0.4716 0.8791 0.0685
vn -0.2527 0.8286 0.4996
vn -0.1820 0.6000 0.7790
vn -0.0852 0.2732 -0.9582
vn -0.1829 0.5978 -0.7805
vn -0.2521 0.8286 -0.4998
vn -0.2901 0.9545 -0.0691
vn -0.2732 0.8972 0.3470
vn -0.2208 0.7268 0.6503
vn -0.1354 0.4446 -0.8854
vn -0.2206 0.7267 -0.6505
vn -0.2734 0.8969 -0.3476
vn -0.2898 0.9546 0.0688
vn -0.0857 0.8618 0.5000
vn -0.0619 0.6236 0.7793
vn -0.0280 0.2852 -0.9581
vn -0.0616 0.6219 -0.7807
vn -0.0857 0.8617 -0.5002
vn -0.0983 0.9928 -0.0686
vn -0.0928 0.9334 0.3465
vn -0.0749 0.7558 0.6505
vn -0.0453 0.4620 -0.8857
vn -0.0752 0.7557 -0.6506
vn -0.0976 0.9929 0.0684
vn 0.0857 0.8617 0.5001
vn 0.0609 0.6236 0.7794
vn 0.0268 0.2855 -0.9580
vn 0.0609 0.6219 -0.7807
vn 0.0852 0.8617 -0.5001
vn 0.0980 0.9928 -0.0686
vn 0.0926 0.9334 0.3467
vn 0.0747 0.7562 0.6500
vn 0.0445 0.4620 -0.8857
vn 0.0745 0.7557 -0.6506
vn 0.0970 0.9929 0.0687
vn 0.2525 0.8286 0.4996
vn 0.1822 0.5996 0.7793
vn 0.0849 0.2735 -0.9581
vn 0.1822 0.5978 -0.7807
vn 0.2518 0.8288 -0.4997
vn 0.2900 0.9545 -0.0692
vn 0.2728 0.8971 0.3475
vn 0.2208 0.7269 0.6503
vn 0.1356 0.4440 -0.8857
vn 0.2201 0.7269 -0.6505
vn 0.2731 0.8970 -0.3475
vn 0.2901 0.9545 0.0687
vn 0.4089 0.7642 0.4988
vn 0.2955 0.5531 0.7789
vn 0.1342 0.2531 -0.9581
vn 0.2944 0.5507 -0.7811
vn 0.4090 0.7634 -0.5000
vn 0.4716 0.8791 -0.0693
vn 0.3591 0.6700 0.6497
vn 0.2191 0.4096 -0.8856
vn 0.3587 0.6699 -0.6501
vn 0.4424 0.8268 -0.3474
vn 0.4712 0.8793 0.0685
vn 0.5508 0.6689 0.4991
vn 0.3981 0.4846 0.7789
vn 0.1824 0.2215 -0.9580
vn 0.3967 0.4828 -0.7808
vn 0.5506 0.6685 -0.4999
vn 0.6344 0.7699 -0.0694
vn 0.5962 0.7242 0.3465
vn 0.4839 0.5871 0.6489
vn 0.2954 0.3586 -0.8855
vn 0.4823 0.5874 -0.6499
vn 0.5962 0.7240 -0.3470
vn 0.6348 0.7697 0.0681
vn 0.6704 0.5492 0.4990
vn 0.4857 0.3965 0.7790
vn 0.2218 0.1822 -0.9579
vn 0.4837 0.3955 -0.7808
vn 0.6701 0.5492 -0.4994
vn 0.7718 0.6321 -0.0695
vn 0.7264 0.5941 0.3455
vn 0.5878 0.4822 0.6496
vn 0.3593 0.2951 -0.8853
vn 0.5891 0.4815 -0.6490
vn 0.7256 0.5944 -0.3468
vn 0.7714 0.6327 0.0682
vn 0.7654 0.4072 0.4984
vn 0.5540 0.2944 0.7788
vn 0.2530 0.1358 -0.9579
vn 0.5515 0.2942 -0.7806
vn 0.7646 0.4076 -0.4993
vn 0.8803 0.4694 -0.0686
vn 0.8280 0.4413 0.3461
vn 0.6712 0.3572 0.6495
vn 0.4103 0.2188 -0.8853
vn 0.6710 0.3578 -0.6494
vn 0.8277 0.4414 -0.3466
vn 0.8808 0.4684 0.0689
vn 0.8304 0.2501 0.4979
vn 0.6010 0.1796 0.7788
vn 0.2745 0.0841 -0.9579
vn 0.5989 0.1820 -0.7799
vn 0.8292 0.2510 -0.4993
vn 0.9549 0.2889 -0.0688
vn 0.8980 0.2717 0.3460
vn 0.7280 0.2196 0.6495
vn 0.4447 0.1358 -0.8853
vn 0.7278 0.2195 -0.6497
vn 0.8979 0.2713 -0.3467
vn 0.9548 0.2892 0.0681
vn 0.8626 0.0843 0.4989
vn 0.6240 0.0609 0.7790
vn 0.2856 0.0270 -0.9580
vn 0.6228 0.0613 -0.7800
vn 0.8624 0.0847 -0.4991
vn 0.9929 0.0967 -0.0692
vn 0.9335 0.0915 0.3467
vn 0.7564 0.0725 0.6500
vn 0.4627 0.0446 -0.8854
vn 0.7571 0.0751 -0.6490
vn 0.9338 0.0917 -0.3458
vn 0.9929 0.0973 0.0684
vn 0.8625 -0.0855 0.4988
vn 0.6240 -0.0628 0.7789
vn 0.2856 -0.0272 -0.9580
vn 0.6228 -0.0612 -0.7800
vn 0.8625 -0.0850 -0.4988
vn 0.9929 -0.0970 -0.0691
vn 0.9334 -0.0926 0.3466
vn 0.7568 -0.0756 0.6493
vn 0.4627 -0.0443 -0.8854
vn 0.7571 -0.0750 -0.6490
vn 0.9338 -0.0922 -0.3458
vn 0.9928 -0.0976 0.0688
vn 0.8292 -0.2513 0.4992
vn 0.5998 -0.1831 0.7789
vn 0.2746 -0.0830 -0.9580
vn 0.5988 -0.1817 -0.7800
vn 0.8296 -0.2507 -0.4989
vn 0.9549 -0.2889 -0.0681
vn 0.8977 -0.2725 0.3463
vn 0.7275 -0.2214 0.6494
vn 0.4453 -0.1351 -0.8851
vn 0.7280 -0.2196 -0.6495
vn 0.8979 -0.2712 -0.3467
vn 0.9547 -0.2896 0.0687
vn 0.7638 -0.4082 0.5000
vn 0.5532 -0.2955 0.7789
vn 0.2534 -0.1340 -0.9580
vn 0.5519 -0.2933 -0.7806
vn 0.7644 -0.4081 -0.4991
vn 0.8799 -0.4701 -0.0689
vn 0.8276 -0.4417 0.3465
vn 0.6708 -0.3580 0.6495
vn 0.4106 -0.2188 -0.8852
vn 0.6710 -0.3576 -0.6495
vn 0.8278 -0.4416 -0.3462
vn 0.8806 -0.4690 0.0685
vn 0.6701 -0.5490 0.4996
vn 0.4849 -0.3965 0.7795
vn 0.2221 -0.1817 -0.9579
vn 0.4840 -0.3955 -0.7806
vn 0.6706 -0.5486 -0.4993
vn 0.7720 -0.6318 -0.0691
vn 0.7254 -0.5945 0.3470
vn 0.5882 -0.4823 0.6491
vn 0.3594 -0.2945 -0.8855
vn 0.5890 -0.4809 -0.6495
vn 0.7263 -0.5940 -0.3460
vn 0.7715 -0.6324 0.0693
vn 0.5506 -0.6687 0.4997
vn 0.3971 -0.4847 0.7794
vn 0.1829 -0.2208 -0.9580
vn 0.3968 -0.4828 -0.7807
vn 0.5500 -0.6694 -0.4994
vn 0.6345 -0.7699 -0.0689
vn 0.5965 -0.7234 0.3477
vn 0.4831 -0.5875 0.6492
vn 0.2955 -0.3584 -0.8856
vn 0.4829 -0.5876 -0.6493
vn 0.5959 -0.7247 -0.3461
vn 0.6349 -0.7695 0.0693
vn 0.4091 -0.7630 0.5006
vn 0.2953 -0.5526 0.7794
vn 0.1339 -0.2530 -0.9582
vn 0.2941 -0.5507 -0.7812
vn 0.4097 -0.7631 -0.4999
vn 0.4716 -0.8791 -0.0689
vn 0.4432 -0.8260 0.3483
vn 0.3591 -0.6698 0.6499
vn 0.2196 -0.4095 -0.8855
vn 0.4432 -0.8263 -0.3476
vn 0.4709 -0.8795 0.0687
vn 0.2529 -0.8279 0.5006
vn 0.1830 -0.5988 0.7797
vn 0.0841 -0.2735 -0.9582
vn 0.1818 -0.5973 -0.7811
vn 0.2527 -0.8284 -0.4998
vn 0.2905 -0.9544 -0.0685
vn 0.2730 -0.8967 0.3485
vn 0.2221 -0.7261 0.6507
vn 0.1350 -0.4444 -0.8856
vn 0.2208 -0.7269 -0.6503
vn 0.2737 -0.8971 -0.3468
vn 0.2902 -0.9545 0.0687
vn 0.0850 -0.8615 0.5005
vn 0.0617 -0.6230 0.7798
vn 0.0269 -0.2852 -0.9581
vn 0.0623 -0.6211 -0.7813
vn 0.0854 -0.8618 -0.5000
vn 0.0978 -0.9929 -0.0683
vn 0.0920 -0.9332 0.3475
vn 0.0746 -0.7554 0.6510
vn 0.0441 -0.4614 -0.8861
vn 0.0743 -0.7557 -0.6506
vn 0.0923 -0.9334 -0.3466
vn 0.0977 -0.9928 0.0687
vn -0.0844 -0.8616 0.5005
vn -0.0611 -0.6230 0.7798
vn -0.0277 -0.2852 -0.9581
vn -0.0626 -0.6210 -0.7813
vn -0.0852 -0.8617 -0.5001
vn -0.0970 -0.9929 -0.0683
vn -0.0915 -0.9332 0.3475
vn -0.0737 -0.7553 0.6512
vn -0.0446 -0.4614 -0.8861
vn -0.0746 -0.7557 -0.6506
vn -0.0918 -0.9335 -0.3467
vn -0.0974 -0.9929 0.0686
vn -0.2518 -0.8284 0.5003
vn -0.1812 -0.5994 0.7796
vn -0.0847 -0.2734 -0.9582
vn -0.1821 -0.5973 -0.7810
vn -0.2527 -0.8283 -0.5000
vn -0.2904 -0.9545 -0.0680
vn -0.2724 -0.8971 0.3479
vn -0.2211 -0.7267 0.6504
vn -0.1353 -0.4444 -0.8855
vn -0.2203 -0.7267 -0.6507
vn -0.2738 -0.8970 -0.3470
vn -0.2898 -0.9546 0.0686
vn -0.4088 -0.7634 0.5002
vn -0.2946 -0.5525 0.7797
vn -0.1348 -0.2527 -0.9581
vn -0.2938 -0.5505 -0.7814
vn -0.4094 -0.7632 -0.5000
vn -0.4711 -0.8794 -0.0685
vn -0.4429 -0.8264 0.3476
vn -0.3584 -0.6701 0.6500
vn -0.2190 -0.4098 -0.8855
vn -0.3593 -0.6698 -0.6498
vn -0.4428 -0.8264 -0.3478
vn -0.4705 -0.8797 0.0693
vn -0.5496 -0.6692 0.5001
vn -0.3971 -0.4841 0.7797
vn -0.1835 -0.2198 -0.9581
vn -0.3970 -0.4826 -0.7807
vn -0.5503 -0.6688 -0.4998
vn -0.6347 -0.7697 -0.0691
vn -0.5958 -0.7244 0.3469
vn -0.4826 -0.5872 0.6499
vn -0.2961 -0.3582 -0.8854
vn -0.4828 -0.5872 -0.6497
vn -0.5959 -0.7247 -0.3460
vn -0.6344 -0.7699 0.0690
vn -0.6700 -0.5492 0.4995
vn -0.4840 -0.3967 0.7800
vn -0.2218 -0.1815 -0.9580
vn -0.6700 -0.5487 -0.4999
vn -0.7715 -0.6324 -0.0696
vn -0.7250 -0.5950 0.3469
vn -0.5875 -0.4827 0.6494
vn -0.3600 -0.2939 -0.8854
vn -0.5887 -0.4807 -0.6498
vn -0.7262 -0.5941 -0.3459
vn -0.7714 -0.6326 0.0689
vn -0.7633 -0.4090 0.5002
vn -0.5524 -0.2945 0.7799
vn -0.2532 -0.1364 -0.9578
vn -0.5519 -0.2927 -0.7809
vn -0.7645 -0.4076 -0.4994
vn -0.8800 -0.4701 -0.0687
vn -0.8272 -0.4425 0.3463
vn -0.6702 -0.3584 0.6499
vn -0.4110 -0.2178 -0.8852
vn -0.6709 -0.3573 -0.6497
vn -0.8275 -0.4416 -0.3468
vn -0.8804 -0.4693 0.0686
vn -0.8289 -0.2517 0.4995
vn -0.5976 -0.1830 0.7806
vn -0.2756 -0.0825 -0.9577
vn -0.5989 -0.1813 -0.7800
vn -0.8293 -0.2504 -0.4995
vn -0.9550 -0.2885 -0.0693
vn -0.8979 -0.2721 0.3461
vn -0.7265 -0.2217 0.6505
vn -0.4454 -0.1347 -0.8852
vn -0.7278 -0.2188 -0.6500
vn -0.8978 -0.2708 -0.3472
vn -0.9548 -0.2895 0.0676
vn -0.0965 0.0087 -0.9953
vn -0.0928 0.0274 -0.9953
vn -0.0847 0.0467 -0.9953
vn -0.0751 0.0611 -0.9953
vn -0.0616 0.0746 -0.9953
vn -0.0448 0.0858 -0.9953
vn -0.0285 0.0925 -0.9953
vn -0.0100 0.0962 -0.9953
vn 0.0086 0.0962 -0.9953
vn 0.0281 0.0923 -0.9953
vn 0.0454 0.0852 -0.9953
vn 0.0609 0.0749 -0.9953
vn 0.0745 0.0613 -0.9953
vn 0.0847 0.0461 -0.9953
vn 0.0921 0.0282 -0.9954
vn 0.0959 0.0094 -0.9954
vn 0.0959 -0.0092 -0.9954
vn 0.0854 -0.0439 -0.9954
vn 0.0742 -0.0606 -0.9954
vn 0.0608 -0.0739 -0.9954
vn 0.0449 -0.0845 -0.9954
vn 0.0277 -0.0916 -0.9954
vn 0.0090 -0.0953 -0.9954
vn -0.0099 -0.0953 -0.9954
vn -0.0284 -0.0916 -0.9954
vn -0.0460 -0.0844 -0.9954
vn -0.0617 -0.0739 -0.9954
vn -0.0752 -0.0605 -0.9953
vn -0.0847 -0.0463 -0.9953
vn -0.0927 -0.0271 -0.9953
vn -0.8622 -0.0854 0.4994
vn -0.6230 -0.0631 0.7797
vn -0.2865 -0.0270 -0.9577
vn -0.6229 -0.0608 -0.7799
vn -0.8623 -0.0844 -0.4993
vn -0.9928 -0.0972 -0.0695
vn -0.9339 -0.0929 0.3454
vn -0.7559 -0.0754 0.6503
vn -0.0965 -0.0083 -0.9953
vn -0.4633 -0.0435 -0.8851
vn -0.7568 -0.0746 -0.6493
vn -0.9333 -0.0914 -0.3473
vn -0.9929 -0.0975 0.0677
vn -0.5057 -0.0550 0.8609
vn -0.4867 -0.1488 0.8608
vn -0.4488 -0.2380 0.8614
vn -0.3944 -0.3201 0.8614
vn -0.3234 -0.3936 0.8605
vn -0.2390 -0.4491 0.8609
vn -0.1492 -0.4880 0.8600
vn -0.0495 -0.5079 0.8600
vn 0.0507 -0.5078 0.8600
vn 0.1498 -0.4880 0.8599
vn 0.2402 -0.4494 0.8604
vn 0.3232 -0.3943 0.8603
vn 0.3945 -0.3230 0.8603
vn 0.4498 -0.2409 0.8600
vn 0.4883 -0.1497 0.8597
vn 0.5080 -0.0521 0.8598
vn 0.5066 0.0505 0.8607
vn 0.4875 0.1464 0.8608
vn 0.4495 0.2371 0.8612
vn 0.3951 0.3192 0.8614
vn 0.3230 0.3933 0.8608
vn 0.2397 0.4487 0.8609
vn 0.1484 0.4877 0.8603
vn 0.0512 0.5070 0.8604
vn -0.0517 0.5068 0.8605
vn -0.1490 0.4874 0.8604
vn -0.2403 0.4488 0.8607
vn -0.3230 0.3933 0.8608
vn -0.3940 0.3205 0.8614
vn -0.4488 0.2385 0.8612
vn -0.4877 0.1470 0.8605
vn -0.5070 0.0498 0.8605
vn 0.1743 -0.0122 -0.9846
vn 0.9832 0.1762 0.0471
vn 0.7818 0.1656 -0.6011
vn 0.5364 0.1873 0.8229
vn 0.9998 0.0086 -0.0204
vn -0.1585 0.2282 0.9606
vn 0.7469 0.0031 0.6649
vn -0.1519 -0.0203 -0.9882
vn -0.9891 0.1142 0.0924
vn 0.3961 -0.8006 0.4496
vn -0.6105 -0.3320 -0.7191
vn 0.8353 0.0445 0.5481
vn -0.0695 -0.1719 -0.9827
vn 0.9537 -0.0960 0.2851
vn 0.3990 0.4132 -0.8186
vn 0.8863 -0.0725 0.4574
vn 0.8378 -0.2862 0.4650
vn 0.9004 -0.0639 0.4303
vn 0.8262 0.0124 0.5633
vn 0.9394 0.2532 0.2310
vn -0.0322 0.3473 -0.9372
vn 0.5592 -0.3595 0.7470
vn 0.8924 0.0418 0.4492
vn -0.2621 -0.4693 -0.8432
vn 0.0229 -0.6296 0.7766
vn 0.5841 -0.4198 0.6947
vn 0.7916 -0.1056 0.6018
vn 0.9826 -0.0062 0.1855
vn -0.9889 0.0364 0.1441
vn 0.9544 -0.2598 0.1473
vn 0.0799 -0.7696 -0.6335
vn 0.6454 -0.1184 0.7546
vn -0.1124 -0.7739 -0.6233
vn 0.9618 -0.1360 0.2374
vn 0.9919 -0.0981 0.0801
vn 0.4135 0.0398 -0.9096
vn 0.9036 0.3434 0.2559
vn 0.2905 -0.8008 -0.5239
vn 0.8986 0.0038 0.4387
vn -0.2768 0.9356 -0.2192
vn 0.3165 -0.5505 -0.7725
vn 0.5271 -0.4637 -0.7122
vn 0.5061 0.6800 -0.5305
vn 0.8214 -0.4480 -0.3531
vn 0.8330 -0.5304 0.1573
vn 0.5922 -0.7984 0.1089
vn 0.1483 -0.0380 -0.9882
vn 0.8806 -0.0155 0.4737
vn 0.0643 -0.6338 -0.7708
vn 0.6641 -0.7053 0.2481
vn -0.6642 -0.5635 0.4913
vn 0.1721 -0.7040 0.6890
vn 0.7345 -0.3803 0.5620
vn 0.8378 -0.3845 0.3876
vn 0.3795 -0.3190 0.8685
vn -0.2846 -0.2121 -0.9349
vn 0.9008 -0.3783 0.2132
vn -0.7140 -0.0173 -0.6999
vn -0.0913 -0.1082 -0.9899
vn 0.9712 0.0499 -0.2329
vn 0.6784 -0.2052 0.7054
vn -0.2939 -0.8366 -0.4623
vn 0.7813 -0.6196 -0.0759
vn 0.3247 -0.1168 -0.9386
vn -0.1323 -0.8369 -0.5311
vn 0.8459 -0.4821 0.2283
vn 0.9605 0.0328 0.2765
vn -0.4871 0.8529 -0.1876
vn 0.8109 0.1511 0.5654
vn 0.1186 -0.6304 0.7671
vn -0.5784 -0.3558 -0.7340
vn 0.6680 0.4263 0.6100
vn -0.0087 -0.6904 0.7234
vn -0.6293 -0.2240 -0.7442
vn 0.9166 -0.1105 0.3842
vn -0.8425 -0.2820 0.4591
vn 0.8218 -0.2733 0.4999
vn 0.7156 -0.2281 0.6602
vn -0.3346 0.6518 0.6806
vn 0.7072 -0.2834 0.6477
vn -0.8571 -0.4169 0.3026
vn 0.8766 -0.2240 0.4260
vn 0.2875 0.2007 0.9365
vn 0.4610 -0.0297 0.8869
vn 0.7011 -0.4816 0.5258
vn 0.4997 0.0714 0.8633
vn 0.4722 0.5437 -0.6939
vn 0.1557 -0.0592 -0.9860
vn -0.0417 -0.8537 0.5191
vn 0.1238 0.9923 0.0087
vn 0.0985 -0.7157 0.6915
vn 0.9049 -0.1877 0.3820
vn 0.1385 -0.2667 -0.9538
vn 0.5505 -0.2419 0.7990
vn 0.9636 -0.2640 -0.0421
vn 0.9477 -0.2108 -0.2397
vn -0.0521 -0.7135 -0.6987
vn 0.9808 -0.0828 0.1767
vn 0.0147 -0.1174 0.9930
vn 0.1494 -0.9736 -0.1724
vn 0.3188 0.3430 -0.8836
vn 0.1810 0.9834 0.0122
vn -0.2820 -0.2960 -0.9126
vn 0.2850 -0.2754 0.9181
vn 0.9230 -0.2478 -0.2943
vn 0.8381 -0.1434 0.5264
vn -0.3602 0.0923 -0.9283
vn -0.5926 -0.3673 -0.7169
vn 0.8334 -0.1169 0.5402
vn 0.9509 -0.1763 -0.2545
vn -0.0409 -0.1307 0.9906
vn 0.3750 -0.1742 -0.9105
vn 0.0250 0.9369 0.3488
vn -0.5106 0.4727 -0.7182
vn -0.3130 -0.2540 -0.9152
vn 0.9017 -0.2224 0.3708
vn 0.1122 -0.0082 -0.9937
vn -0.0384 -0.6497 -0.7592
vn 0.8606 -0.2490 0.4443
vn 0.6849 -0.6475 0.3342
vn 0.8885 -0.3047 0.3431
vn -0.5484 -0.5897 -0.5930
vn -0.0936 0.2417 0.9658
vn 0.9982 0.0044 -0.0605
vn -0.1651 -0.9766 -0.1375
vn -0.6190 0.0765 0.7816
vn 0.5752 0.6335 0.5175
vn 0.2184 0.2719 0.9372
vn -0.8061 0.0964 -0.5840
vn 0.6194 0.6055 0.4998
vn 0.6856 -0.5226 0.5068
vn 0.5219 -0.2309 0.8212
vn 0.9983 -0.0298 -0.0508
vn 0.4436 0.5900 -0.6746
vn 0.8874 -0.1432 0.4381
vn 0.9338 -0.1920 0.3019
vn 0.9953 -0.0928 -0.0293
vn 0.3255 -0.5479 -0.7706
vn 0.6456 0.1065 0.7562
vn 0.7278 -0.5865 -0.3553
vn 0.8579 0.2144 0.4670
vn 0.0153 -0.8330 0.5530
vn 0.9525 0.1406 -0.2700
vn 0.0001 -0.0842 0.9964
vn 0.3417 -0.4741 -0.8115
vn 0.8888 0.0609 0.4543
vn 0.8855 -0.0946 0.4550
vn 0.5011 -0.5556 0.6635
vn 0.6048 0.2692 0.7495
vn 0.8326 0.1979 0.5173
vn 0.9753 0.0769 0.2070
vn 0.6893 0.4609 0.5590
vn -0.6810 -0.1754 0.7110
vn 0.9374 -0.2783 -0.2093
vn 0.7228 0.2583 0.6410
vn 0.6816 -0.3780 0.6266
vn -0.9517 -0.1508 -0.2676
vn 0.6309 0.0127 0.7758
vn 0.2228 0.4989 0.8375
vn 0.3290 -0.5235 -0.7859
vn 0.8878 0.1127 -0.4462
vn -0.2042 -0.2603 0.9437
vn -0.0784 -0.6037 -0.7933
vn 0.8101 -0.1337 0.5708
vn 0.2527 0.6432 0.7228
vn 0.8039 0.1091 -0.5847
vn 0.3103 0.4832 0.8187
vn 0.9706 -0.1109 0.2136
vn -0.8994 -0.3529 -0.2580
vn -0.6689 -0.7432 -0.0176
vn 0.4573 0.3111 0.8331
vn -0.7731 -0.6255 -0.1050
vn 0.4180 -0.8630 0.2837
vn -0.3252 -0.9455 -0.0125
vn 0.7967 -0.3827 -0.4679
vn 0.9175 -0.3745 0.1340
vn -0.3619 -0.6821 -0.6355
vn -0.1143 -0.5944 -0.7960
vn 0.9120 -0.0944 0.3992
vn -0.5603 -0.5310 -0.6356
vn -0.3062 -0.4610 0.8329
vn -0.0349 0.2099 0.9771
vn 0.8966 0.0891 0.4339
vn 0.3577 -0.0967 0.9288
vn 0.7366 -0.1811 0.6516
vn 0.9811 0.0816 0.1753
vn 0.9991 -0.0411 0.0039
vn 0.7593 0.0939 0.6439
vn 0.0638 0.0782 0.9949
vn 0.9769 0.0642 0.2037
vn 0.0383 0.9405 0.3378
vn 0.1210 0.8329 0.5400
vn 0.9884 -0.1511 0.0136
vn 0.6160 0.0553 0.7858
vn -0.2800 -0.0452 0.9589
vn 0.2022 0.3336 0.9208
vn 0.7785 -0.5906 -0.2124
vn -0.0176 -0.1865 0.9823
vn 0.2251 -0.0853 0.9706
vn 0.8858 -0.3686 0.2820
vn -0.0872 0.2781 0.9566
vn 0.3530 -0.1300 -0.9265
vn -0.2485 -0.1375 0.9588
vn 0.0272 -0.4902 0.8712
vn 0.7171 -0.3633 0.5948
vn 0.7233 0.0311 0.6898
vn 0.7003 0.0733 0.7101
vn 0.3456 0.6032 0.7189
vn 0.2716 -0.4231 0.8644
vn 0.9115 -0.1407 0.3865
vn -0.2894 -0.3842 -0.8767
vn 0.6455 0.1868 0.7406
vn 0.5251 -0.1210 0.8424
vn 0.7788 -0.0195 0.6270
vn 0.2457 -0.2885 0.9254
vn 0.7924 0.0139 0.6098
vn -0.7001 0.7119 0.0561
vn 0.7871 -0.0919 0.6100
vn 0.7939 -0.1218 0.5957
vn 0.7688 -0.0606 0.6367
vn 0.6665 -0.1506 0.7301
vn -0.6163 0.2959 0.7298
vn 0.0713 0.9476 0.3115
vn 0.5340 -0.0007 0.8455
vn -0.0333 0.9859 0.1637
vn 0.2849 0.9490 -0.1354
vn 0.1561 0.9353 0.3177
vn 0.6315 -0.5280 -0.5678
vn 0.3088 -0.1359 0.9414
vn 0.6191 -0.3333 -0.7111
vn 0.5652 -0.0930 0.8197
vn 0.4772 -0.0346 0.8781
vn -0.8977 -0.3745 -0.2320
vn -0.9376 -0.2650 -0.2252
vn 0.5235 0.1234 0.8430
vn 0.2496 0.7071 0.6616
vn -0.6843 0.7286 0.0294
vn -0.0424 -0.8765 0.4796
vn -0.1512 0.0806 0.9852
vn -0.6898 0.5719 -0.4440
vn 0.6665 0.1763 0.7243
vn -0.2682 0.9633 -0.0128
vn -0.6059 0.1608 -0.7792
vn -0.7483 0.6624 0.0357
vn -0.7687 0.5992 -0.2238
vn -0.8228 0.5103 -0.2502
vn -0.9481 0.3036 -0.0948
vn -0.9958 -0.0911 -0.0121
vn -0.9430 0.3323 0.0176
vn 0.2092 0.7618 0.6131
vn 0.7741 0.0851 0.6273
vn 0.7893 0.0332 0.6132
vn 0.1913 -0.4303 0.8822
vn -0.9364 -0.3295 -0.1207
vn 0.7864 0.0050 0.6177
vn 0.6462 -0.1733 0.7433
vn 0.1441 0.6239 0.7681
vn 0.6063 0.4252 0.6720
vn 0.5042 -0.4949 0.7077
vn 0.5153 -0.6083 0.6037
vn -0.9402 -0.3401 0.0164
vn 0.5707 -0.3514 0.7422
vn 0.7179 -0.0907 0.6902
vn 0.4766 -0.5807 0.6601
vn 0.3559 -0.5489 0.7564
vn -0.0245 -0.8185 0.5740
vn -0.0562 -0.7844 0.6177
vn 0.9657 0.0555 0.2537
vn 0.2506 -0.7134 0.6544
vn 0.2640 -0.7093 0.6536
vn -0.2041 -0.8839 0.4207
vn -0.1697 -0.7914 0.5873
vn -0.0988 -0.9243 0.3687
vn 0.8976 0.1027 0.4287
vn 0.2029 -0.6586 0.7246
vn 0.2215 -0.7194 0.6584
vn -0.0121 -0.8007 0.5989
vn 0.8922 -0.4464 0.0691
vn 0.0715 -0.9451 0.3189
vn 0.9875 0.0384 0.1526
vn 0.7282 -0.3733 0.5748
vn 0.9199 -0.3875 0.0601
vn 0.8773 -0.4728 -0.0820
vn 0.3108 0.2842 0.9070
vn 0.3349 0.2431 0.9104
vn -0.5259 0.3657 -0.7679
vn 0.8482 -0.5274 -0.0500
vn 0.3924 0.1654 -0.9048
vn 0.1040 -0.9447 0.3110
vn -0.5740 -0.7895 0.2173
vn -0.1247 -0.9489 0.2899
vn -0.8103 -0.5156 -0.2784
vn 0.5397 0.3082 -0.7834
vn 0.6806 -0.7212 0.1291
vn 0.8136 -0.5807 0.0276
vn 0.0490 -0.5240 0.8503
vn 0.0154 -0.4218 0.9066
vn 0.6008 -0.7959 0.0744
vn -0.0078 -0.4764 0.8792
vn 0.0428 -0.5211 0.8524
vn 0.3968 -0.8913 0.2196
vn 0.0744 -0.2713 0.9596
vn -0.3193 0.0525 0.9462
vn 0.0721 -0.9627 0.2609
vn -0.3831 0.2347 0.8934
vn -0.1805 0.4959 0.8494
vn -0.1079 0.1377 0.9846
vn -0.1977 0.2218 0.9548
vn -0.3373 0.5042 0.7950
vn 0.2104 0.9143 0.3462
vn -0.0571 0.7349 0.6758
vn 0.0910 0.9384 0.3334
vn 0.0115 0.6135 0.7896
vn 0.2284 -0.2486 0.9413
vn 0.3922 0.7291 0.5609
vn 0.1046 0.4279 0.8977
vn 0.7360 -0.4442 0.5108
vn 0.4180 0.8847 0.2064
vn -0.1475 0.0505 0.9878
vn -0.4022 0.0701 0.9129
vn -0.4508 0.0348 0.8919
vn -0.1863 0.1471 0.9714
vn -0.9997 0.0247 -0.0075
vn 0.0680 0.2150 0.9743
vn -0.2307 0.1805 0.9561
vn -0.4852 0.1238 0.8656
vn -0.4517 0.0362 0.8915
vn -0.0562 0.2674 0.9619
vn -0.0763 0.1663 0.9831
vn -0.0986 -0.2281 0.9686
vn -0.6799 -0.2540 0.6879
vn -0.0189 0.0069 0.9998
vn -0.1681 0.1019 0.9805
vn -0.1396 0.0766 0.9872
vn -0.1123 0.2900 0.9504
vn 0.3092 -0.1156 0.9439
vn 0.6480 -0.0440 0.7604
vn 0.7229 0.0777 0.6866
vn 0.6688 -0.3671 -0.6465
vn 0.6494 0.2531 0.7171
vn 0.7139 0.0568 0.6980
vn -0.7806 -0.1389 0.6093
vn 0.1725 -0.2662 -0.9483
vn 0.7007 -0.0133 0.7133
vn -0.9379 -0.0432 0.3443
vn -0.4100 0.3927 -0.8232
vn -0.9236 -0.0210 0.3828
vn -0.9371 -0.2744 -0.2159
vn -0.9280 -0.2161 0.3035
vn 0.6224 0.2166 0.7522
vn 0.5675 0.1544 0.8088
vn 0.4520 -0.1876 0.8721
vn 0.6584 -0.1989 0.7259
vn -0.8146 0.0301 0.5793
vn 0.6482 -0.0487 0.7599
vn -0.5551 -0.6281 0.5453
vn 0.6155 -0.1411 0.7754
vn 0.6890 -0.1359 0.7119
vn -0.0748 0.0889 0.9932
vn 0.2426 -0.4528 0.8580
vn 0.2572 0.2658 -0.9291
vn -0.6293 -0.2172 0.7462
vn -0.8393 0.2415 0.4871
vn 0.2401 -0.9501 -0.1993
vn 0.3081 -0.4380 -0.8445
vn 0.3254 -0.1882 0.9267
vn 0.2265 0.1745 0.9582
vn -0.2406 0.1161 0.9637
vn -0.1717 0.1061 0.9794
vn 0.1290 0.2788 0.9516
vn -0.0138 0.0220 0.9997
vn 0.0134 -0.6951 0.7188
vn -0.0088 0.0764 0.9970
vn -0.1522 0.0446 0.9873
vn -0.6178 -0.4008 0.6765
vn -0.1189 0.1135 0.9864
vn -0.8168 -0.0184 0.5767
vn -0.2089 0.1200 0.9705
vn 0.6208 -0.1911 -0.7603
vn -0.9693 -0.2163 0.1172
vn 0.6121 -0.4183 -0.6711
vn 0.4322 -0.2195 0.8746
vn -0.9907 0.0458 0.1282
vn 0.9489 -0.0791 0.3054
vn 0.9651 -0.0206 0.2612
vn -0.9802 -0.0289 -0.1960
vn 0.1502 0.1933 0.9696
vn 0.6377 0.0006 0.7703
vn 0.4605 -0.2622 0.8480
vn 0.0229 0.0151 0.9996
vn 0.7253 -0.4225 0.5435
vn 0.6899 -0.5101 0.5136
vn 0.6158 -0.2220 0.7560
vn 0.7988 -0.0683 0.5978
vn -0.8608 -0.4897 0.1387
vn 0.7265 -0.2829 0.6263
vn -0.1973 -0.8304 -0.5211
vn 0.6811 -0.4122 0.6052
vn 0.1115 -0.6786 0.7259
vn 0.1297 -0.6488 0.7498
vn 0.0799 -0.5747 0.8144
vn -0.0178 -0.3920 0.9198
vn 0.1830 -0.6261 0.7580
vn 0.5502 0.3818 0.7426
vn -0.7390 -0.0808 0.6689
vn -0.9214 0.0293 0.3874
vn 0.4264 -0.0860 0.9005
vn -0.1810 0.5901 0.7868
vn 0.0534 -0.8072 -0.5878
vn -0.9932 0.0853 0.0793
vn 0.7161 0.0721 -0.6943
vn 0.5892 0.6710 -0.4501
vn -0.4431 0.0990 0.8910
vn -0.9683 -0.0548 0.2439
vn 0.9325 0.2006 0.3004
vn 0.2505 0.6018 0.7583
vn -0.0856 -0.8565 0.5089
vn -0.4038 0.1349 -0.9049
vn 0.8290 0.3773 0.4128
vn -0.9098 0.3454 0.2299
vn 0.5600 -0.4767 0.6776
vn 0.3739 -0.7145 0.5913
vn 0.4252 -0.5315 0.7326
vn -0.3073 -0.8041 -0.5090
vn -0.4755 -0.0227 0.8794
vn 0.5993 -0.5421 0.5891
vn 0.0577 -0.5608 0.8259
vn -0.9414 0.0203 0.3366
vn 0.0700 -0.5777 0.8132
vn -0.5316 0.3266 0.7815
vn 0.0543 -0.5294 0.8466
vn 0.2461 0.9283 -0.2788
vn -0.3054 -0.5868 -0.7499
vn -0.8791 0.3677 -0.3033
vn -0.5241 -0.4853 -0.6999
vn 0.0352 -0.8119 0.5828
vn 0.6489 -0.2424 0.7212
vn -0.4854 0.7052 -0.5168
vn -0.9562 0.0340 -0.2907
vn 0.5854 0.1427 -0.7981
vn 0.5279 -0.3773 0.7609
vn 0.3486 -0.5878 0.7301
vn -0.8217 -0.4429 -0.3588
vn -0.8339 -0.5511 0.0286
vn -0.5988 0.0125 0.8008
vn 0.1881 -0.6250 0.7576
vn -0.5015 0.0282 -0.8647
vn 0.4137 -0.6349 0.6525
vn 0.1218 0.1490 0.9813
vn -0.7652 -0.5579 0.3213
vn -0.1558 0.0138 -0.9877
vn 0.0463 0.4922 0.8692
vn -0.8914 -0.0197 0.4527
vn 0.6698 -0.5218 0.5283
vn 0.2888 -0.4769 -0.8302
vn 0.8917 -0.1472 0.4281
vn -0.0255 0.1044 -0.9942
vn -0.8962 -0.3646 0.2528
vn -0.9621 -0.0772 0.2614
vn -0.7036 -0.4643 0.5379
vn -0.6818 0.1666 0.7123
vn 0.9428 -0.1140 -0.3134
vn 0.2918 -0.2398 0.9259
vn -0.8690 0.2240 -0.4412
vn 0.0747 0.6144 0.7854
vn -0.0409 0.2670 -0.9628
vn 0.6281 0.3815 0.6782
vn 0.2759 0.6087 0.7438
vn -0.9334 0.0928 -0.3467
vn 0.6080 -0.6213 0.4943
vn 0.0460 -0.4701 0.8814
vn 0.5628 -0.5384 -0.6272
vn -0.7483 -0.5954 -0.2925
vn 0.6101 -0.4192 0.6723
vn 0.4050 0.0555 0.9126
vn -0.9939 -0.0845 0.0703
vn 0.7051 0.1000 0.7020
vn 0.9736 -0.0747 0.2158
vn -0.9710 -0.0336 -0.2368
vn 0.9456 -0.0887 0.3131
vn -0.8831 -0.0311 -0.4682
vn -0.8830 -0.0286 -0.4686
vn -0.7203 -0.1740 -0.6715
vn 0.4569 -0.2437 0.8555
vn 0.5513 -0.6000 0.5797
vn -0.6401 -0.7489 0.1716
vn -0.5710 -0.2055 0.7948
vn 0.0152 -0.7211 0.6926
vn -0.7451 -0.0941 -0.6602
vn -0.8243 -0.0264 0.5656
vn 0.3903 0.4659 0.7941
vn -0.4046 -0.6326 -0.6604
vn 0.6538 -0.6192 0.4349
vn -0.8117 0.3786 -0.4447
vn -0.0778 0.5289 0.8451
vn -0.5284 -0.5321 -0.6616
vn -0.4383 -0.7908 -0.4272
vn -0.2779 -0.7055 -0.6520
vn -0.1441 -0.7180 0.6809
vn -0.0756 0.2552 -0.9639
vn 0.8460 0.1110 0.5214
vn -0.9690 -0.0763 0.2352
vn 0.9197 -0.2708 -0.2842
vn 0.6854 -0.1205 0.7181
vn 0.0833 -0.8966 0.4350
vn 0.7525 -0.6575 -0.0375
vn -0.6698 0.6676 0.3250
vn 0.7894 -0.5582 -0.2557
vn -0.2945 0.1410 0.9452
vn -0.6501 -0.7379 0.1815
vn -0.6339 -0.4093 0.6562
vn -0.8424 -0.3832 0.3789
vn -0.2653 -0.3270 0.9070
vn 0.6286 -0.1779 0.7571
vn -0.8732 -0.1268 0.4707
vn -0.9318 -0.3629 0.0062
vn 0.8774 -0.0472 -0.4774
vn 0.7378 -0.2509 0.6266
vn 0.5183 0.8344 -0.1874
vn 0.6745 0.3236 0.6635
vn 0.1669 -0.0742 -0.9832
vn -0.7480 -0.2102 0.6296
vn -0.9840 0.0950 0.1506
vn -0.7615 0.4633 -0.4532
vn 0.0122 -0.7288 -0.6846
vn 0.3105 -0.8447 -0.4360
vn -0.0217 0.0323 -0.9992
vn -0.0396 0.1108 -0.9930
vn -0.0187 -0.2100 -0.9775
vn -0.5740 -0.4615 -0.6764
vn 0.9916 0.0162 0.1284
vn 0.1004 -0.7229 0.6836
vn 0.2994 -0.9427 0.1472
vn 0.1180 -0.9512 -0.2851
vn -0.8608 -0.2635 0.4353
vn -0.0344 -0.4352 -0.8997
vn 0.3218 -0.5740 -0.7530
vn -0.7316 -0.6521 -0.1986
vn -0.4706 -0.0706 0.8795
vn -0.3318 -0.0955 -0.9385
vn 0.6692 0.5100 0.5405
vn 0.8274 -0.3660 -0.4260
vn 0.8389 0.0176 0.5439
vn 0.8118 0.2118 0.5442
vn 0.2347 -0.8690 -0.4356
vn -0.8024 -0.5545 0.2205
vn 0.6517 -0.4137 0.6357
vn -0.6591 -0.5271 -0.5365
vn 0.5379 0.2440 0.8069
vn -0.3297 0.0184 -0.9439
vn 0.8986 -0.0780 0.4317
vn -0.9533 0.1045 0.2835
vn 0.0932 -0.5348 -0.8398
vn -0.5666 -0.3757 0.7333
vn 0.8733 -0.0275 -0.4864
vn 0.9672 -0.1408 0.2112
vn -0.7233 0.1485 0.6744
vn 0.4019 -0.6985 -0.5921
vn -0.9899 -0.1271 -0.0628
vn -0.0645 0.3564 0.9321
vn 0.6404 -0.3060 -0.7045
vn 0.4458 0.8611 -0.2443
vn 0.1075 -0.1200 0.9869
vn 0.8431 -0.2647 0.4680
vn -0.4659 0.2726 0.8418
vn 0.8673 0.2502 0.4303
vn -0.4880 0.4400 0.7539
vn -0.7099 0.1266 0.6929
vn 0.6215 0.2085 0.7551
vn 0.2312 0.7151 0.6597
vn -0.2453 -0.6129 0.7511
vn 0.7340 0.4328 -0.5234
vn 0.5647 0.1558 -0.8105
vn -0.9611 0.0046 0.2763
vn -0.1504 -0.8274 -0.5410
vn 0.3031 0.6028 0.7381
vn 0.9296 -0.3672 -0.0322
vn 0.0480 0.1984 0.9789
vn -0.8347 0.1851 0.5187
vn -0.8444 -0.3901 0.3671
vn 0.9614 -0.2703 0.0517
vn 0.2171 -0.9390 0.2668
vn 0.0660 -0.4399 0.8956
vn -0.7178 0.4608 0.5219
vn 0.5766 -0.3588 0.7340
vn -0.6435 0.5189 0.5627
vn -0.3358 -0.7819 0.5253
vn 0.8705 -0.1930 0.4527
vn -0.0521 0.3201 -0.9459
vn 0.3287 -0.2361 -0.9144
vn 0.1932 -0.5553 -0.8089
vn 0.0310 -0.6304 -0.7756
vn 0.8974 0.1780 -0.4037
vn 0.0646 -0.7485 0.6600
vn 0.7959 0.0044 0.6055
vn 0.4197 -0.0900 0.9032
vn 0.6188 -0.2980 0.7269
vn -0.5874 -0.8092 0.0076
vn 0.1547 0.4093 -0.8992
vn 0.7292 0.6831 0.0407
vn 0.7024 -0.2364 -0.6714
vn -0.9324 -0.1411 0.3326
vn 0.8635 -0.4999 0.0669
vn -0.9598 0.2419 -0.1421
vn 0.9079 -0.0380 0.4174
vn -0.9644 -0.1252 0.2328
vn 0.0093 0.2906 0.9568
vn 0.8980 -0.1949 0.3946
vn -0.6659 -0.7194 0.1977
vn 0.1510 0.1789 -0.9722
vn -0.8038 -0.1125 0.5842
vn 0.6365 -0.1632 0.7539
vn 0.2995 0.6492 0.6992
vn -0.2124 -0.3729 0.9032
vn 0.6780 -0.6723 0.2972
vn -0.7145 -0.3035 0.6303
vn 0.5104 -0.4560 -0.7291
vn -0.0668 0.0783 -0.9947
vn 0.1231 -0.9700 -0.2096
vn 0.4307 0.1803 0.8843
vn -0.7307 -0.2082 0.6502
vn 0.8469 -0.4305 0.3121
vn 0.7954 0.4267 0.4304
vn -0.8858 -0.2148 0.4114
vn -0.9491 -0.1656 0.2678
vn -0.3302 0.2414 0.9125
vn -0.7557 -0.3128 0.5754
vn 0.6698 -0.4424 0.5964
vn -0.9453 -0.1892 0.2656
vn -0.7688 0.0017 0.6395
vn -0.0416 -0.3555 0.9337
vn -0.6045 -0.0707 0.7935
vn 0.9293 -0.3666 0.0458
vn -0.6479 0.6758 -0.3515
vn -0.1234 -0.0993 -0.9874
vn -0.2151 0.0091 0.9766
vn 0.7944 0.2696 -0.5443
vn 0.0262 -0.1702 0.9851
vn 0.6666 -0.4418 0.6004
vn -0.0116 -0.8603 0.5096
vn -0.1308 0.9908 -0.0356
vn -0.7751 -0.0022 0.6318
vn 0.6042 -0.3756 -0.7028
vn -0.0389 -0.7510 0.6592
vn 0.7752 -0.0107 0.6316
vn 0.8374 0.2703 0.4752
vn 0.8289 -0.1954 0.5241
vn -0.5318 0.2864 0.7970
vn 0.8371 -0.5321 0.1272
vn -0.8942 -0.2391 0.3784
vn 0.2403 0.9356 0.2587
vn -0.6884 0.0314 -0.7246
vn 0.9085 -0.0740 0.4112
vn -0.6845 -0.2414 -0.6879
vn -0.8416 -0.1968 0.5030
vn -0.6169 0.2457 -0.7477
vn 0.1335 -0.1514 -0.9794
vn 0.4173 -0.1163 -0.9013
vn 0.0475 -0.0410 0.9980
vn 0.8747 -0.3737 -0.3088
vn 0.9170 -0.2114 0.3382
vn -0.1103 -0.0201 0.9937
vn 0.5859 0.6850 0.4331
vn -0.1502 0.4365 0.8871
vn 0.9282 -0.1328 0.3474
vn 0.4864 -0.1393 -0.8625
vn 0.4800 0.2499 0.8409
vn 0.2941 0.1335 0.9464
vn 0.0669 -0.2718 -0.9600
vn -0.4951 -0.2683 0.8264
vn 0.1781 -0.1009 -0.9788
vn -0.1073 -0.2193 -0.9698
vn 0.2830 -0.4518 0.8461
vn 0.6221 0.0407 0.7819
vn 0.7032 -0.6553 0.2760
vn -0.3299 -0.2425 0.9123
vn 0.9529 -0.2369 0.1893
vn -0.6679 -0.1100 0.7360
vn -0.9793 -0.2020 -0.0118
vn 0.3361 0.5108 -0.7913
vn 0.9496 -0.2339 0.2085
vn -0.9582 -0.0499 -0.2818
vn -0.1693 -0.7500 0.6394
vn 0.0080 -0.1000 0.9950
vn -0.1111 -0.9583 -0.2634
vn -0.5415 0.2272 0.8094
vn 0.5428 -0.3876 0.7451
vn -0.7313 0.4801 0.4844
vn -0.3237 0.3125 -0.8930
vn 0.0378 0.2273 0.9731
vn 0.9395 -0.1979 -0.2797
vn 0.6950 -0.4986 -0.5180
vn 0.2595 -0.3147 -0.9130
vn 0.5879 0.5335 0.6080
vn -0.5335 0.0722 -0.8427
vn 0.9947 -0.1028 0.0026
vn 0.8095 -0.2580 0.5275
vn 0.8391 -0.2244 0.4956
vn 0.5523 0.8133 -0.1831
vn -0.0012 -0.5443 -0.8389
vn -0.2523 0.1338 -0.9583
vn 0.1097 0.8915 0.4395
vn 0.9041 -0.0747 0.4208
vn 0.2110 -0.2280 -0.9505
vn -0.8903 -0.3181 -0.3260
vn -0.8607 -0.3081 -0.4053
vn -0.9193 -0.0496 0.3905
vn 0.1250 0.8327 0.5395
vn 0.9255 -0.1562 0.3451
vn 0.9433 -0.2068 -0.2596
vn 0.5994 0.2756 0.7515
vn -0.6462 -0.3506 -0.6779
vn 0.6985 0.2920 0.6533
vn 0.6098 -0.5155 -0.6020
vn 0.9247 -0.1997 0.3240
vn -0.1792 -0.3777 0.9084
vn 0.1109 0.2520 0.9613
vn -0.1046 -0.1880 -0.9766
vn -0.9357 -0.1182 -0.3324
vn 0.6984 0.5052 -0.5069
vn 0.6335 0.5301 0.5636
vn -0.2339 0.9697 0.0702
vn 0.0563 0.0714 0.9959
vn 0.2698 0.8825 0.3851
vn 0.6483 0.5224 0.5539
vn 0.4177 0.6954 0.5848
vn 0.9893 -0.1439 0.0262
vn -0.3804 -0.1472 -0.9130
vn 0.4318 -0.5859 0.6858
vn -0.4625 0.7516 -0.4704
vn 0.1067 0.9179 0.3823
vn 0.2299 -0.5583 -0.7972
vn 0.8476 -0.2337 0.4764
vn 0.8587 -0.1769 0.4809
vn -0.9957 -0.0924 -0.0112
vn 0.5283 0.4805 -0.7000
vn 0.4430 -0.2123 0.8710
vn 0.2405 -0.3837 -0.8916
vn 0.2659 -0.2623 -0.9276
vn 0.2311 0.8957 0.3799
vn 0.7412 0.0335 0.6705
vn 0.8080 0.0192 0.5888
vn 0.2043 0.9788 0.0122
vn -0.1364 -0.7267 0.6732
vn 0.2617 0.8154 0.5163
vn 0.1272 -0.4446 -0.8866
vn 0.6333 -0.0209 0.7737
vn -0.9366 0.2010 -0.2869
vn 0.3538 0.0155 0.9352
vn -0.8254 -0.4951 -0.2714
vn 0.6376 0.3316 0.6954
vn 0.3369 -0.2837 0.8978
vn 0.1326 0.1019 0.9859
vn 0.6458 -0.1356 0.7514
vn -0.8936 -0.0214 -0.4484
vn 0.9962 -0.0576 0.0646
vn -0.3566 -0.9336 -0.0352
vn -0.6439 -0.2821 -0.7112
vn 0.0181 -0.6603 0.7508
vn -0.9116 0.2702 -0.3097
vn -0.8910 -0.1852 0.4145
vn 0.5804 0.4908 0.6498
vn 0.8868 0.0370 0.4607
vn -0.5003 -0.5897 -0.6340
vn -0.2579 0.2765 -0.9258
vn 0.4401 -0.2898 0.8499
vn 0.0696 -0.5979 -0.7986
vn 0.8533 0.3628 0.3745
vn -0.8747 -0.3091 0.3734
vn -0.7730 -0.2001 0.6020
vn 0.7579 -0.0787 0.6476
vn -0.6649 -0.6875 0.2921
vn 0.4767 0.6548 0.5865
vn 0.8743 0.4033 0.2702
vn 0.8489 0.3298 0.4131
vn 0.7376 0.0382 0.6742
vn -0.3103 -0.3217 -0.8946
vn -0.2663 0.6078 0.7481
vn -0.3304 -0.5329 -0.7790
vn 0.8742 0.3997 0.2758
vn -0.9413 -0.1970 -0.2740
vn 0.6286 -0.6837 0.3707
vn -0.1442 0.6935 0.7059
vn 0.1954 -0.4715 0.8599
vn -0.2077 -0.4586 0.8640
vn 0.6546 -0.5437 -0.5253
vn 0.9182 0.1516 -0.3661
vn 0.9052 0.2325 -0.3559
vn 0.1554 -0.0891 0.9838
vn 0.6831 0.7102 0.1703
vn 0.6190 -0.5593 0.5514
vn 0.8422 -0.1208 0.5255
vn 0.1457 0.9669 0.2095
vn 0.2874 0.6556 0.6982
vn -0.2138 -0.5527 -0.8055
vn 0.9453 0.0077 0.3261
vn 0.8453 0.1291 0.5184
vn 0.2287 0.9718 -0.0581
vn 0.9820 -0.0785 -0.1717
vn -0.9604 0.1859 0.2075
vn 0.8379 0.4890 0.2424
vn 0.2087 -0.4975 0.8420
vn 0.2523 0.8673 0.4291
vn -0.0911 0.0418 0.9950
vn 0.5528 -0.5877 -0.5907
vn 0.3533 -0.2401 -0.9042
vn 0.6864 0.0957 0.7209
vn 0.1158 0.8854 0.4501
vn -0.2324 -0.3176 -0.9193
vn -0.6070 0.6481 0.4599
vn -0.4017 -0.4692 -0.7864
vn 0.1859 -0.8418 0.5068
vn 0.6127 0.0807 0.7862
vn -0.7656 -0.6023 -0.2262
vn 0.6414 0.1046 0.7601
vn 0.5983 -0.3303 0.7301
vn 0.6187 -0.0705 0.7825
vn 0.5239 -0.5349 0.6629
vn 0.8015 0.2229 0.5549
vn 0.9753 -0.0104 0.2205
vn 0.6294 0.3739 -0.6812
vn 0.9482 0.2226 0.2265
vn 0.1329 0.9387 -0.3181
vn 0.2444 -0.9611 -0.1285
vn 0.1519 0.3152 0.9368
vn 0.9341 0.2376 0.2665
vn 0.0608 -0.3851 0.9209
vn 0.9812 -0.1538 -0.1161
vn 0.1872 -0.1901 -0.9638
vn 0.1587 0.8300 0.5347
vn 0.3228 0.0742 0.9435
vn 0.5033 0.1753 0.8461
vn 0.1413 -0.4234 0.8949
vn 0.2646 -0.4735 0.8401
vn 0.7484 0.0403 0.6621
vn 0.3078 -0.4225 0.8525
vn 0.5899 0.0725 0.8042
vn 0.5437 0.2851 0.7894
vn 0.1653 -0.1867 -0.9684
vn -0.3365 0.9298 0.1492
vn 0.6830 0.0525 -0.7286
vn 0.4320 -0.2515 0.8661
vn 0.4333 -0.2834 0.8555
vn 0.4803 -0.1224 0.8685
vn 0.0666 -0.9127 0.4032
vn 0.4998 -0.1656 0.8502
vn 0.2568 -0.6664 0.7000
vn 0.3177 -0.8392 0.4413
vn 0.2940 -0.1666 -0.9412
vn -0.1619 -0.9858 -0.0448
vn -0.9205 0.0001 0.3907
vn 0.4843 -0.0411 0.8740
vn 0.7255 -0.0554 0.6860
vn -0.1974 0.9796 -0.0368
vn 0.8925 0.1079 0.4379
vn 0.8919 0.1459 0.4281
vn 0.9049 -0.3650 -0.2188
vn 0.0006 -1.0000 0.0036
vn -0.2531 0.8540 -0.4546
vn -0.5116 -0.8506 -0.1217
vn 0.2944 -0.0819 0.9522
vn -0.0150 -0.9757 0.2187
vn -0.0632 -0.9975 -0.0330
vn 0.0671 -0.9974 0.0281
vn 0.0822 -0.9875 0.1342
vn 0.2071 -0.9209 0.3301
vn 0.4048 -0.6438 0.6494
vn 0.1492 -0.9617 0.2300
vn -0.3229 -0.7670 -0.5545
vn -0.6346 -0.1343 -0.7611
vn 0.3144 -0.8205 0.4774
vn -0.4221 -0.2842 -0.8608
vn -0.6413 -0.3389 -0.6884
vn -0.8425 -0.2977 -0.4490
vn -0.9224 -0.1499 -0.3559
vn -0.8970 0.0555 -0.4386
vn -0.8682 -0.0505 -0.4937
vn -0.0617 0.2158 0.9745
vn 0.1998 -0.3549 0.9133
vn 0.6096 -0.5370 0.5831
vn -0.5721 -0.5968 -0.5626
vn 0.0839 -0.9773 0.1944
vn -0.8235 -0.1532 -0.5463
vn -0.6823 -0.3021 -0.6657
vn 0.7855 0.0308 0.6180
vn 0.1464 0.6626 -0.7346
vn 0.3254 0.5625 0.7601
vn -0.5728 -0.5963 -0.5624
vn -0.0096 -0.9794 0.2015
vn 0.5980 -0.2694 0.7549
vn 0.5585 -0.3125 0.7684
vn -0.9397 -0.2564 -0.2262
vn 0.2982 -0.4933 0.8172
vn 0.3135 -0.4092 0.8569
vn 0.5183 -0.2034 0.8307
vn 0.5760 -0.0571 0.8154
vn -0.7133 0.5015 -0.4895
vn 0.3499 0.5642 0.7478
vn 0.5996 0.3710 0.7091
vn 0.6380 0.0712 0.7667
vn 0.5636 -0.0228 0.8257
vn 0.7085 0.2104 0.6736
vn 0.5261 0.3459 0.7769
vn -0.0258 0.9875 0.1553
vn 0.6931 0.0547 0.7188
vn 0.5699 -0.1809 0.8016
vn 0.6318 0.1384 0.7626
vn -0.4080 0.7132 -0.5700
vn 0.3468 -0.0845 0.9341
vn 0.2801 0.9593 0.0364
vn 0.6344 -0.0072 0.7729
vn 0.3501 0.8943 0.2788
vn 0.6424 -0.1004 0.7597
vn -0.0276 -0.1208 0.9923
vn 0.3418 -0.4100 0.8456
vn 0.4550 0.7260 0.5156
vn 0.5828 0.4510 0.6759
vn 0.3142 0.0955 0.9446
vn 0.0849 0.9951 0.0508
vn 0.7022 -0.1181 0.7021
vn 0.5198 -0.1015 0.8482
vn 0.5811 -0.0528 0.8121
vn 0.7275 -0.0548 0.6839
vn -0.4217 0.8654 -0.2706
vn 0.6468 -0.2179 0.7309
vn 0.4653 -0.1886 0.8649
vn 0.5479 0.4698 0.6922
vn 0.0885 -0.5458 0.8332
vn 0.8494 -0.3640 0.3821
vn 0.5037 -0.8490 0.1596
vn 0.5201 -0.8213 0.2345
vn 0.8725 -0.4841 0.0653
vn 0.5032 0.3091 0.8070
vn 0.5973 -0.5111 0.6181
vn 0.7577 -0.4932 0.4274
vn 0.6871 -0.4085 0.6009
vn 0.7366 -0.4516 0.5034
vn 0.5407 -0.7418 0.3968
vn 0.5677 -0.8187 0.0868
vn -0.6296 -0.5010 -0.5938
vn 0.5130 -0.6642 0.5437
vn 0.6003 -0.4611 0.6535
vn 0.6375 -0.7162 0.2838
vn 0.5781 -0.6911 0.4339
vn -0.0308 0.0528 0.9981
vn 0.8236 -0.2054 0.5286
vn 0.7513 0.0463 0.6583
vn 0.9150 0.2062 0.3469
vn 0.2234 0.7109 0.6669
vn -0.1859 -0.8712 -0.4544
vn -0.1425 0.8067 -0.5735
vn 0.4554 0.7004 0.5496
vn -0.2003 0.4512 -0.8696
vn 0.0531 0.4616 0.8855
vn 0.8248 -0.1321 0.5498
vn -0.0605 0.4418 -0.8951
vn -0.8649 -0.4524 -0.2174
vn -0.6853 0.2230 -0.6933
vn -0.0651 0.5974 -0.7993
vn -0.7368 0.4098 -0.5377
vn 0.1491 -0.9789 -0.1398
vn -0.8236 0.5060 0.2563
vn 0.6395 0.0473 0.7673
vn -0.1656 0.5860 -0.7932
vn -0.4825 0.3731 -0.7925
vn 0.3647 -0.3446 0.8650
vn -0.3268 0.4532 -0.8294
vn -0.5011 0.5148 -0.6956
vn 0.3243 -0.2281 0.9180
vn 0.8253 0.3357 0.4541
vn 0.8884 0.2910 0.3551
vn 0.6745 -0.1098 0.7300
vn -0.0440 -0.9770 0.2088
vn 0.0863 0.5383 0.8383
vn 0.3536 0.9352 0.0210
vn 0.1229 0.9581 -0.2587
vn 0.2138 -0.5454 0.8104
vn 0.2819 0.9579 -0.0547
vn 0.5849 0.0591 -0.8090
vn 0.2949 0.9448 0.1426
vn 0.2290 0.9398 0.2537
vn 0.0362 0.3182 0.9473
vn 0.1279 0.9895 -0.0677
vn -0.1181 0.9207 0.3720
vn 0.8676 -0.3242 -0.3771
vn 0.5236 0.8450 0.1082
vn -0.2776 -0.6825 -0.6761
vn 0.8854 -0.4070 -0.2245
vn 0.2716 -0.5595 0.7831
vn 0.0012 0.6029 0.7978
vn 0.9526 -0.1611 0.2582
vn 0.7385 -0.3776 -0.5585
vn -0.3234 0.5599 -0.7629
vn -0.2061 -0.2928 -0.9337
vn 0.1077 0.9427 0.3157
vn 0.3972 -0.1305 0.9084
vn 0.5950 -0.4648 0.6557
vn 0.3257 0.3241 0.8882
vn -0.2622 -0.8300 -0.4923
vn -0.6043 0.6230 -0.4967
vn -0.0124 -0.8997 -0.4363
vn 0.3521 0.2252 0.9085
vn 0.1431 0.7911 -0.5947
vn 0.1992 -0.9246 -0.3247
vn 0.2040 0.4469 0.8710
vn -0.0760 -0.9342 -0.3486
vn 0.2358 -0.2146 0.9478
vn 0.6780 0.2217 0.7008
vn 0.3023 -0.8269 -0.4743
vn 0.9816 -0.1892 0.0246
vn -0.5586 -0.4463 -0.6991
vn -0.5285 -0.2894 -0.7981
vn 0.8987 -0.1040 0.4260
vn 0.9973 -0.0544 0.0500
vn 0.6889 -0.2486 0.6809
vn 0.6509 -0.7588 -0.0231
vn 0.9920 -0.1230 0.0267
vn 0.7382 -0.4243 0.5244
vn 0.8525 -0.1135 0.5102
vn -0.9084 -0.1077 0.4040
vn 0.2208 -0.2785 -0.9347
vn -0.6553 -0.3302 -0.6793
vn 0.9897 -0.1273 0.0648
vn -0.7318 -0.2635 -0.6285
vn 0.0470 0.9964 -0.0704
vn 0.5183 -0.3297 0.7891
vn -0.0752 -0.3691 -0.9263
vn 0.9086 -0.2117 -0.3600
vn 0.8215 -0.4383 -0.3649
vn -0.8754 -0.0276 0.4826
vn 0.8396 -0.3959 -0.3720
vn 0.4088 -0.6955 0.5909
vn 0.1674 -0.7723 -0.6128
vn 0.9642 -0.1918 -0.1832
vn 0.3361 0.7536 0.5649
vn 0.1834 -0.7927 -0.5814
vn -0.9086 -0.2204 -0.3547
vn -0.1094 0.9052 -0.4107
vn 0.7118 -0.0188 0.7021
vn 0.0063 0.6754 0.7374
vn 0.6137 -0.2644 0.7439
vn -0.0234 -0.0115 -0.9997
vn 0.8681 -0.1128 0.4834
vn -0.3039 0.2922 0.9068
vn 0.5792 0.0710 0.8121
vn 0.4726 -0.0275 0.8808
vn 0.8155 0.1155 -0.5672
vn 0.6342 -0.7255 -0.2674
vn 0.5963 -0.7837 -0.1741
vn 0.3060 0.1320 -0.9428
vn -0.9345 0.0103 0.3558
vn 0.5511 0.3330 -0.7651
vn -0.3905 -0.2176 -0.8945
vn -0.8830 0.0646 0.4650
vn -0.4593 0.3808 -0.8025
vn 0.5462 0.5359 -0.6438
vn 0.4980 -0.0825 0.8632
vn 0.8320 -0.5183 0.1979
vn 0.8268 -0.5354 0.1725
vn -0.0388 0.5901 0.8064
vn 0.9802 0.1467 -0.1327
vn 0.9609 -0.0583 -0.2707
vn 0.7187 -0.6950 -0.0234
vn 0.2941 0.1773 0.9392
vn 0.8448 0.3243 -0.4256
vn 0.8980 -0.4182 -0.1366
vn -0.6584 0.4462 -0.6061
vn -0.7212 0.6721 -0.1678
vn -0.7612 0.3725 -0.5309
vn -0.2044 -0.5582 -0.8041
vn -0.7579 0.5045 -0.4136
vn 0.0117 -0.6641 -0.7475
vn 0.8729 0.3482 0.3417
vn 0.7782 0.5107 0.3653
vn 0.9955 0.0464 0.0823
vn 0.2510 0.1210 -0.9604
vn 0.5464 -0.4499 0.7064
vn 0.2050 -0.1380 0.9690
vn 0.5758 -0.1292 0.8073
vn -0.9919 -0.0264 -0.1246
vn 0.9746 0.0790 0.2097
vn 0.8951 -0.0286 0.4450
vn 0.9964 0.0047 -0.0843
vn 0.2381 0.9113 0.3359
vn 0.1165 -0.0098 0.9931
vn 0.9773 0.2091 0.0329
vn 0.9626 0.2314 0.1409
vn 0.8792 0.4653 0.1021
vn 0.7573 0.6527 0.0234
vn 0.7688 0.6342 -0.0828
vn -0.6458 0.4899 -0.5856
vn -0.0313 0.0945 0.9950
vn -0.9976 0.0681 0.0116
vn 0.7411 0.6010 0.2993
vn -0.6558 0.7541 0.0361
vn 0.6976 0.6735 0.2444
vn -0.9248 -0.1363 0.3552
vn 0.9746 0.0981 0.2015
vn 0.8251 -0.5033 -0.2568
vn 0.7325 0.6709 0.1157
vn 0.8350 0.5170 0.1884
vn -0.6925 0.3582 0.6263
vn -0.4372 -0.1935 0.8783
vn 0.9468 0.1012 0.3056
vn 0.9954 -0.0353 0.0894
vn 0.9719 0.0723 0.2240
vn 0.3781 0.9194 0.1080
vn -0.6961 0.0676 0.7147
vn 0.9467 0.0216 0.3214
vn 0.3116 0.1420 0.9396
vn 0.5939 0.1450 0.7914
vn -0.7144 -0.5288 0.4582
vn 0.7650 -0.0121 0.6439
vn -0.8276 -0.3080 0.4693
vn -0.4275 0.5881 -0.6866
vn 0.4043 0.2234 0.8869
vn 0.2777 0.6314 0.7240
vn 0.1976 0.8128 0.5481
vn -0.9683 0.2106 0.1342
vn 0.8948 -0.1195 -0.4303
vn 0.9695 -0.1377 0.2027
vn 0.7348 0.0116 -0.6782
vn 0.0096 0.2665 0.9638
vn 0.7851 0.3507 0.5105
vn -0.9671 -0.1613 0.1969
vn 0.3420 -0.8987 0.2745
vn -0.3394 -0.8608 -0.3791
vn -0.8320 0.2379 0.5012
vn 0.4140 -0.0152 -0.9101
vn -0.2829 -0.5868 -0.7587
vn 0.8392 0.3971 0.3715
vn -0.5900 -0.1644 0.7905
vn -0.5602 -0.1832 -0.8079
vn -0.7983 0.4127 -0.4386
vn 0.7761 0.2060 0.5960
vn 0.3691 0.3610 -0.8564
vn 0.3863 0.8738 -0.2953
vn 0.6920 -0.0157 0.7218
vn 0.7638 0.5992 -0.2400
vn -0.8989 -0.3947 -0.1903
vn 0.6177 0.7783 0.1126
vn -0.8453 -0.1860 -0.5008
vn -0.5189 -0.6826 0.5146
vn 0.8254 -0.3837 0.4142
vn 0.7066 0.1457 -0.6924
vn 0.3909 0.5597 -0.7307
vn 0.6710 0.3330 -0.6625
vn 0.0052 -0.1488 0.9889
vn 0.5260 0.4769 -0.7042
vn -0.8454 -0.0721 0.5292
vn 0.8603 -0.0776 0.5039
vn -0.7998 0.1312 0.5858
vn -0.9733 -0.1195 -0.1960
vn 0.9852 0.0649 0.1586
vn 0.1152 0.9326 0.3422
vn 0.7446 -0.1502 -0.6504
vn 0.7231 -0.3199 -0.6122
vn 0.3287 0.5914 0.7363
vn 0.8681 -0.2831 -0.4077
vn 0.6506 0.7594 -0.0036
vn -0.1173 -0.8515 -0.5110
vn 0.0566 0.9427 0.3287
vn 0.7771 0.0390 0.6282
vn 0.7097 -0.0383 0.7035
vn 0.7377 0.4178 0.5303
vn 0.7127 0.2251 0.6643
vn 0.7493 -0.1723 0.6395
vn 0.6541 0.2051 0.7281
vn -0.7716 -0.5008 -0.3923
vn -0.8643 0.2056 0.4589
vn 0.8568 0.2793 0.4334
vn 0.2939 -0.0430 0.9549
vn 0.8054 -0.5904 0.0525
vn 0.5389 -0.2646 0.7997
vn 0.8813 0.3155 0.3518
vn 0.8916 -0.3409 0.2980
vn 0.8833 -0.0859 0.4608
vn 0.1231 -0.1886 -0.9743
vn 0.7158 -0.0493 -0.6965
vn 0.5056 0.2517 0.8252
vn 0.8614 0.4792 0.1682
vn 0.5077 0.2556 0.8228
vn 0.9438 0.0889 0.3184
vn 0.3575 -0.0903 -0.9296
vn 0.1361 0.8612 -0.4897
vn 0.8626 0.2639 0.4317
vn -0.2577 -0.8888 -0.3790
vn 0.1765 -0.9587 0.2232
vn 0.8839 0.2345 0.4047
vn 0.8892 0.4010 0.2203
vn -0.7660 0.4909 -0.4151
vn 0.2753 -0.4098 -0.8696
vn 0.5621 0.4181 0.7136
vn 0.7379 0.2828 0.6128
vn 0.3642 0.6212 -0.6939
vn 0.0682 0.0156 0.9975
vn 0.0158 -0.8782 0.4780
vn 0.2083 0.1983 0.9578
vn 0.1949 -0.0728 0.9781
vn 0.2844 0.3420 0.8956
vn 0.0975 0.0394 0.9945
vn 0.7316 0.3904 0.5588
vn -0.2360 0.8439 -0.4818
vn 0.7625 0.2708 0.5876
vn 0.7868 -0.0876 -0.6110
vn 0.4886 -0.1252 0.8635
vn -0.9927 0.0328 -0.1159
vn -0.9846 0.0580 -0.1649
vn -0.9871 -0.0400 0.1550
vn -0.3643 -0.8911 -0.2704
vn 0.6953 0.4481 -0.5619
vn 0.4552 -0.7528 0.4755
vn 0.5324 0.0542 0.8448
vn -0.8454 0.1718 -0.5058
vn -0.5223 -0.3939 0.7564
vn -0.3891 -0.5616 0.7302
vn 0.6122 0.7199 0.3271
vn 0.4823 -0.0049 0.8760
vn 0.2673 0.3509 0.8975
vn 0.3686 0.1085 0.9232
vn 0.8008 0.2352 0.5508
vn 0.2577 0.3248 0.9100
vn 0.3361 0.2849 0.8977
vn 0.3527 0.2921 0.8890
vn 0.9050 0.1499 0.3982
vn 0.8956 -0.0460 0.4424
vn 0.6314 0.3783 0.6769
vn 0.5415 0.1529 0.8267
vn 0.3421 0.3963 0.8520
vn 0.4138 0.2634 0.8714
vn 0.4908 0.3283 0.8071
vn 0.3883 -0.2468 -0.8879
vn 0.3697 -0.1411 -0.9184
vn 0.2806 0.4073 0.8691
vn 0.1376 0.1424 0.9802
vn 0.2814 0.1438 0.9488
vn 0.4044 0.2655 0.8752
vn 0.1635 0.2751 0.9474
vn 0.2384 0.2143 0.9472
vn 0.6201 0.3002 0.7248
vn 0.6706 -0.0201 0.7415
vn 0.6263 0.4249 0.6536
vn -0.9943 -0.1007 0.0339
vn 0.7396 0.0527 0.6710
vn 0.9144 0.3657 -0.1737
vn 0.6239 0.3109 0.7169
vn 0.5183 0.2434 0.8198
vn 0.9637 -0.1515 0.2199
vn 0.4851 0.2802 0.8283
vn 0.7637 0.0656 0.6422
vn 0.7998 0.3599 0.4804
vn 0.5991 0.2908 0.7460
vn 0.5105 0.4542 0.7301
vn 0.5175 0.3630 0.7749
vn 0.0245 0.1919 0.9811
vn 0.0023 0.2791 0.9603
vn 0.0799 0.2237 0.9714
vn 0.0738 0.2537 0.9645
vn 0.9629 -0.0523 -0.2648
vn 0.7772 -0.0372 0.6282
vn -0.7256 0.2847 -0.6265
vn -0.8783 0.0384 0.4766
vn 0.9016 0.2929 0.3184
vn 0.1717 0.0277 0.9848
vn 0.6348 0.1278 0.7620
vn 0.4537 -0.6603 0.5984
vn 0.2480 0.3401 0.9071
vn -0.0071 -0.0830 -0.9965
vn 0.0523 0.2856 0.9569
vn -0.2217 0.6082 0.7622
vn 0.8268 0.1646 0.5379
vn -0.3608 -0.4345 -0.8253
vn 0.6469 -0.2457 0.7219
vn -0.2501 0.8647 0.4357
vn -0.6503 0.2405 0.7206
vn 0.7155 -0.4644 -0.5220
vn 0.1368 -0.0262 0.9902
vn 0.5112 -0.3567 0.7819
vn -0.8588 0.2362 0.4546
vn 0.7528 -0.4633 0.4676
vn 0.2188 0.3157 0.9233
vn 0.7735 0.2701 0.5733
vn 0.7162 0.0574 0.6955
vn 0.6681 0.3552 0.6538
vn 0.5252 -0.8275 0.1983
vn 0.3762 -0.0448 0.9254
vn 0.4686 0.2901 0.8344
vn 0.5259 -0.2962 0.7973
vn 0.3716 0.8569 -0.3574
vn -0.2410 0.9105 0.3360
vn 0.3778 0.7465 -0.5477
vn 0.5951 0.5143 0.6175
vn -0.8477 0.2916 -0.4431
vn 0.6387 -0.2081 0.7408
vn 0.3421 -0.5513 0.7609
vn 0.8638 0.0639 0.4997
vn 0.7932 -0.0923 0.6020
vn 0.3750 -0.3144 0.8721
vn 0.5015 -0.2612 0.8248
vn 0.8595 0.1466 0.4897
vn 0.9808 -0.1879 0.0517
vn 0.5387 0.0443 0.8413
vn 0.7337 -0.1197 0.6688
vn 0.7082 0.0384 0.7050
vn 0.7928 0.2462 0.5576
vn 0.1443 0.2014 0.9688
vn 0.8827 0.1742 0.4364
vn 0.8192 0.2869 0.4966
vn 0.6463 -0.3634 0.6710
vn 0.6594 0.7414 -0.1243
vn 0.7687 0.4309 0.4727
vn -0.0172 0.8230 -0.5678
vn 0.6702 -0.3478 0.6557
vn 0.5052 -0.7951 0.3356
vn 0.8624 -0.2707 0.4278
vn 0.8405 0.1909 0.5071
vn 0.4391 0.2060 0.8745
vn 0.7223 -0.2470 0.6460
vn -0.1607 0.0854 0.9833
vn 0.4319 -0.8197 0.3763
vn 0.1137 0.7162 0.6886
vn 0.7612 0.2184 0.6106
vn 0.8327 0.1471 0.5338
vn 0.2358 -0.4799 0.8450
vn 0.7538 0.2672 0.6003
vn 0.9147 0.0496 0.4011
vn 0.8566 -0.1668 0.4884
vn 0.8663 0.0106 0.4994
vn 0.2329 -0.4497 0.8623
vn 0.4920 -0.7170 0.4939
vn 0.8992 0.1486 0.4115
vn 0.9236 0.0149 0.3832
vn 0.9297 0.0108 0.3681
vn 0.2107 -0.6261 0.7507
vn 0.9312 -0.0068 0.3644
vn 0.9082 0.0304 0.4174
vn 0.8931 0.1507 0.4239
vn 0.9308 0.1322 0.3408
vn 0.8742 -0.3354 -0.3511
vn 0.9526 0.0598 0.2982
vn 0.2455 0.3912 0.8870
vn -0.6613 0.5568 0.5027
vn -0.1656 0.3018 0.9389
vn 0.9063 0.1097 0.4081
vn 0.7126 0.5366 0.4520
vn 0.7330 0.4887 0.4732
vn 0.4202 0.3355 0.8431
vn 0.5615 0.7239 0.4008
vn 0.4942 -0.5545 0.6696
vn 0.3352 0.8448 0.4169
vn 0.2970 0.3141 0.9017
vn 0.6293 0.6093 0.4825
vn 0.5129 0.6788 0.5256
vn 0.9215 -0.1112 0.3720
vn 0.5562 -0.5773 0.5978
vn 0.4886 0.7338 0.4721
vn 0.7762 -0.2159 0.5923
vn 0.6641 0.5095 0.5471
vn 0.5307 0.5892 0.6092
vn 0.3118 0.8876 0.3390
vn 0.6321 0.2951 0.7165
vn 0.4237 0.5201 -0.7416
vn 0.9661 -0.1793 -0.1858
vn 0.5987 0.6644 0.4474
vn 0.3802 -0.2212 0.8981
vn 0.6156 0.5524 0.5620
vn 0.3594 0.7427 0.5649
vn 0.4050 0.8428 0.3545
vn 0.5935 0.7439 -0.3072
vn -0.5860 0.5304 0.6127
vn 0.5261 0.6424 0.5573
vn -0.8614 0.1306 -0.4908
vn -0.8446 -0.5344 0.0328
vn 0.5302 0.7750 0.3438
vn -0.2654 0.7057 0.6569
vn -0.2349 0.9707 -0.0498
vn 0.0605 -0.5619 0.8250
vn 0.9335 0.2404 0.2661
vn 0.1502 0.2113 0.9658
vn 0.9773 0.1117 0.1799
vn 0.5262 -0.4541 0.7189
vn 0.5063 0.3310 0.7963
vn 0.6457 0.3225 0.6922
vn 0.5311 0.4664 0.7074
vn -0.2146 -0.3374 -0.9166
vn 0.2102 0.7898 0.5762
vn 0.7062 -0.1306 0.6958
vn 0.6507 0.6698 0.3578
vn 0.8923 0.0545 -0.4481
vn 0.4523 -0.5738 0.6828
vn -0.1233 -0.4443 -0.8874
vn 0.8934 -0.3860 -0.2298
vn 0.8859 0.3127 -0.3426
vn -0.9423 -0.2490 -0.2237
vn 0.8073 0.2701 0.5247
vn 0.8446 -0.3620 0.3946
vn 0.3417 -0.2845 -0.8957
vn -0.8461 -0.4990 0.1874
vn -0.1071 0.5214 0.8466
vn 0.0609 -0.2785 0.9585
vn 0.0564 -0.2239 0.9730
vn -0.7312 -0.2958 0.6147
vn 0.5391 -0.7276 -0.4244
vn 0.8673 -0.2034 -0.4543
vn 0.9275 0.2534 0.2747
vn 0.6165 -0.2407 -0.7496
vn 0.9160 -0.3440 0.2064
vn 0.7460 0.4348 0.5045
vn 0.7606 -0.2302 -0.6070
vn 0.1805 0.3467 0.9205
vn -0.0369 -0.9985 -0.0404
vn 0.3084 -0.1723 -0.9355
vn -0.0517 0.9933 0.1038
vn -0.2593 -0.5864 -0.7674
vn 0.0652 -0.1887 -0.9799
vn 0.1345 -0.0135 -0.9908
vn -0.2030 -0.6873 -0.6975
vn 0.6062 -0.2993 0.7368
vn 0.2848 -0.9076 0.3085
vn -0.0921 -0.7923 -0.6031
vn 0.5217 -0.3246 0.7890
vn -0.8391 0.1131 0.5320
vn 0.6485 -0.2265 0.7267
vn 0.6309 -0.5504 -0.5467
vn 0.6185 0.6664 0.4163
vn 0.8856 -0.0054 -0.4644
vn 0.0391 -0.9365 -0.3484
vn 0.2871 -0.2679 -0.9197
vn 0.6378 0.3799 0.6700
vn -0.7094 -0.3896 -0.5873
vn 0.9500 -0.3026 -0.0765
vn 0.9868 -0.1619 -0.0080
vn 0.9630 -0.2695 -0.0074
vn 0.4969 -0.5268 0.6896
vn 0.2117 -0.8301 0.5158
vn 0.6722 0.4205 0.6094
vn 0.7438 0.0062 0.6683
vn -0.0811 0.0298 0.9963
vn 0.8237 -0.5487 0.1429
vn -0.7480 0.2715 0.6056
vn -0.7136 0.2601 0.6505
vn -0.7780 0.1280 0.6151
vn 0.9626 -0.1928 0.1905
vn 0.2391 0.4064 0.8819
vn 0.0598 0.8416 0.5369
vn 0.9515 0.0387 -0.3053
vn 0.8579 0.1939 -0.4758
vn 0.9702 -0.0291 0.2407
vn 0.9057 0.4239 -0.0056
vn 0.6075 0.5849 -0.5375
vn 0.2246 -0.0575 0.9728
vn 0.3672 0.5733 0.7325
vn -0.1870 0.4644 0.8657
vn -0.8845 0.0545 0.4634
vn -0.7909 0.4314 0.4340
vn -0.8205 0.2637 0.5072
vn -0.5982 0.2584 0.7585
vn 0.9466 0.2687 0.1783
vn 0.5887 -0.1213 0.7992
vn 0.9639 -0.1030 -0.2457
vn -0.3353 -0.5048 -0.7955
vn 0.5896 0.4160 0.6923
vn -0.8972 0.4410 0.0225
vn -0.2560 0.8090 0.5291
vn -0.2535 -0.4698 -0.8456
vn 0.3186 0.5646 0.7614
vn -0.3405 -0.3297 0.8805
vn 0.3642 -0.3970 -0.8425
vn -0.2431 0.3418 0.9078
vn 0.3006 0.9238 0.2372
vn -0.7107 -0.2980 0.6372
vn 0.9731 -0.1041 -0.2055
vn 0.7174 0.2165 0.6621
vn -0.2571 0.7545 0.6038
vn 0.9492 -0.1942 -0.2475
vn 0.0369 -0.6127 -0.7894
vn -0.8839 0.0848 -0.4599
vn -0.9938 -0.0837 0.0735
vn -0.9820 -0.0422 0.1843
vn 0.5617 0.4022 0.7230
vn -0.8120 0.1072 -0.5738
vn 0.6711 0.1233 0.7310
vn 0.4505 0.8725 0.1893
vn -0.3490 -0.0935 -0.9325
vn 0.4030 0.2500 0.8804
vn -0.4100 0.5867 0.6983
vn -0.4040 -0.1370 -0.9045
vn -0.2834 0.4878 0.8257
vn 0.1123 0.0009 0.9937
vn 0.1206 0.9222 0.3673
vn -0.9119 -0.3332 -0.2397
vn 0.8387 -0.3813 -0.3889
vn 0.4997 0.2934 0.8150
vn 0.9201 -0.3118 -0.2372
vn 0.5611 -0.5495 0.6190
vn -0.0666 -0.3858 0.9202
vn 0.4668 -0.8410 0.2735
vn -0.5553 0.3030 0.7745
vn 0.7736 -0.6237 -0.1117
vn -0.3645 -0.8676 0.3381
vn 0.3264 -0.9448 -0.0278
vn 0.5318 0.2840 0.7978
vn -0.9315 -0.3293 0.1547
vn 0.1831 0.6295 -0.7552
vn 0.4193 0.8902 0.1779
vn 0.2655 -0.4616 0.8464
vn 0.2616 0.7052 -0.6590
vn -0.7981 -0.3795 -0.4679
vn 0.3880 -0.6800 -0.6222
vn 0.1398 -0.5967 -0.7902
vn -0.8974 -0.1105 0.4272
vn -0.9769 0.1191 0.1775
vn 0.6217 -0.5606 -0.5471
vn 0.0262 0.2032 0.9788
vn 0.4035 0.6533 -0.6406
vn 0.4270 0.5006 0.7531
vn 0.4461 0.8122 0.3760
vn -0.9191 0.0250 0.3932
vn -0.9603 -0.2116 -0.1821
vn 0.8874 0.0092 0.4609
vn 0.7595 0.5193 -0.3917
vn 0.7399 0.3659 -0.5645
vn 0.4633 0.2066 0.8618
vn 0.8117 0.2199 -0.5411
vn 0.9487 -0.2998 0.1009
vn 0.3719 -0.0381 0.9275
vn -0.4190 -0.1109 0.9012
vn 0.5417 0.1943 0.8178
vn 0.7631 0.4000 0.5077
vn -0.3998 -0.3107 0.8623
vn -0.7781 -0.3330 0.5326
vn -0.9438 0.1161 0.3093
vn -0.9423 0.1863 0.2782
vn -0.9734 0.0955 0.2084
vn -0.9737 0.0498 0.2223
vn 0.9419 0.0732 -0.3279
vn -0.9993 -0.0381 -0.0016
vn -0.9580 -0.1860 0.2182
vn -0.9899 -0.1203 0.0750
vn 0.2797 -0.6170 -0.7355
vn 0.8804 -0.4531 -0.1398
vn -0.6212 -0.0264 0.7832
vn -0.0782 0.9208 0.3821
vn -0.1894 0.7748 0.6031
vn -0.6025 0.1701 0.7798
vn -0.1205 0.9558 0.2683
vn 0.1627 0.6269 0.7619
vn -0.9382 0.1973 0.2845
vn -0.8279 0.4662 0.3118
vn -0.2044 0.4557 0.8663
vn -0.4444 -0.1683 0.8799
vn 0.0048 -0.4164 0.9092
vn 0.0245 -0.1968 0.9801
vn -0.2438 -0.2834 0.9275
vn -0.2631 -0.4328 0.8622
vn 0.2241 -0.1976 0.9543
vn 0.2440 -0.0888 0.9657
vn -0.2681 -0.4251 0.8645
vn -0.0266 -0.4899 0.8714
vn 0.1771 -0.3172 0.9317
vn 0.0721 0.3117 0.9475
vn -0.1295 0.0313 0.9911
vn -0.0709 -0.3282 0.9419
vn -0.2961 -0.3541 0.8871
vn -0.3073 -0.1333 0.9422
vn -0.7759 -0.0350 0.6299
vn -0.6574 0.1067 0.7459
vn -0.6403 0.3969 0.6576
vn -0.7089 -0.0194 0.7051
vn -0.7399 -0.0345 0.6718
vn -0.7351 -0.0168 0.6778
vn -0.7030 0.0120 0.7111
vn -0.6194 -0.0298 0.7845
vn -0.6171 -0.0467 0.7855
vn -0.6658 0.0257 0.7456
vn -0.6764 -0.0015 0.7365
vn -0.5400 -0.1606 0.8262
vn -0.5400 -0.1809 0.8220
vn -0.5166 -0.1281 0.8466
vn -0.6498 -0.0875 0.7551
vn -0.7142 -0.0837 0.6949
vn -0.7810 -0.0868 0.6185
vn -0.7756 -0.0786 0.6263
vn -0.7881 -0.0535 0.6132
vn -0.7632 -0.1360 0.6317
vn -0.7913 -0.1401 0.5951
vn -0.7772 -0.1471 0.6119
vn -0.7766 -0.1215 0.6182
vn -0.6611 -0.2955 0.6896
vn -0.6710 -0.1977 0.7146
vn -0.7459 -0.1910 0.6381
vn -0.7390 -0.2250 0.6350
vn -0.5189 -0.2142 0.8276
vn -0.5444 -0.3532 0.7608
vn -0.1006 0.9587 0.2660
vn -0.0735 0.9113 0.4051
vn -0.1713 -0.1813 0.9684
vn 0.0317 0.1505 0.9881
vn -0.2127 0.8609 0.4622
vn -0.5346 0.0766 0.8416
vn -0.0399 0.9819 0.1851
vn 0.1987 0.8662 -0.4585
vn 0.0827 0.9027 -0.4224
vn -0.1454 0.9453 0.2919
vn -0.1388 0.8630 -0.4857
vn -0.1519 0.9286 0.3387
vn -0.2829 0.9506 -0.1278
vn -0.5220 0.8435 0.1262
vn 0.0526 -0.8662 0.4970
vn -0.6288 -0.3132 -0.7117
vn -0.6256 0.2780 0.7290
vn -0.6270 0.1012 0.7724
vn -0.5091 0.1167 0.8527
vn -0.4881 0.6071 0.6270
vn 0.8639 -0.4061 -0.2979
vn 0.8987 -0.3314 -0.2872
vn 0.6304 -0.7729 0.0730
vn 0.4685 -0.8605 0.2003
vn -0.8531 0.0623 0.5180
vn -0.6720 0.1479 0.7256
vn -0.6786 0.1144 0.7256
vn -0.2844 0.6346 0.7186
vn -0.2630 0.7027 0.6611
vn -0.6468 0.3881 0.6565
vn 0.2601 0.9419 0.2124
vn 0.8179 0.5227 -0.2404
vn 0.6544 0.6205 -0.4322
vn 0.1215 0.9637 0.2377
vn 0.7025 0.7010 0.1231
vn 0.8679 0.4636 -0.1785
vn 0.7619 0.6095 -0.2190
vn 0.5561 0.8232 0.1140
vn -0.2829 0.7027 0.6528
vn 0.1082 0.7704 0.6283
vn 0.9917 0.0777 0.1025
vn 0.9899 0.1415 0.0023
vn 0.9473 0.3050 -0.0978
vn 0.9202 0.3697 0.1291
vn 0.9614 -0.1342 -0.2402
vn 0.9878 0.0081 -0.1555
vn 0.9427 -0.3184 0.0994
vn 0.8095 -0.5794 0.0951
vn -0.8048 -0.0187 0.5932
vn -0.8157 0.0710 0.5741
vn -0.8021 -0.0197 0.5969
vn -0.8131 -0.0181 0.5819
vn -0.7588 -0.0032 0.6513
vn -0.7136 -0.1307 0.6883
vn -0.7631 -0.0875 0.6403
vn -0.6574 0.4033 0.6365
vn -0.2211 0.7683 0.6007
vn -0.2175 0.6081 0.7635
vn -0.5590 0.2895 0.7770
vn -0.6437 -0.3458 0.6827
vn -0.5888 -0.4226 0.6890
vn -0.5913 -0.5322 0.6059
vn -0.7370 -0.3427 0.5826
vn -0.7249 -0.2208 0.6525
vn -0.5693 -0.4796 0.6677
vn -0.6477 -0.2095 0.7326
vn -0.7030 0.0421 0.7099
vn 0.1618 -0.7243 0.6702
vn 0.1067 -0.8096 0.5772
vn -0.4483 -0.5832 0.6774
vn -0.4593 -0.4918 0.7397
vn 0.0529 -0.8004 0.5971
vn 0.1815 -0.8138 0.5521
vn -0.3407 -0.6631 0.6665
vn -0.3516 -0.6512 0.6726
vn 0.2395 -0.8966 0.3725
vn 0.1202 -0.9248 0.3611
vn -0.2623 -0.5468 0.7951
vn -0.3044 -0.6563 0.6904
vn -0.0600 -0.6997 0.7119
vn -0.0396 -0.9560 0.2906
vn -0.8954 -0.4370 0.0855
vn -0.9813 0.0822 0.1739
vn -0.7427 -0.3686 0.5591
vn -0.9410 -0.3375 0.0233
vn -0.1005 -0.9557 0.2767
vn -0.1874 -0.9610 0.2036
vn -0.5182 -0.4544 -0.7246
vn 0.0495 -0.8708 -0.4891
vn -0.3943 0.1727 -0.9026
vn 0.5198 -0.7755 -0.3584
vn 0.7845 -0.5258 -0.3288
vn 0.1648 -0.9452 0.2820
vn 0.0490 -0.9576 0.2839
vn -0.5431 0.3151 -0.7783
vn -0.6403 -0.1416 -0.7550
vn -0.8005 -0.5977 0.0436
vn -0.7923 -0.2753 -0.5445
vn -0.6838 -0.7184 0.1279
vn -0.5964 -0.7725 0.2179
vn -0.0366 -0.5057 0.8619
vn 0.0108 -0.3991 0.9169
vn -0.4456 -0.8614 0.2437
vn -0.0276 -0.4800 0.8768
vn 0.0592 -0.4479 0.8921
vn -0.2877 -0.8868 0.3618
vn -0.0459 -0.9713 0.2335
vn -0.0819 -0.1506 0.9852
vn 0.3108 0.0543 0.9489
vn 0.4397 0.3284 0.8360
vn 0.1680 0.4906 0.8551
vn 0.0754 0.0976 0.9924
vn 0.1612 0.4406 0.8831
vn 0.0647 0.3532 0.9333
vn -0.0374 0.6568 0.7531
vn -0.2020 0.9170 0.3439
vn -0.0822 0.9343 0.3469
vn 0.0460 0.7391 0.6721
vn -0.2758 -0.1835 0.9435
vn -0.7055 -0.5147 0.4872
vn -0.3863 0.7513 0.5351
vn -0.1479 0.4821 0.8636
vn -0.0428 0.8424 0.5372
vn -0.7272 0.6206 0.2933
vn -0.4072 0.8849 0.2264
vn -0.2042 0.9592 0.1955
vn 0.3613 0.0244 0.9321
vn 0.2240 0.1633 0.9608
vn 0.2806 -0.0278 0.9594
vn 0.4073 0.0628 0.9111
vn 0.4140 0.0172 0.9101
vn 0.4485 0.0631 0.8915
vn 0.0299 0.3057 0.9517
vn 0.1467 0.2227 0.9638
vn 0.0797 0.1128 0.9904
vn 0.0070 0.1534 0.9881
vn 0.0557 0.1054 0.9929
vn -0.0079 0.0959 0.9954
vn 0.1532 0.1430 0.9778
vn 0.1090 0.1510 0.9825
vn 0.1380 0.2171 0.9664
vn 0.0848 0.3256 0.9417
vn -0.3067 -0.1510 0.9398
vn -0.3036 -0.0832 0.9492
vn -0.1526 -0.0066 0.9883
vn -0.1167 -0.1145 0.9865
vn -0.6259 -0.1194 0.7707
vn 0.8250 0.5379 -0.1737
vn -0.7343 0.0398 0.6777
vn -0.6503 0.2429 0.7198
vn -0.6631 0.2301 0.7123
vn -0.7460 -0.0086 0.6659
vn -0.7414 -0.1179 0.6606
vn -0.6633 0.1666 0.7296
vn -0.6398 0.0370 0.7677
vn -0.6661 -0.2054 0.7171
vn -0.4396 -0.2294 0.8684
vn -0.4546 -0.0461 0.8895
vn -0.6455 -0.1767 0.7430
vn -0.6159 -0.1421 0.7749
vn -0.6028 -0.0474 0.7965
vn -0.6754 -0.0974 0.7310
vn 0.0061 0.1064 0.9943
vn -0.4045 -0.2187 0.8880
vn -0.3188 -0.4317 0.8438
vn -0.1761 -0.3163 0.9322
vn 0.1376 0.1578 0.9778
vn -0.2084 0.3135 0.9264
vn -0.3063 0.2050 0.9296
vn 0.0762 0.1314 0.9884
vn -0.0011 0.0518 0.9987
vn -0.0326 0.1447 0.9889
vn 0.1177 0.1197 0.9858
vn 0.0768 0.1871 0.9793
vn 0.0370 0.3544 0.9344
vn 0.1476 0.2058 0.9674
vn -0.6116 -0.4119 -0.6754
vn -0.6249 -0.1765 -0.7605
vn -0.4345 -0.3030 0.8482
vn -0.6142 -0.0423 0.7880
vn -0.7406 -0.0604 0.6692
vn -0.5887 -0.2720 0.7612
vn -0.6321 -0.5355 0.5602
vn -0.6996 -0.4444 0.5595
vn -0.6552 -0.4169 0.6300
vn -0.5972 -0.4258 0.6798
vn -0.6902 -0.3352 0.6413
vn -0.7404 -0.2719 0.6147
vn -0.7593 -0.3427 0.5532
vn -0.6844 -0.4375 0.5832
vn -0.1629 -0.7200 0.6746
vn -0.0598 -0.6432 0.7634
vn -0.0028 -0.5381 0.8429
vn -0.0291 -0.7703 0.6370
vn -0.0793 -0.4216 0.9033
vn -0.2626 -0.6355 0.7261
vn 0.3142 0.0558 0.9477
vn 0.0494 -0.2072 0.9770
vn 0.0668 -0.2676 0.9612
vn 0.1973 0.6676 0.7180
vn 0.4174 0.1081 0.9023
vn -0.5984 0.6747 -0.4321
vn -0.2499 0.6641 0.7046
vn -0.4587 0.1486 0.8761
vn 0.0908 -0.8502 0.5186
vn 0.0207 -0.8306 0.5565
vn -0.5138 -0.1125 0.8505
vn -0.5765 -0.2564 0.7758
vn -0.2099 -0.7263 0.6546
vn -0.3859 -0.6586 0.6460
vn -0.6620 -0.3308 0.6726
vn -0.4790 -0.6448 0.5957
vn -0.5367 -0.4386 0.7208
vn -0.7117 -0.3843 0.5880
vn 0.0448 -0.5345 0.8440
vn -0.0886 -0.6178 0.7813
vn -0.0274 -0.4037 0.9145
vn -0.0515 -0.5506 0.8332
vn -0.0227 -0.8182 0.5745
vn -0.5880 0.1517 -0.7945
vn -0.7297 0.2887 0.6198
vn -0.5081 -0.4065 0.7594
vn -0.3360 -0.6018 0.7245
vn -0.1800 -0.6274 0.7576
vn -0.4010 -0.3847 0.8314
vn -0.5435 -0.4673 0.6973
vn -0.5839 -0.4968 0.6420
vn -0.4535 -0.6225 0.6378
vn -0.3599 -0.6265 0.6914
vn -0.5810 -0.4220 0.6960
vn -0.4536 -0.6491 0.6107
vn -0.6140 -0.5444 0.5715
vn 0.4635 0.4090 0.7861
vn -0.8359 -0.3447 0.4271
vn 0.9965 0.0079 0.0835
vn 0.9118 0.3701 0.1778
vn -0.8525 0.4916 -0.1775
vn -0.9379 -0.1902 0.2901
vn -0.1725 -0.5165 -0.8387
vn 0.9794 0.1898 -0.0683
vn -0.0840 -0.4187 0.9042
vn 0.1968 0.1302 -0.9718
vn -0.9442 -0.0899 -0.3169
vn -0.7712 0.4314 0.4681
vn 0.8153 -0.1309 0.5640
vn -0.4307 -0.8483 -0.3079
vn 0.9180 0.1479 -0.3679
vn -0.8886 0.0610 -0.4546
vn 0.3582 0.5139 -0.7795
vn 0.5809 -0.4656 0.6676
vn -0.5027 -0.0598 0.8624
vn 0.9142 0.4044 -0.0253
vn 0.1410 -0.1363 -0.9806
vn -0.5118 -0.7207 -0.4676
vn 0.6447 0.1050 0.7572
vn -0.3653 -0.8411 -0.3990
vn 0.2203 0.2080 -0.9530
vn -0.6220 0.3722 0.6889
vn -0.9670 0.2422 0.0785
vn -0.5201 0.6650 0.5359
vn -0.9465 -0.2805 0.1594
vn 0.3394 -0.6561 0.6740
vn 0.9160 0.1629 -0.3667
vn 0.9925 0.0313 -0.1181
vn 0.4991 0.8552 0.1400
vn -0.2778 -0.0060 0.9606
vn -0.5861 -0.5122 -0.6278
vn -0.6026 -0.6361 0.4820
vn 0.1986 -0.3788 0.9039
vn 0.9782 -0.1668 0.1240
vn 0.9642 -0.0682 -0.2562
vn 0.1644 -0.6126 0.7731
vn -0.7595 0.0945 0.6436
vn -0.9499 -0.1774 0.2575
vn 0.7394 0.0154 -0.6731
vn 0.9486 -0.0317 -0.3148
vn -0.0549 -0.7896 -0.6111
vn 0.5591 0.5632 -0.6084
vn -0.1976 -0.3318 -0.9224
vn -0.8419 0.0124 -0.5394
vn 0.2781 -0.3409 0.8980
vn -0.7887 -0.2158 0.5757
vn -0.8409 -0.2714 0.4682
vn 0.9593 -0.0054 -0.2822
vn 0.9224 0.0330 -0.3848
vn 0.7986 -0.0770 -0.5969
vn 0.8108 -0.1124 -0.5744
vn -0.2261 0.5659 0.7929
vn 0.1376 0.7378 0.6609
vn 0.1696 0.5709 0.8033
vn 0.3581 0.6151 0.7025
vn 0.6980 0.2861 0.6565
vn 0.8930 -0.1325 -0.4302
vn 0.4897 -0.6638 -0.5654
vn 0.1506 -0.8027 -0.5771
vn 0.4446 -0.8386 -0.3146
vn 0.1587 -0.7967 -0.5832
vn 0.1269 0.9529 -0.2756
vn -0.1624 0.1264 -0.9786
vn -0.8048 0.0446 0.5919
vn 0.1137 -0.5606 -0.8202
vn -0.8219 -0.0078 0.5696
vn -0.4693 0.6441 -0.6041
vn -0.9363 -0.2359 -0.2602
vn -0.0062 0.6898 0.7240
vn -0.7438 -0.0889 -0.6624
vn -0.9316 -0.0106 0.3633
vn -0.7915 -0.4720 0.3883
vn -0.8151 -0.5667 0.1200
vn 0.6538 0.6901 0.3103
vn -0.3448 0.1749 0.9222
vn 0.3131 0.2659 0.9118
vn -0.7627 -0.5469 -0.3452
vn 0.2444 0.9579 0.1504
vn -0.8734 0.0755 0.4811
vn -0.3642 -0.1638 -0.9168
vn -0.8481 -0.4260 -0.3149
vn -0.6756 0.5112 -0.5312
vn -0.0267 0.9908 0.1329
vn 0.6369 -0.7497 0.1799
vn -0.6882 0.2057 0.6958
vn -0.8263 -0.3251 0.4600
vn -0.7313 -0.2223 0.6448
vn 0.0180 -0.6582 0.7526
vn -0.0937 0.7339 0.6728
vn 0.5927 -0.8048 -0.0323
vn 0.2737 0.9474 -0.1660
vn 0.9614 0.1177 0.2487
vn 0.9073 0.0120 -0.4204
vn 0.9081 -0.3094 0.2822
vn 0.9925 -0.1183 0.0319
vn -0.5050 0.8416 -0.1913
vn -0.7140 0.2522 0.6531
vn 0.6136 0.3306 0.7171
vn -0.5559 -0.5573 -0.6168
vn -0.8955 -0.4280 0.1223
vn 0.7012 -0.0158 0.7128
vn 0.8411 0.1890 0.5068
vn -0.1296 -0.2748 -0.9527
vn 0.0646 0.0215 -0.9977
vn 0.0534 -0.1927 -0.9798
vn 0.0562 -0.3292 -0.9426
vn 0.5817 -0.4683 -0.6651
vn -0.1864 -0.9528 -0.2396
vn -0.5334 -0.7859 0.3128
vn 0.4377 -0.7794 -0.4483
vn -0.0526 -0.8886 0.4557
vn -0.8654 0.0237 -0.5006
vn -0.9916 -0.0219 0.1273
vn 0.0550 -0.3308 -0.9421
vn 0.2190 -0.3390 -0.9149
vn -0.0824 -0.2108 -0.9741
vn -0.0212 -0.5017 -0.8648
vn -0.4868 -0.6298 -0.6053
vn -0.6616 -0.4732 -0.5817
vn -0.5294 -0.4362 -0.7276
vn 0.4073 0.2528 0.8776
vn 0.7955 -0.3106 0.5203
vn 0.6891 -0.7214 0.0687
vn -0.8271 0.2587 0.4990
vn 0.9484 0.1526 0.2780
vn -0.7351 0.5093 -0.4476
vn -0.0201 0.9732 0.2291
vn 0.9874 -0.1513 -0.0458
vn 0.6498 0.2477 0.7186
vn 0.7645 0.2546 0.5922
vn -0.4741 0.0881 0.8760
vn -0.4954 0.3175 0.8086
vn -0.6442 0.5343 0.5472
vn -0.8039 0.0312 0.5939
vn -0.4588 -0.5702 -0.6815
vn 0.1744 0.8491 0.4985
vn 0.9774 -0.0793 0.1961
vn -0.9869 -0.0345 0.1576
vn 0.1332 -0.2179 -0.9668
vn 0.0199 0.9346 0.3550
vn -0.9001 -0.0362 0.4341
vn -0.8421 0.2554 0.4750
vn -0.9301 0.1472 0.3366
vn -0.9540 -0.1208 0.2743
vn -0.9629 0.0822 0.2572
vn 0.7560 -0.1190 -0.6437
vn -0.8853 -0.0421 0.4632
vn -0.6199 -0.6336 -0.4629
vn 0.3053 0.0772 -0.9491
vn 0.1916 0.4691 0.8621
vn 0.5987 0.2390 0.7645
vn 0.2930 0.4182 0.8598
vn 0.5514 0.4209 0.7203
vn 0.5431 0.2809 0.7913
vn 0.2388 0.6572 0.7149
vn 0.8662 -0.0078 0.4997
vn 0.7296 -0.4980 0.4688
vn 0.2066 -0.5098 0.8352
vn -0.7833 -0.0250 0.6211
vn 0.2242 0.9331 0.2813
vn -0.0020 0.7830 0.6221
vn -0.6331 0.1424 0.7609
vn -0.5175 0.4486 0.7287
vn -0.8611 -0.1027 0.4979
vn -0.1200 0.4858 0.8658
vn -0.2803 0.2581 0.9246
vn -0.9163 -0.0356 0.3990
vn 0.1262 -0.8437 -0.5218
vn 0.8544 -0.3937 0.3390
vn -0.9815 -0.1868 0.0426
vn -0.9452 -0.3214 -0.0584
vn -0.6413 -0.7409 0.1995
vn -0.5643 -0.7089 0.4231
vn 0.2976 -0.1377 -0.9447
vn -0.4037 0.5257 -0.7488
vn 0.9739 -0.1310 0.1855
vn -0.0374 -0.8422 0.5378
vn -0.9518 -0.1822 0.2466
vn -0.3134 -0.2362 -0.9198
vn 0.6112 -0.5193 -0.5973
vn 0.5131 0.3830 0.7682
vn 0.7599 -0.1730 0.6265
vn 0.6909 -0.0865 0.7178
vn -0.8690 -0.1715 0.4640
vn -0.7694 -0.1193 0.6276
vn -0.1569 0.2359 0.9590
vn 0.9890 -0.1167 0.0903
vn -0.8862 -0.0805 0.4562
vn -0.0078 -0.6234 -0.7819
vn 0.5602 0.4283 0.7090
vn 0.2617 0.4673 0.8445
vn -0.9706 -0.2108 -0.1159
vn -0.8826 0.0818 0.4630
vn -0.6094 -0.1614 0.7763
vn -0.5170 -0.2880 0.8060
vn -0.7550 -0.1930 0.6267
vn -0.8357 -0.1025 0.5396
vn 0.9684 -0.2479 0.0282
vn -0.8470 0.2045 0.4906
vn -0.1365 0.4253 -0.8947
vn -0.7514 -0.6431 0.1476
vn 0.6700 0.1830 0.7195
vn 0.6947 0.3182 -0.6451
vn -0.8901 -0.4391 0.1219
vn 0.4060 0.7576 0.5110
vn 0.7805 -0.5968 -0.1859
vn -0.5774 0.5706 -0.5841
vn 0.3647 -0.3179 0.8752
vn 0.9741 -0.0824 -0.2105
vn 0.2774 -0.3996 -0.8737
vn 0.6923 -0.1360 0.7087
vn 0.2807 -0.2880 0.9156
vn 0.0863 -0.4853 0.8701
vn -0.6462 -0.7529 0.1246
vn -0.9862 0.1511 0.0679
vn -0.6866 -0.2086 0.6965
vn -0.5305 -0.3519 -0.7712
vn -0.9491 -0.3150 0.0041
vn 0.9172 0.3749 -0.1348
vn 0.3899 -0.3518 -0.8510
vn -0.9024 -0.4308 -0.0124
vn 0.9924 -0.1023 0.0681
vn -0.7160 -0.4723 -0.5142
vn -0.4830 -0.7562 -0.4415
vn 0.4687 0.0501 0.8819
vn -0.4875 -0.4693 -0.7362
vn -0.5040 0.8348 0.2217
vn 0.6090 0.1564 0.7776
vn -0.2495 -0.6677 0.7014
vn -0.9596 0.1878 0.2095
vn -0.4747 0.8014 0.3638
vn 0.7883 -0.3891 0.4765
vn -0.1533 0.9583 0.2413
vn -0.5076 0.5207 0.6864
vn 0.9075 0.2674 -0.3238
vn -0.5276 0.8494 0.0089
vn 0.1052 -0.3066 0.9460
vn -0.4849 0.6570 -0.5773
vn -0.9277 -0.3675 0.0657
vn -0.8441 -0.2921 0.4497
vn -0.4560 -0.4310 -0.7787
vn -0.8579 -0.3668 -0.3599
vn -0.3758 0.7683 0.5182
vn 0.4752 -0.2674 0.8383
vn -0.9594 -0.0227 0.2812
vn 0.7484 -0.1727 0.6404
vn -0.7130 0.4969 -0.4947
vn -0.7784 0.2761 -0.5638
vn -0.5903 -0.6753 0.4421
vn -0.1608 0.9277 0.3369
vn 0.1249 0.9797 0.1569
vn -0.2448 0.8838 0.3988
vn -0.6832 0.7259 0.0794
vn -0.5615 0.6167 0.5517
vn -0.3326 0.7658 0.5504
vn -0.8469 0.2434 0.4728
vn -0.8010 0.1507 0.5794
vn -0.8359 -0.0673 0.5448
vn -0.7546 0.2836 0.5917
vn -0.8826 0.0608 0.4661
vn -0.8560 -0.2844 0.4317
vn 0.8063 0.1269 0.5777
vn -0.1080 -0.2053 -0.9727
vn -0.2269 -0.7959 -0.5613
vn -0.3903 -0.4929 0.7777
vn 0.5836 0.6032 0.5437
vn 0.5001 0.6633 -0.5568
vn 0.0859 -0.0626 0.9943
vn -0.8185 -0.3890 -0.4228
vn -0.9235 -0.1953 0.3301
vn -0.0351 -0.0164 0.9992
vn -0.6265 0.5116 0.5880
vn -0.2027 0.6252 0.7537
vn 0.6838 0.2092 0.6990
vn -0.9215 -0.1135 0.3714
vn -0.2561 -0.4544 -0.8532
vn -0.1513 -0.1141 -0.9819
vn -0.4726 0.3279 0.8180
vn 0.1940 0.1460 0.9701
vn -0.0433 -0.2894 -0.9562
vn -0.2484 0.1528 -0.9565
vn -0.7895 0.0155 0.6135
vn -0.5876 -0.7466 0.3121
vn -0.9570 0.2004 0.2099
vn -0.9541 -0.2214 -0.2019
vn -0.6223 -0.6724 0.4008
vn -0.0662 -0.7572 0.6498
vn -0.1370 0.2170 0.9665
vn -0.9523 -0.0370 -0.3029
vn 0.2499 0.2779 0.9276
vn 0.8543 0.0104 -0.5197
vn -0.4806 0.8624 0.1587
vn -0.9090 0.2364 -0.3432
vn -0.2334 -0.1408 -0.9621
vn -0.1615 -0.1922 -0.9680
vn -0.2028 -0.2328 -0.9512
vn -0.3387 -0.2668 -0.9023
vn 0.4927 0.8693 0.0398
vn 0.5001 -0.6732 0.5447
vn 0.4228 -0.3597 0.8318
vn 0.0059 -0.2425 0.9701
vn 0.3476 0.4794 0.8059
vn -0.0808 -0.2823 -0.9559
vn -0.8088 0.0706 -0.5839
vn -0.0078 -0.1053 0.9944
vn -0.1172 -0.1660 -0.9791
vn -0.2469 -0.1699 -0.9540
vn -0.2027 -0.2332 -0.9511
vn -0.2609 -0.1639 -0.9514
vn -0.3319 -0.2448 -0.9110
vn 0.8112 0.0856 0.5785
vn -0.2969 -0.2736 -0.9149
vn -0.2396 0.1774 0.9545
vn -0.8301 0.4104 -0.3774
vn 0.7771 -0.3152 -0.5447
vn 0.2309 -0.2198 -0.9478
vn -0.7803 -0.4435 -0.4409
vn 0.7023 -0.4725 0.5325
vn -0.9141 -0.2150 0.3439
vn -0.7449 0.3784 0.5495
vn -0.7767 0.1306 0.6162
vn -0.5488 0.3529 0.7579
vn -0.4409 0.7140 0.5439
vn -0.5855 0.5464 0.5989
vn -0.6281 0.5398 0.5604
vn -0.0401 0.9575 0.2856
vn 0.1481 0.9702 0.1918
vn 0.5734 0.7647 0.2941
vn 0.1411 0.7623 0.6316
vn 0.2109 0.7192 0.6620
vn -0.3434 0.8019 0.4889
vn -0.4155 0.5543 0.7212
vn 0.7385 0.3926 0.5482
vn 0.4712 0.7551 -0.4560
vn -0.9261 0.3739 -0.0507
vn 0.1182 0.9589 0.2580
vn -0.0142 -0.8670 -0.4981
vn 0.5464 0.1359 0.8264
vn -0.9166 -0.3853 0.1067
vn 0.9881 -0.0246 0.1516
vn -0.5004 -0.1980 0.8428
vn -0.9680 -0.0729 0.2399
vn -0.0292 -0.0214 0.9993
vn -0.8070 0.0617 0.5873
vn -0.8596 -0.0769 0.5051
vn -0.9376 -0.1058 0.3311
vn -0.9120 -0.3723 0.1723
vn 0.1207 0.4914 0.8625
vn 0.8894 -0.3731 -0.2639
vn -0.9934 -0.1114 0.0290
vn -0.8812 0.0925 0.4637
vn -0.8851 0.1324 0.4462
vn 0.8697 -0.0560 -0.4904
vn -0.7956 -0.0754 0.6011
vn -0.7388 0.0452 0.6724
vn -0.8028 0.0294 0.5956
vn -0.3671 0.2011 0.9082
vn -0.1567 0.9827 0.0989
vn -0.3863 -0.0192 0.9222
vn 0.7822 -0.5607 -0.2715
vn 0.9357 0.1909 -0.2968
vn 0.8011 0.0633 -0.5951
vn 0.8850 -0.0423 -0.4636
vn -0.3495 -0.3072 0.8851
vn -0.1600 0.1308 0.9784
vn -0.2301 0.0086 0.9731
vn -0.9808 -0.1123 0.1595
vn -0.9825 -0.0740 0.1708
vn -0.3031 -0.7293 0.6134
vn -0.4200 -0.6920 0.5871
vn 0.5119 -0.5898 -0.6246
vn 0.1871 -0.2393 0.9527
vn -0.0209 -0.7209 0.6928
vn -0.7671 -0.5446 0.3389
vn -0.3333 -0.7882 0.5173
vn -0.5334 -0.8419 -0.0821
vn -0.8349 0.4071 0.3704
vn -0.8548 0.3344 0.3969
vn -0.8152 0.3736 0.4425
vn -0.8499 0.4257 0.3105
vn 0.1077 0.5476 -0.8298
vn -0.6013 0.6608 0.4493
vn 0.0291 0.5950 0.8032
vn 0.9364 -0.1862 -0.2974
vn -0.6283 -0.6868 0.3654
vn -0.8501 -0.3566 0.3875
vn -0.6178 -0.5642 0.5477
vn -0.8512 -0.1016 0.5149
vn 0.3122 0.6518 -0.6911
vn 0.3034 -0.3090 -0.9014
vn -0.2518 -0.5605 0.7890
vn 0.5960 -0.4886 -0.6373
vn 0.3896 0.0408 0.9201
vn -0.1441 0.9439 -0.2972
vn 0.2774 0.2221 0.9347
vn 0.2234 -0.5478 -0.8062
vn 0.4168 -0.4786 -0.7728
vn 0.2372 -0.3164 -0.9185
vn 0.0697 0.6039 0.7940
vn 0.5891 -0.3890 -0.7083
vn -0.1264 0.8869 0.4444
vn -0.5308 0.4709 -0.7046
vn -0.2043 -0.8254 0.5263
vn 0.1928 -0.8733 -0.4474
vn -0.6538 0.1569 0.7403
vn -0.5861 0.0381 0.8094
vn -0.6581 0.0440 0.7517
vn -0.6545 -0.2022 0.7285
vn -0.5483 -0.4406 0.7108
vn -0.5987 -0.3776 0.7064
vn -0.7194 -0.0132 0.6944
vn -0.5152 -0.6405 0.5695
vn -0.5696 -0.0653 0.8194
vn -0.5345 -0.5570 0.6357
vn -0.6463 -0.3754 0.6644
vn -0.6324 0.1037 0.7676
vn 0.8852 -0.4099 -0.2199
vn -0.2891 0.2347 0.9281
vn -0.4975 0.1735 0.8499
vn -0.2217 -0.4961 0.8395
vn -0.5888 -0.2950 0.7525
vn -0.3880 -0.0394 0.9208
vn -0.3384 0.1727 0.9250
vn -0.5095 0.1366 0.8495
vn -0.4722 -0.0244 0.8811
vn -0.5385 0.2667 0.7993
vn -0.5893 -0.1290 0.7975
vn -0.2254 -0.3904 0.8926
vn -0.4039 -0.2777 0.8717
vn -0.3705 -0.2350 0.8986
vn -0.4967 -0.1442 0.8559
vn -0.4854 -0.1209 0.8659
vn -0.4247 -0.4854 0.7642
vn -0.5058 0.0504 0.8612
vn 0.0825 -0.7378 0.6700
vn -0.1287 -0.8989 0.4188
vn -0.2790 -0.5613 0.7792
vn -0.1535 -0.4867 0.8600
vn -0.5125 -0.4190 0.7496
vn -0.4010 -0.6614 0.6339
vn -0.4621 -0.5481 0.6972
vn -0.5672 -0.2847 0.7728
vn 0.0569 -0.9977 -0.0378
vn -0.0788 -0.9961 -0.0402
vn 0.2261 -0.9167 -0.3295
vn 0.5709 -0.6295 -0.5271
vn -0.0643 -0.9978 -0.0171
vn -0.1357 0.9824 -0.1281
vn 0.9732 0.1779 -0.1455
vn 0.3874 -0.9126 -0.1306
vn -0.0023 -0.9981 -0.0618
vn -0.0516 -0.9649 0.2574
vn -0.1476 -0.9888 0.0197
vn -0.1584 -0.9771 0.1421
vn -0.2599 -0.9019 0.3449
vn -0.2138 -0.9469 0.2400
vn -0.4760 -0.4455 0.7582
vn -0.3873 -0.6597 0.6441
vn 0.4154 -0.2788 -0.8658
vn -0.2079 -0.8330 0.5128
vn 0.3451 -0.7915 -0.5044
vn 0.7277 -0.2358 -0.6441
vn 0.6218 -0.3332 -0.7087
vn 0.8054 -0.3351 -0.4889
vn 0.8865 -0.2524 -0.3879
vn 0.8859 0.0217 -0.4633
vn 0.8510 -0.0613 -0.5216
vn 0.7935 -0.1564 -0.5882
vn 0.8178 -0.3146 -0.4818
vn -0.1796 -0.9116 0.3699
vn 0.5819 -0.6219 -0.5241
vn 0.5753 -0.6270 -0.5253
vn 0.0563 -0.9977 -0.0378
vn -0.4011 -0.6314 0.6636
vn -0.2845 -0.8030 0.5236
vn -0.6361 -0.0232 0.7712
vn -0.5802 -0.3081 0.7540
vn -0.6062 0.1554 0.7800
vn -0.5894 -0.0805 0.8039
vn -0.3782 -0.3938 0.8378
vn -0.3306 -0.5644 0.7564
vn -0.3393 -0.5606 0.7553
vn -0.3335 -0.4106 0.8486
vn 0.5146 0.8305 0.2133
vn -0.1119 0.9926 -0.0465
vn 0.9682 0.0412 0.2467
vn -0.3604 -0.0766 0.9296
vn -0.2761 -0.2938 0.9151
vn 0.7152 0.4897 -0.4988
vn -0.1090 0.5847 0.8039
vn -0.6110 -0.0233 0.7913
vn -0.3966 -0.1266 0.9092
vn -0.6688 0.0068 0.7434
vn -0.6222 0.0079 0.7828
vn -0.6893 0.2565 0.6776
vn -0.6009 0.4002 0.6919
vn -0.6649 0.1671 0.7280
vn -0.6937 0.0892 0.7147
vn 0.2705 0.7861 -0.5558
vn 0.4118 0.7016 -0.5815
vn 0.0041 0.9953 -0.0964
vn -0.0793 0.9933 -0.0836
vn -0.6366 -0.1179 0.7621
vn -0.3245 0.9207 0.2168
vn -0.5924 0.5423 0.5958
vn -0.6115 0.4895 0.6217
vn -0.5172 0.7541 0.4048
vn 0.5561 0.6345 -0.5368
vn -0.0103 0.9982 0.0594
vn -0.4318 0.7388 0.5173
vn -0.5556 0.4791 0.6795
vn -0.6215 0.2981 0.7245
vn -0.7170 -0.0198 0.6967
vn -0.6990 -0.0948 0.7088
vn -0.5761 -0.0888 0.8125
vn -0.5109 -0.1129 0.8522
vn 0.4238 0.8736 -0.2394
vn -0.6287 -0.2029 0.7508
vn -0.5279 0.4762 0.7032
vn -0.4621 -0.2162 0.8601
vn 0.2456 0.6993 0.6713
vn -0.1525 -0.5806 0.7998
vn -0.0654 -0.4212 0.9046
vn -0.5564 -0.7016 0.4451
vn -0.8317 -0.3828 0.4021
vn -0.5328 -0.8310 0.1599
vn -0.5747 -0.7565 0.3121
vn -0.9061 -0.3819 0.1818
vn -0.4221 -0.8820 0.2094
vn 0.6360 -0.5075 -0.5813
vn -0.5931 -0.5159 0.6181
vn -0.6727 -0.5895 0.4472
vn -0.7534 -0.3829 0.5345
vn -0.7894 -0.1940 0.5825
vn -0.6941 -0.5373 0.4791
vn -0.5863 -0.7324 0.3462
vn -0.4590 -0.6638 0.5905
vn -0.5160 -0.5026 0.6936
vn -0.0076 0.0672 0.9977
vn -0.0890 0.4751 0.8754
vn 0.1594 0.0670 0.9849
vn -0.8179 -0.1842 0.5450
vn -0.7855 -0.3392 0.5176
vn -0.6373 -0.2288 0.7358
vn -0.7066 0.0792 0.7032
vn -0.8908 0.1967 0.4096
vn -0.7651 0.3591 0.5345
vn 0.4545 -0.6185 0.6410
vn 0.8669 -0.2159 0.4494
vn 0.6340 -0.1241 0.7633
vn 0.9546 -0.0437 0.2946
vn -0.2479 -0.0662 0.9665
vn -0.0425 0.9974 -0.0577
vn 0.2841 0.4364 -0.8537
vn -0.0186 -0.3180 -0.9479
vn 0.1015 0.8200 -0.5633
vn -0.0089 0.9960 -0.0888
vn 0.7858 -0.4293 0.4452
vn 0.2303 0.0651 0.9709
vn -0.2391 0.6695 0.7033
vn -0.2798 0.5055 0.8162
vn 0.5276 -0.1798 0.8303
vn 0.1926 0.8232 -0.5341
vn -0.5918 0.2566 0.7642
vn -0.4497 0.6877 0.5699
vn 0.2009 0.4465 -0.8720
vn 0.1681 0.5816 -0.7959
vn 0.0719 0.5958 -0.7999
vn 0.0650 0.4399 -0.8957
vn 0.6597 0.2617 -0.7045
vn 0.7321 0.4033 -0.5490
vn 0.4994 0.5052 -0.7038
vn 0.4793 0.3668 -0.7974
vn 0.3202 0.5510 -0.7706
vn 0.3217 0.4479 -0.8342
vn -0.1323 -0.7421 -0.6572
vn -0.4025 -0.0295 0.9149
vn 0.8487 0.1982 0.4903
vn 0.9607 -0.1484 0.2348
vn -0.2925 0.1915 0.9369
vn -0.3249 -0.2946 0.8987
vn 0.8629 0.2845 0.4176
vn -0.3432 -0.3184 0.8837
vn 0.8495 0.3072 0.4290
vn -0.1180 -0.0996 0.9880
vn 0.0084 0.9948 -0.1019
vn -0.8266 0.3291 0.4566
vn -0.8303 0.3868 0.4012
vn -0.8753 0.2837 0.3915
vn -0.8864 0.2503 0.3895
vn 0.0463 -0.9258 0.3752
vn -0.3570 0.9339 0.0203
vn -0.2824 0.9579 -0.0519
vn -0.4661 0.8663 -0.1797
vn -0.5157 0.8568 -0.0008
vn -0.6675 0.1584 -0.7276
vn -0.6109 -0.0118 -0.7916
vn -0.6012 -0.4725 -0.6445
vn -0.2228 -0.4393 0.8703
vn -0.5005 0.8555 0.1327
vn -0.5151 0.8296 0.2155
vn -0.2984 0.9233 0.2417
vn -0.2886 0.9457 0.1497
vn -0.2412 0.9392 0.2445
vn -0.3922 -0.3454 -0.8526
vn -0.0996 0.9905 -0.0945
vn -0.2892 0.4419 -0.8492
vn -0.0731 0.3295 0.9413
vn 0.5450 0.1073 0.8315
vn 0.0536 0.0436 0.9976
vn 0.2641 0.7647 0.5878
vn 0.9555 -0.1179 0.2704
vn 0.9408 -0.0564 0.3343
vn 0.2384 0.8476 0.4742
vn -0.8568 -0.2506 -0.4507
vn 0.0795 0.9195 0.3851
vn -0.9418 -0.0350 0.3345
vn -0.8876 -0.4019 -0.2249
vn 0.8567 0.4300 0.2848
vn -0.9405 -0.0479 -0.3365
vn 0.2817 -0.6891 -0.6677
vn 0.4604 -0.6824 0.5677
vn -0.9807 -0.1606 0.1112
vn -0.0512 0.7513 0.6580
vn -0.9863 -0.0922 0.1370
vn -0.9768 -0.1154 0.1806
vn -0.7244 -0.3502 -0.5938
vn -0.9685 0.1350 0.2094
vn -0.7460 -0.1468 0.6496
vn -0.4579 0.0914 0.8843
vn -0.7844 -0.4266 0.4502
vn 0.1327 -0.2840 -0.9496
vn 0.1865 -0.3455 -0.9197
vn 0.0584 -0.4799 -0.8754
vn 0.0049 -0.3152 -0.9490
vn 0.6561 -0.0897 -0.7493
vn 0.2547 -0.3706 -0.8932
vn 0.6566 0.5797 -0.4825
vn 0.2788 -0.9108 -0.3044
vn 0.2085 -0.8195 -0.5338
vn 0.5789 -0.6055 -0.5461
vn 0.2380 -0.8691 -0.4336
vn -0.0823 -0.3100 0.9472
vn -0.9746 -0.1229 0.1872
vn -0.9518 -0.1096 0.2864
vn -0.2119 -0.8546 -0.4740
vn -0.2237 -0.9670 -0.1222
vn 0.0398 -0.9645 -0.2609
vn -0.0425 -0.9043 -0.4247
vn -0.7370 -0.6524 0.1768
vn -0.9541 -0.2795 -0.1075
vn -0.2789 -0.8383 -0.4684
vn -0.3729 -0.8913 -0.2579
vn 0.6855 -0.3925 -0.6132
vn 0.4549 -0.5599 -0.6925
vn 0.3879 -0.5136 -0.7654
vn 0.6999 -0.2252 -0.6778
vn 0.4660 0.6201 -0.6311
vn 0.8993 0.0799 -0.4300
vn 0.8796 0.0932 -0.4664
vn 0.8510 -0.0153 -0.5250
vn 0.8402 -0.0042 -0.5423
vn 0.9123 0.4088 -0.0260
vn -0.9141 -0.0751 0.3984
vn -0.0955 0.2918 0.9517
vn 0.3626 0.5810 0.7287
vn -0.9960 0.0134 0.0888
vn 0.7510 0.3740 0.5442
vn -0.8238 0.3537 0.4430
vn 0.4615 -0.0109 0.8871
vn -0.8926 0.2155 0.3959
vn 0.9516 0.1381 0.2747
vn -0.9799 -0.1776 0.0910
vn -0.6454 -0.2103 -0.7344
vn 0.7192 -0.3917 0.5738
vn 0.8826 -0.1185 0.4550
vn -0.7252 -0.4359 0.5330
vn -0.6896 -0.3854 0.6131
vn -0.8881 -0.1980 0.4147
vn 0.2091 0.8478 0.4873
vn 0.7058 -0.4018 -0.5834
vn 0.9005 0.4250 0.0921
vn -0.9815 -0.1512 -0.1173
vn 0.9090 -0.2178 0.3554
vn 0.7187 -0.3961 -0.5715
vn -0.2622 -0.3984 -0.8789
vn 0.8979 0.0166 0.4398
vn -0.4950 0.6508 -0.5757
vn -0.6446 -0.6083 -0.4630
vn 0.7657 -0.1252 -0.6309
vn 0.7663 -0.2607 -0.5872
vn 0.7896 -0.2284 -0.5695
vn 0.8074 -0.0977 -0.5818
vn 0.7674 0.3558 -0.5334
vn 0.7392 0.2170 -0.6376
vn -0.9038 0.0794 -0.4206
vn -0.7076 -0.0854 0.7014
vn -0.8326 -0.3995 -0.3836
vn -0.9143 -0.3316 -0.2324
vn -0.7176 -0.4678 -0.5160
vn -0.8214 -0.4441 -0.3579
vn -0.8412 -0.3861 -0.3786
vn -0.7289 -0.4123 -0.5466
vn -0.6419 -0.3309 0.6917
vn -0.9830 -0.1695 -0.0708
vn -0.3560 0.0761 -0.9314
vn -0.9717 -0.1537 -0.1793
vn -0.9797 -0.1250 -0.1567
vn -0.9882 -0.0700 0.1363
vn 0.9108 -0.1662 -0.3780
vn 0.9128 0.2506 0.3224
vn 0.3729 -0.0799 -0.9244
vn 0.8232 0.4687 -0.3203
vn -0.0598 -0.1598 -0.9853
vn 0.1764 0.0048 -0.9843
vn 0.0587 0.0538 -0.9968
vn 0.1246 -0.1563 -0.9798
vn -0.9280 0.0425 0.3700
vn 0.2922 0.1658 0.9419
vn 0.3373 0.3222 0.8846
vn 0.9606 -0.2777 -0.0062
vn 0.9817 0.1852 -0.0436
vn -0.5392 0.5119 -0.6687
vn -0.7231 0.4720 -0.5044
vn 0.9626 0.1873 -0.1960
vn -0.8810 -0.1441 0.4507
vn 0.9519 0.2457 -0.1833
vn 0.9325 0.1972 -0.3027
vn 0.8723 0.2772 -0.4027
vn 0.8854 0.3741 -0.2757
vn 0.5593 0.4555 -0.6926
vn 0.9078 0.1795 -0.3790
vn 0.9037 0.0697 -0.4225
vn 0.8928 0.0552 -0.4470
vn 0.8580 0.2275 -0.4605
vn 0.8147 0.4033 -0.4166
vn -0.0079 -0.9024 -0.4309
vn 0.5284 -0.1981 -0.8256
vn 0.4472 0.5123 -0.7332
vn 0.8689 0.3428 -0.3570
vn -0.3522 0.5085 -0.7857
vn 0.1819 0.3896 -0.9029
vn -0.9608 -0.2639 0.0850
vn -0.9162 -0.4003 0.0159
vn -0.8418 -0.4847 0.2378
vn -0.9976 0.0229 -0.0651
vn -0.9775 0.1850 -0.1015
vn -0.9454 0.0998 -0.3102
vn -0.9639 -0.0505 -0.2614
vn 0.9991 -0.0406 0.0111
vn -0.0477 0.1146 -0.9923
vn -0.7196 -0.6944 -0.0025
vn -0.8993 -0.4364 -0.0288
vn -0.7346 0.0709 -0.6748
vn -0.9294 -0.2908 -0.2272
vn -0.9270 -0.3751 -0.0064
vn 0.5957 0.6259 -0.5035
vn 0.8047 0.5820 -0.1172
vn 0.8557 0.4919 -0.1609
vn 0.9366 0.2457 -0.2498
vn 0.8518 0.4631 -0.2451
vn 0.2061 -0.5529 -0.8073
vn 0.0581 -0.7987 -0.5989
vn 0.0379 -0.6528 -0.7566
vn -0.6534 -0.6132 0.4439
vn -0.8691 0.3439 0.3554
vn -0.7960 0.4387 0.4170
vn -0.7799 0.5079 0.3657
vn -0.8648 0.4320 0.2560
vn -0.9926 0.0630 0.1034
vn -0.9765 0.0943 0.1938
vn -0.9469 0.2679 0.1775
vn -0.9735 0.2231 0.0496
vn -0.8791 0.4650 0.1045
vn -0.7542 0.6564 0.0164
vn -0.7570 0.6448 -0.1055
vn -0.9013 0.4330 -0.0112
vn -0.7426 0.5973 0.3029
vn -0.6993 0.6704 0.2480
vn -0.7331 0.6699 0.1170
vn -0.8361 0.5136 0.1928
vn -0.9385 0.2744 0.2094
vn -0.9733 0.0949 0.2092
vn -0.9332 0.2371 0.2700
vn -0.9907 -0.0010 0.1364
vn -0.9933 -0.0825 0.0805
vn -0.9491 -0.2602 -0.1776
vn -0.9863 -0.1527 -0.0624
vn 0.9658 -0.1463 0.2139
vn -0.9658 0.0540 0.2536
vn -0.9598 0.1264 0.2505
vn -0.9909 0.0751 0.1114
vn -0.9896 -0.0959 0.1069
vn -0.9856 0.0083 0.1688
vn -0.9528 -0.0012 0.3037
vn -0.9336 0.0150 0.3579
vn -0.9567 -0.0694 0.2827
vn -0.8659 0.0586 -0.4967
vn -0.7325 0.0099 -0.6807
vn -0.7442 -0.0680 -0.6645
vn -0.8750 -0.0395 -0.4826
vn 0.3448 -0.8510 -0.3962
vn -0.4071 -0.0201 -0.9132
vn -0.0579 0.2800 0.9583
vn -0.1286 0.9528 -0.2751
vn 0.0920 0.9805 0.1734
vn 0.1323 0.4710 0.8722
vn -0.3180 0.4390 0.8403
vn -0.2594 0.9527 -0.1582
vn -0.7714 0.1817 0.6098
vn -0.2319 0.9589 0.1633
vn -0.3366 0.9032 -0.2663
vn -0.3732 0.3695 -0.8510
vn -0.7299 0.3565 0.5832
vn -0.2466 0.6543 0.7149
vn -0.5827 0.5726 -0.5767
vn -0.6463 0.7578 0.0893
vn -0.7697 0.5971 -0.2259
vn -0.7596 0.5228 -0.3869
vn -0.8941 0.2677 -0.3590
vn -0.9102 0.3808 -0.1627
vn -0.7404 0.3737 -0.5587
vn -0.6731 0.3414 -0.6560
vn -0.7083 0.1556 -0.6885
vn -0.8126 0.1920 -0.5503
vn -0.6157 0.7671 0.1801
vn -0.5602 0.5066 -0.6554
vn -0.8577 0.3652 0.3619
vn 0.5452 0.2936 0.7852
vn -0.4205 0.5690 0.7067
vn 0.9716 -0.0999 0.2145
vn -0.1195 0.9323 0.3414
vn -0.4077 0.5613 0.7203
vn 0.5192 0.2668 0.8120
vn -0.3553 -0.2641 0.8967
vn -0.6285 -0.2614 -0.7325
vn -0.7331 -0.1636 -0.6601
vn -0.7443 -0.2837 -0.6046
vn -0.8709 -0.2762 -0.4064
vn -0.8992 -0.1406 -0.4144
vn -0.6601 0.7511 -0.0102
vn -0.6178 0.7209 0.3141
vn 0.7657 0.3307 0.5517
vn 0.2453 -0.6847 0.6863
vn -0.7193 0.0162 0.6946
vn -0.7163 -0.2651 0.6455
vn -0.7611 -0.2525 0.5975
vn -0.8488 -0.0428 0.5269
vn -0.7059 0.1797 0.6851
vn -0.7152 -0.0348 0.6981
vn -0.6271 0.1495 0.7645
vn -0.6526 0.3551 0.6694
vn 0.6160 -0.0093 -0.7877
vn -0.3909 0.6440 -0.6576
vn -0.7381 0.3978 0.5449
vn -0.7078 0.5248 0.4728
vn -0.6986 0.3781 0.6074
vn -0.8131 0.2673 0.5171
vn -0.7834 0.3862 0.4870
vn -0.8541 0.3095 0.4180
vn -0.9871 -0.0583 0.1488
vn -0.8075 -0.5325 0.2539
vn -0.7901 -0.2526 0.5584
vn -0.6332 -0.3802 0.6742
vn -0.8867 -0.0643 0.4578
vn -0.5682 0.1172 0.8145
vn -0.5219 0.2252 0.8228
vn -0.6351 -0.0321 0.7717
vn -0.8973 0.3894 0.2077
vn -0.8590 0.4232 0.2883
vn -0.8846 0.2062 0.4184
vn -0.9417 0.0812 0.3266
vn -0.8852 0.3929 0.2492
vn -0.8665 0.4239 0.2636
vn -0.6527 0.5340 0.5374
vn -0.8884 0.3780 0.2604
vn -0.6085 0.5130 0.6054
vn -0.8766 0.3864 0.2870
vn -0.8257 0.1064 0.5539
vn -0.7816 0.1402 0.6078
vn -0.5581 0.4094 0.7217
vn -0.6378 0.3739 0.6734
vn -0.3720 0.5407 -0.7545
vn -0.7484 0.2703 0.6056
vn -0.5222 0.4484 0.7254
vn -0.2601 0.3930 0.8820
vn -0.1030 -0.0099 0.9946
vn -0.2981 -0.0944 0.9498
vn -0.2209 0.2006 0.9545
vn -0.3196 0.1654 0.9330
vn -0.3258 0.2822 0.9023
vn -0.2859 0.3318 0.8990
vn -0.1140 0.0240 0.9932
vn -0.3788 -0.0239 0.9252
vn -0.4828 -0.0094 0.8757
vn -0.5375 0.0588 0.8412
vn -0.4366 0.1729 0.8829
vn -0.3871 0.0752 0.9189
vn -0.3119 0.3266 0.8922
vn -0.3325 0.3276 0.8844
vn -0.3564 0.3002 0.8848
vn -0.4067 0.2341 0.8831
vn -0.5361 0.1192 0.8357
vn -0.4959 0.1715 0.8513
vn -0.6491 0.0348 0.7599
vn 0.0648 0.0414 0.9970
vn -0.8277 -0.5507 0.1082
vn 0.7702 -0.4135 0.4856
vn -0.5521 0.2625 0.7913
vn -0.3142 0.3580 0.8793
vn -0.2760 0.3864 0.8801
vn -0.4104 -0.2023 -0.8892
vn -0.3867 -0.1654 -0.9072
vn -0.2273 0.3252 0.9179
vn -0.1909 0.2070 0.9595
vn -0.3201 0.1555 0.9345
vn -0.3257 0.2510 0.9115
vn -0.3433 0.3546 0.8697
vn -0.7770 -0.0304 0.6287
vn -0.6928 -0.0379 0.7202
vn -0.5601 0.4035 0.7235
vn -0.6225 0.3019 0.7221
vn -0.6476 0.2924 0.7037
vn -0.6218 0.4230 0.6591
vn -0.4541 0.1706 0.8744
vn -0.3963 0.2468 0.8843
vn -0.3917 0.3622 0.8458
vn -0.5099 0.2209 0.8314
vn -0.5875 0.2938 0.7540
vn -0.4828 0.3933 0.7825
vn -0.0683 0.2593 0.9634
vn -0.0861 0.3017 0.9495
vn -0.0452 0.3419 0.9387
vn -0.2610 0.3994 0.8788
vn -0.9566 -0.2051 -0.2067
vn -0.9856 -0.0963 -0.1388
vn 0.8432 0.5221 0.1282
vn -0.8069 -0.0737 0.5861
vn -0.5781 0.2126 0.7877
vn 0.3975 0.7218 -0.5666
vn 0.7188 0.2772 -0.6375
vn -0.4860 -0.3746 0.7896
vn 0.7821 -0.5980 0.1753
vn 0.5033 0.8641 0.0097
vn -0.6664 0.4831 0.5679
vn -0.8803 0.3341 0.3367
vn -0.6791 0.4540 0.5769
vn -0.8602 0.3501 0.3709
vn -0.8813 0.3180 0.3495
vn -0.6827 0.4626 0.5656
vn 0.3329 0.3476 0.8766
vn 0.5278 0.4506 0.7200
vn -0.3550 0.0198 0.9347
vn -0.5495 0.6487 -0.5265
vn -0.1252 0.7754 0.6189
vn -0.1073 0.6217 0.7759
vn -0.3386 -0.6376 0.6919
vn -0.4784 -0.6236 0.6182
vn -0.2828 -0.7215 0.6321
vn -0.2535 -0.7240 0.6415
vn 0.7732 0.5345 -0.3411
vn -0.8723 0.3683 0.3217
vn -0.4390 0.5946 0.6735
vn -0.5533 0.5049 0.6626
vn -0.7224 0.1144 0.6820
vn -0.6330 0.4336 0.6413
vn -0.7354 0.4047 0.5435
vn -0.8471 0.1320 0.5148
vn -0.5039 -0.4043 0.7633
vn -0.6729 -0.1756 0.7186
vn -0.8419 -0.1115 0.5280
vn -0.7499 -0.3118 0.5835
vn -0.6509 0.0191 0.7590
vn -0.7665 0.2893 0.5734
vn -0.2370 0.9707 0.0397
vn -0.2153 -0.2852 0.9340
vn -0.4699 0.2791 0.8375
vn -0.3886 0.8720 -0.2977
vn -0.4035 0.7713 -0.4921
vn 0.8973 0.2012 0.3929
vn -0.1736 0.0010 0.9848
vn -0.1863 0.1970 0.9625
vn -0.4980 0.2573 0.8281
vn -0.3789 0.0272 0.9250
vn -0.1976 -0.6200 0.7593
vn -0.1858 -0.6891 0.7004
vn -0.6121 0.7695 -0.1821
vn -0.6524 0.3251 0.6846
vn -0.5194 -0.0026 0.8545
vn -0.8577 0.1357 0.4960
vn -0.8063 0.2318 0.5442
vn -0.8173 0.2747 0.5064
vn -0.8779 0.1655 0.4494
vn -0.8373 0.1396 0.5287
vn -0.8080 0.2087 0.5509
vn -0.7384 0.2688 0.6184
vn -0.7615 0.1789 0.6230
vn -0.9250 0.0781 0.3719
vn -0.8698 -0.0958 0.4839
vn -0.8609 0.0724 0.5036
vn -0.8923 0.1188 0.4355
vn -0.9319 -0.0000 0.3628
vn -0.9298 0.0193 0.3675
vn -0.9074 0.0327 0.4190
vn -0.9228 0.0135 0.3850
vn 0.9887 -0.0270 0.1472
vn -0.9473 0.0654 0.3136
vn -0.8722 0.1540 0.4643
vn -0.8963 0.1051 0.4308
vn -0.9272 0.1340 0.3498
vn 0.7891 -0.0345 0.6133
vn 0.2387 -0.7168 0.6551
vn 0.7315 0.4354 0.5248
vn 0.0723 -0.7323 -0.6771
vn 0.9948 -0.1011 0.0151
vn -0.7202 0.5415 0.4337
vn -0.7390 0.4892 0.4632
vn -0.2966 0.8551 -0.4252
vn -0.4141 0.3264 0.8497
vn 0.5845 0.5409 -0.6048
vn 0.4118 0.0076 -0.9113
vn -0.5309 0.7733 0.3467
vn -0.5625 0.7214 0.4039
vn -0.3337 0.8424 0.4230
vn -0.3204 0.8870 0.3325
vn -0.5996 0.6613 0.4508
vn -0.6298 0.6057 0.4863
vn -0.5130 0.6750 0.5303
vn -0.4893 0.7310 0.4757
vn -0.6485 0.5598 0.5158
vn -0.6623 0.5051 0.5534
vn -0.5285 0.5823 0.6178
vn -0.5253 0.6376 0.5634
vn -0.6847 0.5869 0.4321
vn -0.6171 0.7397 -0.2682
vn -0.6676 0.4115 0.6204
vn -0.6401 0.3060 0.7047
vn -0.5025 0.3189 0.8036
vn -0.5263 0.4573 0.7168
vn -0.9171 0.0557 0.3948
vn -0.7477 0.1203 0.6531
vn 0.3486 -0.6200 0.7029
vn 0.3439 -0.6922 0.6345
vn -0.6947 0.2445 0.6765
vn -0.0913 -0.5605 0.8231
vn -0.6153 -0.0978 -0.7822
vn -0.1044 -0.7962 0.5959
vn 0.6746 -0.4543 -0.5818
vn -0.6479 0.6585 0.3829
vn -0.9897 -0.0348 0.1388
vn -0.9091 -0.0257 -0.4159
vn -0.2520 0.1454 0.9567
vn -0.8200 -0.0976 -0.5640
vn -0.8750 -0.0751 -0.4782
vn -0.8568 -0.1362 -0.4973
vn -0.7585 -0.2255 -0.6114
vn -0.7458 0.4302 0.5086
vn -0.6011 -0.4115 -0.6851
vn -0.8920 0.3905 -0.2276
vn -0.1645 0.3203 0.9329
vn -0.0845 0.2205 0.9717
vn 0.5490 -0.7894 -0.2745
vn -0.0907 -0.2187 -0.9716
vn 0.5545 -0.1402 0.8203
vn -0.1229 -0.1509 -0.9809
vn -0.9726 -0.0784 -0.2189
vn -0.9584 -0.1510 0.2422
vn -0.0149 0.2148 0.9765
vn -0.1019 0.0135 -0.9947
vn -0.9910 0.1298 0.0311
vn 0.2316 -0.6829 -0.6929
vn 0.7068 0.2964 0.6423
vn 0.1799 -0.7829 -0.5956
vn 0.5268 0.7353 0.4264
vn 0.2274 -0.9737 0.0113
vn 0.2326 -0.9678 0.0958
vn 0.4611 -0.8696 0.1764
vn -0.0185 -0.8148 0.5795
vn -0.2907 -0.9100 0.2955
vn -0.6313 -0.2898 0.7194
vn -0.7802 0.3478 0.5199
vn -0.8594 -0.4475 -0.2473
vn -0.9097 -0.0008 -0.4153
vn -0.6838 0.6216 0.3820
vn -0.7224 0.3094 0.6184
vn 0.7588 -0.4402 -0.4800
vn -0.0224 -0.9442 -0.3286
vn 0.7135 0.4486 0.5383
vn 0.4632 0.5225 0.7159
vn -0.5841 -0.2342 -0.7772
vn -0.9571 -0.2559 -0.1360
vn -0.9782 -0.2046 -0.0366
vn -0.9831 -0.1824 0.0157
vn -0.9803 -0.1817 -0.0772
vn -0.7872 -0.5522 0.2747
vn -0.9686 -0.0865 -0.2333
vn -0.9690 -0.1678 0.1813
vn -0.9052 0.3077 -0.2931
vn -0.9924 -0.0580 0.1082
vn -0.1385 -0.6217 0.7709
vn 0.2426 0.5741 -0.7821
vn 0.2767 0.2702 0.9222
vn -0.6479 0.0222 -0.7614
vn 0.5816 0.1789 0.7936
vn -0.9995 0.0132 -0.0276
vn 0.6388 -0.6466 0.4170
vn 0.5052 0.1825 0.8435
vn 0.8140 -0.5743 0.0870
vn -0.9120 0.1560 -0.3794
vn 0.0803 0.0931 -0.9924
vn 0.7672 0.3153 0.5585
vn 0.8048 0.4509 0.3861
vn -0.8681 0.1450 -0.4747
vn 0.4515 0.0956 0.8871
vn -0.2128 -0.9766 0.0299
vn -0.1919 -0.9736 -0.1233
vn -0.1997 -0.9740 0.1073
vn -0.9427 -0.0510 0.3297
vn 0.4618 0.8786 0.1214
vn -0.0347 0.2731 -0.9614
vn 0.5047 0.4029 0.7635
vn 0.5100 0.1255 0.8510
vn 0.6313 0.7129 -0.3055
vn 0.7857 -0.0113 0.6185
vn 0.5070 -0.0290 0.8615
vn 0.2415 -0.2265 0.9436
vn 0.1424 0.4973 -0.8558
vn 0.3178 0.5645 0.7618
vn 0.2973 0.8789 -0.3730
vn 0.4867 0.6355 0.5994
vn 0.8090 0.5858 0.0490
vn 0.6827 0.4969 0.5357
vn 0.1918 0.6133 -0.7662
vn 0.6638 0.2186 0.7152
vn 0.4057 0.7047 0.5820
vn 0.4713 0.0944 0.8769
vn 0.2231 0.7313 0.6446
vn 0.1567 0.7671 0.6221
vn 0.1755 0.7149 -0.6768
vn -0.0349 0.4772 -0.8781
vn 0.1594 0.6188 -0.7692
vn 0.4044 0.8432 -0.3542
vn -0.0163 0.5252 -0.8508
vn 0.1190 0.5619 -0.8186
vn 0.3416 -0.2971 0.8917
vn 0.3843 0.8124 -0.4386
vn 0.1761 0.7177 -0.6737
vn -0.1097 0.6075 0.7867
vn -0.0468 0.3542 -0.9340
vn -0.0569 0.0505 0.9971
vn 0.1074 0.3935 -0.9130
vn 0.3980 0.4296 -0.8106
vn 0.0823 0.6192 -0.7809
vn -0.1442 0.6027 0.7849
vn 0.1527 -0.3545 0.9225
vn 0.0026 0.4017 -0.9158
vn 0.6050 0.6723 0.4267
vn 0.5848 0.7928 0.1719
vn 0.9927 0.1204 0.0054
vn 0.6470 -0.0536 0.7606
vn 0.4547 -0.1107 0.8838
vn 0.1360 0.6476 -0.7498
vn 0.6273 0.0141 0.7787
vn -0.0011 0.4823 -0.8760
vn 0.0622 0.5195 -0.8522
vn 0.1403 -0.2369 0.9613
vn 0.0571 0.4890 0.8704
vn -0.0309 -0.2269 0.9734
vn 0.3104 0.8194 0.4819
vn 0.3391 0.7221 0.6030
vn 0.1511 0.7937 0.5892
vn 0.1264 0.6061 -0.7853
vn 0.4278 0.8842 -0.1876
vn 0.1659 0.0972 0.9813
vn 0.9163 0.1667 0.3642
vn -0.1666 0.4044 0.8993
vn 0.9459 0.0130 0.3242
vn 0.9934 -0.0440 -0.1056
vn 0.3169 0.3933 -0.8631
vn 0.4568 -0.1229 0.8810
vn 0.9927 -0.0361 0.1153
vn 0.9626 -0.2558 -0.0890
vn -0.2400 0.5792 -0.7790
vn -0.8349 0.3148 -0.4515
vn 0.3603 0.1348 -0.9230
vn 0.5788 0.3013 -0.7578
vn 0.7607 0.3767 -0.5286
vn 0.8606 0.3058 -0.4072
vn 0.9349 0.2667 -0.2343
vn 0.9906 0.1237 -0.0586
vn 0.9521 -0.0063 0.3058
vn 0.5610 0.2312 -0.7948
vn 0.4772 -0.2282 0.8486
vn 0.1102 -0.3743 0.9208
vn 0.4881 -0.3430 0.8026
vn 0.9239 -0.3747 0.0778
vn 0.9686 -0.2453 0.0403
vn 0.6931 -0.6059 0.3904
vn 0.1044 -0.7670 0.6331
vn 0.6801 -0.1062 0.7254
vn 0.2917 -0.8965 0.3333
vn 0.5974 -0.7393 0.3107
vn 0.7558 -0.6545 0.0209
vn 0.8195 -0.5726 0.0239
vn 0.9470 -0.3105 -0.0820
vn 0.9532 -0.2628 -0.1491
vn 0.4243 0.2127 0.8802
vn 0.9118 -0.4100 0.0239
vn 0.6084 -0.7391 0.2892
vn 0.5425 -0.1302 0.8299
vn 0.4621 -0.1737 0.8696
vn 0.5242 -0.1280 0.8419
vn 0.6840 -0.1375 0.7164
vn 0.7520 -0.1353 0.6451
vn 0.4729 -0.0650 0.8787
vn 0.5962 -0.0882 0.7979
vn 0.6632 -0.0584 0.7462
vn 0.2797 -0.9016 0.3301
vn 0.4208 -0.8455 0.3288
vn 0.7613 -0.6439 0.0762
vn 0.8618 -0.5069 0.0212
vn 0.6310 -0.7546 0.1800
vn 0.8772 -0.4029 -0.2612
vn 0.9370 -0.3287 -0.1179
vn 0.8666 -0.4946 0.0665
vn 0.8486 -0.4054 0.3399
vn 0.7923 -0.5431 0.2780
vn 0.5851 -0.6306 0.5099
vn 0.1093 -0.2067 0.9723
vn 0.3537 -0.8950 0.2719
vn 0.4124 -0.8539 0.3175
vn 0.6548 -0.7271 0.2065
vn 0.5851 0.0481 0.8095
vn 0.0565 -0.9311 0.3602
vn 0.0595 -0.8736 0.4830
vn 0.5483 -0.4017 0.7335
vn 0.4460 -0.4538 0.7714
vn 0.4142 -0.5812 0.7004
vn 0.4852 -0.8044 0.3428
vn 0.6234 -0.2464 0.7421
vn 0.6233 -0.6412 0.4476
vn 0.7204 -0.3200 0.6154
vn 0.7333 -0.3411 0.5882
vn 0.7878 -0.2251 0.5733
vn 0.5773 -0.3271 0.7482
vn 0.7492 -0.2232 0.6236
vn 0.5907 -0.1356 0.7954
vn 0.7508 -0.1412 0.6452
vn 0.7907 -0.1754 0.5865
vn 0.8194 -0.1973 0.5382
vn 0.7839 -0.1268 0.6078
vn 0.8402 -0.2055 0.5018
vn 0.6661 0.0485 0.7443
vn 0.9021 -0.1788 0.3928
vn 0.6136 -0.0428 0.7884
vn 0.5443 -0.0719 0.8358
vn 0.1118 0.1099 -0.9876
vn 0.0301 -0.8166 0.5764
vn 0.9423 -0.2769 -0.1883
vn 0.3818 -0.7278 0.5698
vn 0.8627 -0.4768 0.1685
vn -0.7919 0.2077 0.5742
vn 0.8651 -0.4829 0.1361
vn 0.5355 -0.8025 0.2629
vn 0.7852 -0.0604 0.6163
vn 0.5380 0.2220 0.8132
vn 0.8543 -0.2169 0.4723
vn 0.8759 -0.1018 0.4717
vn 0.7803 -0.1753 0.6003
vn 0.6458 0.2568 0.7191
vn 0.4949 -0.5765 -0.6501
vn 0.6326 -0.1315 -0.7632
vn 0.5971 -0.7905 -0.1367
vn 0.5974 -0.7677 0.2318
vn 0.8046 -0.1807 0.5656
vn 0.9720 -0.2197 -0.0830
vn 0.2219 -0.9567 0.1883
vn 0.1037 -0.4744 0.8742
vn 0.3289 -0.7632 0.5563
vn 0.1987 -0.7069 0.6789
vn 0.0796 -0.9465 0.3127
vn -0.2882 0.8674 0.4057
vn 0.2878 -0.1972 -0.9372
vn 0.1790 -0.9303 0.3202
vn 0.7356 0.6189 0.2755
vn 0.2191 0.9588 0.1807
vn 0.7432 0.4014 0.5354
vn 0.8692 0.2645 0.4178
vn 0.7383 -0.3945 0.5471
vn 0.8808 0.3549 0.3134
vn 0.2353 0.9712 0.0385
vn 0.9340 -0.1570 0.3209
vn 0.4698 -0.2928 0.8328
vn 0.9851 -0.0097 0.1714
vn 0.6170 0.1492 0.7727
vn 0.0196 -0.4037 0.9147
vn 0.8435 -0.1437 0.5176
vn -0.3721 0.7403 -0.5599
vn 0.7756 -0.0424 -0.6298
vn 0.6790 -0.1432 0.7201
vn 0.2782 0.6830 -0.6753
vn 0.2424 -0.0238 0.9699
vn 0.6210 -0.0946 -0.7780
vn 0.9266 0.3490 0.1401
vn 0.6177 -0.0258 0.7860
vn 0.4699 -0.1484 0.8702
vn 0.6628 -0.0805 0.7445
vn 0.0981 -0.9343 0.3427
vn 0.5633 -0.7948 0.2258
vn 0.8120 -0.5748 0.1015
vn 0.2652 -0.9156 0.3023
vn 0.6866 -0.3409 0.6421
vn 0.0716 -0.8892 0.4518
vn 0.9020 -0.2170 0.3731
vn 0.7211 -0.3917 0.5715
vn 0.7735 -0.3195 0.5474
vn 0.5490 -0.8358 -0.0075
vn 0.4909 -0.7683 0.4109
vn -0.2416 0.7760 -0.5827
vn 0.2278 0.9576 0.1764
vn 0.9281 0.0828 0.3629
vn 0.7182 -0.5074 0.4762
vn 0.7808 -0.4954 0.3807
vn 0.2122 0.5349 -0.8179
vn -0.4734 -0.0349 0.8802
vn -0.9466 0.3019 -0.1135
vn -0.7722 0.5396 -0.3355
vn -0.4480 0.4836 -0.7520
vn -0.7846 -0.0184 0.6197
vn -0.9472 0.0019 0.3207
vn -0.5700 0.4711 -0.6732
vn -0.2816 0.4137 -0.8658
vn -0.1886 -0.1030 0.9766
vn -0.3769 0.6224 0.6860
vn -0.3546 0.5630 0.7465
vn -0.3430 0.9306 0.1277
vn -0.0595 0.4869 -0.8715
vn -0.4027 0.8376 -0.3693
vn -0.1373 0.6615 -0.7373
vn -0.4993 0.8624 0.0842
vn -0.4194 0.7560 0.5026
vn -0.6419 0.5465 0.5379
vn -0.1811 0.7469 -0.6398
vn -0.4205 0.7424 -0.5215
vn -0.2693 0.5951 -0.7572
vn -0.1502 0.5313 -0.8338
vn -0.0275 0.5937 -0.8042
vn -0.2129 0.5504 -0.8073
vn -0.4403 0.7421 0.5054
vn -0.9045 0.1860 0.3837
vn -0.4216 0.9013 0.0998
vn 0.0852 0.2768 -0.9572
vn 0.0465 0.2730 -0.9609
vn -0.6779 0.2841 0.6780
vn -0.5571 0.2138 0.8024
vn -0.4961 0.1058 0.8618
vn -0.6208 0.7376 -0.2656
vn -0.7942 0.5995 0.0990
vn -0.8079 -0.0293 0.5886
vn -0.4649 -0.0352 0.8847
vn -0.4753 -0.1069 0.8733
vn -0.3164 -0.0763 0.9456
vn -0.3346 0.4722 0.8155
vn -0.4310 0.6400 0.6361
vn -0.8380 0.4461 0.3143
vn -0.9801 0.1607 0.1168
vn -0.7904 0.0947 0.6052
vn -0.8358 0.3632 0.4117
vn -0.7255 0.5965 0.3433
vn -0.6004 0.7878 0.1372
vn -0.2681 0.6960 -0.6661
vn -0.2185 0.6944 -0.6856
vn -0.2151 0.5391 -0.8143
vn -0.6353 -0.0531 0.7705
vn -0.6272 -0.1051 0.7718
vn -0.5920 -0.0407 0.8049
vn -0.1318 0.6583 -0.7411
vn -0.4546 0.7922 -0.4072
vn -0.3621 0.7488 0.5552
vn -0.1887 0.8271 0.5294
vn -0.1519 0.7833 0.6028
vn -0.1406 0.7039 0.6963
vn -0.2830 0.7825 0.5546
vn 0.0533 0.4840 -0.8735
vn -0.2535 0.7191 -0.6470
vn -0.1728 0.7217 -0.6703
vn -0.0835 0.6128 -0.7858
vn -0.2681 0.8806 -0.3908
vn -0.3799 0.8162 -0.4354
vn -0.2147 0.7044 -0.6765
vn -0.1234 0.6829 -0.7200
vn -0.0554 0.4502 -0.8912
vn -0.0000 0.4442 -0.8959
vn -0.4082 -0.1301 0.9036
vn -0.0608 -0.1123 0.9918
vn -0.0303 0.4141 0.9097
vn 0.0455 0.6814 0.7305
vn -0.1380 0.0534 0.9890
vn -0.0835 -0.3239 0.9424
vn -0.1702 -0.3144 0.9339
vn -0.1173 0.3933 -0.9119
vn 0.1130 0.4512 0.8852
vn 0.0873 0.6486 0.7561
vn 0.0997 -0.0272 0.9946
vn 0.0032 0.4853 -0.8743
vn -0.0622 0.5278 -0.8471
vn -0.3114 0.1811 -0.9328
vn -0.5040 0.1743 -0.8459
vn -0.6969 0.2459 -0.6737
vn -0.8537 0.3108 -0.4180
vn -0.9807 0.0520 -0.1884
vn -0.9995 -0.0000 0.0323
vn -0.9477 -0.0028 0.3192
vn -0.7790 0.0099 0.6270
vn -0.5984 -0.0138 0.8011
vn -0.5455 -0.0536 0.8364
vn -0.4674 -0.2204 0.8561
vn 0.4005 0.7697 0.4972
vn -0.1028 0.1153 -0.9880
vn 0.6155 0.7679 0.1772
vn -0.6917 -0.2952 -0.6591
vn 0.9904 0.0111 0.1375
vn 0.8916 -0.0906 0.4437
vn -0.0989 -0.9118 0.3986
vn 0.6920 0.0531 0.7200
vn 0.9743 0.1770 -0.1397
vn 0.8350 -0.3058 0.4574
vn 0.7082 -0.0042 0.7060
vn 0.2129 0.0676 -0.9747
vn 0.9916 -0.0221 0.1275
vn -0.1162 -0.3788 0.9182
vn -0.6070 -0.1993 0.7693
vn -0.6179 -0.2197 0.7549
vn -0.9693 -0.2166 0.1162
vn -0.9242 -0.3553 0.1400
vn -0.8779 -0.4469 0.1717
vn -0.8649 -0.4533 0.2154
vn -0.7171 -0.5594 0.4159
vn -0.6299 -0.6150 0.4743
vn -0.3804 -0.6934 0.6119
vn -0.1242 -0.7363 0.6652
vn -0.1429 -0.1832 0.9726
vn -0.4552 -0.1315 0.8806
vn -0.6642 -0.0581 0.7452
vn -0.7268 -0.1186 0.6765
vn -0.6970 -0.2403 0.6756
vn -0.0976 -0.8854 0.4545
vn -0.2888 -0.8824 0.3716
vn -0.5030 -0.8185 0.2776
vn -0.6192 -0.7412 0.2593
vn -0.6381 -0.7134 0.2898
vn -0.6712 -0.6990 0.2468
vn -0.7695 -0.6342 0.0755
vn -0.8336 -0.5500 0.0502
vn -0.9119 -0.4047 0.0687
vn -0.9569 -0.2901 -0.0113
vn -0.9777 -0.1988 -0.0685
vn -0.4167 0.1951 0.8879
vn -0.5209 0.2295 0.8222
vn -0.5803 0.0587 0.8123
vn -0.5409 -0.0845 0.8369
vn -0.4438 -0.1691 0.8800
vn -0.5330 -0.1290 0.8362
vn -0.6777 -0.1161 0.7261
vn -0.7439 -0.1184 0.6577
vn -0.4792 -0.0736 0.8746
vn -0.5902 -0.0771 0.8036
vn -0.6612 -0.0510 0.7485
vn -0.1086 -0.9323 0.3451
vn -0.2747 -0.9016 0.3342
vn -0.4375 -0.8584 0.2679
vn -0.5469 -0.8036 0.2349
vn -0.5855 -0.7791 0.2241
vn -0.6298 -0.7499 0.2025
vn -0.7506 -0.6523 0.1054
vn -0.8110 -0.5784 0.0876
vn -0.8533 -0.5205 0.0299
vn -0.9317 -0.3526 -0.0874
vn -0.9614 -0.2178 -0.1678
vn -0.8672 -0.4392 -0.2348
vn -0.8457 -0.5323 0.0368
vn -0.8511 -0.4208 0.3140
vn -0.7780 -0.5572 0.2902
vn -0.6177 -0.7554 0.2186
vn -0.5218 -0.8318 0.1895
vn -0.4443 -0.8743 0.1956
vn -0.3626 -0.8975 0.2508
vn -0.2515 -0.9184 0.3054
vn -0.0821 -0.9453 0.3156
vn 0.0208 -0.9463 0.3225
vn -0.2169 -0.9562 0.1967
vn -0.3205 -0.9092 0.2658
vn 0.0096 -0.8516 0.5241
vn -0.4169 -0.8316 0.3668
vn -0.0287 -0.5685 0.8222
vn -0.4904 -0.7095 0.5061
vn -0.1559 -0.4867 0.8595
vn -0.4318 -0.4227 0.7968
vn -0.6885 -0.3283 0.6467
vn -0.7605 -0.3279 0.5605
vn -0.7055 -0.2963 0.6438
vn -0.7948 -0.1975 0.5738
vn -0.5598 -0.2379 0.7937
vn -0.7371 -0.1979 0.6462
vn -0.6216 -0.1489 0.7691
vn -0.7377 -0.1216 0.6641
vn -0.7882 -0.1471 0.5976
vn -0.8356 -0.1935 0.5141
vn -0.8287 -0.1494 0.5394
vn -0.7794 -0.1088 0.6170
vn -0.6728 -0.0271 0.7393
vn -0.8986 -0.1649 0.4066
vn -0.8858 -0.1230 0.4475
vn -0.8169 -0.0833 0.5707
vn -0.8712 -0.0879 0.4830
vn -0.9260 -0.1234 0.3568
vn -0.9347 -0.1346 0.3290
vn -0.7307 -0.3490 0.5867
vn -0.7772 -0.3065 0.5496
vn -0.6919 -0.5705 0.4425
vn -0.7824 -0.4732 0.4048
vn -0.8364 -0.2896 0.4654
vn -0.8944 -0.2833 0.3462
vn -0.9208 -0.2524 0.2973
vn -0.9547 -0.1728 0.2422
vn -0.9158 -0.0779 0.3941
vn -0.9511 -0.1252 0.2824
vn -0.9581 -0.1110 0.2642
vn -0.9410 -0.0713 0.3309
vn -0.9516 -0.0392 0.3048
vn -0.9643 -0.1386 0.2258
vn -0.9602 -0.1363 0.2439
vn -0.9698 -0.1169 0.2141
vn -0.9674 -0.1035 0.2310
vn -0.9916 -0.1143 0.0601
vn -0.9840 -0.0720 0.1627
vn -0.9642 -0.1380 0.2264
vn -0.9869 -0.1583 -0.0311
vn -0.9770 -0.1878 -0.1011
vn -0.1524 0.0988 0.9834
vn -0.4314 0.1249 0.8935
vn -0.6334 0.0409 0.7727
vn -0.6782 -0.0695 0.7316
vn -0.6130 -0.1649 0.7727
vn -0.6106 -0.1866 0.7696
vn -0.5553 -0.1683 0.8144
vn -0.4747 -0.1448 0.8682
vn -0.4468 -0.1642 0.8794
vn -0.5383 -0.2027 0.8180
vn -0.1859 0.2259 0.9563
vn -0.1637 -0.5226 0.8367
vn 0.0083 -0.8451 -0.5345
vn 0.4603 -0.5634 0.6860
vn -0.8657 0.3895 -0.3144
vn 0.3376 -0.6906 0.6397
vn 0.6126 -0.0269 0.7899
vn 0.3712 0.0708 0.9258
vn 0.7927 0.1892 0.5794
vn 0.2299 -0.8326 0.5039
vn 0.3706 -0.4812 0.7944
vn 0.6701 0.3582 0.6501
vn 0.1364 0.0312 0.9902
vn 0.2633 -0.1323 0.9556
vn 0.2398 -0.2617 0.9349
vn -0.6495 0.3001 -0.6986
vn 0.9485 0.1829 -0.2588
vn 0.9294 -0.0274 0.3680
vn -0.8749 0.4499 -0.1792
vn -0.1760 -0.3887 -0.9044
vn -0.5717 -0.1019 -0.8141
vn 0.9909 -0.0541 0.1233
vn 0.8157 0.4698 0.3374
vn 0.8955 0.4002 0.1946
vn 0.4897 -0.3955 0.7770
vn 0.5227 0.8466 0.1003
vn 0.5215 0.4743 -0.7092
vn -0.8267 -0.0112 -0.5626
vn -0.7639 -0.0948 -0.6383
vn -0.6800 -0.3886 -0.6218
vn 0.3679 0.1075 0.9236
vn 0.0277 0.0445 -0.9986
vn 0.9333 0.2597 0.2481
vn 0.7170 0.4982 0.4875
vn -0.6843 -0.3080 -0.6609
vn 0.8300 0.3906 0.3980
vn 0.0633 -0.9633 0.2607
vn 0.0892 0.9925 -0.0835
vn -0.5178 -0.6655 -0.5375
vn 0.0650 -0.1452 -0.9873
vn 0.0335 0.9966 -0.0746
vn 0.6676 -0.3010 0.6810
vn 0.0151 0.9519 0.3061
vn -0.8241 0.5102 0.2460
vn 0.9566 0.0821 0.2797
vn 0.8240 -0.1112 0.5556
vn -0.7998 -0.0686 -0.5963
vn -0.7119 0.3827 -0.5889
vn 0.1674 -0.7593 0.6288
vn -0.9126 -0.2717 -0.3054
vn -0.9850 -0.1572 0.0712
vn -0.8934 -0.4173 -0.1663
vn -0.9557 -0.2331 -0.1796
vn -0.9109 -0.4127 0.0031
vn -0.5090 0.0556 0.8590
vn -0.4187 0.2463 0.8741
vn -0.5314 0.3466 0.7729
vn -0.4794 -0.1096 0.8707
vn -0.4668 -0.3184 0.8251
vn -0.4442 -0.3418 0.8282
vn -0.4074 -0.3188 0.8558
vn -0.3929 -0.1370 0.9093
vn -0.1620 0.9003 0.4040
vn -0.4635 -0.0238 0.8858
vn -0.0245 0.9812 0.1915
vn 0.3738 0.7831 -0.4970
vn -0.5499 -0.2533 0.7959
vn -0.5549 0.0350 0.8311
vn -0.2614 0.1035 0.9597
vn -0.2347 0.0095 0.9720
vn -0.3450 0.3062 0.8873
vn -0.2750 0.1781 0.9448
vn -0.3828 0.2879 0.8778
vn -0.3605 0.3059 0.8812
vn -0.3853 0.2999 0.8727
vn -0.3757 0.1198 0.9190
vn -0.3646 0.1852 0.9126
vn -0.3910 0.3121 0.8659
vn -0.5402 0.3976 0.7417
vn 0.4695 -0.3347 0.8170
vn 0.7239 -0.0100 0.6899
vn 0.8052 0.4440 -0.3930
vn 0.2249 -0.0494 -0.9731
vn -0.8182 0.0541 -0.5724
vn 0.0612 0.1941 -0.9791
vn -0.0894 -0.6107 -0.7868
vn 0.5693 -0.4477 0.6896
vn 0.7815 -0.0407 0.6226
vn 0.9044 0.3015 -0.3018
vn -0.5123 -0.7883 -0.3406
vn -0.0429 -0.8736 -0.4847
vn 0.5719 0.2823 0.7702
vn 0.1061 -0.3489 0.9311
vn 0.2963 0.1033 0.9495
vn 0.6489 0.5636 0.5112
vn 0.7091 0.5086 0.4884
vn 0.9914 -0.0588 0.1169
vn 0.6908 0.6035 0.3983
vn 0.6662 0.2362 0.7074
vn 0.1014 -0.5420 0.8343
vn 0.4051 0.2348 0.8836
vn 0.7959 -0.3705 0.4788
vn 0.4100 -0.6988 0.5861
vn 0.4880 -0.3621 -0.7942
vn 0.4104 -0.4900 0.7691
vn -0.1764 -0.7305 0.6598
vn 0.4653 -0.6381 0.6134
vn 0.7503 -0.2117 0.6263
vn 0.1773 0.7813 0.5985
vn -0.4744 -0.1516 0.8671
vn -0.4939 -0.3507 0.7957
vn -0.6970 -0.2878 0.6568
vn -0.5587 -0.6385 0.5294
vn -0.5230 -0.4211 0.7410
vn -0.1999 -0.8292 0.5220
vn -0.5092 -0.2386 0.8269
vn -0.7134 0.5653 0.4140
vn -0.6543 0.6673 0.3557
vn -0.7916 0.3506 0.5004
vn -0.8081 -0.1938 0.5563
vn -0.6036 0.3407 0.7209
vn -0.5558 0.3401 0.7586
vn -0.2619 -0.8814 0.3931
vn -0.0874 -0.5876 -0.8044
vn -0.0932 -0.5260 -0.8454
vn -0.1184 0.8259 0.5513
vn -0.3143 -0.1994 0.9282
vn -0.1242 0.9916 0.0373
vn 0.4334 0.6670 0.6060
vn 0.3606 -0.6510 0.6679
vn -0.3504 0.4345 0.8297
vn -0.2018 -0.8490 0.4883
vn 0.5036 0.2095 0.8382
vn 0.9395 -0.0321 -0.3409
vn -0.3953 0.5522 0.7340
vn 0.0707 -0.5663 -0.8212
vn -0.1500 0.6660 -0.7308
vn -0.1503 0.5534 -0.8193
vn -0.1588 -0.4717 0.8673
vn -0.1908 0.1363 0.9721
vn -0.3154 0.0957 0.9441
vn -0.3707 0.2718 0.8881
vn -0.1082 0.1190 0.9870
vn -0.1750 -0.3816 0.9076
vn -0.0213 0.1652 0.9860
vn -0.0516 0.3582 0.9322
vn -0.2716 -0.7626 0.5871
vn -0.2939 -0.6331 0.7161
vn 0.0173 -0.8669 -0.4981
vn 0.2774 0.5286 0.8023
vn -0.1111 -0.8941 0.4338
vn -0.1555 0.9073 -0.3906
vn -0.1506 0.7984 -0.5830
vn -0.1505 -0.2519 -0.9560
vn -0.1558 -0.1392 -0.9779
vn -0.8963 0.3542 -0.2669
vn 0.9756 -0.1181 -0.1851
vn -0.2046 -0.9214 0.3304
vn -0.2197 -0.9331 0.2846
vn -0.3153 0.1338 0.9395
vn -0.7270 -0.2741 -0.6296
vn 0.6274 -0.3882 0.6750
vn 0.4579 0.8730 -0.1681
vn -0.0282 0.2679 0.9630
vn -0.1528 0.3989 -0.9042
vn -0.1587 0.1918 -0.9685
vn -0.1565 -0.0105 -0.9876
vn -0.3745 0.5917 0.7139
vn 0.1006 -0.1235 -0.9872
vn -0.8838 0.2742 -0.3792
vn -0.1032 0.7003 0.7063
vn 0.2589 -0.4693 -0.8442
vn -0.1017 -0.4770 -0.8730
vn -0.1316 -0.4012 -0.9065
vn 0.0318 0.2093 0.9773
vn 0.0874 -0.3679 -0.9258
vn 0.0624 0.8356 -0.5458
vn -0.0633 -0.4688 -0.8810
vn 0.0207 0.9865 -0.1622
vn 0.6822 0.2945 0.6692
vn -0.2227 -0.3607 0.9057
vn 0.9620 -0.1279 0.2413
vn 0.6203 0.2247 0.7515
vn -0.0779 0.6148 0.7848
vn -0.0733 0.4911 0.8680
vn -0.1221 -0.3628 0.9238
vn -0.1064 0.0809 0.9910
vn -0.1047 -0.4681 0.8774
vn -0.3110 0.5795 0.7533
vn -0.3357 0.5897 0.7345
vn 0.5017 -0.3730 0.7805
vn -0.1901 0.1488 0.9704
vn -0.7722 -0.1617 -0.6145
vn -0.1141 0.9769 0.1808
vn -0.1139 0.9578 0.2640
vn 0.3235 -0.8210 -0.4704
vn 0.3845 0.1538 0.9102
vn -0.1218 0.8326 -0.5403
vn -0.8943 0.2494 -0.3715
vn 0.9709 0.0798 0.2257
vn -0.2009 -0.4262 0.8820
vn -0.3046 -0.4863 0.8190
vn -0.5223 -0.4399 0.7305
vn 0.9822 -0.1772 -0.0632
vn 0.4464 -0.3327 0.8307
vn 0.5729 0.1099 0.8122
vn -0.8159 0.2353 0.5282
vn -0.7295 0.2075 0.6517
vn -0.9023 0.2564 0.3466
vn -0.7842 0.4107 0.4651
vn -0.8122 0.3496 0.4671
vn -0.7872 0.4232 0.4485
vn -0.7543 0.4601 0.4684
vn -0.7883 0.4699 0.3971
vn 0.9610 -0.1638 0.2228
vn 0.9965 -0.0833 0.0060
vn 0.1381 0.1953 0.9710
vn 0.2238 0.0078 0.9746
vn -0.6219 0.3778 0.6860
vn -0.5897 0.0929 0.8022
vn -0.5434 -0.2607 0.7980
vn -0.5282 -0.5204 0.6710
vn -0.5021 -0.5895 0.6327
vn -0.5066 -0.4764 0.7186
vn -0.4677 -0.7161 0.5182
vn -0.7053 -0.4822 0.5197
vn -0.8169 -0.2290 0.5294
vn -0.7807 -0.3969 0.4826
vn -0.5004 -0.8296 0.2476
vn -0.5192 -0.8045 0.2886
vn -0.5112 -0.7843 0.3516
vn -0.6215 -0.1971 0.7582
vn -0.5304 -0.3842 0.7557
vn -0.7995 -0.2160 0.5605
vn -0.8733 -0.2567 0.4140
vn -0.7782 0.4724 0.4138
vn -0.6855 0.4692 0.5568
vn -0.6640 -0.6707 0.3307
vn -0.2001 -0.6762 0.7091
vn 0.1868 -0.6671 0.7212
vn 0.5621 0.3395 0.7542
vn 0.0441 0.1750 0.9836
vn -0.3768 0.1229 0.9181
vn 0.0444 -0.0340 0.9984
vn 0.0913 0.0983 0.9910
vn -0.7076 0.2020 0.6772
vn -0.2130 0.1928 0.9578
vn -0.2991 0.1765 0.9378
vn -0.9049 0.2745 0.3252
vn -0.4598 -0.8274 0.3223
vn 0.6068 -0.0074 0.7948
vn 0.8375 -0.0938 0.5383
vn 0.8403 -0.5079 -0.1897
vn 0.1098 -0.8172 0.5658
vn 0.5524 -0.1834 0.8132
vn 0.9747 -0.1280 0.1832
vn 0.6568 -0.2342 0.7168
vn 0.3055 0.2819 0.9095
vn 0.9842 -0.1052 0.1425
vn 0.1220 0.9918 0.0368
vn 0.2185 -0.8486 0.4818
vn 0.1345 -0.2771 -0.9514
vn 0.1508 -0.1530 -0.9766
vn 0.2266 -0.9183 0.3248
vn 0.3496 0.2954 0.8891
vn 0.2559 0.1771 0.9503
vn 0.4817 0.1660 0.8605
vn 0.4103 -0.3410 0.8458
vn 0.5199 -0.0164 0.8541
vn -0.4522 0.7157 -0.5322
vn 0.4816 -0.0226 0.8761
vn -0.0570 -0.5674 -0.8214
vn 0.1501 0.5524 -0.8200
vn -0.0620 0.1708 0.9833
vn 0.1752 -0.7930 0.5835
vn 0.2083 -0.8994 0.3843
vn 0.0650 -0.6136 -0.7870
vn 0.1361 0.8937 -0.4275
vn 0.5057 -0.3465 0.7900
vn 0.7492 -0.1569 0.6434
vn 0.4010 0.2210 0.8890
vn 0.5315 0.3878 0.7531
vn 0.6627 0.6605 0.3530
vn 0.1154 -0.4749 0.8725
vn 0.1525 0.1062 0.9826
vn 0.9559 -0.0473 0.2898
vn 0.4938 -0.0947 0.8644
vn 0.3092 0.3171 0.8966
vn 0.9627 -0.2414 -0.1225
vn 0.9071 -0.2946 -0.3006
vn -0.3188 -0.4354 0.8419
vn -0.2260 -0.4430 0.8676
vn -0.1132 -0.2422 0.9636
vn -0.0352 -0.1030 0.9941
vn 0.5751 -0.1775 0.7986
vn 0.1829 -0.4718 0.8625
vn -0.0244 -0.7997 0.6000
vn 0.0385 -0.6433 0.7647
vn -0.0052 0.7038 0.7103
vn -0.0953 -0.2457 0.9646
vn -0.0599 -0.5970 0.8000
vn -0.1776 -0.4852 0.8562
vn -0.0610 0.1856 0.9807
vn -0.0097 0.6138 0.7894
vn -0.0061 -0.3141 0.9494
vn -0.1887 -0.9478 0.2572
vn -0.1537 -0.7762 -0.6114
vn -0.1503 -0.9646 0.2168
vn 0.0808 0.3108 0.9470
vn 0.0990 -0.4894 -0.8664
vn 0.0578 -0.4768 -0.8771
vn -0.0045 0.9868 -0.1621
vn 0.1532 -0.0173 -0.9880
vn 0.1526 0.3974 -0.9049
vn 0.0772 0.0513 0.9957
vn 0.2419 0.1337 0.9610
vn 0.1066 -0.4392 -0.8920
vn 0.3232 0.6301 0.7060
vn 0.1393 -0.3590 0.9229
vn 0.0734 -0.3654 0.9280
vn 0.1321 0.9773 0.1656
vn 0.6716 0.2124 0.7098
vn 0.7920 0.2463 0.5586
vn 0.5317 0.2727 0.8018
vn -0.1539 -0.3792 0.9124
vn 0.5583 0.5181 0.6480
vn -0.8603 0.3136 0.4019
vn -0.0087 0.2017 0.9794
vn -0.0488 0.0430 0.9979
vn 0.0290 -0.7810 0.6239
vn -0.3660 0.2551 0.8949
vn 0.8373 0.4191 0.3512
vn 0.0250 0.5202 0.8537
vn 0.3275 0.2679 0.9061
vn -0.1269 0.3181 0.9395
vn 0.6915 0.1867 0.6978
vn -0.3574 0.4890 0.7957
vn -0.3356 0.3387 0.8790
vn -0.3661 0.6936 0.6204
vn -0.3616 0.6285 0.6887
vn -0.3497 0.7912 0.5017
vn -0.3601 0.7386 0.5699
vn -0.4297 0.8412 0.3283
vn -0.4638 0.7934 0.3943
vn -0.9001 0.1688 0.4016
vn -0.9278 0.0399 0.3710
vn -0.7676 0.2901 0.5716
vn -0.8364 0.2232 0.5006
vn -0.6661 0.2482 0.7034
vn -0.2314 -0.4613 0.8565
vn -0.5490 0.2721 0.7903
vn -0.2331 0.2945 0.9268
vn -0.4110 0.2845 0.8661
vn -0.3429 0.2089 0.9158
vn -0.2750 -0.0299 0.9610
vn -0.3038 0.3033 0.9032
vn -0.7754 -0.0763 0.6268
vn -0.8721 0.0206 0.4889
vn -0.8835 0.2092 0.4191
vn -0.7910 0.4322 0.4330
vn -0.6574 0.5465 0.5188
vn -0.3232 -0.5866 0.7426
vn -0.5982 -0.3623 0.7147
vn 0.3574 0.4980 0.7901
vn -0.4863 0.5786 0.6548
vn -0.1838 0.4568 0.8704
vn -0.5276 0.2759 0.8034
vn -0.4686 0.2213 0.8552
vn -0.4248 0.1894 0.8853
vn -0.6023 0.3901 0.6964
vn -0.5793 0.3639 0.7293
vn -0.3339 0.2194 0.9167
vn -0.2131 0.3140 0.9252
vn 0.7481 -0.4962 0.4406
vn 0.2018 -0.9442 0.2602
vn -0.6792 0.3874 0.6234
vn -0.6472 0.2777 0.7099
vn -0.8047 -0.1589 0.5721
vn -0.6777 -0.1476 0.7203
vn 0.6605 0.2535 0.7068
vn -0.2959 0.9347 -0.1971
vn -0.1241 0.9581 -0.2582
vn 0.4344 -0.8548 0.2840
vn -0.3633 0.9207 0.1426
vn -0.3836 0.8936 0.2330
vn -0.3271 0.9402 -0.0948
vn -0.2929 0.9558 0.0262
vn -0.6640 0.4057 0.6281
vn 0.1704 -0.4545 0.8743
vn 0.3488 0.7939 0.4980
vn 0.3614 0.6372 0.6807
vn 0.5725 -0.4634 0.6763
vn 0.8651 -0.3390 0.3697
vn 0.9052 0.1718 0.3888
vn 0.4890 0.2317 0.8409
vn -0.1310 0.2054 0.9699
vn 0.7693 -0.4428 0.4606
vn 0.1816 -0.1039 0.9779
vn 0.0867 -0.0049 0.9962
vn 0.5852 0.3601 0.7266
vn 0.2668 0.1711 0.9484
vn 0.6006 0.3905 0.6977
vn 0.8468 0.4116 0.3370
vn 0.5158 -0.3571 0.7787
vn 0.3704 -0.7850 0.4965
vn 0.7524 0.4402 0.4900
vn 0.8390 0.2599 0.4781
vn 0.4968 -0.8389 0.2225
vn 0.6619 0.0653 0.7468
vn 0.4090 0.3106 0.8581
vn 0.7948 -0.2188 0.5661
vn 0.3657 0.6995 0.6139
vn 0.7756 0.2738 0.5687
vn 0.4511 0.7930 0.4096
vn 0.2008 -0.2853 0.9372
vn 0.8340 0.3736 0.4061
vn 0.5919 -0.4995 0.6326
vn -0.0389 -0.6142 0.7882
vn 0.8613 0.3127 0.4004
vn 0.2893 0.2143 0.9329
vn 0.2622 -0.0173 0.9649
vn 0.9090 -0.2749 0.3134
vn 0.9430 -0.2032 0.2634
vn 0.9414 -0.1916 0.2777
vn 0.9581 -0.1828 0.2203
vn 0.9244 -0.0868 0.3714
vn 0.9600 -0.1223 0.2519
vn -0.5151 0.2972 0.8040
vn -0.4821 0.3035 0.8219
vn -0.3387 0.0961 0.9360
vn -0.2933 0.1695 0.9409
vn -0.1410 -0.0369 0.9893
vn -0.0669 0.0513 0.9964
vn -0.1857 -0.1891 0.9642
vn 0.1451 0.2212 0.9644
vn -0.0234 0.1440 0.9893
vn 0.7450 0.0665 0.6637
vn 0.3792 0.8951 0.2346
vn -0.3159 -0.4041 0.8584
vn -0.5004 -0.2034 0.8415
vn -0.6608 -0.1154 0.7417
vn -0.4555 -0.0897 0.8857
vn -0.6655 0.0131 0.7463
vn -0.2520 -0.2841 0.9251
vn -0.5331 -0.1288 0.8362
vn -0.4315 -0.3300 0.8396
vn -0.3845 -0.4120 0.8261
vn -0.2670 -0.3287 0.9059
vn -0.5772 0.0354 0.8158
vn -0.5646 0.1842 0.8046
vn -0.4919 0.2523 0.8333
vn -0.2899 0.1694 0.9419
vn 0.3045 -0.3732 0.8764
vn 0.5242 -0.2081 0.8258
vn 0.4218 -0.3235 0.8470
vn 0.5686 0.2092 0.7956
vn 0.2773 0.9418 -0.1902
vn 0.3735 0.9182 0.1322
vn 0.5419 0.2949 0.7870
vn 0.2811 0.1520 0.9476
vn -0.0621 0.1437 0.9877
vn -0.0453 0.0249 0.9987
vn 0.2135 -0.2791 0.9362
vn 0.3778 -0.0237 0.9256
vn 0.3265 0.9402 -0.0973
vn 0.5039 0.2858 0.8151
vn 0.2722 0.1689 0.9473
vn -0.3120 0.0289 0.9496
vn -0.4217 0.0403 0.9058
vn -0.1935 0.0184 0.9809
vn -0.4051 0.1226 0.9060
vn -0.1864 0.0543 0.9810
vn -0.3007 0.0900 0.9495
vn -0.3739 0.1980 0.9061
vn -0.1718 0.0903 0.9810
vn -0.2767 0.1479 0.9495
vn -0.3274 0.2678 0.9061
vn -0.1491 0.1237 0.9811
vn -0.2427 0.1978 0.9497
vn -0.2675 0.3273 0.9063
vn -0.1220 0.1508 0.9810
vn -0.1977 0.2427 0.9498
vn -0.1985 0.3732 0.9063
vn -0.0882 0.1735 0.9809
vn -0.1457 0.2764 0.9499
vn -0.1236 0.4039 0.9064
vn -0.0572 0.1854 0.9810
vn -0.0912 0.2990 0.9499
vn -0.0412 0.4199 0.9066
vn -0.0205 0.1931 0.9810
vn -0.0313 0.3112 0.9498
vn 0.0414 0.4213 0.9060
vn 0.0158 0.1932 0.9810
vn 0.0307 0.3111 0.9499
vn 0.1237 0.4044 0.9062
vn 0.0561 0.1857 0.9810
vn 0.0895 0.3007 0.9495
vn 0.1987 0.3735 0.9061
vn 0.0892 0.1721 0.9810
vn 0.1479 0.2766 0.9495
vn 0.2678 0.3275 0.9061
vn 0.1249 0.1474 0.9811
vn 0.1980 0.2427 0.9497
vn 0.3278 0.2675 0.9061
vn 0.1465 0.1259 0.9812
vn 0.2423 0.1986 0.9497
vn 0.1716 0.0897 0.9811
vn 0.2767 0.1487 0.9494
vn 0.4048 0.1231 0.9061
vn 0.1854 0.0563 0.9810
vn 0.3010 0.0899 0.9494
vn 0.4225 0.0375 0.9056
vn 0.1938 0.0139 0.9810
vn 0.3130 0.0275 0.9494
vn 0.4199 -0.0457 0.9064
vn 0.1937 -0.0273 0.9807
vn 0.3129 -0.0381 0.9490
vn 0.4026 -0.1257 0.9067
vn 0.1844 -0.0642 0.9808
vn 0.2990 -0.0953 0.9495
vn 0.3718 -0.1995 0.9066
vn 0.1708 -0.0968 0.9805
vn 0.2755 -0.1516 0.9492
vn 0.3284 -0.2645 0.9068
vn 0.1554 -0.1194 0.9806
vn 0.2471 -0.1943 0.9493
vn 0.2711 -0.3253 0.9059
vn 0.1260 -0.1488 0.9808
vn 0.2002 -0.2411 0.9496
vn 0.2002 -0.3725 0.9062
vn 0.0969 -0.1695 0.9807
vn 0.1515 -0.2747 0.9495
vn 0.1240 -0.4040 0.9063
vn 0.0575 -0.1859 0.9809
vn 0.0931 -0.2989 0.9497
vn 0.0437 -0.4190 0.9069
vn 0.0235 -0.1934 0.9808
vn 0.0320 -0.3112 0.9498
vn -0.0400 -0.4199 0.9067
vn -0.0197 -0.1934 0.9809
vn -0.0293 -0.3112 0.9499
vn -0.1232 -0.4039 0.9065
vn -0.0556 -0.1859 0.9810
vn -0.0909 -0.2991 0.9499
vn -0.1978 -0.3753 0.9056
vn -0.0896 -0.1718 0.9810
vn -0.1477 -0.2757 0.9498
vn -0.2716 -0.3261 0.9055
vn -0.1243 -0.1484 0.9811
vn -0.1984 -0.2424 0.9497
vn -0.3289 -0.2660 0.9061
vn -0.1519 -0.1208 0.9810
vn -0.2444 -0.1965 0.9496
vn -0.3742 -0.1981 0.9059
vn -0.1729 -0.0890 0.9809
vn -0.2774 -0.1451 0.9497
vn -0.4048 -0.1231 0.9061
vn -0.1857 -0.0596 0.9808
vn -0.2990 -0.0930 0.9497
vn -0.4200 -0.0435 0.9065
vn -0.1931 -0.0225 0.9809
vn -0.3119 -0.0320 0.9496
vn -0.8624 0.0848 -0.4991
vn -0.9928 0.0980 -0.0689
vn -0.9336 0.0919 0.3464
vn -0.7570 0.0746 0.6491
vn -0.4632 0.0454 -0.8851
vn -0.7568 0.0744 -0.6494
vn -0.9336 0.0914 -0.3465
vn -0.9929 0.0978 0.0682
vn -0.8629 0.0842 0.4982
vn -0.6246 0.0606 0.7786
vn -0.2861 0.0281 -0.9578
vn -0.6227 0.0617 -0.7800
vn -0.8297 0.2513 0.4985
vn -0.6004 0.1810 0.7789
vn -0.2750 0.0836 -0.9578
vn -0.5989 0.1806 -0.7802
vn -0.8295 0.2507 -0.4990
vn -0.9547 0.2895 -0.0687
vn -0.8979 0.2715 0.3466
vn -0.7277 0.2188 0.6500
vn -0.4452 0.1353 -0.8851
vn -0.7281 0.2204 -0.6491
vn -0.8978 0.2720 -0.3463
vn -0.9548 0.2893 0.0680
vn -0.5537 0.2939 0.7791
vn -0.2534 0.1354 -0.9578
vn -0.5518 0.2943 -0.7803
vn -0.7646 0.4076 -0.4993
vn -0.8806 0.4687 -0.0694
vn -0.8281 0.4414 0.3455
vn -0.6712 0.3576 0.6494
vn -0.4106 0.2190 -0.8851
vn -0.6712 0.3577 -0.6493
vn -0.8278 0.4413 -0.3465
vn -0.8801 0.4699 0.0678
vn -0.6702 0.5498 0.4985
vn -0.4852 0.3973 0.7789
vn -0.2222 0.1820 -0.9579
vn -0.4843 0.3952 -0.7805
vn -0.6702 0.5489 -0.4995
vn -0.7713 0.6327 -0.0690
vn -0.7255 0.5947 0.3464
vn -0.5889 0.4820 0.6488
vn -0.3600 0.2939 -0.8854
vn -0.5881 0.4819 -0.6495
vn -0.7258 0.5942 -0.3466
vn -0.7721 0.6318 0.0689
vn -0.5507 0.6691 0.4990
vn -0.3978 0.4846 0.7790
vn -0.3967 0.4828 -0.7808
vn -0.5507 0.6686 -0.4997
vn -0.6349 0.7695 -0.0691
vn -0.5962 0.7241 0.3467
vn -0.4822 0.5876 0.6497
vn -0.2952 0.3586 -0.8856
vn -0.4839 0.5871 -0.6490
vn -0.5964 0.7238 -0.3471
vn -0.6340 0.7702 0.0687
vn -0.4092 0.7637 0.4993
vn -0.2948 0.5532 0.7791
vn -0.1359 0.2526 -0.9580
vn -0.2955 0.5506 -0.7807
vn -0.4090 0.7637 -0.4995
vn -0.4715 0.8791 -0.0692
vn -0.4427 0.8269 0.3468
vn -0.3577 0.6700 0.6505
vn -0.2195 0.4094 -0.8855
vn -0.3593 0.6699 -0.6498
vn -0.4431 0.8262 -0.3480
vn -0.4717 0.8791 0.0687
vn -0.2519 0.8290 0.4992
vn -0.1816 0.5999 0.7792
vn -0.0842 0.2740 -0.9580
vn -0.1816 0.5976 -0.7810
vn -0.2528 0.8282 -0.5002
vn -0.2904 0.9544 -0.0694
vn -0.2736 0.8971 0.3470
vn -0.2210 0.7269 0.6503
vn -0.1359 0.4441 -0.8856
vn -0.2214 0.7271 -0.6499
vn -0.2730 0.8968 -0.3481
vn -0.2905 0.9544 0.0688
vn -0.0854 0.8617 0.5001
vn -0.0612 0.6233 0.7796
vn -0.0280 0.2851 -0.9581
vn -0.0617 0.6217 -0.7808
vn -0.0860 0.8615 -0.5005
vn -0.0984 0.9927 -0.0694
vn -0.0928 0.9333 0.3470
vn -0.0738 0.7557 0.6508
vn -0.0454 0.4621 -0.8857
vn -0.0754 0.7559 -0.6503
vn -0.0930 0.9331 -0.3473
vn -0.0986 0.9927 0.0688
vn 0.0852 0.8618 0.5000
vn 0.0614 0.6237 0.7792
vn 0.0278 0.2852 -0.9581
vn 0.0614 0.6217 -0.7808
vn 0.0857 0.8615 -0.5005
vn 0.0984 0.9928 -0.0690
vn 0.0926 0.9333 0.3470
vn 0.0749 0.7556 0.6508
vn 0.0451 0.4621 -0.8857
vn 0.0745 0.7557 -0.6507
vn 0.0924 0.9331 -0.3476
vn 0.0982 0.9928 0.0688
vn 0.2519 0.8290 0.4993
vn 0.1820 0.5996 0.7793
vn 0.0830 0.2743 -0.9581
vn 0.1808 0.5976 -0.7811
vn 0.2520 0.8286 -0.4999
vn 0.2897 0.9546 -0.0691
vn 0.2735 0.8970 0.3472
vn 0.2202 0.7265 0.6509
vn 0.1357 0.4441 -0.8857
vn 0.2207 0.7269 -0.6503
vn 0.2725 0.8970 -0.3481
vn 0.2904 0.9544 0.0686
vn 0.4090 0.7636 0.4997
vn 0.2947 0.5529 0.7794
vn 0.1356 0.2527 -0.9580
vn 0.2947 0.5508 -0.7809
vn 0.4086 0.7640 -0.4994
vn 0.4715 0.8791 -0.0693
vn 0.4423 0.8273 0.3463
vn 0.3574 0.6699 0.6507
vn 0.2186 0.4098 -0.8856
vn 0.3588 0.6699 -0.6500
vn 0.4431 0.8262 -0.3479
vn 0.4714 0.8792 0.0690
vn 0.5505 0.6689 0.4995
vn 0.3976 0.4836 0.7798
vn 0.1826 0.2214 -0.9579
vn 0.3963 0.4829 -0.7809
vn 0.5505 0.6687 -0.4998
vn 0.6344 0.7699 -0.0692
vn 0.5960 0.7246 0.3459
vn 0.4824 0.5884 0.6489
vn 0.2947 0.3587 -0.8857
vn 0.4832 0.5867 -0.6498
vn 0.5962 0.7241 -0.3466
vn 0.6340 0.7703 0.0689
vn 0.6695 0.5499 0.4993
vn 0.4846 0.3968 0.7796
vn 0.2217 0.1823 -0.9579
vn 0.4842 0.3952 -0.7806
vn 0.6701 0.5491 -0.4996
vn 0.7712 0.6328 -0.0692
vn 0.7254 0.5952 0.3458
vn 0.5882 0.4817 0.6497
vn 0.3596 0.2939 -0.8856
vn 0.5884 0.4822 -0.6490
vn 0.7255 0.5946 -0.3465
vn 0.7712 0.6329 0.0685
vn 0.7642 0.4083 0.4993
vn 0.5529 0.2945 0.7795
vn 0.2532 0.1352 -0.9579
vn 0.7644 0.4076 -0.4996
vn 0.8805 0.4690 -0.0688
vn 0.8276 0.4420 0.3460
vn 0.6707 0.3572 0.6501
vn 0.4104 0.2189 -0.8853
vn 0.6709 0.3576 -0.6496
vn 0.8275 0.4416 -0.3468
vn 0.8801 0.4698 0.0684
vn 0.8292 0.2513 0.4992
vn 0.5999 0.1809 0.7793
vn 0.2750 0.0832 -0.9578
vn 0.5988 0.1809 -0.7802
vn 0.8295 0.2504 -0.4991
vn 0.9547 0.2896 -0.0691
vn 0.7274 0.2204 0.6499
vn 0.4450 0.1350 -0.8853
vn 0.7278 0.2201 -0.6495
vn 0.8977 0.2721 -0.3466
vn 0.9548 0.2895 0.0680
vn 0.8620 0.0857 0.4995
vn 0.6228 0.0623 0.7799
vn 0.2863 0.0271 -0.9578
vn 0.6225 0.0616 -0.7802
vn 0.9928 0.0973 -0.0691
vn 0.9337 0.0920 0.3460
vn 0.7570 0.0765 0.6490
vn 0.4625 0.0452 -0.8855
vn 0.7567 0.0745 -0.6495
vn 0.9333 0.0917 -0.3473
vn 0.9929 0.0985 0.0674
vn 0.8619 -0.0862 0.4998
vn 0.6211 -0.0660 0.7809
vn 0.2863 -0.0270 -0.9578
vn 0.6225 -0.0617 -0.7802
vn 0.8624 -0.0847 -0.4992
vn 0.9928 -0.0977 -0.0690
vn 0.9337 -0.0922 0.3460
vn 0.7569 -0.0776 0.6489
vn 0.4625 -0.0450 -0.8855
vn 0.7567 -0.0744 -0.6496
vn 0.9335 -0.0921 -0.3466
vn 0.9928 -0.0986 0.0673
vn 0.8281 -0.2530 0.5002
vn 0.5986 -0.1825 0.7800
vn 0.2749 -0.0833 -0.9579
vn 0.5986 -0.1804 -0.7805
vn 0.8295 -0.2507 -0.4991
vn 0.9547 -0.2897 -0.0684
vn 0.8979 -0.2731 0.3451
vn 0.7266 -0.2226 0.6500
vn 0.4449 -0.1353 -0.8853
vn 0.7280 -0.2202 -0.6493
vn 0.8979 -0.2716 -0.3464
vn 0.7639 -0.4087 0.4994
vn 0.5520 -0.2950 0.7800
vn 0.2534 -0.1343 -0.9580
vn 0.5518 -0.2941 -0.7804
vn 0.7644 -0.4079 -0.4993
vn 0.8804 -0.4692 -0.0692
vn 0.8268 -0.4431 0.3466
vn 0.6701 -0.3579 0.6503
vn 0.4107 -0.2181 -0.8853
vn 0.6710 -0.3577 -0.6494
vn 0.8275 -0.4418 -0.3464
vn 0.8799 -0.4703 0.0679
vn 0.6694 -0.5495 0.5000
vn 0.4840 -0.3968 0.7800
vn 0.2218 -0.1815 -0.9580
vn 0.4839 -0.3955 -0.7806
vn 0.6707 -0.5486 -0.4991
vn 0.7714 -0.6326 -0.0692
vn 0.7257 -0.5945 0.3462
vn 0.5877 -0.4818 0.6500
vn 0.3598 -0.2937 -0.8856
vn 0.5884 -0.4824 -0.6489
vn 0.7256 -0.5946 -0.3463
vn 0.7715 -0.6325 0.0689
vn 0.5501 -0.6690 0.4999
vn 0.3986 -0.4821 0.7802
vn 0.1824 -0.2211 -0.9581
vn 0.3965 -0.4830 -0.7807
vn 0.5501 -0.6690 -0.4998
vn 0.6345 -0.7698 -0.0691
vn 0.5957 -0.7247 0.3464
vn 0.2946 -0.3589 -0.8857
vn 0.4835 -0.5873 -0.6491
vn 0.5967 -0.7235 -0.3472
vn 0.6341 -0.7701 0.0693
vn 0.4092 -0.7632 0.5001
vn 0.2965 -0.5518 0.7795
vn 0.1347 -0.2528 -0.9581
vn 0.2954 -0.5506 -0.7808
vn 0.4090 -0.7637 -0.4995
vn 0.4708 -0.8796 -0.0687
vn 0.4434 -0.8262 0.3476
vn 0.3589 -0.6699 0.6499
vn 0.2187 -0.4100 -0.8855
vn 0.3591 -0.6700 -0.6497
vn 0.4427 -0.8267 -0.3473
vn 0.4717 -0.8791 0.0684
vn 0.2531 -0.8278 0.5007
vn 0.1829 -0.5989 0.7797
vn 0.0830 -0.2743 -0.9580
vn 0.1809 -0.5973 -0.7814
vn 0.2528 -0.8284 -0.4999
vn 0.2900 -0.9546 -0.0685
vn 0.2737 -0.8971 0.3469
vn 0.2213 -0.7266 0.6505
vn 0.1355 -0.4442 -0.8856
vn 0.2218 -0.7271 -0.6497
vn 0.2731 -0.8970 -0.3475
vn 0.2903 -0.9545 0.0683
vn 0.0854 -0.8615 0.5005
vn 0.0623 -0.6230 0.7797
vn 0.0276 -0.2853 -0.9580
vn 0.0612 -0.6219 -0.7807
vn 0.0849 -0.8621 -0.4997
vn 0.0967 -0.9930 -0.0680
vn 0.0920 -0.9334 0.3470
vn 0.0751 -0.7558 0.6504
vn 0.0461 -0.4620 -0.8857
vn 0.0746 -0.7558 -0.6505
vn 0.0917 -0.9335 -0.3467
vn 0.0977 -0.9929 0.0676
vn -0.0843 -0.8620 0.4998
vn -0.0601 -0.6238 0.7793
vn -0.0279 -0.2853 -0.9580
vn -0.0612 -0.6219 -0.7807
vn -0.0851 -0.8620 -0.4997
vn -0.0962 -0.9930 -0.0684
vn -0.0917 -0.9334 0.3470
vn -0.0742 -0.7559 0.6504
vn -0.0462 -0.4620 -0.8857
vn -0.0747 -0.7559 -0.6504
vn -0.0918 -0.9334 -0.3469
vn -0.0973 -0.9930 0.0676
vn -0.2527 -0.8283 0.5000
vn -0.1819 -0.6001 0.7790
vn -0.0832 -0.2743 -0.9580
vn -0.1816 -0.5972 -0.7812
vn -0.2525 -0.8286 -0.4997
vn -0.2898 -0.9547 -0.0684
vn -0.2734 -0.8971 0.3470
vn -0.2210 -0.7265 0.6506
vn -0.1356 -0.4441 -0.8856
vn -0.2217 -0.7270 -0.6499
vn -0.2726 -0.8971 -0.3478
vn -0.2900 -0.9546 0.0684
vn -0.4089 -0.7634 0.5000
vn -0.2960 -0.5528 0.7790
vn -0.1360 -0.2525 -0.9580
vn -0.2954 -0.5506 -0.7808
vn -0.4093 -0.7635 -0.4996
vn -0.4705 -0.8797 -0.0684
vn -0.4426 -0.8267 0.3473
vn -0.3578 -0.6702 0.6502
vn -0.2192 -0.4095 -0.8856
vn -0.3597 -0.6699 -0.6495
vn -0.4430 -0.8263 -0.3477
vn -0.4715 -0.8792 0.0690
vn -0.5503 -0.6689 0.4997
vn -0.3980 -0.4833 0.7798
vn -0.1828 -0.2214 -0.9579
vn -0.5502 -0.6690 -0.4998
vn -0.6348 -0.7696 -0.0689
vn -0.5963 -0.7241 0.3464
vn -0.4822 -0.5878 0.6496
vn -0.2945 -0.3587 -0.8858
vn -0.4832 -0.5874 -0.6492
vn -0.5963 -0.7237 -0.3475
vn -0.6346 -0.7697 0.0690
vn -0.6703 -0.5493 0.4991
vn -0.4852 -0.3967 0.7792
vn -0.2222 -0.1818 -0.9579
vn -0.4842 -0.3952 -0.7806
vn -0.6706 -0.5484 -0.4995
vn -0.7717 -0.6323 -0.0690
vn -0.7258 -0.5945 0.3461
vn -0.5889 -0.4807 0.6498
vn -0.3599 -0.2935 -0.8856
vn -0.5887 -0.4819 -0.6490
vn -0.7717 -0.6323 0.0689
vn -0.7648 -0.4074 0.4990
vn -0.5537 -0.2936 0.7793
vn -0.2534 -0.1352 -0.9579
vn -0.5521 -0.2936 -0.7804
vn -0.7648 -0.4074 -0.4991
vn -0.8808 -0.4686 -0.0682
vn -0.8277 -0.4416 0.3463
vn -0.6711 -0.3568 0.6499
vn -0.4109 -0.2178 -0.8853
vn -0.6711 -0.3575 -0.6495
vn -0.8274 -0.4416 -0.3470
vn -0.8803 -0.4695 0.0687
vn -0.8292 -0.2514 0.4993
vn -0.5998 -0.1822 0.7791
vn -0.2749 -0.0827 -0.9579
vn -0.5988 -0.1804 -0.7803
vn -0.8299 -0.2501 -0.4988
vn -0.9548 -0.2892 -0.0689
vn -0.8979 -0.2715 0.3465
vn -0.7275 -0.2205 0.6497
vn -0.4453 -0.1351 -0.8851
vn -0.7281 -0.2198 -0.6493
vn -0.8979 -0.2711 -0.3468
vn -0.9549 -0.2891 0.0682
vn -0.8625 -0.0852 0.4989
vn -0.6237 -0.0626 0.7791
vn -0.2859 -0.0278 -0.9578
vn -0.6227 -0.0614 -0.7800
vn -0.8624 -0.0848 -0.4990
vn -0.9929 -0.0971 -0.0690
vn -0.9335 -0.0921 0.3464
vn -0.7569 -0.0754 0.6491
vn -0.4632 -0.0452 -0.8851
vn -0.7569 -0.0741 -0.6494
vn -0.9335 -0.0909 -0.3470
vn -0.9929 -0.0978 0.0680
vn -0.5084 -0.0514 0.8596
vn -0.4880 -0.1482 0.8602
vn -0.4500 -0.2387 0.8605
vn -0.3953 -0.3230 0.8599
vn -0.3243 -0.3940 0.8600
vn -0.2410 -0.4494 0.8602
vn -0.1475 -0.4876 0.8605
vn -0.0487 -0.5084 0.8597
vn 0.0509 -0.5083 0.8597
vn 0.1488 -0.4871 0.8606
vn 0.2417 -0.4490 0.8602
vn 0.3252 -0.3932 0.8600
vn 0.3948 -0.3236 0.8599
vn 0.4491 -0.2403 0.8606
vn 0.4873 -0.1487 0.8605
vn 0.5066 -0.0545 0.8605
vn 0.5067 0.0506 0.8607
vn 0.4885 0.1470 0.8601
vn 0.4497 0.2396 0.8605
vn 0.3942 0.3227 0.8605
vn 0.3233 0.3937 0.8605
vn 0.2395 0.4491 0.8608
vn 0.1476 0.4870 0.8608
vn 0.0500 0.5081 0.8598
vn -0.0498 0.5082 0.8598
vn -0.1470 0.4871 0.8609
vn -0.3231 0.3941 0.8604
vn -0.3945 0.3229 0.8603
vn -0.4498 0.2388 0.8606
vn -0.4878 0.1468 0.8605
vn -0.5086 0.0491 0.8596
vn -0.3120 0.0287 0.9496
vn -0.4213 0.0385 0.9061
vn -0.1940 0.0192 0.9808
vn -0.4033 0.1230 0.9068
vn -0.3000 0.0902 0.9497
vn -0.3723 0.1977 0.9068
vn -0.1725 0.0879 0.9811
vn -0.2765 0.1470 0.9497
vn -0.3279 0.2643 0.9070
vn -0.1494 0.1225 0.9812
vn -0.2689 0.3260 0.9063
vn -0.1272 0.1448 0.9813
vn -0.1998 0.2396 0.9501
vn -0.1990 0.3726 0.9064
vn -0.0887 0.1713 0.9812
vn -0.1474 0.2757 0.9499
vn -0.1247 0.4028 0.9067
vn -0.0597 0.1832 0.9813
vn -0.0914 0.2988 0.9499
vn -0.0418 0.4204 0.9064
vn -0.0187 0.1924 0.9811
vn -0.0314 0.3103 0.9501
vn 0.0405 0.4195 0.9069
vn 0.0166 0.1924 0.9812
vn 0.0290 0.3103 0.9502
vn 0.1242 0.4032 0.9067
vn 0.0585 0.1840 0.9812
vn 0.0921 0.2981 0.9501
vn 0.0922 0.1694 0.9812
vn 0.2690 0.3256 0.9064
vn 0.1248 0.1473 0.9812
vn 0.1999 0.2392 0.9502
vn 0.3283 0.2657 0.9065
vn 0.1503 0.1217 0.9811
vn 0.2432 0.1960 0.9500
vn 0.3741 0.1967 0.9063
vn 0.1724 0.0888 0.9810
vn 0.2771 0.1461 0.9497
vn 0.4052 0.1216 0.9061
vn 0.1866 0.0546 0.9809
vn 0.3005 0.0896 0.9496
vn 0.4214 0.0404 0.9060
vn 0.1938 0.0183 0.9809
vn 0.3121 0.0291 0.9496
vn 0.4201 -0.0432 0.9064
vn 0.1930 -0.0221 0.9809
vn 0.3121 -0.0312 0.9495
vn 0.4046 -0.1238 0.9061
vn 0.1857 -0.0589 0.9808
vn 0.2993 -0.0937 0.9496
vn 0.3735 -0.1997 0.9059
vn 0.1725 -0.0905 0.9808
vn 0.2769 -0.1474 0.9495
vn 0.3279 -0.2680 0.9059
vn 0.1521 -0.1217 0.9808
vn 0.2452 -0.1978 0.9491
vn 0.2696 -0.3276 0.9055
vn 0.1228 -0.1509 0.9809
vn 0.1973 -0.2456 0.9491
vn 0.1991 -0.3745 0.9056
vn 0.0907 -0.1723 0.9809
vn 0.1499 -0.2764 0.9493
vn 0.1236 -0.4048 0.9060
vn 0.0556 -0.1868 0.9808
vn 0.0910 -0.3007 0.9494
vn 0.0430 -0.4210 0.9060
vn 0.0212 -0.1937 0.9808
vn 0.0317 -0.3118 0.9496
vn -0.0421 -0.4199 0.9066
vn -0.0231 -0.1937 0.9808
vn -0.0311 -0.3118 0.9496
vn -0.1225 -0.4050 0.9061
vn -0.0556 -0.1865 0.9809
vn -0.0914 -0.2993 0.9498
vn -0.1987 -0.3734 0.9061
vn -0.0936 -0.1708 0.9809
vn -0.1487 -0.2757 0.9497
vn -0.2701 -0.3259 0.9060
vn -0.1241 -0.1498 0.9809
vn -0.1993 -0.2414 0.9497
vn -0.3282 -0.2654 0.9066
vn -0.1531 -0.1209 0.9808
vn -0.2457 -0.1950 0.9495
vn -0.3733 -0.1978 0.9064
vn -0.1719 -0.0939 0.9806
vn -0.2764 -0.1489 0.9494
vn -0.4038 -0.1237 0.9064
vn -0.1853 -0.0615 0.9807
vn -0.2996 -0.0933 0.9495
vn -0.4192 -0.0460 0.9067
vn -0.1940 -0.0235 0.9807
vn -0.3119 -0.0355 0.9494
vn -0.8622 0.0852 -0.4993
vn -0.9928 0.0975 -0.0694
vn -0.9338 0.0920 0.3459
vn -0.7564 0.0754 0.6497
vn -0.4627 0.0453 -0.8854
vn -0.7567 0.0749 -0.6495
vn -0.9331 0.0919 -0.3475
vn -0.9928 0.0988 0.0671
vn -0.8620 0.0853 0.4997
vn -0.6229 0.0623 0.7798
vn -0.2867 0.0269 -0.9576
vn -0.6225 0.0618 -0.7801
vn -0.8294 0.2513 0.4989
vn -0.6001 0.1801 0.7794
vn -0.2754 0.0830 -0.9577
vn -0.8294 0.2506 -0.4994
vn -0.9546 0.2897 -0.0693
vn -0.8981 0.2728 0.3449
vn -0.7273 0.2195 0.6503
vn -0.4452 0.1351 -0.8852
vn -0.7278 0.2204 -0.6494
vn -0.8975 0.2722 -0.3469
vn -0.9547 0.2897 0.0678
vn -0.7642 0.4085 0.4991
vn -0.5531 0.2940 0.7795
vn -0.2534 0.1357 -0.9578
vn -0.5520 0.2939 -0.7803
vn -0.7642 0.4077 -0.4998
vn -0.8805 0.4690 -0.0690
vn -0.8278 0.4420 0.3456
vn -0.6707 0.3571 0.6501
vn -0.6709 0.3575 -0.6497
vn -0.8274 0.4417 -0.3470
vn -0.8802 0.4697 0.0681
vn -0.6696 0.5495 0.4996
vn -0.4848 0.3967 0.7795
vn -0.2222 0.1823 -0.9578
vn -0.4843 0.3952 -0.7806
vn -0.6701 0.5490 -0.4996
vn -0.7712 0.6328 -0.0695
vn -0.7259 0.5950 0.3451
vn -0.5885 0.4815 0.6495
vn -0.3600 0.2938 -0.8855
vn -0.5885 0.4821 -0.6490
vn -0.7713 0.6329 0.0682
vn -0.5505 0.6690 0.4993
vn -0.3976 0.4837 0.7797
vn -0.1831 0.2215 -0.9578
vn -0.3965 0.4830 -0.7807
vn -0.6344 0.7698 -0.0694
vn -0.5961 0.7250 0.3452
vn -0.4824 0.5884 0.6489
vn -0.2948 0.3589 -0.8856
vn -0.4833 0.5867 -0.6497
vn -0.5963 0.7239 -0.3469
vn -0.6340 0.7702 0.0686
vn -0.4090 0.7637 0.4995
vn -0.2954 0.5528 0.7792
vn -0.1363 0.2526 -0.9579
vn -0.2954 0.5506 -0.7807
vn -0.4089 0.7637 -0.4996
vn -0.4716 0.8791 -0.0694
vn -0.4423 0.8275 0.3458
vn -0.3579 0.6700 0.6504
vn -0.2195 0.4097 -0.8854
vn -0.3591 0.6698 -0.6499
vn -0.4433 0.8261 -0.3481
vn -0.4713 0.8793 0.0687
vn -0.2521 0.8292 0.4990
vn -0.1825 0.5996 0.7793
vn -0.0833 0.2744 -0.9580
vn -0.1815 0.5976 -0.7810
vn -0.2525 0.8284 -0.5001
vn -0.2898 0.9546 -0.0692
vn -0.2738 0.8972 0.3465
vn -0.2206 0.7268 0.6505
vn -0.1361 0.4440 -0.8856
vn -0.2213 0.7269 -0.6502
vn -0.2727 0.8969 -0.3482
vn -0.2905 0.9544 0.0683
vn -0.0855 0.8619 0.4998
vn -0.0614 0.6239 0.7791
vn -0.0284 0.2853 -0.9580
vn -0.0619 0.6217 -0.7808
vn -0.0861 0.8614 -0.5005
vn -0.0976 0.9928 -0.0691
vn -0.0928 0.9334 0.3466
vn -0.0750 0.7558 0.6505
vn -0.0456 0.4621 -0.8857
vn -0.0752 0.7557 -0.6505
vn -0.0928 0.9331 -0.3475
vn -0.0985 0.9928 0.0677
vn 0.0852 0.8620 0.4997
vn 0.0610 0.6236 0.7794
vn 0.0275 0.2852 -0.9581
vn 0.0612 0.6217 -0.7808
vn 0.0969 0.9929 -0.0693
vn 0.0927 0.9334 0.3467
vn 0.0738 0.7559 0.6505
vn 0.0449 0.4621 -0.8857
vn 0.0923 0.9331 -0.3476
vn 0.0984 0.9928 0.0678
vn 0.2518 0.8292 0.4990
vn 0.1816 0.6002 0.7790
vn 0.0838 0.2742 -0.9580
vn 0.1809 0.5976 -0.7811
vn 0.2522 0.8285 -0.5000
vn 0.2901 0.9545 -0.0693
vn 0.2734 0.8972 0.3469
vn 0.2210 0.7270 0.6501
vn 0.1355 0.4441 -0.8857
vn 0.2208 0.7270 -0.6501
vn 0.2724 0.8969 -0.3482
vn 0.4093 0.7637 0.4993
vn 0.1354 0.2528 -0.9580
vn 0.2950 0.5506 -0.7809
vn 0.4086 0.7639 -0.4995
vn 0.4712 0.8793 -0.0690
vn 0.4426 0.8270 0.3468
vn 0.3579 0.6700 0.6504
vn 0.2190 0.4096 -0.8856
vn 0.4429 0.8263 -0.3481
vn 0.4715 0.8792 0.0687
vn 0.5509 0.6689 0.4991
vn 0.3983 0.4841 0.7791
vn 0.1823 0.2216 -0.9579
vn 0.3962 0.4829 -0.7809
vn 0.5505 0.6688 -0.4997
vn 0.6347 0.7697 -0.0691
vn 0.5962 0.7241 0.3467
vn 0.4826 0.5874 0.6496
vn 0.2948 0.3588 -0.8857
vn 0.4836 0.5871 -0.6492
vn 0.5962 0.7239 -0.3471
vn 0.6339 0.7703 0.0688
vn 0.6703 0.5496 0.4986
vn 0.4859 0.3964 0.7790
vn 0.2217 0.1824 -0.9579
vn 0.4839 0.3954 -0.7807
vn 0.6701 0.5489 -0.4996
vn 0.7713 0.6327 -0.0690
vn 0.7256 0.5945 0.3464
vn 0.5893 0.4815 0.6487
vn 0.3595 0.2942 -0.8855
vn 0.5879 0.4820 -0.6496
vn 0.7257 0.5943 -0.3467
vn 0.7721 0.6317 0.0690
vn 0.7652 0.4074 0.4985
vn 0.5540 0.2928 0.7793
vn 0.2531 0.1354 -0.9579
vn 0.5515 0.2944 -0.7805
vn 0.7645 0.4077 -0.4994
vn 0.8807 0.4685 -0.0693
vn 0.8284 0.4409 0.3456
vn 0.6712 0.3567 0.6497
vn 0.4102 0.2192 -0.8853
vn 0.6710 0.3577 -0.6494
vn 0.8278 0.4412 -0.3464
vn 0.8803 0.4696 0.0681
vn 0.8300 0.2505 0.4984
vn 0.6004 0.1803 0.7791
vn 0.5986 0.1807 -0.7804
vn 0.8295 0.2507 -0.4990
vn 0.9548 0.2892 -0.0686
vn 0.8979 0.2706 0.3471
vn 0.7277 0.2180 0.6504
vn 0.4449 0.1355 -0.8853
vn 0.7280 0.2205 -0.6491
vn 0.8979 0.2719 -0.3461
vn 0.9549 0.2889 0.0684
vn 0.8632 0.0833 0.4980
vn 0.6246 0.0601 0.7787
vn 0.2857 0.0278 -0.9579
vn 0.6225 0.0618 -0.7802
vn 0.8624 0.0848 -0.4991
vn 0.9929 0.0973 -0.0687
vn 0.9335 0.0913 0.3469
vn 0.7570 0.0740 0.6492
vn 0.4629 0.0454 -0.8852
vn 0.7568 0.0743 -0.6494
vn 0.9337 0.0913 -0.3463
vn 0.9929 0.0972 0.0685
vn 0.8622 -0.0860 0.4993
vn 0.6237 -0.0632 0.7791
vn 0.2856 -0.0274 -0.9579
vn 0.6226 -0.0616 -0.7801
vn 0.8624 -0.0851 -0.4990
vn 0.9929 -0.0975 -0.0687
vn 0.9334 -0.0923 0.3469
vn 0.7569 -0.0759 0.6491
vn 0.4630 -0.0452 -0.8852
vn 0.7569 -0.0743 -0.6493
vn 0.9336 -0.0914 -0.3466
vn 0.9928 -0.0980 0.0685
vn 0.8286 -0.2520 0.4999
vn 0.2745 -0.0831 -0.9580
vn 0.5987 -0.1806 -0.7804
vn 0.8298 -0.2505 -0.4987
vn 0.9547 -0.2896 -0.0686
vn 0.8976 -0.2719 0.3469
vn 0.7275 -0.2215 0.6494
vn 0.4451 -0.1353 -0.8852
vn 0.7280 -0.2200 -0.6493
vn 0.9547 -0.2894 0.0686
vn 0.7643 -0.4078 0.4995
vn 0.5532 -0.2953 0.7790
vn 0.2532 -0.1351 -0.9579
vn 0.5519 -0.2943 -0.7803
vn 0.7647 -0.4079 -0.4989
vn 0.8806 -0.4689 -0.0680
vn 0.8272 -0.4420 0.3470
vn 0.6708 -0.3579 0.6496
vn 0.6710 -0.3581 -0.6493
vn 0.8800 -0.4698 0.0692
vn 0.4846 -0.3977 0.7791
vn 0.2219 -0.1819 -0.9580
vn 0.4844 -0.3953 -0.7805
vn 0.6708 -0.5485 -0.4991
vn 0.7716 -0.6324 -0.0686
vn 0.7255 -0.5944 0.3468
vn 0.5885 -0.4812 0.6497
vn 0.3596 -0.2939 -0.8856
vn 0.5888 -0.4817 -0.6491
vn 0.7261 -0.5941 -0.3461
vn 0.7716 -0.6323 0.0694
vn 0.5498 -0.6689 0.5003
vn 0.3975 -0.4836 0.7798
vn 0.1825 -0.2214 -0.9580
vn 0.3967 -0.4828 -0.7807
vn 0.5501 -0.6692 -0.4996
vn 0.6349 -0.7696 -0.0685
vn 0.5962 -0.7239 0.3471
vn 0.4819 -0.5877 0.6499
vn 0.2947 -0.3586 -0.8857
vn 0.5964 -0.7237 -0.3472
vn 0.6346 -0.7697 0.0695
vn 0.4091 -0.7629 0.5006
vn 0.2954 -0.5526 0.7794
vn 0.1356 -0.2526 -0.9580
vn 0.2953 -0.5506 -0.7808
vn 0.4094 -0.7635 -0.4995
vn 0.4709 -0.8795 -0.0683
vn 0.4430 -0.8262 0.3481
vn 0.3578 -0.6698 0.6506
vn 0.2188 -0.4096 -0.8857
vn 0.3597 -0.6700 -0.6494
vn 0.4431 -0.8265 -0.3474
vn 0.4718 -0.8789 0.0694
vn 0.2531 -0.8277 0.5009
vn 0.1824 -0.5994 0.7794
vn 0.0829 -0.2743 -0.9581
vn 0.1814 -0.5973 -0.7813
vn 0.2902 -0.9545 -0.0683
vn 0.2739 -0.8968 0.3476
vn 0.2219 -0.7261 0.6508
vn 0.1353 -0.4442 -0.8857
vn 0.2217 -0.7271 -0.6498
vn 0.2730 -0.8971 -0.3475
vn 0.2905 -0.9544 0.0689
vn 0.0852 -0.8614 0.5007
vn 0.0618 -0.6229 0.7799
vn 0.0274 -0.2853 -0.9581
vn 0.0611 -0.6218 -0.7808
vn 0.0852 -0.8620 -0.4998
vn 0.0977 -0.9929 -0.0684
vn 0.0748 -0.7555 0.6508
vn 0.0460 -0.4620 -0.8857
vn 0.0748 -0.7559 -0.6504
vn 0.0922 -0.9334 -0.3468
vn 0.0976 -0.9928 0.0688
vn -0.0843 -0.8617 0.5004
vn -0.0607 -0.6233 0.7796
vn -0.0280 -0.2852 -0.9581
vn -0.0614 -0.6218 -0.7808
vn -0.0849 -0.8620 -0.4998
vn -0.0975 -0.9929 -0.0680
vn -0.0915 -0.9332 0.3474
vn -0.0742 -0.7556 0.6509
vn -0.0464 -0.4619 -0.8857
vn -0.0747 -0.7557 -0.6506
vn -0.0916 -0.9334 -0.3469
vn -0.0972 -0.9929 0.0688
vn -0.2521 -0.8282 0.5005
vn -0.1812 -0.5994 0.7797
vn -0.0834 -0.2742 -0.9580
vn -0.1811 -0.5972 -0.7814
vn -0.2528 -0.8283 -0.5001
vn -0.2898 -0.9546 -0.0685
vn -0.2729 -0.8971 0.3475
vn -0.2197 -0.7264 0.6512
vn -0.1357 -0.4441 -0.8856
vn -0.2219 -0.7270 -0.6498
vn -0.2731 -0.8970 -0.3477
vn -0.2899 -0.9546 0.0685
vn -0.4086 -0.7636 0.5000
vn -0.2949 -0.5525 0.7796
vn -0.1350 -0.2526 -0.9581
vn -0.2956 -0.5505 -0.7808
vn -0.4091 -0.7635 -0.4997
vn -0.4706 -0.8797 -0.0689
vn -0.4428 -0.8265 0.3475
vn -0.3575 -0.6701 0.6505
vn -0.2188 -0.4098 -0.8855
vn -0.4427 -0.8266 -0.3476
vn -0.4715 -0.8792 0.0685
vn -0.5500 -0.6691 0.4998
vn -0.3975 -0.4831 0.7801
vn -0.1829 -0.2207 -0.9580
vn -0.3969 -0.4826 -0.7807
vn -0.5501 -0.6689 -0.5000
vn -0.5955 -0.7249 0.3464
vn -0.4824 -0.5876 0.6496
vn -0.2952 -0.3585 -0.8856
vn -0.4834 -0.5870 -0.6494
vn -0.5966 -0.7234 -0.3475
vn -0.6339 -0.7703 0.0694
vn -0.6693 -0.5495 0.5000
vn -0.4842 -0.3966 0.7799
vn -0.2223 -0.1812 -0.9580
vn -0.6707 -0.5484 -0.4994
vn -0.7714 -0.6326 -0.0694
vn -0.7257 -0.5946 0.3461
vn -0.5878 -0.4815 0.6501
vn -0.3601 -0.2936 -0.8855
vn -0.5884 -0.4820 -0.6492
vn -0.7256 -0.5944 -0.3467
vn -0.7713 -0.6327 0.0689
vn -0.7640 -0.4084 0.4995
vn -0.5524 -0.2935 0.7802
vn -0.5519 -0.2941 -0.7804
vn -0.7644 -0.4077 -0.4995
vn -0.8804 -0.4692 -0.0694
vn -0.8268 -0.4428 0.3468
vn -0.6702 -0.3570 0.6507
vn -0.4110 -0.2179 -0.8852
vn -0.6709 -0.3576 -0.6496
vn -0.8274 -0.4416 -0.3469
vn -0.8798 -0.4705 0.0676
vn -0.8282 -0.2525 0.5003
vn -0.5986 -0.1820 0.7801
vn -0.2753 -0.0828 -0.9578
vn -0.5987 -0.1798 -0.7806
vn -0.8295 -0.2502 -0.4993
vn -0.9548 -0.2893 -0.0687
vn -0.8979 -0.2724 0.3457
vn -0.7265 -0.2218 0.6504
vn -0.4452 -0.1349 -0.8852
vn -0.7279 -0.2196 -0.6495
vn -0.8978 -0.2712 -0.3469
vn -0.9549 -0.2891 0.0678
vn -0.8619 -0.0857 0.4997
vn -0.6211 -0.0660 0.7810
vn -0.2867 -0.0265 -0.9577
vn -0.6226 -0.0613 -0.7801
vn -0.9928 -0.0974 -0.0693
vn -0.9337 -0.0923 0.3460
vn -0.7563 -0.0763 0.6498
vn -0.4627 -0.0446 -0.8854
vn -0.7565 -0.0739 -0.6498
vn -0.9333 -0.0916 -0.3471
vn -0.9929 -0.0983 0.0672
vn -0.5061 -0.0546 0.8608
vn -0.4864 -0.1480 0.8611
vn -0.4489 -0.2387 0.8611
vn -0.3943 -0.3230 0.8604
vn -0.3237 -0.3936 0.8604
vn -0.2400 -0.4493 0.8605
vn -0.1470 -0.4872 0.8609
vn -0.0493 -0.5080 0.8599
vn 0.0504 -0.5080 0.8599
vn 0.1482 -0.4874 0.8605
vn 0.2405 -0.4495 0.8603
vn 0.3239 -0.3943 0.8600
vn 0.3944 -0.3238 0.8600
vn 0.4498 -0.2405 0.8602
vn 0.4881 -0.1491 0.8599
vn 0.5083 -0.0518 0.8596
vn 0.5084 0.0486 0.8598
vn 0.4873 0.1458 0.8610
vn 0.4496 0.2375 0.8611
vn 0.3951 0.3219 0.8604
vn 0.3235 0.3933 0.8606
vn 0.2399 0.4488 0.8608
vn 0.1470 0.4871 0.8609
vn 0.0497 0.5085 0.8597
vn -0.0500 0.5085 0.8596
vn -0.1480 0.4870 0.8608
vn -0.2400 0.4488 0.8608
vn -0.3940 0.3222 0.8608
vn -0.4488 0.2384 0.8612
vn -0.4872 0.1458 0.8610
vn -0.5062 0.0505 0.8609
vn 0.6432 -0.0000 0.7657
vn 0.7571 -0.0000 0.6533
vn 0.7479 -0.0000 0.6638
vn 0.7065 -0.0000 0.7077
vn 0.5812 -0.0000 0.8138
vn 0.3618 -0.0000 0.9323
vn 0.0637 -0.0000 0.9980
vn -0.1165 -0.0000 0.9932
vn -0.3560 -0.0000 0.9345
vn -0.5680 -0.0000 0.8230
vn -0.7005 -0.0000 0.7137
vn -0.7502 -0.0000 0.6613
vn -0.7708 -0.0000 0.6371
vn -0.6742 -0.0000 0.7385
vn -0.6432 -0.0000 -0.7657
vn -0.7571 -0.0000 -0.6533
vn -0.7479 -0.0000 -0.6638
vn -0.7065 -0.0000 -0.7077
vn -0.5812 -0.0000 -0.8138
vn -0.3618 -0.0000 -0.9323
vn -0.0637 -0.0000 -0.9980
vn 0.1165 -0.0000 -0.9932
vn 0.3560 -0.0000 -0.9345
vn 0.5680 -0.0000 -0.8230
vn 0.7005 -0.0000 -0.7137
vn 0.7502 -0.0000 -0.6613
vn 0.7708 -0.0000 -0.6371
vn 0.6742 -0.0000 -0.7385
vn -0.0000 -1.0000 -0.0000
vn -0.0000 1.0000 -0.0000
vt 0.364743 0.284650
vt 0.361278 0.287356
vt 0.363488 0.283931
vt 0.380953 0.273620
vt 0.377590 0.275541
vt 0.372921 0.268291
vt 0.216112 0.178189
vt 0.209462 0.154827
vt 0.236290 0.159180
vt 0.487466 0.435089
vt 0.475915 0.423277
vt 0.485471 0.420089
vt 0.408191 0.244650
vt 0.407216 0.241173
vt 0.410349 0.243206
vt 0.394856 0.244719
vt 0.393558 0.246089
vt 0.383636 0.242499
vt 0.368348 0.238643
vt 0.376436 0.239542
vt 0.368672 0.240502
vt 0.361800 0.715283
vt 0.365249 0.718044
vt 0.363963 0.718583
vt 0.377564 0.727086
vt 0.380991 0.728929
vt 0.372914 0.734277
vt 0.321602 0.266294
vt 0.326248 0.262209
vt 0.326850 0.265561
vt 0.314817 0.255881
vt 0.323263 0.255933
vt 0.315248 0.261466
vt 0.429318 0.265647
vt 0.423667 0.264103
vt 0.427648 0.261647
vt 0.371944 0.210474
vt 0.370874 0.216342
vt 0.353579 0.214938
vt 0.401289 0.256545
vt 0.405936 0.255425
vt 0.404762 0.259775
vt 0.410917 0.237511
vt 0.414595 0.239623
vt 0.338083 0.284867
vt 0.335321 0.289058
vt 0.329173 0.282222
vt 0.371742 0.271883
vt 0.378968 0.278534
vt 0.358702 0.239826
vt 0.351330 0.245681
vt 0.349371 0.243629
vt 0.357329 0.246501
vt 0.359523 0.246795
vt 0.352813 0.251649
vt 0.415068 0.256326
vt 0.418988 0.262178
vt 0.418723 0.263226
vt 0.405547 0.219157
vt 0.418413 0.220429
vt 0.418628 0.222386
vt 0.403641 0.253546
vt 0.402701 0.248698
vt 0.405447 0.250900
vt 0.403176 0.279341
vt 0.401680 0.277150
vt 0.403965 0.278202
vt 0.348131 0.220330
vt 0.334894 0.228511
vt 0.329820 0.229311
vt 0.316124 0.266726
vt 0.320195 0.270824
vt 0.314865 0.269988
vt 0.409937 0.275645
vt 0.407215 0.273305
vt 0.408704 0.271064
vt 0.398108 0.253372
vt 0.400937 0.251002
vt 0.377331 0.244707
vt 0.387030 0.253615
vt 0.375914 0.248720
vt 0.402859 0.245960
vt 0.394791 0.242999
vt 0.347614 0.295033
vt 0.348409 0.291075
vt 0.353525 0.296951
vt 0.340376 0.231455
vt 0.333836 0.231135
vt 0.343682 0.227364
vt 0.410394 0.267119
vt 0.402288 0.268460
vt 0.402150 0.265842
vt 0.330636 0.254007
vt 0.333661 0.248315
vt 0.335915 0.250683
vt 0.395922 0.256047
vt 0.399039 0.258872
vt 0.342140 0.290560
vt 0.343940 0.286114
vt 0.377504 0.294305
vt 0.376297 0.290616
vt 0.377550 0.290400
vt 0.376017 0.298701
vt 0.374763 0.297004
vt 0.377990 0.296279
vt 0.378427 0.289176
vt 0.377159 0.289434
vt 0.377556 0.288572
vt 0.388195 0.249231
vt 0.379866 0.242968
vt 0.390347 0.247276
vt 0.353186 0.272011
vt 0.350500 0.268724
vt 0.355518 0.269127
vt 0.355621 0.294811
vt 0.351272 0.287557
vt 0.358036 0.292689
vt 0.367927 0.236851
vt 0.376675 0.232470
vt 0.376679 0.235533
vt 0.418971 0.250261
vt 0.421172 0.244986
vt 0.424011 0.248157
vt 0.333189 0.154336
vt 0.360129 0.177704
vt 0.322373 0.192320
vt 0.334829 0.255309
vt 0.339341 0.252019
vt 0.411692 0.278067
vt 0.412497 0.274104
vt 0.416048 0.270787
vt 0.400618 0.285282
vt 0.404426 0.287336
vt 0.400849 0.287783
vt 0.425460 0.288393
vt 0.423392 0.293426
vt 0.412680 0.294233
vt 0.326482 0.229916
vt 0.326448 0.256858
vt 0.319502 0.263306
vt 0.312082 0.266071
vt 0.397495 0.281611
vt 0.397272 0.278117
vt 0.401000 0.280567
vt 0.409589 0.254956
vt 0.407670 0.252980
vt 0.411293 0.257594
vt 0.412785 0.263627
vt 0.409610 0.259143
vt 0.398545 0.276214
vt 0.395388 0.275484
vt 0.309188 0.893821
vt 0.281387 0.913447
vt 0.276489 0.884700
vt 0.369496 0.248279
vt 0.364604 0.245956
vt 0.371020 0.244295
vt 0.385832 0.226725
vt 0.402779 0.225011
vt 0.401581 0.228308
vt 0.377246 0.215329
vt 0.393991 0.209843
vt 0.391965 0.213896
vt 0.396226 0.282228
vt 0.393940 0.280534
vt 0.324692 0.286559
vt 0.326393 0.241537
vt 0.324555 0.238149
vt 0.333419 0.237525
vt 0.375621 0.287857
vt 0.376621 0.287011
vt 0.407869 0.284862
vt 0.403878 0.285098
vt 0.327865 0.252013
vt 0.387283 0.288294
vt 0.389685 0.295419
vt 0.381168 0.290949
vt 0.351851 0.273659
vt 0.348626 0.272753
vt 0.331011 0.258241
vt 0.387751 0.277039
vt 0.383727 0.268137
vt 0.389786 0.276558
vt 0.318038 0.247597
vt 0.322609 0.247225
vt 0.316149 0.251717
vt 0.397770 0.274128
vt 0.400371 0.273167
vt 0.400197 0.274666
vt 0.394465 0.272757
vt 0.322648 0.250699
vt 0.373401 0.242735
vt 0.405960 0.248944
vt 0.402797 0.247055
vt 0.366243 0.283140
vt 0.367580 0.282135
vt 0.367417 0.283455
vt 0.363387 0.281890
vt 0.364651 0.280476
vt 0.364830 0.282519
vt 0.359237 0.279614
vt 0.359499 0.275662
vt 0.362127 0.277555
vt 0.403344 0.245200
vt 0.406630 0.247090
vt 0.411001 0.253270
vt 0.408720 0.251155
vt 0.359737 0.299802
vt 0.357526 0.296798
vt 0.361136 0.297926
vt 0.320169 0.278391
vt 0.324453 0.276325
vt 0.382678 0.272664
vt 0.373389 0.261579
vt 0.410783 0.277646
vt 0.429601 0.280213
vt 0.427632 0.276003
vt 0.432364 0.274897
vt 0.361588 0.283051
vt 0.358305 0.281474
vt 0.361390 0.281027
vt 0.366196 0.285027
vt 0.363630 0.288417
vt 0.374765 0.283218
vt 0.371913 0.285292
vt 0.371265 0.282312
vt 0.348903 0.282379
vt 0.345126 0.280260
vt 0.350445 0.277342
vt 0.392003 0.279111
vt 0.351266 0.256947
vt 0.348876 0.256084
vt 0.369134 0.288241
vt 0.373542 0.289717
vt 0.371556 0.290977
vt 0.417447 0.289689
vt 0.418146 0.284936
vt 0.424907 0.285156
vt 0.445508 0.231930
vt 0.445201 0.210536
vt 0.459275 0.225559
vt 0.349092 0.231080
vt 0.353905 0.227174
vt 0.407862 0.257191
vt 0.367072 0.279008
vt 0.366169 0.281241
vt 0.368357 0.285241
vt 0.370745 0.287115
vt 0.391732 0.286633
vt 0.389676 0.282261
vt 0.394554 0.284063
vt 0.343758 0.279171
vt 0.341468 0.286206
vt 0.376394 0.227261
vt 0.367185 0.233961
vt 0.366689 0.229171
vt 0.402077 0.274599
vt 0.402245 0.270768
vt 0.360046 0.296185
vt 0.362754 0.280070
vt 0.414217 0.231447
vt 0.327435 0.246909
vt 0.333447 0.243569
vt 0.371829 0.278710
vt 0.369695 0.280237
vt 0.365129 0.297016
vt 0.362854 0.294202
vt 0.367880 0.294378
vt 0.357157 0.260365
vt 0.364701 0.262330
vt 0.361829 0.264318
vt 0.423298 0.237853
vt 0.426741 0.241765
vt 0.443575 0.270387
vt 0.442886 0.265201
vt 0.442814 0.256390
vt 0.336299 0.294103
vt 0.340685 0.292977
vt 0.400617 0.283464
vt 0.399136 0.283291
vt 0.355589 0.224199
vt 0.354732 0.253708
vt 0.359432 0.253885
vt 0.355862 0.258035
vt 0.422070 0.260063
vt 0.359152 0.249559
vt 0.371467 0.480614
vt 0.372621 0.478670
vt 0.373477 0.480921
vt 0.361168 0.280414
vt 0.370881 0.493872
vt 0.368375 0.492172
vt 0.374513 0.490843
vt 0.379441 0.482005
vt 0.381121 0.485352
vt 0.378079 0.486892
vt 0.370038 0.473003
vt 0.367630 0.476701
vt 0.366020 0.473829
vt 0.361538 0.473874
vt 0.361478 0.478806
vt 0.359781 0.478932
vt 0.400752 0.434679
vt 0.393439 0.429915
vt 0.397963 0.428252
vt 0.215450 0.820227
vt 0.209044 0.844202
vt 0.198081 0.814549
vt 0.341360 0.277156
vt 0.412222 0.251993
vt 0.416374 0.252262
vt 0.414506 0.254872
vt 0.395866 0.264449
vt 0.387527 0.261488
vt 0.386922 0.257082
vt 0.397961 0.237831
vt 0.405110 0.242905
vt 0.396694 0.239898
vt 0.416249 0.247633
vt 0.417898 0.242106
vt 0.386595 0.277596
vt 0.348546 0.302687
vt 0.347102 0.298063
vt 0.487902 0.222637
vt 0.466346 0.242568
vt 0.369503 0.059604
vt 0.341592 0.098197
vt 0.339799 0.066889
vt 0.341764 0.272408
vt 0.332652 0.275095
vt 0.334058 0.270599
vt 0.416342 0.280105
vt 0.418169 0.281261
vt 0.412861 0.283014
vt 0.337049 0.264298
vt 0.368637 0.283942
vt 0.368404 0.282586
vt 0.386623 0.280487
vt 0.385144 0.279152
vt 0.395167 0.242132
vt 0.400657 0.282056
vt 0.393392 0.090719
vt 0.416251 0.053058
vt 0.419245 0.089188
vt 0.435610 0.378806
vt 0.452131 0.373243
vt 0.451499 0.380388
vt 0.382259 0.306016
vt 0.365808 0.303290
vt 0.386094 0.301037
vt 0.391209 0.397384
vt 0.377550 0.402703
vt 0.378407 0.395213
vt 0.325695 0.272062
vt 0.326487 0.269087
vt 0.370089 0.298097
vt 0.373886 0.298605
vt 0.371608 0.299242
vt 0.422126 0.467826
vt 0.418613 0.458223
vt 0.425583 0.465439
vt 0.365687 0.469544
vt 0.371607 0.470899
vt 0.365789 0.471638
vt 0.407561 0.172605
vt 0.427249 0.199843
vt 0.398628 0.194764
vt 0.381840 0.388768
vt 0.394175 0.391711
vt 0.158128 0.422573
vt 0.149754 0.391649
vt 0.173349 0.382651
vt 0.312233 0.257206
vt 0.309735 0.269436
vt 0.310536 0.254575
vt 0.459222 0.492002
vt 0.453942 0.484702
vt 0.459923 0.483967
vt 0.537987 0.468837
vt 0.557993 0.483300
vt 0.538468 0.484851
vt 0.372061 0.093156
vt 0.390272 0.055947
vt 0.381816 0.283903
vt 0.382863 0.280722
vt 0.385952 0.283574
vt 0.347261 0.223270
vt 0.438969 0.481035
vt 0.443374 0.492046
vt 0.436509 0.491684
vt 0.556926 0.465722
vt 0.574439 0.482126
vt 0.394719 0.290718
vt 0.397488 0.288018
vt 0.410996 0.450382
vt 0.402040 0.444288
vt 0.405157 0.442817
vt 0.464482 0.309990
vt 0.453175 0.287044
vt 0.481065 0.302710
vt 0.375408 0.476923
vt 0.369792 0.476469
vt 0.378131 0.476258
vt 0.373009 0.469367
vt 0.380160 0.475170
vt 0.366065 0.478857
vt 0.363201 0.478281
vt 0.363706 0.476752
vt 0.370155 0.479585
vt 0.371080 0.479910
vt 0.373817 0.494529
vt 0.377418 0.495097
vt 0.372741 0.496465
vt 0.381863 0.480984
vt 0.368889 0.489532
vt 0.372216 0.484825
vt 0.373488 0.488599
vt 0.369082 0.485584
vt 0.368325 0.482383
vt 0.369463 0.482066
vt 0.371202 0.481091
vt 0.373221 0.483079
vt 0.362023 0.489717
vt 0.363583 0.488019
vt 0.375802 0.485642
vt 0.368994 0.480149
vt 0.347822 0.259069
vt 0.352542 0.261241
vt 0.349355 0.263922
vt 0.399723 0.269486
vt 0.400995 0.273656
vt 0.424664 0.268448
vt 0.411440 0.246965
vt 0.413288 0.245281
vt 0.397477 0.310209
vt 0.385638 0.324995
vt 0.373158 0.312894
vt 0.404258 0.276364
vt 0.383145 0.241162
vt 0.383424 0.240360
vt 0.502248 0.321435
vt 0.501833 0.292832
vt 0.523206 0.314099
vt 0.419140 0.419581
vt 0.419838 0.416707
vt 0.420391 0.417072
vt 0.421450 0.414680
vt 0.422033 0.415079
vt 0.449712 0.256183
vt 0.468612 0.260346
vt 0.418277 0.419515
vt 0.419479 0.416272
vt 0.422913 0.443458
vt 0.419790 0.439080
vt 0.423388 0.443225
vt 0.397153 0.436414
vt 0.398292 0.283339
vt 0.395666 0.282422
vt 0.415515 0.431737
vt 0.417115 0.438109
vt 0.414494 0.431125
vt 0.415811 0.427314
vt 0.415083 0.426632
vt 0.408726 0.286197
vt 0.405015 0.290002
vt 0.426594 0.447808
vt 0.420578 0.443606
vt 0.421321 0.443437
vt 0.385467 0.231850
vt 0.384872 0.235363
vt 0.422228 0.443460
vt 0.419041 0.438758
vt 0.415912 0.437878
vt 0.423672 0.281086
vt 0.421846 0.277635
vt 0.423591 0.410885
vt 0.422692 0.412709
vt 0.421833 0.412218
vt 0.419518 0.413001
vt 0.421116 0.411150
vt 0.426051 0.499871
vt 0.430331 0.492319
vt 0.431716 0.499822
vt 0.413316 0.430557
vt 0.414220 0.425951
vt 0.339278 0.288838
vt 0.357395 0.232584
vt 0.420337 0.413837
vt 0.421024 0.414348
vt 0.416320 0.417824
vt 0.414054 0.420719
vt 0.415378 0.417161
vt 0.422664 0.409882
vt 0.420419 0.410007
vt 0.421991 0.408684
vt 0.424101 0.409345
vt 0.423930 0.407957
vt 0.436610 0.272279
vt 0.440746 0.264311
vt 0.435724 0.275681
vt 0.417734 0.410546
vt 0.419436 0.408494
vt 0.416365 0.409451
vt 0.418275 0.406971
vt 0.421254 0.406916
vt 0.420249 0.405093
vt 0.417108 0.413991
vt 0.414485 0.416616
vt 0.416126 0.413113
vt 0.487287 0.565572
vt 0.475668 0.577709
vt 0.476941 0.564191
vt 0.416913 0.432462
vt 0.420678 0.438802
vt 0.417813 0.419099
vt 0.416907 0.423300
vt 0.416401 0.422874
vt 0.421333 0.432534
vt 0.425333 0.427659
vt 0.426109 0.432482
vt 0.425839 0.442233
vt 0.423223 0.437926
vt 0.427947 0.437236
vt 0.413557 0.284241
vt 0.412153 0.430111
vt 0.410845 0.424638
vt 0.412112 0.424748
vt 0.420587 0.117516
vt 0.450994 0.089931
vt 0.454282 0.117291
vt 0.454598 0.422855
vt 0.452641 0.417665
vt 0.455435 0.422875
vt 0.455434 0.428884
vt 0.456420 0.429024
vt 0.444538 0.414697
vt 0.444072 0.418132
vt 0.441617 0.415273
vt 0.441634 0.412774
vt 0.439600 0.414030
vt 0.457195 0.429039
vt 0.423628 0.413783
vt 0.425094 0.411866
vt 0.425097 0.412857
vt 0.424067 0.416822
vt 0.429480 0.416571
vt 0.428021 0.417896
vt 0.457705 0.429002
vt 0.458681 0.436998
vt 0.458034 0.437045
vt 0.422416 0.418651
vt 0.423159 0.413194
vt 0.424466 0.411432
vt 0.437916 0.258090
vt 0.434607 0.263575
vt 0.432824 0.258886
vt 0.417859 0.226071
vt 0.427774 0.414093
vt 0.432114 0.415672
vt 0.430739 0.416100
vt 0.426271 0.415101
vt 0.429755 0.411226
vt 0.431941 0.412664
vt 0.427170 0.411912
vt 0.435503 0.415471
vt 0.437589 0.412967
vt 0.436460 0.415960
vt 0.434411 0.415331
vt 0.433270 0.415460
vt 0.427483 0.410792
vt 0.429305 0.409343
vt 0.426579 0.407636
vt 0.433259 0.408113
vt 0.426288 0.408928
vt 0.144071 0.499061
vt 0.140160 0.468338
vt 0.148858 0.469067
vt 0.435346 0.412276
vt 0.438096 0.411385
vt 0.423497 0.405971
vt 0.426929 0.405675
vt 0.434193 0.406048
vt 0.427090 0.403480
vt 0.434962 0.403920
vt 0.433350 0.409635
vt 0.433864 0.410769
vt 0.430327 0.410046
vt 0.438001 0.409358
vt 0.438811 0.407808
vt 0.442915 0.411264
vt 0.444001 0.410256
vt 0.437508 0.416648
vt 0.451848 0.417939
vt 0.449111 0.413130
vt 0.423167 0.404062
vt 0.447114 0.414179
vt 0.448228 0.413626
vt 0.442233 0.412155
vt 0.438291 0.410591
vt 0.445789 0.414593
vt 0.434257 0.443631
vt 0.435526 0.447247
vt 0.433975 0.446855
vt 0.448857 0.417529
vt 0.450682 0.417908
vt 0.451094 0.422093
vt 0.452327 0.422369
vt 0.447477 0.417375
vt 0.453244 0.428073
vt 0.454274 0.428486
vt 0.483195 0.391709
vt 0.472501 0.377109
vt 0.490551 0.385108
vt 0.453568 0.422799
vt 0.460465 0.436925
vt 0.458483 0.428668
vt 0.460465 0.427771
vt 0.436430 0.443976
vt 0.439997 0.447382
vt 0.437295 0.447461
vt 0.450216 0.432753
vt 0.444611 0.427620
vt 0.448997 0.426852
vt 0.435202 0.443818
vt 0.437556 0.449202
vt 0.435410 0.449442
vt 0.440913 0.448754
vt 0.315816 0.240173
vt 0.311564 0.231074
vt 0.389809 0.423327
vt 0.496241 0.462327
vt 0.487063 0.450060
vt 0.497315 0.446733
vt 0.419217 0.234084
vt 0.399714 0.290722
vt 0.588928 0.094141
vt 0.548131 0.112081
vt 0.558342 0.076771
vt 0.444932 0.436213
vt 0.449626 0.438981
vt 0.440654 0.419587
vt 0.446582 0.421464
vt 0.442925 0.423059
vt 0.592523 0.141956
vt 0.566579 0.145784
vt 0.572811 0.125480
vt 0.441771 0.450231
vt 0.438484 0.451210
vt 0.443601 0.446195
vt 0.438393 0.443828
vt 0.440720 0.442986
vt 0.435923 0.451749
vt 0.438477 0.452825
vt 0.435857 0.453307
vt 0.442135 0.451896
vt 0.445715 0.448773
vt 0.445025 0.447692
vt 0.446360 0.450248
vt 0.450967 0.446838
vt 0.450179 0.445543
vt 0.449260 0.444719
vt 0.453722 0.442153
vt 0.454446 0.435351
vt 0.455433 0.436133
vt 0.451567 0.448091
vt 0.452923 0.441002
vt 0.453533 0.434511
vt 0.452180 0.449316
vt 0.446989 0.451491
vt 0.455242 0.444001
vt 0.454443 0.443096
vt 0.426967 0.447501
vt 0.426390 0.448484
vt 0.431600 0.452122
vt 0.431988 0.448551
vt 0.427502 0.446965
vt 0.427687 0.445327
vt 0.424076 0.442556
vt 0.431312 0.450505
vt 0.434304 0.451889
vt 0.434400 0.453426
vt 0.433131 0.449095
vt 0.433114 0.451598
vt 0.434156 0.449426
vt 0.431733 0.442464
vt 0.430083 0.440983
vt 0.438833 0.454388
vt 0.442736 0.453495
vt 0.433635 0.456295
vt 0.434466 0.454933
vt 0.434863 0.456650
vt 0.407029 0.760769
vt 0.407953 0.757402
vt 0.410127 0.758732
vt 0.393572 0.756448
vt 0.394818 0.757785
vt 0.383729 0.759976
vt 0.431928 0.455138
vt 0.433383 0.454689
vt 0.368341 0.764153
vt 0.376513 0.763335
vt 0.376630 0.764899
vt 0.443598 0.455173
vt 0.448097 0.452535
vt 0.431824 0.453734
vt 0.433272 0.453127
vt 0.419932 0.443996
vt 0.321589 0.735463
vt 0.326204 0.739672
vt 0.319624 0.738606
vt 0.419227 0.444508
vt 0.414752 0.437845
vt 0.426156 0.449492
vt 0.425913 0.450532
vt 0.409408 0.424797
vt 0.411026 0.430117
vt 0.409588 0.430398
vt 0.148050 0.356498
vt 0.135114 0.396019
vt 0.416591 0.405377
vt 0.323063 0.746220
vt 0.315017 0.745630
vt 0.315429 0.740334
vt 0.411371 0.406538
vt 0.414787 0.408199
vt 0.423533 0.737888
vt 0.429338 0.736244
vt 0.427397 0.740254
vt 0.370981 0.790059
vt 0.370076 0.784253
vt 0.376182 0.785493
vt 0.413079 0.411346
vt 0.414843 0.412288
vt 0.405782 0.746880
vt 0.401171 0.745750
vt 0.404520 0.742331
vt 0.410672 0.764301
vt 0.414314 0.762168
vt 0.335736 0.712841
vt 0.338454 0.717030
vt 0.329395 0.719424
vt 0.371689 0.730545
vt 0.351154 0.756954
vt 0.358637 0.763013
vt 0.349269 0.758949
vt 0.409606 0.410602
vt 0.408416 0.415039
vt 0.411381 0.415293
vt 0.410189 0.419403
vt 0.426025 0.400381
vt 0.359367 0.756039
vt 0.357201 0.756259
vt 0.352521 0.751009
vt 0.419693 0.397665
vt 0.422172 0.401561
vt 0.414739 0.745771
vt 0.418694 0.739935
vt 0.414251 0.747238
vt 0.423830 0.396375
vt 0.433902 0.399579
vt 0.436891 0.458814
vt 0.439299 0.456265
vt 0.440470 0.458924
vt 0.441734 0.462748
vt 0.445761 0.458891
vt 0.446908 0.462941
vt 0.405014 0.782575
vt 0.417895 0.781051
vt 0.405331 0.783696
vt 0.403618 0.748860
vt 0.402736 0.753813
vt 0.400967 0.751445
vt 0.402933 0.723193
vt 0.401517 0.725413
vt 0.399802 0.723880
vt 0.334553 0.772141
vt 0.347648 0.780409
vt 0.329446 0.770960
vt 0.437844 0.461857
vt 0.433957 0.459928
vt 0.435267 0.458362
vt 0.435794 0.460883
vt 0.431880 0.456582
vt 0.433895 0.457769
vt 0.431385 0.458125
vt 0.412551 0.438512
vt 0.418313 0.445418
vt 0.320304 0.730618
vt 0.316318 0.734798
vt 0.315173 0.731205
vt 0.411226 0.439350
vt 0.417220 0.446419
vt 0.425445 0.451726
vt 0.409657 0.726546
vt 0.406940 0.728916
vt 0.407674 0.725471
vt 0.424781 0.453235
vt 0.398174 0.748997
vt 0.485344 0.093548
vt 0.486768 0.122003
vt 0.375884 0.754327
vt 0.371110 0.758706
vt 0.369449 0.754612
vt 0.393822 0.119495
vt 0.275424 0.428351
vt 0.268335 0.439163
vt 0.262334 0.433465
vt 0.377439 0.758299
vt 0.386848 0.749206
vt 0.388196 0.753483
vt 0.370851 0.377279
vt 0.366131 0.361838
vt 0.382016 0.370455
vt 0.402814 0.756470
vt 0.402781 0.755428
vt 0.435212 0.777824
vt 0.422855 0.779287
vt 0.430033 0.774566
vt 0.448604 0.499765
vt 0.443041 0.499800
vt 0.465303 0.416308
vt 0.471714 0.412607
vt 0.468891 0.424948
vt 0.461441 0.419313
vt 0.340879 0.489977
vt 0.343687 0.500202
vt 0.340750 0.500012
vt 0.448575 0.397045
vt 0.441058 0.399931
vt 0.440414 0.395148
vt 0.447234 0.401812
vt 0.441824 0.403338
vt 0.457444 0.413090
vt 0.460335 0.409691
vt 0.456533 0.401143
vt 0.453549 0.405140
vt 0.347905 0.707962
vt 0.348977 0.711807
vt 0.344680 0.716358
vt 0.452296 0.408510
vt 0.333505 0.769898
vt 0.340072 0.769998
vt 0.343309 0.773926
vt 0.432328 0.394728
vt 0.451642 0.458536
vt 0.456058 0.452611
vt 0.458543 0.455115
vt 0.460359 0.458121
vt 0.469598 0.450292
vt 0.465214 0.447036
vt 0.450865 0.455458
vt 0.452381 0.462313
vt 0.361533 0.483517
vt 0.409997 0.734814
vt 0.402003 0.733569
vt 0.408361 0.731045
vt 0.345525 0.735345
vt 0.347495 0.743358
vt 0.343383 0.741159
vt 0.356561 0.486427
vt 0.355793 0.493657
vt 0.354461 0.484589
vt 0.455914 0.444352
vt 0.333426 0.754028
vt 0.330421 0.748288
vt 0.335656 0.751610
vt 0.342578 0.711915
vt 0.417757 0.775770
vt 0.418607 0.779357
vt 0.590463 0.195533
vt 0.630181 0.210885
vt 0.596643 0.220408
vt 0.449429 0.452946
vt 0.449021 0.452558
vt 0.395916 0.746396
vt 0.398895 0.743361
vt 0.432405 0.482863
vt 0.456420 0.436718
vt 0.457387 0.437062
vt 0.455715 0.422726
vt 0.456582 0.422577
vt 0.377349 0.708486
vt 0.376411 0.712130
vt 0.374389 0.707378
vt 0.414329 0.479441
vt 0.412295 0.487364
vt 0.409256 0.479736
vt 0.374590 0.705787
vt 0.375802 0.704127
vt 0.377779 0.706531
vt 0.445932 0.409198
vt 0.445125 0.409627
vt 0.442901 0.407145
vt 0.446516 0.408513
vt 0.440091 0.406652
vt 0.442320 0.406126
vt 0.377318 0.713312
vt 0.378572 0.713592
vt 0.377744 0.714166
vt 0.373919 0.740815
vt 0.382885 0.730126
vt 0.384077 0.734486
vt 0.450492 0.453726
vt 0.380021 0.759763
vt 0.390400 0.755343
vt 0.453032 0.450592
vt 0.432235 0.727123
vt 0.434317 0.738158
vt 0.461262 0.445722
vt 0.457636 0.444763
vt 0.350176 0.733908
vt 0.353436 0.730712
vt 0.355456 0.733613
vt 0.351928 0.715310
vt 0.355935 0.708070
vt 0.358406 0.710173
vt 0.381194 0.711979
vt 0.380449 0.706794
vt 0.389495 0.707620
vt 0.367914 0.766000
vt 0.376781 0.770408
vt 0.367221 0.769112
vt 0.456449 0.444577
vt 0.320555 0.722885
vt 0.310214 0.731670
vt 0.325284 0.715029
vt 0.418708 0.751634
vt 0.420790 0.756818
vt 0.415946 0.754238
vt 0.389326 0.723209
vt 0.389725 0.720482
vt 0.392145 0.721459
vt 0.544797 0.136890
vt 0.455413 0.415689
vt 0.458536 0.421610
vt 0.453830 0.417060
vt 0.332606 0.844600
vt 0.359281 0.821797
vt 0.367971 0.850297
vt 0.334654 0.746713
vt 0.339091 0.750119
vt 0.412025 0.708124
vt 0.416872 0.712519
vt 0.407252 0.709265
vt 0.400126 0.768064
vt 0.451446 0.410834
vt 0.450393 0.412183
vt 0.242094 0.485833
vt 0.236114 0.499588
vt 0.236947 0.485380
vt 0.411436 0.724147
vt 0.412215 0.728019
vt 0.410556 0.724533
vt 0.403894 0.715413
vt 0.400450 0.717521
vt 0.400443 0.715166
vt 0.260680 0.491360
vt 0.256748 0.499518
vt 0.257869 0.490457
vt 0.422614 0.708351
vt 0.424850 0.713645
vt 0.443794 0.405481
vt 0.447034 0.404993
vt 0.447153 0.407334
vt 0.325809 0.770008
vt 0.352843 0.785471
vt 0.355660 0.301051
vt 0.363029 0.305099
vt 0.355161 0.302816
vt 0.406398 0.217841
vt 0.390281 0.216507
vt 0.404465 0.712832
vt 0.408009 0.716431
vt 0.336686 0.707919
vt 0.408427 0.723842
vt 0.406553 0.723361
vt 0.400868 0.721972
vt 0.397339 0.724349
vt 0.416510 0.217865
vt 0.420299 0.214760
vt 0.423426 0.221969
vt 0.387835 0.741070
vt 0.433807 0.242091
vt 0.438111 0.252308
vt 0.432187 0.243912
vt 0.262611 0.492074
vt 0.259969 0.499603
vt 0.354128 0.246914
vt 0.348052 0.253711
vt 0.344527 0.254015
vt 0.396331 0.493876
vt 0.402861 0.500156
vt 0.396720 0.500162
vt 0.411717 0.252677
vt 0.406314 0.248019
vt 0.338071 0.126405
vt 0.371438 0.121480
vt 0.351786 0.799087
vt 0.310736 0.767837
vt 0.320983 0.445672
vt 0.334492 0.442826
vt 0.332357 0.451550
vt 0.378459 0.299187
vt 0.409301 0.250372
vt 0.408235 0.259910
vt 0.412528 0.264190
vt 0.377436 0.222888
vt 0.386470 0.224036
vt 0.376897 0.224902
vt 0.386888 0.221614
vt 0.404274 0.222368
vt 0.402803 0.719078
vt 0.400523 0.720454
vt 0.400544 0.719171
vt 0.357551 0.487661
vt 0.357943 0.495174
vt 0.359249 0.487735
vt 0.361172 0.490729
vt 0.360999 0.494013
vt 0.326401 0.745284
vt 0.397002 0.733794
vt 0.394808 0.729878
vt 0.397929 0.728484
vt 0.395096 0.760470
vt 0.384093 0.764603
vt 0.383504 0.762390
vt 0.355849 0.246686
vt 0.361198 0.243176
vt 0.361766 0.243572
vt 0.320798 0.242726
vt 0.323040 0.244702
vt 0.312384 0.735385
vt 0.385201 0.723427
vt 0.382878 0.721937
vt 0.386687 0.722111
vt 0.368383 0.240855
vt 0.417715 0.269122
vt 0.418102 0.272026
vt 0.417246 0.271443
vt 0.416917 0.267781
vt 0.418777 0.268353
vt 0.397494 0.720895
vt 0.406560 0.216566
vt 0.347188 0.704913
vt 0.341060 0.709337
vt 0.365611 0.298656
vt 0.335019 0.488879
vt 0.331613 0.499944
vt 0.331475 0.488611
vt 0.409073 0.279769
vt 0.408739 0.278385
vt 0.403146 0.282924
vt 0.406268 0.281962
vt 0.406512 0.282884
vt 0.403050 0.283563
vt 0.346472 0.276807
vt 0.351255 0.275370
vt 0.369264 0.252668
vt 0.375462 0.253504
vt 0.409463 0.747475
vt 0.407572 0.745098
vt 0.412485 0.738594
vt 0.411015 0.744735
vt 0.409251 0.743106
vt 0.398557 0.726461
vt 0.395564 0.727059
vt 0.320963 0.267904
vt 0.342558 0.732221
vt 0.337063 0.737829
vt 0.364503 0.756976
vt 0.363752 0.752515
vt 0.386160 0.775718
vt 0.402714 0.776822
vt 0.386655 0.778230
vt 0.409661 0.249502
vt 0.425914 0.257203
vt 0.405485 0.284018
vt 0.392832 0.791165
vt 0.390790 0.787370
vt 0.385785 0.701738
vt 0.394089 0.722057
vt 0.396352 0.720433
vt 0.348763 0.771070
vt 0.353520 0.774654
vt 0.324087 0.762998
vt 0.326024 0.760129
vt 0.333080 0.764211
vt 0.410885 0.284116
vt 0.409025 0.283779
vt 0.410803 0.282353
vt 0.419294 0.272037
vt 0.419979 0.267303
vt 0.444315 0.251142
vt 0.420542 0.266377
vt 0.420477 0.270788
vt 0.358916 0.753211
vt 0.412695 0.278416
vt 0.410481 0.280973
vt 0.409468 0.280602
vt 0.376883 0.715797
vt 0.375883 0.714823
vt 0.375487 0.749039
vt 0.386901 0.745352
vt 0.375485 0.751492
vt 0.407391 0.717764
vt 0.403565 0.717569
vt 0.367653 0.266362
vt 0.376557 0.289528
vt 0.369088 0.264081
vt 0.327904 0.750231
vt 0.387329 0.714812
vt 0.394572 0.712482
vt 0.412217 0.719422
vt 0.412799 0.718165
vt 0.417495 0.720908
vt 0.366553 0.261692
vt 0.354680 0.717416
vt 0.359786 0.712456
vt 0.404353 0.301057
vt 0.385432 0.025873
vt 0.415421 0.737055
vt 0.412149 0.737893
vt 0.416168 0.773307
vt 0.404029 0.779521
vt 0.345181 0.257047
vt 0.343568 0.261153
vt 0.404106 0.726096
vt 0.401984 0.727928
vt 0.357636 0.237426
vt 0.444877 0.752740
vt 0.449510 0.744202
vt 0.449205 0.756885
vt 0.376196 0.240487
vt 0.322525 0.754458
vt 0.317841 0.753540
vt 0.316220 0.749550
vt 0.348677 0.729682
vt 0.352260 0.729123
vt 0.413736 0.437985
vt 0.375769 0.241453
vt 0.340954 0.257661
vt 0.368553 0.242591
vt 0.368611 0.760433
vt 0.373529 0.760209
vt 0.375893 0.761467
vt 0.363835 0.252636
vt 0.363913 0.250257
vt 0.363913 0.254263
vt 0.360022 0.255710
vt 0.387934 0.725817
vt 0.389834 0.726078
vt 0.434148 0.759290
vt 0.440804 0.755239
vt 0.436116 0.763324
vt 0.401585 0.773540
vt 0.339715 0.713270
vt 0.333304 0.232789
vt 0.413896 0.493424
vt 0.408879 0.500103
vt 0.408134 0.493411
vt 0.392017 0.281268
vt 0.390629 0.278807
vt 0.392988 0.280316
vt 0.369351 0.250994
vt 0.375640 0.251285
vt 0.326772 0.736160
vt 0.330909 0.743795
vt 0.389202 0.279447
vt 0.367536 0.498468
vt 0.371504 0.500653
vt 0.367256 0.500658
vt 0.245822 0.487294
vt 0.249428 0.499510
vt 0.245303 0.499542
vt 0.400509 0.729454
vt 0.400255 0.727967
vt 0.400820 0.726886
vt 0.401195 0.261158
vt 0.398850 0.263892
vt 0.398492 0.717623
vt 0.415648 0.722189
vt 0.418935 0.730047
vt 0.414509 0.723045
vt 0.362002 0.219267
vt 0.352516 0.286694
vt 0.352360 0.280784
vt 0.353994 0.285253
vt 0.404541 0.721576
vt 0.395643 0.261100
vt 0.399120 0.266833
vt 0.396867 0.268462
vt 0.414057 0.256792
vt 0.415124 0.263335
vt 0.440619 0.737356
vt 0.436605 0.729813
vt 0.435673 0.726442
vt 0.322302 0.751279
vt 0.375034 0.290421
vt 0.444876 0.247788
vt 0.444506 0.239777
vt 0.449321 0.243571
vt 0.494430 0.489402
vt 0.506272 0.499957
vt 0.494148 0.500001
vt 0.405981 0.753575
vt 0.405488 0.751635
vt 0.381858 0.718932
vt 0.609284 0.061228
vt 0.366638 0.719434
vt 0.367905 0.720397
vt 0.366544 0.721245
vt 0.411556 0.288304
vt 0.407950 0.293454
vt 0.359969 0.726698
vt 0.359815 0.722877
vt 0.362698 0.724910
vt 0.320948 0.275206
vt 0.406889 0.279043
vt 0.364006 0.720641
vt 0.365141 0.721967
vt 0.363366 0.722483
vt 0.358987 0.292196
vt 0.388523 0.218236
vt 0.417405 0.737662
vt 0.415027 0.739008
vt 0.360003 0.271735
vt 0.355216 0.274789
vt 0.403221 0.757167
vt 0.406491 0.755247
vt 0.377654 0.712396
vt 0.410955 0.749065
vt 0.407640 0.749497
vt 0.430523 0.471851
vt 0.427737 0.475966
vt 0.359657 0.703140
vt 0.357625 0.706158
vt 0.353641 0.706072
vt 0.411204 0.755106
vt 0.324532 0.725068
vt 0.407956 0.742264
vt 0.166766 0.649557
vt 0.159195 0.679755
vt 0.147524 0.642919
vt 0.452663 0.450243
vt 0.427700 0.726037
vt 0.429549 0.721719
vt 0.362167 0.719482
vt 0.358889 0.721092
vt 0.358824 0.718806
vt 0.363979 0.714242
vt 0.366537 0.717532
vt 0.418080 0.438355
vt 0.350534 0.281405
vt 0.365087 0.724600
vt 0.374774 0.719456
vt 0.372220 0.717365
vt 0.349794 0.720229
vt 0.345880 0.722168
vt 0.362002 0.721551
vt 0.361816 0.722190
vt 0.404837 0.280924
vt 0.392107 0.723477
vt 0.367605 0.269207
vt 0.355614 0.271795
vt 0.369835 0.273376
vt 0.376121 0.280118
vt 0.364484 0.731097
vt 0.364137 0.727397
vt 0.367917 0.726366
vt 0.350901 0.745570
vt 0.348539 0.746377
vt 0.354165 0.739246
vt 0.385976 0.719233
vt 0.391738 0.716380
vt 0.348110 0.237106
vt 0.333501 0.240653
vt 0.348261 0.233773
vt 0.365315 0.720015
vt 0.377302 0.715340
vt 0.367375 0.285217
vt 0.366414 0.288712
vt 0.516090 0.061285
vt 0.485773 0.054963
vt 0.363884 0.274852
vt 0.352096 0.275621
vt 0.433967 0.280661
vt 0.366505 0.243812
vt 0.364647 0.271334
vt 0.367835 0.276005
vt 0.369706 0.729086
vt 0.359354 0.290307
vt 0.369423 0.714420
vt 0.373732 0.712934
vt 0.371026 0.715544
vt 0.417127 0.418475
vt 0.418002 0.414950
vt 0.418864 0.415707
vt 0.401962 0.731638
vt 0.417664 0.717127
vt 0.410871 0.714216
vt 0.444674 0.790183
vt 0.445490 0.768715
vt 0.458948 0.775089
vt 0.398519 0.285252
vt 0.376664 0.237790
vt 0.367294 0.723434
vt 0.368631 0.717359
vt 0.361069 0.759756
vt 0.359777 0.761225
vt 0.136211 0.433179
vt 0.127995 0.469245
vt 0.344253 0.723209
vt 0.394615 0.718809
vt 0.368672 0.149090
vt 0.376566 0.775149
vt 0.407995 0.451744
vt 0.395791 0.720320
vt 0.398412 0.719381
vt 0.348600 0.321769
vt 0.349376 0.308740
vt 0.400830 0.275713
vt 0.351893 0.727375
vt 0.348173 0.727975
vt 0.347049 0.725552
vt 0.411777 0.281028
vt 0.399194 0.719389
vt 0.352984 0.273096
vt 0.368057 0.292096
vt 0.363880 0.293603
vt 0.363643 0.291958
vt 0.360151 0.706713
vt 0.361105 0.704980
vt 0.401877 0.736099
vt 0.400978 0.740930
vt 0.607052 0.478646
vt 0.625454 0.499838
vt 0.607205 0.499810
vt 0.507380 0.428040
vt 0.520683 0.439808
vt 0.508400 0.443351
vt 0.342596 0.269887
vt 0.345712 0.270216
vt 0.327304 0.755201
vt 0.366721 0.713947
vt 0.367679 0.717375
vt 0.355476 0.279964
vt 0.355536 0.281538
vt 0.356555 0.259712
vt 0.353573 0.262923
vt 0.356167 0.720970
vt 0.371868 0.723816
vt 0.354558 0.263483
vt 0.350228 0.266277
vt 0.345653 0.273053
vt 0.363055 0.708640
vt 0.365044 0.705822
vt 0.367948 0.708409
vt 0.430190 0.255315
vt 0.429869 0.245885
vt 0.435755 0.253471
vt 0.356818 0.742342
vt 0.364273 0.740310
vt 0.360012 0.745304
vt 0.347905 0.765393
vt 0.357516 0.765705
vt 0.357197 0.770055
vt 0.398845 0.298876
vt 0.487423 0.777933
vt 0.466032 0.757978
vt 0.494613 0.755012
vt 0.423133 0.763915
vt 0.417701 0.759812
vt 0.442988 0.730413
vt 0.442954 0.744205
vt 0.442685 0.736228
vt 0.366655 0.773452
vt 0.385737 0.770894
vt 0.358980 0.391498
vt 0.364483 0.383868
vt 0.286874 0.456051
vt 0.293486 0.454012
vt 0.292622 0.454975
vt 0.604039 0.455402
vt 0.624774 0.475229
vt 0.293975 0.458360
vt 0.298582 0.461884
vt 0.293629 0.462511
vt 0.329858 0.433569
vt 0.340063 0.436520
vt 0.298724 0.458099
vt 0.300858 0.462319
vt 0.408262 0.390875
vt 0.411085 0.396807
vt 0.404088 0.394613
vt 0.291322 0.434556
vt 0.283763 0.441658
vt 0.279895 0.435211
vt 0.354044 0.450955
vt 0.349393 0.440951
vt 0.358683 0.445971
vt 0.413084 0.415979
vt 0.300572 0.465633
vt 0.298257 0.465039
vt 0.378242 0.463069
vt 0.374671 0.460473
vt 0.381330 0.459174
vt 0.415701 0.265090
vt 0.417690 0.264520
vt 0.366097 0.468102
vt 0.361176 0.472213
vt 0.366243 0.466311
vt 0.379593 0.708795
vt 0.398174 0.707760
vt 0.399385 0.712346
vt 0.363151 0.268432
vt 0.432787 0.372033
vt 0.420173 0.378810
vt 0.413733 0.372769
vt 0.376698 0.481501
vt 0.419170 0.478819
vt 0.417809 0.469252
vt 0.423723 0.478203
vt 0.354396 0.748955
vt 0.359191 0.748632
vt 0.420139 0.735507
vt 0.362527 0.475176
vt 0.427767 0.485862
vt 0.422641 0.486417
vt 0.357050 0.222088
vt 0.369058 0.260979
vt 0.431167 0.445980
vt 0.433497 0.443415
vt 0.432698 0.446499
vt 0.380902 0.473837
vt 0.373751 0.467951
vt 0.347902 0.274409
vt 0.345785 0.275362
vt 0.136891 0.499122
vt 0.126010 0.499078
vt 0.127763 0.529409
vt 0.374522 0.295388
vt 0.383606 0.481200
vt 0.381957 0.472517
vt 0.386661 0.479760
vt 0.385378 0.480511
vt 0.325086 0.479186
vt 0.322032 0.488985
vt 0.320548 0.480155
vt 0.494796 0.400777
vt 0.503910 0.395307
vt 0.685159 0.294345
vt 0.702794 0.318509
vt 0.682565 0.314725
vt 0.217314 0.265987
vt 0.200872 0.240744
vt 0.225763 0.229547
vt 0.365033 0.486200
vt 0.359718 0.500668
vt 0.360366 0.496953
vt 0.360980 0.500643
vt 0.620033 0.449161
vt 0.644902 0.468332
vt 0.364665 0.277749
vt 0.372357 0.522813
vt 0.371189 0.520883
vt 0.373200 0.520542
vt 0.647555 0.499843
vt 0.317873 0.489396
vt 0.316571 0.481586
vt 0.361196 0.522673
vt 0.361073 0.527434
vt 0.359453 0.522344
vt 0.321750 0.471252
vt 0.331999 0.478823
vt 0.329129 0.478853
vt 0.360945 0.461283
vt 0.354696 0.464648
vt 0.352732 0.457807
vt 0.369224 0.519493
vt 0.371973 0.516678
vt 0.370561 0.520015
vt 0.356606 0.477109
vt 0.354193 0.474351
vt 0.359795 0.469933
vt 0.358962 0.468525
vt 0.357321 0.478383
vt 0.361162 0.472887
vt 0.358598 0.479203
vt 0.481852 0.326453
vt 0.719034 0.235455
vt 0.675353 0.218242
vt 0.711843 0.202126
vt 0.377080 0.287507
vt 0.507117 0.474441
vt 0.520485 0.486283
vt 0.506474 0.487995
vt 0.368037 0.480049
vt 0.242812 0.280318
vt 0.275941 0.276524
vt 0.244625 0.299186
vt 0.372455 0.292084
vt 0.438867 0.263854
vt 0.341345 0.480715
vt 0.338607 0.480827
vt 0.339404 0.470697
vt 0.336613 0.470924
vt 0.358475 0.500639
vt 0.359143 0.496177
vt 0.301145 0.445707
vt 0.294191 0.448787
vt 0.293770 0.445500
vt 0.308705 0.446647
vt 0.301984 0.441375
vt 0.311176 0.442766
vt 0.326494 0.453524
vt 0.332326 0.461818
vt 0.321687 0.454412
vt 0.341087 0.461363
vt 0.342723 0.470479
vt 0.336169 0.461119
vt 0.368540 0.293420
vt 0.426626 0.420185
vt 0.302586 0.435453
vt 0.314126 0.437134
vt 0.292952 0.440840
vt 0.325102 0.439838
vt 0.304161 0.452215
vt 0.299801 0.450453
vt 0.305608 0.451051
vt 0.300351 0.448586
vt 0.294470 0.450660
vt 0.309497 0.453489
vt 0.311412 0.452522
vt 0.305942 0.454866
vt 0.310264 0.457582
vt 0.303549 0.455258
vt 0.421859 0.742000
vt 0.425593 0.744733
vt 0.358155 0.266404
vt 0.387477 0.383216
vt 0.402609 0.363803
vt 0.396068 0.378121
vt 0.380935 0.173642
vt 0.374810 0.195886
vt 0.296274 0.454094
vt 0.299792 0.454819
vt 0.296384 0.455274
vt 0.300953 0.458115
vt 0.295377 0.452545
vt 0.407231 0.425147
vt 0.407917 0.431047
vt 0.300843 0.452770
vt 0.298566 0.451589
vt 0.300628 0.453691
vt 0.294533 0.451741
vt 0.307483 0.454198
vt 0.312474 0.457427
vt 0.313684 0.456675
vt 0.315684 0.455911
vt 0.331330 0.471066
vt 0.327455 0.463563
vt 0.333970 0.471060
vt 0.325910 0.471372
vt 0.313098 0.467449
vt 0.314716 0.475398
vt 0.310698 0.470763
vt 0.328041 0.471085
vt 0.324583 0.463801
vt 0.317835 0.472958
vt 0.316063 0.464779
vt 0.303730 0.458182
vt 0.308166 0.463869
vt 0.303665 0.462896
vt 0.302703 0.466046
vt 0.307185 0.468091
vt 0.343618 0.490433
vt 0.346268 0.500343
vt 0.107843 0.469412
vt 0.115490 0.499457
vt 0.105625 0.499593
vt 0.319539 0.464028
vt 0.322131 0.464126
vt 0.309648 0.460166
vt 0.425632 0.409805
vt 0.426856 0.410152
vt 0.630721 0.132964
vt 0.685581 0.140828
vt 0.651502 0.163310
vt 0.419608 0.493286
vt 0.414814 0.499999
vt 0.329675 0.462776
vt 0.335570 0.480116
vt 0.338157 0.489592
vt 0.413091 0.420040
vt 0.273653 0.444832
vt 0.256270 0.447266
vt 0.288988 0.459833
vt 0.290596 0.464628
vt 0.288148 0.453070
vt 0.278731 0.455159
vt 0.288669 0.451738
vt 0.277359 0.449409
vt 0.268595 0.458454
vt 0.266387 0.454936
vt 0.288317 0.449757
vt 0.286537 0.446624
vt 0.278119 0.457211
vt 0.269576 0.461407
vt 0.342186 0.454561
vt 0.420926 0.422132
vt 0.425659 0.423571
vt 0.278963 0.452580
vt 0.411742 0.419554
vt 0.280686 0.458679
vt 0.277016 0.469325
vt 0.271687 0.467820
vt 0.658324 0.336824
vt 0.664561 0.306202
vt 0.261516 0.451913
vt 0.270440 0.466289
vt 0.279650 0.458394
vt 0.270877 0.467015
vt 0.252039 0.462008
vt 0.356207 0.500599
vt 0.352968 0.492577
vt 0.253376 0.478801
vt 0.249771 0.476352
vt 0.265097 0.475866
vt 0.263345 0.473648
vt 0.269854 0.464109
vt 0.286765 0.455217
vt 0.256088 0.465224
vt 0.239404 0.473101
vt 0.245412 0.474095
vt 0.245439 0.459902
vt 0.259175 0.468430
vt 0.261399 0.471414
vt 0.259489 0.482799
vt 0.335115 0.499969
vt 0.337816 0.499989
vt 0.366069 0.493362
vt 0.369365 0.495095
vt 0.364128 0.496037
vt 0.363642 0.498000
vt 0.364862 0.494263
vt 0.348698 0.481049
vt 0.350484 0.472629
vt 0.351699 0.482644
vt 0.383072 0.484869
vt 0.383318 0.488005
vt 0.384014 0.489676
vt 0.382705 0.490304
vt 0.384347 0.484989
vt 0.381639 0.488439
vt 0.374329 0.493420
vt 0.378577 0.492357
vt 0.379814 0.494292
vt 0.384201 0.492674
vt 0.381884 0.493546
vt 0.379179 0.489576
vt 0.380671 0.491423
vt 0.473002 0.491317
vt 0.483974 0.500003
vt 0.472731 0.500011
vt 0.385309 0.485432
vt 0.389106 0.485432
vt 0.386580 0.487765
vt 0.390514 0.490090
vt 0.386898 0.491683
vt 0.392981 0.482963
vt 0.389714 0.476693
vt 0.263553 0.485065
vt 0.262013 0.484041
vt 0.326787 0.488699
vt 0.267372 0.477245
vt 0.272209 0.485742
vt 0.265666 0.485318
vt 0.266152 0.477062
vt 0.280007 0.487651
vt 0.285805 0.494338
vt 0.279909 0.493727
vt 0.557818 0.499735
vt 0.365278 0.531854
vt 0.371345 0.530541
vt 0.372738 0.532068
vt 0.285835 0.500065
vt 0.279769 0.500044
vt 0.370683 0.507623
vt 0.368200 0.509371
vt 0.365859 0.508190
vt 0.286456 0.467593
vt 0.291461 0.467947
vt 0.289222 0.470818
vt 0.271671 0.492581
vt 0.271452 0.499842
vt 0.283256 0.462525
vt 0.380877 0.515908
vt 0.379209 0.519320
vt 0.377837 0.514457
vt 0.363345 0.513606
vt 0.368715 0.512024
vt 0.364802 0.515436
vt 0.369767 0.528472
vt 0.367391 0.524834
vt 0.369509 0.525041
vt 0.287210 0.476732
vt 0.282730 0.473617
vt 0.256807 0.481225
vt 0.249935 0.488398
vt 0.286436 0.483408
vt 0.280849 0.481011
vt 0.549222 0.382149
vt 0.524436 0.372702
vt 0.537380 0.363282
vt 0.552516 0.354213
vt 0.523630 0.345986
vt 0.542406 0.337641
vt 0.429404 0.388842
vt 0.437893 0.385166
vt 0.439304 0.389481
vt 0.365437 0.529809
vt 0.362175 0.526251
vt 0.643348 0.325457
vt 0.648854 0.296495
vt 0.703076 0.285579
vt 0.721422 0.257126
vt 0.722678 0.283469
vt 0.673029 0.282223
vt 0.248740 0.121221
vt 0.650122 0.368244
vt 0.675320 0.349503
vt 0.665319 0.386036
vt 0.681606 0.406012
vt 0.652389 0.418076
vt 0.538227 0.499801
vt 0.720765 0.319747
vt 0.292160 0.163880
vt 0.283083 0.204745
vt 0.622429 0.339624
vt 0.636673 0.353586
vt 0.325765 0.233299
vt 0.324597 0.235330
vt 0.352660 0.200720
vt 0.306639 0.449326
vt 0.363992 0.307370
vt 0.300565 0.133709
vt 0.273602 0.478174
vt 0.362678 0.221745
vt 0.371270 0.219360
vt 0.417699 0.423140
vt 0.416340 0.427664
vt 0.372809 0.427522
vt 0.373853 0.437183
vt 0.365232 0.431049
vt 0.316002 0.248242
vt 0.316277 0.245431
vt 0.318049 0.244352
vt 0.441802 0.257256
vt 0.442283 0.250496
vt 0.317972 0.242473
vt 0.319732 0.240554
vt 0.400369 0.421196
vt 0.404299 0.426134
vt 0.401436 0.426978
vt 0.700831 0.170575
vt 0.664808 0.189956
vt 0.317457 0.240347
vt 0.321137 0.237692
vt 0.437592 0.499778
vt 0.387172 0.500205
vt 0.384263 0.495971
vt 0.387081 0.495479
vt 0.314910 0.245595
vt 0.313611 0.325752
vt 0.313266 0.303019
vt 0.330298 0.314606
vt 0.313985 0.252081
vt 0.367655 0.300536
vt 0.247309 0.253100
vt 0.274694 0.264188
vt 0.323598 0.234319
vt 0.438817 0.231139
vt 0.436743 0.233840
vt 0.434260 0.230307
vt 0.397135 0.246195
vt 0.384064 0.237870
vt 0.327177 0.243822
vt 0.317117 0.448867
vt 0.318105 0.499633
vt 0.200117 0.664400
vt 0.179486 0.687299
vt 0.446821 0.443593
vt 0.451876 0.440389
vt 0.475222 0.190945
vt 0.359119 0.269563
vt 0.417101 0.427687
vt 0.417706 0.432546
vt 0.418757 0.411817
vt 0.380249 0.217785
vt 0.414778 0.267692
vt 0.392373 0.571528
vt 0.399884 0.566700
vt 0.396875 0.573188
vt 0.358977 0.479130
vt 0.360170 0.484687
vt 0.359346 0.486179
vt 0.233013 0.193735
vt 0.209611 0.207647
vt 0.400070 0.234069
vt 0.369901 0.704696
vt 0.373674 0.704197
vt 0.414123 0.770308
vt 0.370494 0.221873
vt 0.379086 0.219753
vt 0.424443 0.224494
vt 0.429735 0.226436
vt 0.413760 0.745397
vt 0.442647 0.234070
vt 0.441363 0.238430
vt 0.520712 0.248575
vt 0.547739 0.224330
vt 0.551924 0.251489
vt 0.508935 0.191690
vt 0.515009 0.222643
vt 0.435318 0.748211
vt 0.432227 0.757562
vt 0.429617 0.755790
vt 0.442484 0.246149
vt 0.440153 0.257646
vt 0.439808 0.250942
vt 0.358678 0.227493
vt 0.361762 0.224413
vt 0.413918 0.278721
vt 0.565157 0.344799
vt 0.555245 0.328146
vt 0.585484 0.357463
vt 0.577558 0.336856
vt 0.500226 0.268591
vt 0.527071 0.274249
vt 0.358191 0.283794
vt 0.318214 0.455238
vt 0.313319 0.450743
vt 0.416350 0.432236
vt 0.357966 0.479292
vt 0.397938 0.764363
vt 0.404853 0.759089
vt 0.345690 0.266896
vt 0.495045 0.245537
vt 0.636587 0.438019
vt 0.665518 0.451168
vt 0.557798 0.279297
vt 0.532581 0.298565
vt 0.564265 0.310525
vt 0.583758 0.305887
vt 0.578373 0.278809
vt 0.604335 0.305825
vt 0.602545 0.278504
vt 0.574031 0.251635
vt 0.601859 0.249237
vt 0.440434 0.245633
vt 0.435473 0.237798
vt 0.433699 0.412269
vt 0.596183 0.352005
vt 0.589520 0.330282
vt 0.606013 0.347770
vt 0.605056 0.330113
vt 0.535143 0.311529
vt 0.305339 0.271011
vt 0.303740 0.256524
vt 0.341668 0.724936
vt 0.342044 0.716062
vt 0.395895 0.737683
vt 0.501388 0.356115
vt 0.421195 0.303724
vt 0.415106 0.321457
vt 0.415069 0.350861
vt 0.428390 0.333301
vt 0.442863 0.349673
vt 0.437539 0.743623
vt 0.438676 0.737955
vt 0.456290 0.330417
vt 0.470690 0.350644
vt 0.383251 0.761555
vt 0.416094 0.749785
vt 0.412031 0.750216
vt 0.465093 0.405946
vt 0.423460 0.720975
vt 0.421485 0.724345
vt 0.379782 0.294041
vt 0.403823 0.420478
vt 0.369315 0.741126
vt 0.363898 0.748072
vt 0.366422 0.740555
vt 0.386672 0.724972
vt 0.486877 0.152622
vt 0.511117 0.157345
vt 0.413911 0.249494
vt 0.511701 0.127382
vt 0.520421 0.499901
vt 0.363561 0.483127
vt 0.366984 0.483791
vt 0.348504 0.700115
vt 0.365581 0.464416
vt 0.360625 0.471130
vt 0.340781 0.744542
vt 0.511929 0.099311
vt 0.369822 0.939199
vt 0.341600 0.900546
vt 0.371954 0.905734
vt 0.424693 0.716818
vt 0.429153 0.228593
vt 0.425063 0.226407
vt 0.504081 0.413035
vt 0.514446 0.408731
vt 0.614564 0.115124
vt 0.658665 0.268543
vt 0.684579 0.247140
vt 0.569858 0.224456
vt 0.321602 0.806581
vt 0.626747 0.313032
vt 0.414378 0.734411
vt 0.416768 0.734365
vt 0.542629 0.163608
vt 0.581622 0.155473
vt 0.563434 0.168235
vt 0.604431 0.157071
vt 0.582537 0.171703
vt 0.341858 0.729583
vt 0.332791 0.726656
vt 0.674985 0.499825
vt 0.455324 0.146137
vt 0.416789 0.143624
vt 0.420735 0.499907
vt 0.424746 0.492778
vt 0.443575 0.178846
vt 0.630487 0.283888
vt 0.425808 0.384744
vt 0.419309 0.391505
vt 0.413796 0.388039
vt 0.414960 0.459791
vt 0.404229 0.463667
vt 0.400942 0.454723
vt 0.407812 0.462279
vt 0.414609 0.393679
vt 0.399604 0.464389
vt 0.400307 0.473046
vt 0.394657 0.465025
vt 0.394722 0.759620
vt 0.363490 0.463136
vt 0.369451 0.458954
vt 0.367864 0.455983
vt 0.368031 0.450713
vt 0.376326 0.453584
vt 0.364275 0.455064
vt 0.359892 0.241585
vt 0.388464 0.449550
vt 0.391745 0.457053
vt 0.383005 0.451322
vt 0.384481 0.468706
vt 0.394753 0.474431
vt 0.396131 0.455972
vt 0.393729 0.447367
vt 0.375041 0.464385
vt 0.382456 0.471036
vt 0.372712 0.292959
vt 0.370211 0.296401
vt 0.417999 0.487098
vt 0.442990 0.440249
vt 0.389145 0.466286
vt 0.430753 0.237975
vt 0.432469 0.234145
vt 0.356521 0.778996
vt 0.361391 0.781502
vt 0.404582 0.453373
vt 0.411215 0.460998
vt 0.619969 0.184249
vt 0.365635 0.440865
vt 0.374320 0.446596
vt 0.371436 0.720219
vt 0.368836 0.718705
vt 0.381421 0.443274
vt 0.380562 0.434318
vt 0.387327 0.440672
vt 0.356722 0.435673
vt 0.413878 0.470310
vt 0.420359 0.427003
vt 0.333196 0.761342
vt 0.347979 0.768550
vt 0.453039 0.417442
vt 0.216464 0.733110
vt 0.200062 0.757718
vt 0.190211 0.722335
vt 0.381632 0.696597
vt 0.365446 0.699625
vt 0.362606 0.697803
vt 0.355851 0.425742
vt 0.353843 0.415152
vt 0.364785 0.421609
vt 0.421664 0.231814
vt 0.416211 0.228483
vt 0.139954 0.530564
vt 0.135818 0.565916
vt 0.615927 0.361445
vt 0.606313 0.372398
vt 0.347353 0.431136
vt 0.343910 0.420439
vt 0.387102 0.431704
vt 0.409543 0.471105
vt 0.405099 0.472035
vt 0.386057 0.417300
vt 0.381390 0.425107
vt 0.375303 0.418819
vt 0.471221 0.400896
vt 0.463849 0.390711
vt 0.476241 0.397073
vt 0.460766 0.394968
vt 0.450517 0.387049
vt 0.366682 0.411294
vt 0.354410 0.401343
vt 0.397930 0.445796
vt 0.392544 0.438468
vt 0.381725 0.410412
vt 0.390250 0.403793
vt 0.254719 0.092810
vt 0.276485 0.113921
vt 0.405623 0.432243
vt 0.393996 0.416717
vt 0.407446 0.441564
vt 0.403446 0.433314
vt 0.416462 0.399954
vt 0.408258 0.400895
vt 0.418947 0.402995
vt 0.401399 0.399371
vt 0.348346 0.680320
vt 0.372641 0.689466
vt 0.349277 0.693716
vt 0.413523 0.403194
vt 0.405992 0.405290
vt 0.404806 0.410381
vt 0.327315 0.337088
vt 0.332653 0.359169
vt 0.312504 0.347307
vt 0.399203 0.410433
vt 0.391978 0.410362
vt 0.399073 0.404525
vt 0.409253 0.440491
vt 0.415574 0.447879
vt 0.423023 0.454821
vt 0.413580 0.449083
vt 0.421025 0.456452
vt 0.294322 0.466279
vt 0.451362 0.628001
vt 0.434641 0.622550
vt 0.450663 0.620900
vt 0.403947 0.479888
vt 0.459050 0.499821
vt 0.453619 0.491766
vt 0.460795 0.474952
vt 0.452997 0.468271
vt 0.461404 0.464727
vt 0.429377 0.460747
vt 0.427850 0.462659
vt 0.495158 0.476716
vt 0.556957 0.534008
vt 0.574475 0.517490
vt 0.572940 0.536925
vt 0.435271 0.470648
vt 0.438259 0.466347
vt 0.438893 0.473306
vt 0.393204 0.908377
vt 0.416505 0.946023
vt 0.390553 0.942995
vt 0.442584 0.468094
vt 0.619978 0.550796
vt 0.644872 0.531508
vt 0.636489 0.561950
vt 0.390330 0.603803
vt 0.376810 0.598434
vt 0.389312 0.597421
vt 0.390025 0.146092
vt 0.325695 0.729439
vt 0.334192 0.731462
vt 0.326454 0.732572
vt 0.443551 0.475719
vt 0.447649 0.468583
vt 0.448648 0.477017
vt 0.507973 0.459285
vt 0.398432 0.386961
vt 0.448914 0.484429
vt 0.395184 0.488611
vt 0.371984 0.498331
vt 0.368333 0.496764
vt 0.465575 0.491754
vt 0.466558 0.482889
vt 0.520887 0.456187
vt 0.632177 0.246113
vt 0.665433 0.548703
vt 0.652240 0.581874
vt 0.278431 0.458246
vt 0.427457 0.234064
vt 0.425486 0.235850
vt 0.288337 0.418865
vt 0.289322 0.427351
vt 0.467931 0.472440
vt 0.468671 0.460799
vt 0.367836 0.481809
vt 0.369114 0.480822
vt 0.369383 0.481498
vt 0.512443 0.385103
vt 0.306692 0.243212
vt 0.275311 0.244194
vt 0.477060 0.436658
vt 0.470686 0.436657
vt 0.435634 0.465058
vt 0.526175 0.402071
vt 0.496067 0.373764
vt 0.538788 0.391506
vt 0.453530 0.476635
vt 0.265064 0.492160
vt 0.264561 0.499690
vt 0.374045 0.466076
vt 0.486532 0.405113
vt 0.399567 0.416156
vt 0.403993 0.415529
vt 0.435858 0.454805
vt 0.436167 0.456651
vt 0.590739 0.499772
vt 0.574640 0.499740
vt 0.494760 0.416687
vt 0.479648 0.408666
vt 0.476695 0.454441
vt 0.468119 0.384576
vt 0.449738 0.391462
vt 0.475570 0.469460
vt 0.379142 0.497067
vt 0.376677 0.497619
vt 0.473714 0.365432
vt 0.449401 0.362192
vt 0.425799 0.361958
vt 0.422022 0.533643
vt 0.418265 0.543333
vt 0.414674 0.541745
vt 0.520532 0.513509
vt 0.507184 0.525516
vt 0.506542 0.511918
vt 0.562642 0.373641
vt 0.583931 0.388706
vt 0.571604 0.395669
vt 0.558780 0.402905
vt 0.595482 0.381064
vt 0.616567 0.392670
vt 0.604746 0.403801
vt 0.612147 0.424191
vt 0.520933 0.471650
vt 0.591944 0.411130
vt 0.578720 0.416880
vt 0.598251 0.432101
vt 0.584306 0.437922
vt 0.443927 0.483557
vt 0.381387 0.496574
vt 0.546793 0.410724
vt 0.565215 0.423397
vt 0.551864 0.429783
vt 0.569681 0.443055
vt 0.554870 0.447725
vt 0.626187 0.412798
vt 0.497309 0.431864
vt 0.463916 0.426556
vt 0.464755 0.436847
vt 0.588671 0.459571
vt 0.638983 0.394598
vt 0.407449 0.549792
vt 0.410442 0.551168
vt 0.438864 0.417758
vt 0.627203 0.377218
vt 0.590724 0.519008
vt 0.685077 0.705176
vt 0.702691 0.680907
vt 0.703055 0.713748
vt 0.485902 0.465704
vt 0.537088 0.452392
vt 0.518888 0.424225
vt 0.535446 0.435820
vt 0.448716 0.492010
vt 0.566125 0.199002
vt 0.543922 0.194538
vt 0.406678 0.827487
vt 0.426494 0.800735
vt 0.442804 0.821495
vt 0.309130 0.104849
vt 0.281042 0.085235
vt 0.308441 0.076237
vt 0.241343 0.499695
vt 0.157735 0.576572
vt 0.149307 0.607505
vt 0.315024 0.248254
vt 0.263322 0.172671
vt 0.254334 0.216816
vt 0.380710 0.296072
vt 0.268041 0.141294
vt 0.313119 0.250477
vt 0.278529 0.061517
vt 0.230151 0.071900
vt 0.226858 0.095649
vt 0.370816 0.481518
vt 0.124215 0.433992
vt 0.118130 0.468353
vt 0.494580 0.599871
vt 0.490221 0.615654
vt 0.482816 0.609184
vt 0.366089 0.479539
vt 0.316232 0.286513
vt 0.330744 0.296704
vt 0.370166 0.480284
vt 0.532248 0.419001
vt 0.484170 0.509613
vt 0.474453 0.519199
vt 0.473195 0.508853
vt 0.412782 0.628531
vt 0.403955 0.618049
vt 0.419141 0.622523
vt 0.381142 0.612328
vt 0.393287 0.609386
vt 0.431930 0.629375
vt 0.443360 0.243982
vt 0.429191 0.444879
vt 0.190231 0.214122
vt 0.198832 0.184232
vt 0.191014 0.276632
vt 0.208463 0.298995
vt 0.180195 0.311464
vt 0.142457 0.246584
vt 0.170745 0.213933
vt 0.160674 0.252071
vt 0.187756 0.149240
vt 0.156592 0.175177
vt 0.163723 0.143633
vt 0.066950 0.438855
vt 0.080228 0.470434
vt 0.063755 0.471929
vt 0.061921 0.358319
vt 0.047707 0.317993
vt 0.068803 0.314596
vt 0.538010 0.530917
vt 0.558027 0.516265
vt 0.471978 0.623900
vt 0.467535 0.616522
vt 0.430544 0.529524
vt 0.427766 0.525339
vt 0.439143 0.519874
vt 0.443465 0.508151
vt 0.443983 0.517186
vt 0.520670 0.560314
vt 0.507328 0.572275
vt 0.508363 0.556880
vt 0.317192 0.430481
vt 0.305395 0.420293
vt 0.321744 0.422918
vt 0.433429 0.463682
vt 0.432447 0.467617
vt 0.429719 0.413404
vt 0.604018 0.544522
vt 0.624771 0.524585
vt 0.340151 0.931834
vt 0.054700 0.402192
vt 0.041663 0.360895
vt 0.459421 0.508021
vt 0.454059 0.515821
vt 0.453785 0.508298
vt 0.448589 0.052182
vt 0.396306 0.565005
vt 0.404213 0.558936
vt 0.172907 0.616663
vt 0.312314 0.744141
vt 0.310588 0.745722
vt 0.588678 0.540298
vt 0.607067 0.521117
vt 0.346839 0.777847
vt 0.378967 0.724095
vt 0.420401 0.697952
vt 0.414443 0.680228
vt 0.440506 0.685260
vt 0.463740 0.691063
vt 0.452482 0.713910
vt 0.439430 0.705090
vt 0.232195 0.804171
vt 0.208711 0.790494
vt 0.054234 0.234668
vt 0.032028 0.202415
vt 0.056373 0.196108
vt 0.430409 0.507913
vt 0.516350 0.938064
vt 0.485103 0.905990
vt 0.511735 0.900353
vt 0.401130 0.557439
vt 0.484813 0.478674
vt 0.380017 0.826178
vt 0.397668 0.805709
vt 0.375164 0.524500
vt 0.367831 0.521526
vt 0.368764 0.521408
vt 0.377925 0.525119
vt 0.365844 0.522736
vt 0.362946 0.523320
vt 0.365867 0.522059
vt 0.369877 0.521934
vt 0.370805 0.521596
vt 0.377261 0.506118
vt 0.373578 0.506883
vt 0.372534 0.504869
vt 0.381648 0.520322
vt 0.368876 0.515984
vt 0.368110 0.519188
vt 0.366766 0.517805
vt 0.103411 0.087566
vt 0.118009 0.124756
vt 0.096088 0.123689
vt 0.102526 0.195816
vt 0.075092 0.234353
vt 0.078221 0.192670
vt 0.110763 0.158656
vt 0.087068 0.157637
vt 0.373285 0.512859
vt 0.370930 0.520419
vt 0.372943 0.518389
vt 0.374339 0.510624
vt 0.361800 0.511895
vt 0.375535 0.515748
vt 0.376431 0.519899
vt 0.363429 0.524780
vt 0.365710 0.527650
vt 0.133109 0.168894
vt 0.352165 0.741218
vt 0.275622 0.722887
vt 0.241963 0.718853
vt 0.244202 0.700297
vt 0.407599 0.419541
vt 0.335977 0.426608
vt 0.399551 0.732933
vt 0.400976 0.728897
vt 0.424646 0.733444
vt 0.500957 0.644636
vt 0.501733 0.679221
vt 0.481196 0.674436
vt 0.523269 0.654512
vt 0.522779 0.686367
vt 0.501342 0.707716
vt 0.480471 0.698075
vt 0.396879 0.691847
vt 0.385006 0.677038
vt 0.434527 0.717207
vt 0.468203 0.740137
vt 0.348265 0.761251
vt 0.333203 0.758617
vt 0.440863 0.241984
vt 0.418309 0.585739
vt 0.417138 0.582465
vt 0.418704 0.585351
vt 0.417937 0.582468
vt 0.419225 0.585076
vt 0.420376 0.587422
vt 0.420992 0.587104
vt 0.419886 0.587705
vt 0.423400 0.559157
vt 0.418872 0.562704
vt 0.422651 0.558540
vt 0.422073 0.558335
vt 0.418022 0.563052
vt 0.434821 0.554541
vt 0.433633 0.558553
vt 0.433340 0.555023
vt 0.430733 0.555751
vt 0.432960 0.558728
vt 0.432201 0.559064
vt 0.431568 0.553276
vt 0.432153 0.555315
vt 0.434858 0.552391
vt 0.433640 0.552457
vt 0.414333 0.570157
vt 0.416034 0.563701
vt 0.416998 0.563479
vt 0.415189 0.569684
vt 0.414636 0.574619
vt 0.413899 0.575270
vt 0.413316 0.570722
vt 0.420389 0.558357
vt 0.421310 0.558341
vt 0.413029 0.575906
vt 0.412132 0.571228
vt 0.414846 0.563884
vt 0.419668 0.558161
vt 0.425878 0.553997
vt 0.409813 0.571579
vt 0.413693 0.563860
vt 0.410937 0.571638
vt 0.412027 0.576552
vt 0.409560 0.577145
vt 0.410858 0.577067
vt 0.422394 0.591123
vt 0.422844 0.592612
vt 0.421379 0.592071
vt 0.420818 0.600064
vt 0.415023 0.601586
vt 0.417510 0.598658
vt 0.407024 0.610422
vt 0.409669 0.604587
vt 0.413280 0.607696
vt 0.420647 0.589796
vt 0.421571 0.589352
vt 0.423364 0.590615
vt 0.419847 0.590808
vt 0.418284 0.588960
vt 0.416798 0.586979
vt 0.415989 0.583434
vt 0.417686 0.586252
vt 0.416646 0.582852
vt 0.419158 0.588168
vt 0.415213 0.579074
vt 0.413730 0.580346
vt 0.415139 0.584069
vt 0.412816 0.581157
vt 0.414138 0.584732
vt 0.415826 0.587913
vt 0.417436 0.590100
vt 0.419076 0.591900
vt 0.420649 0.593214
vt 0.422617 0.593942
vt 0.418012 0.593350
vt 0.414884 0.592338
vt 0.416326 0.591314
vt 0.419853 0.594916
vt 0.416801 0.594800
vt 0.414767 0.588761
vt 0.411710 0.585846
vt 0.413186 0.585257
vt 0.413399 0.589529
vt 0.411801 0.581850
vt 0.410396 0.582299
vt 0.415842 0.569414
vt 0.419863 0.562916
vt 0.416777 0.569263
vt 0.416103 0.574216
vt 0.415194 0.574269
vt 0.415721 0.578677
vt 0.419285 0.574918
vt 0.424977 0.578358
vt 0.419772 0.579991
vt 0.416540 0.578848
vt 0.420363 0.569229
vt 0.424661 0.574205
vt 0.422443 0.563741
vt 0.427434 0.564481
vt 0.425435 0.569269
vt 0.425249 0.559423
vt 0.429703 0.560861
vt 0.458402 0.564426
vt 0.457454 0.572546
vt 0.457772 0.564461
vt 0.420073 0.881997
vt 0.450737 0.909488
vt 0.419011 0.910086
vt 0.454226 0.578792
vt 0.452301 0.583959
vt 0.451443 0.583739
vt 0.453110 0.578951
vt 0.450233 0.583854
vt 0.454973 0.572856
vt 0.455991 0.572610
vt 0.455134 0.578719
vt 0.443567 0.584076
vt 0.444275 0.587374
vt 0.441104 0.586968
vt 0.441255 0.589428
vt 0.439041 0.588173
vt 0.436830 0.585263
vt 0.438129 0.584136
vt 0.370266 0.623951
vt 0.364011 0.617292
vt 0.422126 0.588914
vt 0.422667 0.588398
vt 0.424098 0.590223
vt 0.425787 0.591862
vt 0.422967 0.585390
vt 0.428813 0.585292
vt 0.425354 0.587068
vt 0.421256 0.583537
vt 0.427360 0.583979
vt 0.427025 0.588137
vt 0.431515 0.586207
vt 0.429037 0.588809
vt 0.424166 0.589325
vt 0.426512 0.591261
vt 0.590696 0.480682
vt 0.433091 0.589933
vt 0.434837 0.586414
vt 0.434709 0.589808
vt 0.433089 0.591411
vt 0.428840 0.590913
vt 0.431302 0.589512
vt 0.426264 0.590274
vt 0.433759 0.586473
vt 0.436940 0.589204
vt 0.437477 0.590823
vt 0.435806 0.585953
vt 0.425086 0.593036
vt 0.424467 0.592191
vt 0.428230 0.592627
vt 0.425344 0.594271
vt 0.432336 0.593806
vt 0.422149 0.595854
vt 0.425688 0.596136
vt 0.433226 0.595672
vt 0.425854 0.598199
vt 0.433960 0.597648
vt 0.421806 0.597670
vt 0.429325 0.591943
vt 0.432479 0.592379
vt 0.439290 0.595003
vt 0.438012 0.593949
vt 0.437282 0.592537
vt 0.442346 0.590562
vt 0.443369 0.591465
vt 0.447741 0.588072
vt 0.444481 0.592027
vt 0.446660 0.587599
vt 0.448631 0.588517
vt 0.437705 0.591414
vt 0.441797 0.589802
vt 0.445415 0.587270
vt 0.447177 0.584628
vt 0.448438 0.584319
vt 0.450647 0.579897
vt 0.451856 0.579498
vt 0.452796 0.573926
vt 0.453798 0.573393
vt 0.460229 0.564390
vt 0.458245 0.572786
vt 0.443950 0.574377
vt 0.449849 0.569122
vt 0.448575 0.575160
vt 0.439348 0.554373
vt 0.435733 0.558125
vt 0.436598 0.554309
vt 0.434530 0.558293
vt 0.436965 0.552591
vt 0.440334 0.553035
vt 0.444323 0.565681
vt 0.449216 0.562842
vt 0.446330 0.558215
vt 0.439999 0.559026
vt 0.443023 0.555610
vt 0.448765 0.557142
vt 0.444495 0.554128
vt 0.453080 0.567423
vt 0.451408 0.561518
vt 0.589130 0.905180
vt 0.547958 0.887600
vt 0.572679 0.874233
vt 0.446106 0.580637
vt 0.439856 0.582313
vt 0.442162 0.578887
vt 0.566325 0.854168
vt 0.592412 0.857772
vt 0.267716 0.857173
vt 0.248636 0.877444
vt 0.235798 0.839209
vt 0.437674 0.558232
vt 0.441241 0.551582
vt 0.437953 0.550604
vt 0.435427 0.550086
vt 0.438076 0.548964
vt 0.435513 0.548485
vt 0.441682 0.549921
vt 0.445214 0.553055
vt 0.445865 0.551602
vt 0.450458 0.555025
vt 0.449721 0.556338
vt 0.452451 0.560881
vt 0.453205 0.559637
vt 0.453980 0.566468
vt 0.451093 0.553706
vt 0.446575 0.550301
vt 0.451785 0.552382
vt 0.447755 0.549153
vt 0.454827 0.557641
vt 0.453940 0.558624
vt 0.425726 0.553290
vt 0.426296 0.554306
vt 0.430885 0.551297
vt 0.426933 0.554813
vt 0.427122 0.556442
vt 0.433897 0.549939
vt 0.432656 0.552788
vt 0.431169 0.549698
vt 0.432692 0.550239
vt 0.428762 0.556782
vt 0.431353 0.559523
vt 0.438569 0.547389
vt 0.435659 0.546938
vt 0.439170 0.545443
vt 0.436041 0.545079
vt 0.442417 0.548313
vt 0.443369 0.546513
vt 0.432944 0.548686
vt 0.431500 0.548046
vt 0.433147 0.547099
vt 0.431686 0.546635
vt 0.433469 0.545474
vt 0.434260 0.546841
vt 0.434728 0.545101
vt 0.434115 0.548378
vt 0.419054 0.557732
vt 0.418386 0.557165
vt 0.412683 0.563660
vt 0.425555 0.552239
vt 0.425378 0.551171
vt 0.408130 0.576886
vt 0.408401 0.571230
vt 0.405965 0.576440
vt 0.406793 0.570480
vt 0.411540 0.563090
vt 0.410259 0.562218
vt 0.415099 0.596300
vt 0.418818 0.596658
vt 0.412025 0.598406
vt 0.409871 0.595046
vt 0.413274 0.593502
vt 0.411588 0.590383
vt 0.408080 0.591012
vt 0.406957 0.586604
vt 0.409950 0.586477
vt 0.408829 0.582361
vt 0.406250 0.582086
vt 0.424788 0.601172
vt 0.432863 0.601895
vt 0.422590 0.605053
vt 0.431253 0.606691
vt 0.418341 0.603828
vt 0.436830 0.542894
vt 0.440451 0.542702
vt 0.437833 0.539700
vt 0.441750 0.538742
vt 0.445691 0.542672
vt 0.446936 0.538374
vt 0.431703 0.545184
vt 0.433775 0.543984
vt 0.431226 0.543603
vt 0.433880 0.541769
vt 0.435172 0.543373
vt 0.435756 0.540752
vt 0.417536 0.556226
vt 0.416507 0.555190
vt 0.424990 0.549947
vt 0.424365 0.548429
vt 0.393306 0.879882
vt 0.453762 0.882409
vt 0.461195 0.581994
vt 0.468694 0.576178
vt 0.465046 0.584905
vt 0.471381 0.588496
vt 0.459985 0.591635
vt 0.464669 0.595328
vt 0.457124 0.588295
vt 0.440984 0.598137
vt 0.446523 0.599649
vt 0.440171 0.601535
vt 0.447815 0.604382
vt 0.439496 0.606268
vt 0.451827 0.592943
vt 0.453017 0.596285
vt 0.455973 0.600230
vt 0.446358 0.596466
vt 0.455814 0.548809
vt 0.451547 0.542822
vt 0.458402 0.546097
vt 0.460395 0.542966
vt 0.452402 0.538876
vt 0.469567 0.550633
vt 0.461046 0.555519
vt 0.465050 0.554052
vt 0.450639 0.546119
vt 0.448656 0.549080
vt 0.452284 0.551373
vt 0.452681 0.550990
vt 0.449117 0.548686
vt 0.456136 0.556912
vt 0.455597 0.557216
vt 0.590226 0.804539
vt 0.630020 0.788938
vt 0.619834 0.815539
vt 0.456862 0.572526
vt 0.455966 0.564887
vt 0.457016 0.564498
vt 0.455467 0.578834
vt 0.456343 0.578887
vt 0.452706 0.584150
vt 0.453514 0.584446
vt 0.449225 0.588857
vt 0.449934 0.589356
vt 0.445280 0.592410
vt 0.445880 0.593027
vt 0.442150 0.594454
vt 0.441538 0.595426
vt 0.450171 0.547831
vt 0.453605 0.550405
vt 0.457373 0.556614
vt 0.544461 0.863049
vt 0.532185 0.581286
vt 0.514337 0.591669
vt 0.518837 0.576021
vt 0.455103 0.585749
vt 0.458304 0.579770
vt 0.460234 0.573581
vt 0.463696 0.574679
vt 0.450989 0.590647
vt 0.446509 0.594153
vt 0.442975 0.596028
vt 0.398012 0.480806
vt 0.355522 0.701982
vt 0.354925 0.700132
vt 0.389566 0.785194
vt 0.419522 0.786172
vt 0.415256 0.783432
vt 0.437915 0.749115
vt 0.397109 0.756319
vt 0.382166 0.277793
vt 0.417017 0.730660
vt 0.415825 0.731309
vt 0.353912 0.755817
vt 0.347756 0.748740
vt 0.355651 0.756108
vt 0.382141 0.724850
vt 0.411610 0.749585
vt 0.409222 0.751931
vt 0.409494 0.752750
vt 0.408732 0.751252
vt 0.337785 0.872375
vt 0.406249 0.754374
vt 0.371362 0.703574
vt 0.378145 0.703679
vt 0.413644 0.752575
vt 0.388210 0.783760
vt 0.386792 0.780556
vt 0.377327 0.779320
vt 0.376992 0.777466
vt 0.367827 0.777622
vt 0.366985 0.775744
vt 0.361719 0.759336
vt 0.361882 0.758682
vt 0.368699 0.762470
vt 0.368468 0.762149
vt 0.320437 0.758420
vt 0.322787 0.756834
vt 0.417578 0.732974
vt 0.417897 0.730100
vt 0.418541 0.733719
vt 0.693853 0.265189
vt 0.405050 0.784780
vt 0.355126 0.777219
vt 0.396552 0.762391
vt 0.365473 0.704181
vt 0.361934 0.244182
vt 0.367083 0.226696
vt 0.408770 0.722469
vt 0.351245 0.725408
vt 0.402824 0.719695
vt 0.406096 0.719779
vt 0.405792 0.720652
vt 0.369398 0.749682
vt 0.367712 0.719155
vt 0.375152 0.712252
vt 0.376707 0.713176
vt 0.694357 0.360983
vt 0.372776 0.709781
vt 0.353160 0.716143
vt 0.353176 0.721885
vt 0.351416 0.721283
vt 0.423642 0.753634
vt 0.344266 0.748279
vt 0.348449 0.462788
vt 0.405111 0.718679
vt 0.408451 0.718883
vt 0.410261 0.718437
vt 0.410263 0.720169
vt 0.419642 0.734683
vt 0.420056 0.731215
vt 0.418554 0.738999
vt 0.368056 0.224617
vt 0.444383 0.749518
vt 0.411215 0.721457
vt 0.413595 0.723540
vt 0.410063 0.721443
vt 0.412478 0.723817
vt 0.409069 0.721735
vt 0.361298 0.738490
vt 0.357864 0.736280
vt 0.405023 0.383220
vt 0.373528 0.737678
vt 0.368943 0.738454
vt 0.367143 0.736465
vt 0.388004 0.353385
vt 0.398787 0.336148
vt 0.403785 0.701189
vt 0.398380 0.703876
vt 0.360233 0.257248
vt 0.344907 0.745278
vt 0.439250 0.769462
vt 0.355503 0.744518
vt 0.376307 0.762425
vt 0.407940 0.276824
vt 0.383838 0.500284
vt 0.356148 0.742836
vt 0.359766 0.746764
vt 0.363724 0.749927
vt 0.369242 0.751571
vt 0.332946 0.768496
vt 0.390802 0.723956
vt 0.393127 0.722376
vt 0.413054 0.756632
vt 0.435352 0.284146
vt 0.440264 0.296209
vt 0.398560 0.295260
vt 0.367418 0.702319
vt 0.398646 0.738178
vt 0.391320 0.494591
vt 0.391544 0.500157
vt 0.376673 0.767116
vt 0.395583 0.741156
vt 0.398946 0.735264
vt 0.397299 0.715059
vt 0.444535 0.760750
vt 0.441195 0.758705
vt 0.435139 0.765676
vt 0.435317 0.223037
vt 0.413243 0.425267
vt 0.321128 0.726190
vt 0.384959 0.767174
vt 0.434611 0.235597
vt 0.403721 0.724233
vt 0.368446 0.339879
vt 0.370988 0.877665
vt 0.373340 0.264944
vt 0.359338 0.710653
vt 0.352839 0.727091
vt 0.432447 0.742901
vt 0.360134 0.730566
vt 0.348413 0.241536
vt 0.355874 0.727559
vt 0.356201 0.722506
vt 0.167251 0.349444
vt 0.368673 0.719979
vt 0.355993 0.730659
vt 0.353508 0.729594
vt 0.362788 0.734226
vt 0.359077 0.732913
vt 0.367447 0.733345
vt 0.368212 0.710603
vt 0.375984 0.722572
vt 0.426523 0.759938
vt 0.369917 0.722300
vt 0.433225 0.721128
vt 0.366488 0.759177
vt 0.370090 0.706391
vt 0.429718 0.746515
vt 0.372545 0.710607
vt 0.371701 0.711684
vt 0.368614 0.709320
vt 0.363904 0.710771
vt 0.364035 0.709190
vt 0.429144 0.240180
vt 0.349848 0.736266
vt 0.345580 0.732071
vt 0.345678 0.729207
vt 0.353135 0.739596
vt 0.349008 0.738538
vt 0.346020 0.726973
vt 0.399925 0.278667
vt 0.441619 0.762089
vt 0.437254 0.766890
vt 0.697237 0.421286
vt 0.326766 0.499894
vt 0.386266 0.457776
vt 0.441289 0.316127
vt 0.381166 0.630886
vt 0.386651 0.617929
vt 0.395170 0.623127
vt 0.401729 0.637554
vt 0.358496 0.609600
vt 0.377767 0.605894
vt 0.287695 0.548654
vt 0.293543 0.548938
vt 0.293526 0.549917
vt 0.285209 0.544175
vt 0.292035 0.546722
vt 0.285089 0.544899
vt 0.333417 0.557965
vt 0.329280 0.567080
vt 0.324319 0.560733
vt 0.299368 0.539437
vt 0.297209 0.543226
vt 0.296798 0.539709
vt 0.292302 0.542580
vt 0.291978 0.538493
vt 0.296518 0.536645
vt 0.293020 0.534879
vt 0.298975 0.536539
vt 0.283496 0.558642
vt 0.291127 0.565868
vt 0.279842 0.565060
vt 0.348427 0.560174
vt 0.352942 0.550261
vt 0.357644 0.555379
vt 0.363152 0.546411
vt 0.366982 0.550850
vt 0.373995 0.540988
vt 0.377675 0.538414
vt 0.380649 0.542281
vt 0.374570 0.537088
vt 0.368658 0.542528
vt 0.364941 0.536933
vt 0.359141 0.531265
vt 0.362814 0.538260
vt 0.358150 0.532715
vt 0.359935 0.540055
vt 0.360638 0.528318
vt 0.365574 0.533238
vt 0.360582 0.528950
vt 0.365630 0.534993
vt 0.373638 0.535350
vt 0.369114 0.506367
vt 0.417734 0.532115
vt 0.423776 0.522951
vt 0.419190 0.522304
vt 0.413787 0.530981
vt 0.427866 0.514997
vt 0.422724 0.514284
vt 0.432527 0.518138
vt 0.179865 0.088676
vt 0.171681 0.052329
vt 0.192252 0.064554
vt 0.380702 0.527479
vt 0.373402 0.533465
vt 0.381763 0.528793
vt 0.383393 0.520041
vt 0.379969 0.526173
vt 0.386473 0.521447
vt 0.385189 0.520713
vt 0.170018 0.115730
vt 0.140081 0.135950
vt 0.147540 0.102705
vt 0.360229 0.504391
vt 0.719145 0.763456
vt 0.675394 0.781175
vt 0.684597 0.752260
vt 0.348200 0.490895
vt 0.346309 0.480667
vt 0.321181 0.510610
vt 0.323770 0.520542
vt 0.319096 0.519392
vt 0.320259 0.528445
vt 0.316092 0.526521
vt 0.316963 0.509847
vt 0.315008 0.517572
vt 0.330776 0.511239
vt 0.330857 0.521059
vt 0.327895 0.520946
vt 0.326013 0.511126
vt 0.351531 0.543328
vt 0.353641 0.536455
vt 0.353943 0.516605
vt 0.355999 0.524045
vt 0.353416 0.526728
vt 0.356159 0.514843
vt 0.356791 0.522703
vt 0.359998 0.530013
vt 0.358632 0.522000
vt 0.358217 0.521867
vt 0.359919 0.516920
vt 0.359130 0.515298
vt 0.357463 0.521737
vt 0.357220 0.513604
vt 0.358149 0.512991
vt 0.347678 0.509875
vt 0.347862 0.519771
vt 0.345399 0.519931
vt 0.341472 0.529985
vt 0.342782 0.519846
vt 0.358999 0.505158
vt 0.340423 0.519501
vt 0.340327 0.510071
vt 0.343066 0.509861
vt 0.345397 0.509915
vt 0.338177 0.529555
vt 0.337669 0.519212
vt 0.335390 0.529177
vt 0.332740 0.528890
vt 0.339732 0.539211
vt 0.334899 0.539148
vt 0.325321 0.546789
vt 0.331072 0.538316
vt 0.300379 0.554824
vt 0.293384 0.551758
vt 0.299515 0.551984
vt 0.307785 0.553865
vt 0.301404 0.559147
vt 0.302216 0.565060
vt 0.292525 0.559628
vt 0.310426 0.557754
vt 0.313561 0.563406
vt 0.319994 0.554821
vt 0.312274 0.549696
vt 0.316029 0.551584
vt 0.297581 0.549048
vt 0.298766 0.550102
vt 0.303226 0.548358
vt 0.304634 0.549452
vt 0.305686 0.551189
vt 0.310454 0.547865
vt 0.308691 0.546907
vt 0.314910 0.544197
vt 0.317260 0.544960
vt 0.310072 0.542570
vt 0.305720 0.545613
vt 0.303326 0.545421
vt 0.299922 0.547132
vt 0.298892 0.546175
vt 0.302783 0.543030
vt 0.299730 0.543235
vt 0.309080 0.540299
vt 0.294906 0.546820
vt 0.295004 0.545746
vt 0.291215 0.545794
vt 0.293964 0.548207
vt 0.300107 0.547919
vt 0.306983 0.546223
vt 0.312100 0.542606
vt 0.313124 0.543366
vt 0.330072 0.528739
vt 0.326283 0.536321
vt 0.323496 0.535961
vt 0.326704 0.528589
vt 0.321152 0.535550
vt 0.312677 0.523583
vt 0.324548 0.528244
vt 0.312067 0.532551
vt 0.315273 0.535004
vt 0.307158 0.537048
vt 0.302444 0.538653
vt 0.301193 0.535931
vt 0.305848 0.532937
vt 0.309363 0.529496
vt 0.318704 0.535650
vt 0.328442 0.537260
vt 0.320555 0.545901
vt 0.334550 0.519889
vt 0.334386 0.511024
vt 0.337585 0.510380
vt 0.285262 0.545798
vt 0.287599 0.550634
vt 0.285994 0.553774
vt 0.287274 0.540486
vt 0.289471 0.535949
vt 0.286876 0.547243
vt 0.256424 0.552552
vt 0.273543 0.555247
vt 0.268440 0.560922
vt 0.276920 0.550631
vt 0.268252 0.541163
vt 0.278258 0.547401
vt 0.269245 0.538178
vt 0.277087 0.542499
vt 0.277799 0.544686
vt 0.271349 0.531491
vt 0.273656 0.521455
vt 0.276916 0.530362
vt 0.279207 0.540883
vt 0.278292 0.541149
vt 0.270570 0.532342
vt 0.266105 0.522304
vt 0.134676 0.603011
vt 0.123909 0.564507
vt 0.277250 0.541327
vt 0.269569 0.535405
vt 0.270176 0.533136
vt 0.282323 0.537403
vt 0.265101 0.523553
vt 0.263368 0.525815
vt 0.261415 0.528085
vt 0.259169 0.531056
vt 0.256140 0.534348
vt 0.266134 0.544700
vt 0.252075 0.537467
vt 0.261503 0.547849
vt 0.239423 0.526139
vt 0.245463 0.525357
vt 0.253458 0.520539
vt 0.259563 0.516612
vt 0.249807 0.522985
vt 0.572911 0.462874
vt 0.363957 0.505311
vt 0.360751 0.507420
vt 0.360927 0.510765
vt 0.378388 0.508926
vt 0.374110 0.508028
vt 0.367429 0.502830
vt 0.368139 0.504599
vt 0.382835 0.516317
vt 0.381399 0.512742
vt 0.378951 0.511726
vt 0.383071 0.513121
vt 0.384124 0.516190
vt 0.383756 0.511356
vt 0.382461 0.510763
vt 0.380451 0.509746
vt 0.379643 0.506797
vt 0.383979 0.508216
vt 0.381684 0.507434
vt 0.538508 0.514779
vt 0.465510 0.499947
vt 0.388888 0.515648
vt 0.385082 0.515713
vt 0.386322 0.513266
vt 0.384037 0.513227
vt 0.386658 0.509172
vt 0.390298 0.510776
vt 0.392828 0.518166
vt 0.395033 0.512304
vt 0.170358 0.283663
vt 0.453338 0.499754
vt 0.263520 0.514266
vt 0.267261 0.522094
vt 0.281117 0.519021
vt 0.286279 0.511113
vt 0.286720 0.516929
vt 0.265585 0.514024
vt 0.271640 0.507173
vt 0.272212 0.513989
vt 0.262547 0.507161
vt 0.344116 0.446732
vt 0.260638 0.507837
vt 0.262029 0.515331
vt 0.257866 0.508702
vt 0.303345 0.428456
vt 0.256944 0.518217
vt 0.286037 0.505838
vt 0.280237 0.512364
vt 0.280036 0.506344
vt 0.286260 0.532716
vt 0.290780 0.532771
vt 0.283031 0.526362
vt 0.287733 0.523602
vt 0.236885 0.513882
vt 0.242142 0.513504
vt 0.254393 0.509429
vt 0.250095 0.510980
vt 0.245978 0.512161
vt 0.524172 0.627814
vt 0.549007 0.618211
vt 0.537106 0.637121
vt 0.562418 0.626658
vt 0.552244 0.646135
vt 0.664414 0.693520
vt 0.643128 0.674461
vt 0.658142 0.662985
vt 0.672906 0.717393
vt 0.658486 0.731191
vt 0.630216 0.716109
vt 0.648649 0.703359
vt 0.626487 0.686995
vt 0.219147 0.876645
vt 0.511302 0.872553
vt 0.454969 0.565565
vt 0.622170 0.660440
vt 0.636444 0.646400
vt 0.615675 0.638663
vt 0.626978 0.622840
vt 0.638792 0.605408
vt 0.665138 0.613787
vt 0.649921 0.631665
vt 0.675159 0.650182
vt 0.681439 0.593700
vt 0.448830 0.947005
vt 0.720631 0.679530
vt 0.285939 0.489132
vt 0.415700 0.422259
vt 0.484018 0.490499
vt 0.474176 0.481097
vt 0.291614 0.834661
vt 0.169622 0.715396
vt 0.373790 0.804256
vt 0.325393 0.767267
vt 0.324147 0.765460
vt 0.207886 0.699726
vt 0.363544 0.695371
vt 0.246508 0.745878
vt 0.274154 0.734987
vt 0.274621 0.754629
vt 0.300292 0.864936
vt 0.321005 0.733600
vt 0.362151 0.779477
vt 0.361350 0.777447
vt 0.370083 0.779913
vt 0.378698 0.782165
vt 0.441732 0.744031
vt 0.442540 0.750288
vt 0.317721 0.756465
vt 0.317526 0.758080
vt 0.316145 0.755284
vt 0.315858 0.752700
vt 0.314952 0.752485
vt 0.319269 0.760216
vt 0.463670 0.723967
vt 0.323153 0.766036
vt 0.316943 0.759800
vt 0.320636 0.762854
vt 0.315075 0.759599
vt 0.314594 0.754960
vt 0.312933 0.750237
vt 0.314118 0.748854
vt 0.358337 0.774827
vt 0.357519 0.772904
vt 0.414990 0.279253
vt 0.326898 0.758097
vt 0.429460 0.771346
vt 0.423739 0.771823
vt 0.427753 0.767549
vt 0.389278 0.853483
vt 0.416038 0.856160
vt 0.227099 0.903134
vt 0.255013 0.905877
vt 0.474587 0.809535
vt 0.431075 0.763507
vt 0.370583 0.781842
vt 0.379509 0.783665
vt 0.432905 0.767102
vt 0.433098 0.768587
vt 0.434831 0.770486
vt 0.429647 0.772821
vt 0.429233 0.761371
vt 0.425642 0.765784
vt 0.419128 0.767691
vt 0.421706 0.769956
vt 0.424542 0.777042
vt 0.425420 0.775092
vt 0.442785 0.766390
vt 0.514515 0.777842
vt 0.520271 0.751912
vt 0.547307 0.776077
vt 0.543454 0.805795
vt 0.508367 0.808680
vt 0.443521 0.756605
vt 0.442712 0.754549
vt 0.439938 0.750305
vt 0.439876 0.743908
vt 0.564884 0.655487
vt 0.542078 0.662739
vt 0.574373 0.634757
vt 0.585239 0.642744
vt 0.577283 0.663389
vt 0.554930 0.672169
vt 0.499788 0.731945
vt 0.526656 0.726210
vt 0.532180 0.701848
vt 0.557445 0.721048
vt 0.551539 0.748911
vt 0.583445 0.694352
vt 0.563943 0.689781
vt 0.604018 0.694334
vt 0.578055 0.721439
vt 0.602235 0.721654
vt 0.573723 0.748649
vt 0.595924 0.648172
vt 0.589237 0.669928
vt 0.605738 0.652383
vt 0.604759 0.670047
vt 0.534754 0.688830
vt 0.305700 0.729279
vt 0.303646 0.742836
vt 0.387301 0.648061
vt 0.397929 0.665456
vt 0.367857 0.661865
vt 0.414425 0.650477
vt 0.427700 0.668107
vt 0.442165 0.651585
vt 0.455485 0.670784
vt 0.470038 0.650411
vt 0.542195 0.836554
vt 0.510601 0.842809
vt 0.486283 0.847548
vt 0.558561 0.922546
vt 0.693858 0.734166
vt 0.721534 0.741872
vt 0.391203 0.506018
vt 0.503968 0.587408
vt 0.503716 0.605246
vt 0.694184 0.638572
vt 0.631948 0.753801
vt 0.614730 0.884189
vt 0.526023 0.598355
vt 0.546642 0.589597
vt 0.538583 0.608911
vt 0.582335 0.828343
vt 0.604354 0.842702
vt 0.601575 0.750897
vt 0.569535 0.775842
vt 0.596366 0.779705
vt 0.565775 0.801244
vt 0.563115 0.831901
vt 0.581430 0.844470
vt 0.347472 0.349937
vt 0.424839 0.507415
vt 0.419692 0.507049
vt 0.470520 0.564372
vt 0.464538 0.564330
vt 0.486293 0.877839
vt 0.454625 0.853930
vt 0.424711 0.616550
vt 0.436931 0.616115
vt 0.438382 0.611755
vt 0.448946 0.609870
vt 0.449677 0.614284
vt 0.418019 0.609877
vt 0.428309 0.612426
vt 0.412595 0.613286
vt 0.651574 0.836035
vt 0.630897 0.866386
vt 0.407572 0.539096
vt 0.410948 0.540478
vt 0.403981 0.537743
vt 0.400480 0.546733
vt 0.395654 0.545533
vt 0.409424 0.530179
vt 0.399310 0.537002
vt 0.404949 0.529207
vt 0.400099 0.528267
vt 0.394281 0.536375
vt 0.366932 0.545491
vt 0.375415 0.548148
vt 0.385676 0.543776
vt 0.387812 0.551863
vt 0.391199 0.544519
vt 0.393082 0.554009
vt 0.382232 0.550208
vt 0.388698 0.535084
vt 0.384177 0.532657
vt 0.394511 0.526861
vt 0.382255 0.530281
vt 0.389553 0.524560
vt 0.402493 0.507341
vt 0.406805 0.513702
vt 0.400876 0.513484
vt 0.403834 0.521265
vt 0.397870 0.520351
vt 0.404067 0.548158
vt 0.397392 0.614243
vt 0.397176 0.555733
vt 0.364635 0.560510
vt 0.373401 0.554807
vt 0.373025 0.564016
vt 0.380614 0.558042
vt 0.386500 0.560647
vt 0.379690 0.566893
vt 0.355825 0.565523
vt 0.335527 0.574092
vt 0.339204 0.564424
vt 0.346594 0.569891
vt 0.343465 0.580349
vt 0.355272 0.575143
vt 0.353368 0.585679
vt 0.364133 0.579345
vt 0.364519 0.569972
vt 0.372032 0.573535
vt 0.386128 0.569576
vt 0.391652 0.562937
vt 0.385035 0.583946
vt 0.380494 0.576024
vt 0.388704 0.578023
vt 0.374566 0.582170
vt 0.366102 0.589614
vt 0.380968 0.590601
vt 0.390917 0.590905
vt 0.486016 0.944288
vt 0.406495 0.560117
vt 0.402520 0.568041
vt 0.404572 0.569190
vt 0.403046 0.575378
vt 0.400265 0.574485
vt 0.392841 0.584629
vt 0.394661 0.579132
vt 0.397859 0.596813
vt 0.400143 0.601929
vt 0.404512 0.596157
vt 0.406765 0.600530
vt 0.402892 0.606617
vt 0.402617 0.586002
vt 0.399146 0.580236
vt 0.398297 0.585272
vt 0.397928 0.590987
vt 0.403329 0.591139
vt 0.408295 0.561105
vt 0.414940 0.553668
vt 0.422612 0.546799
vt 0.413034 0.552450
vt 0.282310 0.793611
vt 0.224770 0.768417
vt 0.253449 0.781149
vt 0.432636 0.586392
vt 0.408153 0.507235
vt 0.412311 0.513490
vt 0.418049 0.513753
vt 0.414291 0.521695
vt 0.413962 0.507080
vt 0.453105 0.532815
vt 0.447750 0.532491
vt 0.453670 0.524197
vt 0.448727 0.523797
vt 0.460962 0.525814
vt 0.461573 0.536206
vt 0.150205 0.208582
vt 0.179200 0.179700
vt 0.434794 0.524507
vt 0.420666 0.545133
vt 0.429235 0.540870
vt 0.435627 0.536448
vt 0.427725 0.538880
vt 0.433383 0.537913
vt 0.435329 0.530684
vt 0.438284 0.535037
vt 0.442656 0.533135
vt 0.439000 0.527860
vt 0.443647 0.525290
vt 0.448981 0.516122
vt 0.682470 0.684848
vt 0.465779 0.508376
vt 0.460140 0.516504
vt 0.520871 0.543857
vt 0.507974 0.540858
vt 0.664848 0.809424
vt 0.475791 0.530957
vt 0.485019 0.521538
vt 0.486036 0.534607
vt 0.495275 0.523365
vt 0.496285 0.537888
vt 0.497227 0.553647
vt 0.497183 0.568613
vt 0.487035 0.550450
vt 0.468147 0.528159
vt 0.468814 0.539981
vt 0.485190 0.580700
vt 0.512212 0.615458
vt 0.495711 0.626985
vt 0.486243 0.595702
vt 0.475795 0.603932
vt 0.470728 0.600189
vt 0.494566 0.583914
vt 0.463220 0.610450
vt 0.460155 0.606242
vt 0.448710 0.639029
vt 0.473151 0.635572
vt 0.464242 0.276641
vt 0.424994 0.639420
vt 0.131953 0.361382
vt 0.123608 0.329232
vt 0.142710 0.324133
vt 0.406836 0.487205
vt 0.583738 0.611502
vt 0.571427 0.604578
vt 0.219297 0.122452
vt 0.606080 0.627742
vt 0.616367 0.607430
vt 0.595270 0.619108
vt 0.604574 0.596328
vt 0.612030 0.575872
vt 0.626031 0.587250
vt 0.591800 0.589021
vt 0.578600 0.583288
vt 0.598168 0.567960
vt 0.584257 0.562119
vt 0.558616 0.597383
vt 0.565122 0.576778
vt 0.551808 0.570369
vt 0.569665 0.556946
vt 0.554880 0.552208
vt 0.535451 0.564265
vt 0.537092 0.547546
vt 0.448807 0.508052
vt 0.262672 0.825402
vt 0.432531 0.232672
vt 0.520964 0.528219
vt 0.494552 0.510652
vt 0.279132 0.937235
vt 0.308847 0.922457
vt 0.304231 0.945794
vt 0.414915 0.421525
vt 0.254676 0.930292
vt 0.230748 0.926796
vt 0.098447 0.237819
vt 0.074537 0.274639
vt 0.370102 0.520551
vt 0.369897 0.521250
vt 0.368874 0.520740
vt 0.369137 0.520062
vt 0.361269 0.518143
vt 0.363330 0.518516
vt 0.366266 0.519401
vt 0.316821 0.714580
vt 0.331116 0.704993
vt 0.343742 0.480532
vt 0.179482 0.752048
vt 0.189228 0.784347
vt 0.574606 0.365492
vt 0.233695 0.471675
vt 0.225840 0.484974
vt 0.227962 0.470992
vt 0.370368 0.480981
vt 0.076090 0.032258
vt 0.107751 0.009804
vt 0.095576 0.044482
vt 0.087255 0.319374
vt 0.081481 0.360502
vt 0.072601 0.400797
vt 0.127248 0.203696
vt 0.099727 0.363382
vt 0.105533 0.323419
vt 0.083329 0.437440
vt 0.089246 0.401036
vt 0.095440 0.470318
vt 0.099121 0.436896
vt 0.116134 0.054792
vt 0.124573 0.092866
vt 0.035662 0.404872
vt 0.048905 0.441900
vt 0.029974 0.444543
vt 0.094146 0.278916
vt 0.121378 0.242425
vt 0.113862 0.282968
vt 0.053924 0.275397
vt 0.021882 0.320190
vt 0.016041 0.363467
vt 0.011635 0.407368
vt 0.007707 0.445424
vt 0.036661 0.135198
vt 0.060808 0.154530
vt 0.034340 0.166794
vt 0.061292 0.090888
vt 0.063446 0.062342
vt 0.079442 0.079690
vt 0.051325 0.130815
vt 0.074235 0.116489
vt 0.112619 0.435649
vt 0.026548 0.475351
vt 0.130328 0.023470
vt 0.046228 0.473874
vt 0.062252 0.502170
vt 0.044054 0.502322
vt 0.204394 0.095079
vt 0.211178 0.070800
vt 0.194665 0.120860
vt 0.041515 0.107666
vt 0.049920 0.082587
vt 0.003590 0.475535
vt 0.024176 0.502685
vt 0.000000 0.502859
vt 0.133732 0.288411
vt 0.106284 0.400977
vt 0.115820 0.365854
vt 0.056744 0.110545
vt 0.136765 0.064978
vt 0.151506 0.039154
vt 0.157414 0.073444
vt 0.093193 0.500340
vt 0.078102 0.501720
vt 0.033243 0.239484
vt 0.030422 0.279026
vt 0.152660 0.288751
vt 0.180269 0.247056
vt 0.121464 0.399356
vt 0.160130 0.319440
vt 0.367823 0.480128
vt 0.366488 0.482202
vt 0.277561 0.351172
vt 0.277035 0.324768
vt 0.294263 0.336370
vt 0.297777 0.311860
vt 0.225833 0.432251
vt 0.210209 0.450500
vt 0.214570 0.432581
vt 0.205975 0.499786
vt 0.213167 0.483855
vt 0.213111 0.499632
vt 0.243716 0.439004
vt 0.226121 0.453667
vt 0.235016 0.434824
vt 0.197089 0.483043
vt 0.207679 0.467836
vt 0.206107 0.483179
vt 0.200303 0.451305
vt 0.222274 0.367952
vt 0.232257 0.388303
vt 0.214604 0.392904
vt 0.239150 0.340155
vt 0.240220 0.366988
vt 0.288142 0.296920
vt 0.263104 0.314751
vt 0.231349 0.485160
vt 0.255753 0.344931
vt 0.205600 0.415517
vt 0.202431 0.435478
vt 0.250946 0.442636
vt 0.309930 0.411444
vt 0.328408 0.415515
vt 0.317910 0.402167
vt 0.338660 0.408211
vt 0.189091 0.483435
vt 0.198315 0.467665
vt 0.189560 0.469012
vt 0.201384 0.372267
vt 0.191732 0.400534
vt 0.251362 0.304925
vt 0.220927 0.337030
vt 0.188632 0.423090
vt 0.278885 0.284913
vt 0.200611 0.334820
vt 0.166547 0.436971
vt 0.219038 0.499537
vt 0.225422 0.499456
vt 0.175238 0.472972
vt 0.189683 0.453999
vt 0.172459 0.463413
vt 0.188530 0.440074
vt 0.226206 0.408808
vt 0.160221 0.483154
vt 0.169678 0.500164
vt 0.159783 0.499574
vt 0.151985 0.499135
vt 0.221424 0.469373
vt 0.215196 0.468315
vt 0.154304 0.475614
vt 0.169339 0.451738
vt 0.256447 0.426424
vt 0.250141 0.418680
vt 0.218742 0.451605
vt 0.271700 0.420214
vt 0.290058 0.408971
vt 0.271246 0.398191
vt 0.295295 0.397834
vt 0.269777 0.410503
vt 0.303881 0.385769
vt 0.328774 0.393137
vt 0.277851 0.382748
vt 0.288314 0.368448
vt 0.312198 0.375582
vt 0.253828 0.384625
vt 0.262673 0.367179
vt 0.240294 0.456513
vt 0.345492 0.376902
vt 0.337212 0.384469
vt 0.171321 0.484109
vt 0.219843 0.484378
vt 0.188454 0.500178
vt 0.432643 0.443011
vt 0.434690 0.476680
vt 0.299385 0.358234
vt 0.233723 0.456010
vt 0.197815 0.500018
vt 0.322505 0.366658
vt 0.244679 0.406806
vt 0.112311 0.562977
vt 0.106031 0.599306
vt 0.098832 0.563016
vt 0.141723 0.754319
vt 0.169803 0.785498
vt 0.149521 0.791847
vt 0.178710 0.820064
vt 0.156423 0.825217
vt 0.163631 0.856499
vt 0.194570 0.878785
vt 0.170060 0.884010
vt 0.131415 0.638421
vt 0.123354 0.671161
vt 0.115554 0.634624
vt 0.141757 0.675497
vt 0.133137 0.712282
vt 0.187403 0.850559
vt 0.180361 0.910919
vt 0.204599 0.904051
vt 0.066877 0.564277
vt 0.080146 0.531530
vt 0.083264 0.564583
vt 0.061675 0.645670
vt 0.047343 0.685833
vt 0.041263 0.643399
vt 0.054511 0.601761
vt 0.035582 0.599464
vt 0.053842 0.768462
vt 0.031698 0.800088
vt 0.033634 0.763811
vt 0.061380 0.909985
vt 0.041680 0.893628
vt 0.056557 0.890538
vt 0.101946 0.805421
vt 0.087081 0.843893
vt 0.078199 0.809114
vt 0.103940 0.913349
vt 0.118054 0.876161
vt 0.125691 0.909231
vt 0.075251 0.768294
vt 0.098705 0.764442
vt 0.074501 0.728389
vt 0.093861 0.724091
vt 0.068609 0.689190
vt 0.096445 0.877821
vt 0.110600 0.842108
vt 0.133572 0.832232
vt 0.140474 0.864733
vt 0.172731 0.946947
vt 0.158185 0.925609
vt 0.117246 0.945436
vt 0.137656 0.935570
vt 0.147839 0.896987
vt 0.053822 0.727968
vt 0.105468 0.678758
vt 0.055787 0.805920
vt 0.096392 0.955942
vt 0.064473 0.940047
vt 0.080010 0.921522
vt 0.077504 0.969311
vt 0.109537 0.990193
vt 0.088222 1.000000
vt 0.087152 0.684028
vt 0.072518 0.602448
vt 0.048898 0.561955
vt 0.127361 0.797494
vt 0.121162 0.759395
vt 0.099722 0.638499
vt 0.089244 0.601037
vt 0.095208 0.530530
vt 0.113683 0.719438
vt 0.159848 0.747679
vt 0.151900 0.710533
vt 0.081331 0.642663
vt 0.121053 0.599911
vt 0.051535 0.871127
vt 0.021244 0.684182
vt 0.015613 0.640956
vt 0.011629 0.597188
vt 0.029964 0.559894
vt 0.030064 0.725091
vt 0.037003 0.866693
vt 0.061021 0.847483
vt 0.074641 0.885338
vt 0.035076 0.835627
vt 0.131981 0.976468
vt 0.107551 0.529900
vt 0.063698 0.531267
vt 0.046187 0.530346
vt 0.026535 0.529535
vt 0.007418 0.559567
vt 0.003896 0.529534
vt 0.193087 0.934594
vt 0.153493 0.961660
vt 0.117870 0.530823
vt 0.211820 0.928011
vt 0.367616 0.521457
vt 0.367618 0.519766
vt 0.297925 0.689393
vt 0.294326 0.664711
vt 0.313670 0.675690
vt 0.277223 0.676148
vt 0.277641 0.649664
vt 0.255904 0.655775
vt 0.262839 0.633481
vt 0.240262 0.633390
vt 0.253945 0.615759
vt 0.226071 0.567621
vt 0.210464 0.549293
vt 0.219023 0.548153
vt 0.207928 0.532014
vt 0.215427 0.531412
vt 0.206247 0.516587
vt 0.213255 0.515681
vt 0.225798 0.514350
vt 0.228081 0.528451
vt 0.219853 0.514927
vt 0.233992 0.543496
vt 0.221596 0.530161
vt 0.244048 0.560797
vt 0.226402 0.545942
vt 0.256777 0.573731
vt 0.235297 0.564997
vt 0.197207 0.516664
vt 0.198475 0.532067
vt 0.200476 0.548397
vt 0.214820 0.567224
vt 0.202765 0.564393
vt 0.205611 0.584059
vt 0.226396 0.591053
vt 0.214716 0.607021
vt 0.232388 0.611918
vt 0.222309 0.632086
vt 0.239284 0.660125
vt 0.263273 0.685836
vt 0.288367 0.703961
vt 0.313545 0.698436
vt 0.231269 0.514016
vt 0.240492 0.542936
vt 0.245572 0.539613
vt 0.251168 0.557083
vt 0.289311 0.573118
vt 0.303124 0.572077
vt 0.309751 0.589224
vt 0.321451 0.577679
vt 0.328144 0.585134
vt 0.317696 0.598604
vt 0.338334 0.592570
vt 0.316783 0.570116
vt 0.189175 0.516337
vt 0.189691 0.530822
vt 0.189710 0.545459
vt 0.188549 0.559438
vt 0.188674 0.576493
vt 0.191578 0.598938
vt 0.201208 0.627367
vt 0.220916 0.662697
vt 0.251414 0.695044
vt 0.278842 0.715223
vt 0.166352 0.562224
vt 0.169316 0.547623
vt 0.172509 0.536070
vt 0.175243 0.526465
vt 0.171386 0.515640
vt 0.160147 0.515781
vt 0.154170 0.523019
vt 0.148648 0.529807
vt 0.271917 0.580109
vt 0.250419 0.581457
vt 0.290034 0.591619
vt 0.271345 0.602236
vt 0.269919 0.589901
vt 0.262574 0.566514
vt 0.275520 0.571964
vt 0.288401 0.581554
vt 0.305247 0.580276
vt 0.295219 0.602846
vt 0.277968 0.617843
vt 0.303804 0.615118
vt 0.328535 0.607799
vt 0.353954 0.599639
vt 0.288399 0.632385
vt 0.312105 0.625435
vt 0.336948 0.616618
vt 0.345162 0.624318
vt 0.322343 0.634537
vt 0.299384 0.642788
vt 0.244795 0.593320
vt 0.312467 0.653938
vt 0.353689 0.631502
vt 0.332367 0.642197
vt 0.365548 0.639583
vt 0.347061 0.651574
vt 0.327149 0.664452
vt 0.330417 0.687164
vt 0.230788 0.499531
vt 0.233781 0.527623
vt 0.428974 0.230007
vt 0.423473 0.229916
vt 0.400977 0.487495
vt 0.449707 0.412761
vt 0.357767 0.229587
vt 0.254334 0.489720
vt 0.402529 0.493327
vt 0.306154 0.755829
vt 0.340859 0.546249
vt 0.331218 0.548868
vt 0.414543 0.579653
vt 0.425955 0.581709
vt 0.343002 0.554265
vt 0.402512 0.581028
vt 0.347219 0.538071
vt 0.384280 0.487885
vt 0.355532 0.507541
vt 0.357759 0.506098
vt 0.358937 0.513634
vt 0.349518 0.528272
vt 0.345122 0.529707
vt 0.371852 0.502935
vt 0.376157 0.500570
vt 0.376574 0.503512
vt 0.364088 0.967216
vt 0.334372 0.956939
vt 0.386237 0.973026
vt 0.384170 0.504765
vt 0.386952 0.505169
vt 0.712205 0.630963
vt 0.286822 0.454324
vt 0.436585 0.508836
vt 0.363560 0.503293
vt 0.322282 0.499802
vt 0.685924 0.857874
vt 0.661206 0.892306
vt 0.641565 0.912900
vt 0.350368 0.500472
vt 0.349813 0.509579
vt 0.378785 0.500464
vt 0.379046 0.503916
vt 0.381278 0.500352
vt 0.381285 0.504276
vt 0.711999 0.796672
vt 0.701071 0.828157
vt 0.490645 0.979253
vt 0.449723 0.981110
vt 0.524961 0.973206
vt 0.609999 0.937559
vt 0.573298 0.957263
vt 0.254081 0.068456
vt 0.413908 0.978085
vt 0.264966 0.507185
vt 0.262281 0.499642
vt 0.253170 0.499515
vt 0.396240 0.506754
vt 0.697084 0.578273
vt 0.432454 0.533839
vt 0.409194 0.521356
vt 0.354140 0.369828
vt 0.364614 0.507193
vt 0.346278 0.470963
vt 0.712393 0.368470
vt 0.489762 0.019722
vt 0.524086 0.025786
vt 0.363584 0.500635
vt 0.660662 0.106422
vt 0.348337 0.500400
vt 0.363341 0.031589
vt 0.358460 0.488276
vt 0.476768 0.546204
vt 0.466839 0.517519
vt 0.442318 0.561691
vt 0.413064 0.020891
vt 0.333712 0.041813
vt 0.572509 0.041604
vt 0.640962 0.085811
vt 0.448853 0.017888
vt 0.453937 0.451097
vt 0.395819 0.422256
vt 0.479268 0.592261
vt 0.425483 0.536045
vt 0.722678 0.715656
vt 0.351039 0.518339
vt 0.352628 0.508473
vt 0.353140 0.500524
vt 0.293110 0.555011
vt 0.350263 0.491342
vt 0.345964 0.490733
vt 0.435568 0.430364
vt 0.445435 0.431776
vt 0.434963 0.571312
vt 0.444893 0.570144
vt 0.430147 0.585827
vt 0.747280 0.848302
vt 0.746877 0.842339
vt 0.750035 0.846599
vt 0.752858 0.850395
vt 0.749384 0.852555
vt 0.742702 0.838602
vt 0.744978 0.843512
vt 0.755918 0.847695
vt 0.744518 0.837246
vt 0.748550 0.840854
vt 0.752460 0.844450
vt 0.758447 0.844528
vt 0.745225 0.836373
vt 0.749928 0.839131
vt 0.754473 0.841937
vt 0.755982 0.839170
vt 0.760357 0.841036
vt 0.750960 0.837224
vt 0.761551 0.837330
vt 0.746091 0.834369
vt 0.751625 0.835204
vt 0.756928 0.836237
vt 0.757283 0.833260
vt 0.761995 0.833575
vt 0.746211 0.833323
vt 0.751868 0.833152
vt 0.757040 0.830348
vt 0.761686 0.829907
vt 0.746126 0.832299
vt 0.751694 0.831144
vt 0.760629 0.826458
vt 0.751114 0.829266
vt 0.756191 0.827613
vt 0.758840 0.823382
vt 0.745331 0.830476
vt 0.750141 0.827581
vt 0.754779 0.825163
vt 0.756417 0.820776
vt 0.748812 0.826155
vt 0.752857 0.823105
vt 0.722678 0.520012
vt 0.727122 0.521521
vt 0.724813 0.524010
vt 0.743831 0.829181
vt 0.747195 0.825046
vt 0.750497 0.821489
vt 0.726198 0.515627
vt 0.729251 0.518479
vt 0.745326 0.824296
vt 0.747797 0.820395
vt 0.731109 0.515003
vt 0.741842 0.828616
vt 0.743301 0.823931
vt 0.724133 0.510508
vt 0.727669 0.512873
vt 0.728873 0.509878
vt 0.732631 0.511230
vt 0.741189 0.823970
vt 0.729769 0.506769
vt 0.733751 0.507314
vt 0.739685 0.828859
vt 0.739062 0.824407
vt 0.725576 0.506309
vt 0.730314 0.503662
vt 0.734445 0.503389
vt 0.737015 0.825231
vt 0.734657 0.499618
vt 0.737678 0.829884
vt 0.735120 0.826419
vt 0.726078 0.502105
vt 0.730493 0.500666
vt 0.734405 0.496142
vt 0.733459 0.827901
vt 0.730289 0.497911
vt 0.733686 0.493076
vt 0.736122 0.831529
vt 0.732076 0.829632
vt 0.730547 0.825631
vt 0.728541 0.828143
vt 0.728880 0.606689
vt 0.725224 0.602019
vt 0.728906 0.603119
vt 0.731033 0.831535
vt 0.727024 0.830911
vt 0.728578 0.599270
vt 0.735252 0.833527
vt 0.730377 0.833555
vt 0.726067 0.833842
vt 0.724434 0.595809
vt 0.727914 0.595286
vt 0.730123 0.835605
vt 0.725715 0.836821
vt 0.723670 0.592671
vt 0.726944 0.591327
vt 0.735208 0.835597
vt 0.730289 0.837611
vt 0.725955 0.839729
vt 0.722678 0.589662
vt 0.725703 0.587535
vt 0.730874 0.839487
vt 0.726799 0.842460
vt 0.723550 0.845185
vt 0.728205 0.844911
vt 0.725326 0.848269
vt 0.735999 0.837416
vt 0.731838 0.841175
vt 0.727753 0.850869
vt 0.733165 0.842598
vt 0.730130 0.846971
vt 0.730720 0.852897
vt 0.737501 0.838704
vt 0.734787 0.843706
vt 0.732475 0.848584
vt 0.735187 0.849671
vt 0.734129 0.854272
vt 0.736650 0.844448
vt 0.737854 0.854928
vt 0.739483 0.839271
vt 0.738675 0.844814
vt 0.738133 0.850191
vt 0.741210 0.850129
vt 0.741739 0.854852
vt 0.740796 0.844767
vt 0.744297 0.849497
vt 0.745626 0.854046
vt 0.740561 0.839242
vt 0.742922 0.844336
vt 0.740565 0.833791
vt 0.743671 0.838004
vt 0.745750 0.835392
vt 0.745830 0.831339
vt 0.744651 0.829756
vt 0.742879 0.828809
vt 0.740764 0.828640
vt 0.738640 0.829282
vt 0.736826 0.830651
vt 0.735591 0.832504
vt 0.735129 0.834572
vt 0.735503 0.836553
vt 0.736674 0.838135
vt 0.738449 0.839080
vt 0.741647 0.839026
vt 0.773436 0.796668
vt 0.781764 0.789381
vt 0.779994 0.797334
vt 0.774696 0.769331
vt 0.782748 0.782153
vt 0.775007 0.781381
vt 0.765738 0.881918
vt 0.769689 0.872975
vt 0.773040 0.877409
vt 0.759271 0.871131
vt 0.760664 0.860902
vt 0.765457 0.867305
vt 0.769838 0.811707
vt 0.770427 0.818209
vt 0.767410 0.817910
vt 0.777434 0.805083
vt 0.771868 0.804519
vt 0.774486 0.788647
vt 0.781508 0.758614
vt 0.782571 0.770130
vt 0.762823 0.877216
vt 0.751590 0.856899
vt 0.755410 0.864150
vt 0.789652 0.190400
vt 0.782726 0.191372
vt 0.783273 0.189769
vt 0.774218 0.812155
vt 0.775750 0.867614
vt 0.755772 0.854316
vt 0.765307 0.856801
vt 0.786940 0.196475
vt 0.781892 0.192863
vt 0.778100 0.812869
vt 0.788235 0.790577
vt 0.785816 0.798410
vt 0.789608 0.783418
vt 0.779464 0.871728
vt 0.770912 0.862480
vt 0.773107 0.818705
vt 0.782392 0.805995
vt 0.788368 0.759887
vt 0.789562 0.771428
vt 0.780756 0.861354
vt 0.762496 0.847264
vt 0.769145 0.852009
vt 0.780818 0.194190
vt 0.770358 0.416796
vt 0.778843 0.411098
vt 0.778191 0.414842
vt 0.762114 0.417633
vt 0.755036 0.411172
vt 0.763096 0.412034
vt 0.735339 0.412191
vt 0.747883 0.409727
vt 0.746719 0.416327
vt 0.784767 0.865086
vt 0.775414 0.856851
vt 0.785697 0.409244
vt 0.785250 0.411815
vt 0.771185 0.412032
vt 0.753937 0.417398
vt 0.725888 0.400444
vt 0.736518 0.405455
vt 0.778796 0.850629
vt 0.784512 0.854435
vt 0.772022 0.846715
vt 0.782344 0.201239
vt 0.779550 0.195289
vt 0.772542 0.406742
vt 0.779904 0.406938
vt 0.764681 0.405815
vt 0.749766 0.402381
vt 0.788765 0.857733
vt 0.786431 0.406372
vt 0.756804 0.404258
vt 0.727764 0.393093
vt 0.738431 0.397969
vt 0.786887 0.847123
vt 0.766227 0.838604
vt 0.773837 0.841116
vt 0.778125 0.196138
vt 0.774355 0.401123
vt 0.781333 0.402524
vt 0.766818 0.399211
vt 0.740994 0.390024
vt 0.752281 0.394585
vt 0.725049 0.382520
vt 0.730282 0.385300
vt 0.780928 0.844045
vt 0.787414 0.403327
vt 0.759169 0.396919
vt 0.781733 0.837362
vt 0.787780 0.839695
vt 0.774513 0.835427
vt 0.776574 0.203967
vt 0.776603 0.196678
vt 0.776570 0.395393
vt 0.783072 0.398022
vt 0.769414 0.392475
vt 0.755334 0.386641
vt 0.727942 0.375036
vt 0.733351 0.377361
vt 0.788610 0.400236
vt 0.762052 0.389433
vt 0.744122 0.381910
vt 0.725647 0.366138
vt 0.731237 0.367689
vt 0.766387 0.829681
vt 0.774042 0.829862
vt 0.775045 0.196924
vt 0.779090 0.389780
vt 0.785052 0.393613
vt 0.772378 0.385864
vt 0.758829 0.378848
vt 0.736842 0.369567
vt 0.781176 0.830823
vt 0.789975 0.397191
vt 0.765342 0.382090
vt 0.747681 0.373970
vt 0.728866 0.359910
vt 0.734804 0.360772
vt 0.765104 0.825543
vt 0.772423 0.824663
vt 0.773512 0.204428
vt 0.773506 0.196828
vt 0.787194 0.389451
vt 0.775589 0.379640
vt 0.751540 0.366484
vt 0.762628 0.371508
vt 0.740631 0.362221
vt 0.779283 0.824692
vt 0.767024 0.210663
vt 0.770497 0.204242
vt 0.781820 0.384487
vt 0.768910 0.375173
vt 0.738516 0.354551
vt 0.769731 0.819996
vt 0.772044 0.196422
vt 0.784655 0.379733
vt 0.789429 0.385710
vt 0.772619 0.368953
vt 0.778929 0.374043
vt 0.766560 0.364893
vt 0.744579 0.355612
vt 0.729592 0.546140
vt 0.728654 0.537453
vt 0.733881 0.544120
vt 0.767637 0.203443
vt 0.755563 0.359746
vt 0.744389 0.546016
vt 0.739628 0.549682
vt 0.724431 0.530279
vt 0.732298 0.534656
vt 0.765045 0.202031
vt 0.770731 0.195692
vt 0.791652 0.382533
vt 0.776332 0.363660
vt 0.782270 0.369273
vt 0.770495 0.359275
vt 0.745143 0.553750
vt 0.750200 0.549869
vt 0.738169 0.540823
vt 0.759115 0.207445
vt 0.787496 0.375677
vt 0.748521 0.349995
vt 0.759577 0.354018
vt 0.748956 0.541088
vt 0.730101 0.525065
vt 0.735799 0.530888
vt 0.769591 0.194705
vt 0.753170 0.211736
vt 0.755881 0.204616
vt 0.779900 0.359501
vt 0.785479 0.365534
vt 0.774285 0.354870
vt 0.755044 0.544635
vt 0.742281 0.536389
vt 0.762819 0.200084
vt 0.790222 0.372482
vt 0.760268 0.553836
vt 0.765219 0.548491
vt 0.746064 0.530977
vt 0.753158 0.535074
vt 0.739011 0.526283
vt 0.761046 0.197657
vt 0.768698 0.193466
vt 0.749047 0.208134
vt 0.753300 0.201103
vt 0.736925 0.211736
vt 0.738774 0.205266
vt 0.742628 0.210523
vt 0.779464 0.544792
vt 0.775000 0.551183
vt 0.759503 0.538243
vt 0.745772 0.203664
vt 0.777773 0.351830
vt 0.783182 0.356640
vt 0.769766 0.541975
vt 0.756834 0.528208
vt 0.734888 0.517228
vt 0.741831 0.521026
vt 0.768051 0.192047
vt 0.751485 0.197038
vt 0.729624 0.199145
vt 0.736058 0.199191
vt 0.773745 0.534547
vt 0.783366 0.537500
vt 0.763412 0.530951
vt 0.749366 0.524797
vt 0.759787 0.194859
vt 0.743459 0.198495
vt 0.787796 0.538370
vt 0.784120 0.545234
vt 0.752074 0.518087
vt 0.759844 0.520747
vt 0.744124 0.515309
vt 0.759111 0.191798
vt 0.767703 0.190481
vt 0.742204 0.192825
vt 0.750497 0.192583
vt 0.734571 0.192534
vt 0.786549 0.529590
vt 0.766606 0.523043
vt 0.790798 0.530909
vt 0.776998 0.526468
vt 0.754075 0.511091
vt 0.762070 0.512974
vt 0.738065 0.507980
vt 0.745828 0.509360
vt 0.767654 0.188843
vt 0.742045 0.186878
vt 0.750375 0.187918
vt 0.727965 0.191740
vt 0.734378 0.185538
vt 0.788908 0.521353
vt 0.768963 0.514805
vt 0.759019 0.188579
vt 0.722679 0.182415
vt 0.727755 0.183965
vt 0.779399 0.518075
vt 0.755299 0.504101
vt 0.763420 0.505216
vt 0.738893 0.503262
vt 0.746866 0.503422
vt 0.767915 0.187186
vt 0.751103 0.183207
vt 0.735481 0.178490
vt 0.780857 0.509678
vt 0.790350 0.513106
vt 0.770392 0.506551
vt 0.759535 0.185336
vt 0.742981 0.180893
vt 0.723995 0.174097
vt 0.728983 0.176141
vt 0.763850 0.497746
vt 0.747193 0.497712
vt 0.760620 0.182185
vt 0.768471 0.185582
vt 0.744999 0.175079
vt 0.752693 0.178644
vt 0.731611 0.168547
vt 0.737852 0.171649
vt 0.790798 0.505171
vt 0.770853 0.498617
vt 0.755684 0.497369
vt 0.781327 0.501579
vt 0.763340 0.490848
vt 0.739155 0.498722
vt 0.746806 0.492435
vt 0.762250 0.179262
vt 0.769304 0.184086
vt 0.755051 0.174394
vt 0.735540 0.161469
vt 0.741390 0.165281
vt 0.790258 0.497852
vt 0.770314 0.491300
vt 0.755224 0.491164
vt 0.748001 0.169663
vt 0.726783 0.166029
vt 0.780776 0.494119
vt 0.747984 0.617865
vt 0.756832 0.612941
vt 0.756091 0.619178
vt 0.737981 0.490858
vt 0.745717 0.487801
vt 0.770376 0.182765
vt 0.758103 0.170613
vt 0.740620 0.155205
vt 0.745961 0.159639
vt 0.774790 0.617451
vt 0.786375 0.607689
vt 0.785584 0.614297
vt 0.764081 0.612850
vt 0.763296 0.619459
vt 0.753935 0.485727
vt 0.764344 0.176667
vt 0.751884 0.164857
vt 0.736342 0.151876
vt 0.775593 0.610713
vt 0.748652 0.612255
vt 0.756887 0.605882
vt 0.732941 0.608373
vt 0.740483 0.605297
vt 0.740441 0.610699
vt 0.766847 0.174491
vt 0.771655 0.181662
vt 0.756491 0.160856
vt 0.761725 0.167463
vt 0.746648 0.149973
vt 0.751377 0.154932
vt 0.786434 0.600190
vt 0.764135 0.605351
vt 0.748708 0.605905
vt 0.742749 0.146320
vt 0.775656 0.603081
vt 0.756252 0.598272
vt 0.732585 0.599462
vt 0.739997 0.599469
vt 0.773070 0.180810
vt 0.765783 0.165064
vt 0.753388 0.145986
vt 0.757443 0.151351
vt 0.774968 0.594843
vt 0.785762 0.592109
vt 0.763466 0.597263
vt 0.748129 0.599062
vt 0.769643 0.172831
vt 0.761650 0.157801
vt 0.746961 0.591975
vt 0.754954 0.590391
vt 0.738994 0.593435
vt 0.772619 0.171761
vt 0.774594 0.180271
vt 0.767166 0.155818
vt 0.770112 0.163510
vt 0.763919 0.149012
vt 0.773558 0.586310
vt 0.784376 0.583753
vt 0.762091 0.588906
vt 0.789542 0.582394
vt 0.790847 0.590269
vt 0.745234 0.584910
vt 0.753040 0.582548
vt 0.730622 0.589912
vt 0.737525 0.587438
vt 0.776150 0.180029
vt 0.772825 0.154977
vt 0.774549 0.162851
vt 0.760590 0.143385
vt 0.770574 0.148013
vt 0.771482 0.577834
vt 0.782345 0.575437
vt 0.760055 0.580592
vt 0.775684 0.171299
vt 0.787627 0.574556
vt 0.743026 0.578161
vt 0.750583 0.575052
vt 0.729128 0.585354
vt 0.735645 0.581699
vt 0.778695 0.171492
vt 0.777688 0.180129
vt 0.778932 0.163098
vt 0.767976 0.142272
vt 0.777127 0.148396
vt 0.768817 0.569723
vt 0.779743 0.567479
vt 0.757437 0.572631
vt 0.778390 0.155308
vt 0.785171 0.567061
vt 0.747683 0.568182
vt 0.733421 0.576445
vt 0.779150 0.180533
vt 0.783672 0.156800
vt 0.783083 0.164285
vt 0.782162 0.144660
vt 0.783340 0.150156
vt 0.776651 0.560181
vt 0.754363 0.565332
vt 0.740407 0.571980
vt 0.781555 0.172286
vt 0.782268 0.560193
vt 0.765682 0.562282
vt 0.744438 0.562207
vt 0.727360 0.581178
vt 0.730939 0.571868
vt 0.784148 0.173699
vt 0.780465 0.181257
vt 0.786842 0.166323
vt 0.729070 0.803635
vt 0.730032 0.794150
vt 0.733434 0.801622
vt 0.762183 0.555815
vt 0.773215 0.553836
vt 0.750929 0.558986
vt 0.737487 0.566595
vt 0.737845 0.808727
vt 0.734145 0.810440
vt 0.722678 0.789584
vt 0.725190 0.796384
vt 0.740984 0.557348
vt 0.722678 0.861605
vt 0.729164 0.857321
vt 0.727171 0.864683
vt 0.781606 0.182244
vt 0.746709 0.813836
vt 0.743106 0.815018
vt 0.736043 0.792195
vt 0.738842 0.799862
vt 0.727811 0.787212
vt 0.733054 0.773175
vt 0.734187 0.785143
vt 0.747262 0.553836
vt 0.728304 0.568140
vt 0.734383 0.562224
vt 0.786373 0.175645
vt 0.742440 0.807221
vt 0.726563 0.763690
vt 0.726551 0.775298
vt 0.725938 0.877899
vt 0.732135 0.874189
vt 0.732682 0.880607
vt 0.732324 0.866758
vt 0.788145 0.178072
vt 0.782504 0.183484
vt 0.747755 0.805996
vt 0.750885 0.812870
vt 0.742982 0.790589
vt 0.745082 0.798411
vt 0.741565 0.783438
vt 0.734107 0.755678
vt 0.740319 0.759898
vt 0.732938 0.761605
vt 0.726074 0.871746
vt 0.790075 0.169145
vt 0.740581 0.771436
vt 0.740025 0.881918
vt 0.733267 0.858968
vt 0.737951 0.867759
vt 0.783143 0.184909
vt 0.755468 0.812151
vt 0.750600 0.789393
vt 0.751934 0.797343
vt 0.748818 0.770139
vt 0.749658 0.782164
vt 0.748667 0.752874
vt 0.748410 0.758626
vt 0.738741 0.875364
vt 0.754359 0.818705
vt 0.757522 0.818208
vt 0.753582 0.805080
vt 0.745650 0.875235
vt 0.747692 0.881781
vt 0.737733 0.859765
vt 0.743830 0.867642
vt 0.790080 0.183939
vt 0.783493 0.186469
vt 0.759702 0.804516
vt 0.760285 0.811709
vt 0.759124 0.796672
vt 0.758129 0.781374
vt 0.756659 0.752139
vt 0.756885 0.757849
vt 0.760828 0.817908
vt 0.758589 0.788650
vt 0.757479 0.769340
vt 0.752579 0.873807
vt 0.755399 0.880189
vt 0.747072 0.858709
vt 0.749727 0.866422
vt 0.783539 0.188113
vt 0.765881 0.804331
vt 0.765129 0.811563
vt 0.766387 0.796451
vt 0.766699 0.781108
vt 0.765453 0.757573
vt 0.764164 0.817801
vt 0.766663 0.788399
vt 0.766213 0.769066
vt 0.775934 0.188693
vt 0.764736 0.751889
vt 0.773769 0.757827
vt 0.742394 0.859668
vt 0.725594 0.854876
vt 0.722685 0.851750
vt 0.724231 0.584059
vt 0.731784 0.594674
vt 0.738844 0.494538
vt 0.736711 0.512692
vt 0.727318 0.528052
vt 0.762964 0.821836
vt 0.766760 0.834097
vt 0.759448 0.851059
vt 0.747278 0.911537
vt 0.746867 0.905571
vt 0.750031 0.909836
vt 0.752856 0.913633
vt 0.749387 0.915790
vt 0.744973 0.906745
vt 0.743658 0.901237
vt 0.755912 0.910932
vt 0.748539 0.904086
vt 0.752452 0.907684
vt 0.758441 0.907762
vt 0.745212 0.899605
vt 0.749918 0.902365
vt 0.754462 0.905173
vt 0.755972 0.902399
vt 0.760341 0.904260
vt 0.750952 0.900454
vt 0.761538 0.900553
vt 0.746081 0.897597
vt 0.751611 0.898428
vt 0.756916 0.899464
vt 0.757271 0.896480
vt 0.761984 0.896796
vt 0.751853 0.896381
vt 0.757028 0.893572
vt 0.761672 0.893125
vt 0.746115 0.895528
vt 0.751683 0.894371
vt 0.756180 0.890838
vt 0.760615 0.889677
vt 0.751102 0.892489
vt 0.754766 0.888384
vt 0.758825 0.886597
vt 0.745321 0.893707
vt 0.750128 0.890806
vt 0.756399 0.883996
vt 0.748805 0.889383
vt 0.752840 0.886324
vt 0.722679 0.451915
vt 0.727117 0.453426
vt 0.724805 0.455912
vt 0.744643 0.892984
vt 0.747182 0.888272
vt 0.750485 0.884716
vt 0.726199 0.447533
vt 0.729250 0.450383
vt 0.743819 0.892415
vt 0.745312 0.887532
vt 0.747784 0.883627
vt 0.731107 0.446906
vt 0.741833 0.891854
vt 0.743291 0.887173
vt 0.724142 0.442414
vt 0.727671 0.444781
vt 0.728881 0.441783
vt 0.732634 0.443137
vt 0.741180 0.887215
vt 0.729775 0.438673
vt 0.733752 0.439217
vt 0.740756 0.891883
vt 0.739050 0.887654
vt 0.725591 0.438212
vt 0.730319 0.435560
vt 0.734446 0.435287
vt 0.738629 0.892522
vt 0.737001 0.888479
vt 0.734654 0.431514
vt 0.735099 0.889654
vt 0.726085 0.434001
vt 0.730494 0.432563
vt 0.734403 0.428035
vt 0.736807 0.893888
vt 0.733436 0.891141
vt 0.730286 0.429804
vt 0.733684 0.424975
vt 0.736101 0.894762
vt 0.732052 0.892866
vt 0.730523 0.888871
vt 0.728518 0.891379
vt 0.728862 0.672318
vt 0.725210 0.667656
vt 0.728894 0.668748
vt 0.731018 0.894771
vt 0.727011 0.894150
vt 0.728571 0.664898
vt 0.735241 0.896763
vt 0.730365 0.896794
vt 0.726059 0.897088
vt 0.724432 0.661447
vt 0.727913 0.660919
vt 0.730116 0.898844
vt 0.725711 0.900062
vt 0.723668 0.658304
vt 0.726947 0.656958
vt 0.735202 0.898835
vt 0.730286 0.900854
vt 0.725954 0.902974
vt 0.725705 0.653166
vt 0.730872 0.902730
vt 0.726800 0.905704
vt 0.725337 0.911512
vt 0.723558 0.908433
vt 0.735995 0.900655
vt 0.731839 0.904417
vt 0.728212 0.908153
vt 0.727761 0.914110
vt 0.733165 0.905837
vt 0.730132 0.910208
vt 0.730728 0.916141
vt 0.737500 0.901944
vt 0.734790 0.906941
vt 0.732484 0.911824
vt 0.735190 0.912908
vt 0.734135 0.917514
vt 0.736653 0.907689
vt 0.737859 0.918170
vt 0.739483 0.902506
vt 0.738681 0.908053
vt 0.738138 0.913426
vt 0.741215 0.913364
vt 0.741747 0.918088
vt 0.740800 0.908003
vt 0.744297 0.912731
vt 0.745630 0.917282
vt 0.741647 0.902254
vt 0.742916 0.907566
vt 0.742690 0.901836
vt 0.740546 0.897027
vt 0.744506 0.900483
vt 0.745739 0.898626
vt 0.746195 0.896552
vt 0.745817 0.894567
vt 0.742870 0.892044
vt 0.739675 0.892102
vt 0.737654 0.893127
vt 0.735576 0.895737
vt 0.735118 0.897812
vt 0.735499 0.899795
vt 0.736674 0.901372
vt 0.738446 0.902317
vt 0.740559 0.902477
vt 0.773442 0.729848
vt 0.781769 0.722560
vt 0.779997 0.730514
vt 0.774695 0.702506
vt 0.782759 0.715328
vt 0.775017 0.714559
vt 0.765750 0.945170
vt 0.769698 0.936220
vt 0.773048 0.940653
vt 0.759281 0.934379
vt 0.760665 0.924141
vt 0.765460 0.930546
vt 0.767405 0.751084
vt 0.774213 0.745337
vt 0.770425 0.751390
vt 0.777437 0.738262
vt 0.771872 0.737697
vt 0.774492 0.721825
vt 0.781529 0.691795
vt 0.782583 0.703303
vt 0.762835 0.940466
vt 0.751597 0.920138
vt 0.755418 0.927396
vt 0.783259 0.259419
vt 0.788551 0.263199
vt 0.782703 0.261027
vt 0.769836 0.744883
vt 0.775755 0.930850
vt 0.755767 0.917549
vt 0.765303 0.920034
vt 0.786921 0.266130
vt 0.781873 0.262518
vt 0.778101 0.746051
vt 0.788245 0.723755
vt 0.785822 0.731588
vt 0.789572 0.704600
vt 0.789621 0.716596
vt 0.779470 0.934963
vt 0.770915 0.925716
vt 0.773105 0.751889
vt 0.782392 0.739173
vt 0.780756 0.924585
vt 0.762484 0.910490
vt 0.769140 0.915245
vt 0.780798 0.263844
vt 0.770388 0.348670
vt 0.778872 0.342968
vt 0.778222 0.346713
vt 0.762142 0.349514
vt 0.755059 0.343059
vt 0.763128 0.343917
vt 0.746743 0.348224
vt 0.736531 0.337361
vt 0.747908 0.341620
vt 0.784771 0.928321
vt 0.775412 0.920079
vt 0.785726 0.341109
vt 0.785283 0.343680
vt 0.771216 0.343907
vt 0.753963 0.349287
vt 0.724753 0.338967
vt 0.735355 0.344104
vt 0.784506 0.917659
vt 0.772012 0.909941
vt 0.782326 0.270890
vt 0.779522 0.264941
vt 0.772566 0.338618
vt 0.779931 0.338809
vt 0.764703 0.337690
vt 0.749781 0.334272
vt 0.788754 0.920963
vt 0.778788 0.913850
vt 0.786459 0.338238
vt 0.756818 0.336142
vt 0.727777 0.325005
vt 0.738443 0.329871
vt 0.786876 0.910344
vt 0.766211 0.901832
vt 0.773824 0.904341
vt 0.778107 0.265792
vt 0.781355 0.334390
vt 0.759183 0.328803
vt 0.766837 0.331087
vt 0.741005 0.321922
vt 0.752294 0.326472
vt 0.725051 0.314424
vt 0.730298 0.317205
vt 0.780919 0.907267
vt 0.787440 0.335193
vt 0.774369 0.332995
vt 0.781718 0.900582
vt 0.787763 0.902913
vt 0.774499 0.898651
vt 0.776552 0.273622
vt 0.776582 0.266332
vt 0.776588 0.327264
vt 0.783091 0.329886
vt 0.769428 0.324349
vt 0.744127 0.313807
vt 0.755345 0.318522
vt 0.727944 0.306935
vt 0.733362 0.309260
vt 0.788637 0.332097
vt 0.762064 0.321313
vt 0.725645 0.298035
vt 0.731235 0.299585
vt 0.766369 0.892901
vt 0.774019 0.893091
vt 0.775024 0.266579
vt 0.779107 0.321641
vt 0.785068 0.325477
vt 0.772392 0.317734
vt 0.747684 0.305862
vt 0.758836 0.310730
vt 0.736848 0.301461
vt 0.781158 0.894040
vt 0.789996 0.329050
vt 0.765352 0.313964
vt 0.728856 0.291807
vt 0.734798 0.292664
vt 0.765087 0.888762
vt 0.772403 0.887879
vt 0.770478 0.273896
vt 0.773485 0.266482
vt 0.787209 0.321315
vt 0.775600 0.311508
vt 0.751545 0.298371
vt 0.762634 0.303385
vt 0.740629 0.294109
vt 0.779262 0.887911
vt 0.773489 0.274084
vt 0.767006 0.280318
vt 0.781831 0.316355
vt 0.768918 0.307045
vt 0.738506 0.286441
vt 0.769721 0.883217
vt 0.767616 0.273095
vt 0.772025 0.266074
vt 0.784669 0.311592
vt 0.789443 0.317575
vt 0.772624 0.300824
vt 0.778936 0.305909
vt 0.766561 0.296772
vt 0.744569 0.287499
vt 0.729586 0.478036
vt 0.728642 0.469362
vt 0.733876 0.476014
vt 0.755559 0.291630
vt 0.744387 0.477911
vt 0.739626 0.481574
vt 0.724424 0.462183
vt 0.732288 0.466557
vt 0.765022 0.271682
vt 0.770711 0.265345
vt 0.791667 0.314393
vt 0.776331 0.295533
vt 0.782273 0.301142
vt 0.759567 0.285902
vt 0.770493 0.291150
vt 0.745140 0.485638
vt 0.750195 0.481760
vt 0.738163 0.472721
vt 0.759095 0.277099
vt 0.787503 0.307538
vt 0.748952 0.472984
vt 0.730092 0.456970
vt 0.735790 0.462788
vt 0.769570 0.264357
vt 0.753150 0.281394
vt 0.755860 0.274269
vt 0.779897 0.291373
vt 0.785479 0.297400
vt 0.763428 0.281394
vt 0.774280 0.286743
vt 0.755033 0.476527
vt 0.742272 0.468285
vt 0.762798 0.269740
vt 0.790227 0.304349
vt 0.765216 0.480385
vt 0.760264 0.485727
vt 0.746061 0.462874
vt 0.753154 0.466969
vt 0.739006 0.458184
vt 0.761026 0.267314
vt 0.768669 0.263117
vt 0.749033 0.277789
vt 0.753284 0.270758
vt 0.742610 0.280180
vt 0.732637 0.275550
vt 0.738759 0.274920
vt 0.779464 0.476684
vt 0.775001 0.483073
vt 0.759495 0.470143
vt 0.745758 0.273321
vt 0.777766 0.283704
vt 0.783180 0.288514
vt 0.769763 0.473870
vt 0.756831 0.460104
vt 0.734888 0.449130
vt 0.741823 0.452928
vt 0.768031 0.261699
vt 0.751469 0.266693
vt 0.729611 0.268802
vt 0.736040 0.268850
vt 0.773743 0.466444
vt 0.783365 0.469390
vt 0.763402 0.462843
vt 0.749363 0.456696
vt 0.759769 0.264513
vt 0.743442 0.268153
vt 0.787796 0.470256
vt 0.784123 0.477121
vt 0.752068 0.449985
vt 0.759841 0.452643
vt 0.744122 0.447212
vt 0.759092 0.261452
vt 0.767683 0.260133
vt 0.742187 0.262486
vt 0.750481 0.262239
vt 0.734555 0.262191
vt 0.776995 0.458367
vt 0.786549 0.461479
vt 0.766599 0.454934
vt 0.790801 0.462796
vt 0.754071 0.442993
vt 0.762066 0.444874
vt 0.738066 0.439884
vt 0.745826 0.441266
vt 0.767631 0.258494
vt 0.742032 0.256535
vt 0.750354 0.257578
vt 0.727956 0.261398
vt 0.734363 0.255199
vt 0.779398 0.449971
vt 0.788910 0.453243
vt 0.768954 0.446697
vt 0.759001 0.258234
vt 0.722678 0.252076
vt 0.727746 0.253626
vt 0.755295 0.436005
vt 0.763415 0.437118
vt 0.738891 0.435162
vt 0.746861 0.435329
vt 0.759520 0.254993
vt 0.767899 0.256842
vt 0.751088 0.252865
vt 0.735470 0.248147
vt 0.780859 0.441565
vt 0.790348 0.444998
vt 0.770384 0.438448
vt 0.742968 0.250550
vt 0.723997 0.243759
vt 0.728976 0.245803
vt 0.763846 0.429650
vt 0.747189 0.429616
vt 0.768450 0.255235
vt 0.744984 0.244739
vt 0.752676 0.248298
vt 0.731607 0.238208
vt 0.737845 0.241307
vt 0.790801 0.437062
vt 0.770847 0.430513
vt 0.755680 0.429277
vt 0.760601 0.251839
vt 0.781328 0.433477
vt 0.763339 0.422750
vt 0.739155 0.430618
vt 0.746804 0.424338
vt 0.762231 0.248915
vt 0.769283 0.253738
vt 0.755033 0.244049
vt 0.735537 0.231131
vt 0.741379 0.234938
vt 0.780775 0.426019
vt 0.790261 0.429740
vt 0.770313 0.423197
vt 0.755221 0.423078
vt 0.747985 0.239320
vt 0.726781 0.235691
vt 0.747973 0.683472
vt 0.756824 0.678546
vt 0.756086 0.684773
vt 0.737983 0.422760
vt 0.745717 0.419704
vt 0.770356 0.252419
vt 0.758085 0.240268
vt 0.740609 0.224866
vt 0.745945 0.229298
vt 0.785579 0.679899
vt 0.775588 0.676322
vt 0.786368 0.673296
vt 0.764071 0.678457
vt 0.763291 0.685056
vt 0.753936 0.417633
vt 0.764324 0.246321
vt 0.751866 0.234517
vt 0.736337 0.221538
vt 0.774780 0.683062
vt 0.748701 0.671522
vt 0.756879 0.671496
vt 0.740432 0.676313
vt 0.732962 0.669716
vt 0.740474 0.670915
vt 0.766827 0.244148
vt 0.771629 0.251314
vt 0.756473 0.230512
vt 0.761706 0.237117
vt 0.746635 0.219634
vt 0.751362 0.224592
vt 0.786429 0.665803
vt 0.764129 0.670962
vt 0.748644 0.677865
vt 0.742738 0.215980
vt 0.775647 0.668690
vt 0.756246 0.663887
vt 0.732579 0.665087
vt 0.739992 0.665092
vt 0.773050 0.250464
vt 0.761631 0.227459
vt 0.765764 0.234719
vt 0.757424 0.221012
vt 0.774962 0.660453
vt 0.785755 0.657724
vt 0.763458 0.662881
vt 0.748123 0.664681
vt 0.769621 0.242489
vt 0.753372 0.215647
vt 0.746954 0.657597
vt 0.754949 0.656012
vt 0.738989 0.659067
vt 0.772601 0.241416
vt 0.774573 0.249925
vt 0.767147 0.225474
vt 0.770092 0.233166
vt 0.763901 0.218670
vt 0.784369 0.649374
vt 0.762087 0.654528
vt 0.789532 0.648011
vt 0.790835 0.655885
vt 0.773551 0.651923
vt 0.745230 0.650534
vt 0.753040 0.648173
vt 0.730622 0.655541
vt 0.737523 0.653065
vt 0.776129 0.249683
vt 0.772799 0.224632
vt 0.774529 0.232506
vt 0.760574 0.213045
vt 0.770555 0.217670
vt 0.782338 0.641061
vt 0.760053 0.646215
vt 0.775663 0.240954
vt 0.787617 0.640176
vt 0.771479 0.643454
vt 0.743024 0.643787
vt 0.750580 0.640679
vt 0.729130 0.650986
vt 0.735646 0.647330
vt 0.778674 0.241146
vt 0.777667 0.249783
vt 0.778911 0.232753
vt 0.767958 0.211934
vt 0.777109 0.218053
vt 0.768816 0.635343
vt 0.779735 0.633099
vt 0.757435 0.638258
vt 0.778370 0.224964
vt 0.785161 0.632681
vt 0.747676 0.633810
vt 0.733421 0.642074
vt 0.779129 0.250187
vt 0.783645 0.226455
vt 0.783062 0.233941
vt 0.782146 0.214315
vt 0.783322 0.219814
vt 0.776644 0.625803
vt 0.754357 0.630957
vt 0.740404 0.637606
vt 0.781534 0.241941
vt 0.782256 0.625812
vt 0.765672 0.627905
vt 0.744430 0.627830
vt 0.727363 0.646811
vt 0.730941 0.637496
vt 0.784130 0.243354
vt 0.780443 0.250910
vt 0.786821 0.235978
vt 0.729072 0.736821
vt 0.730037 0.727336
vt 0.733438 0.734806
vt 0.773203 0.619459
vt 0.750920 0.624612
vt 0.737483 0.632220
vt 0.737845 0.741912
vt 0.734142 0.743625
vt 0.722678 0.722774
vt 0.725189 0.729569
vt 0.762168 0.621434
vt 0.740971 0.622971
vt 0.722678 0.924857
vt 0.729173 0.920567
vt 0.727176 0.927933
vt 0.781584 0.251897
vt 0.746708 0.747022
vt 0.743104 0.748200
vt 0.736047 0.725379
vt 0.738843 0.733046
vt 0.726564 0.708484
vt 0.734192 0.718325
vt 0.727816 0.720400
vt 0.747252 0.619459
vt 0.728298 0.633767
vt 0.734375 0.627848
vt 0.786354 0.245298
vt 0.742443 0.740406
vt 0.732954 0.694798
vt 0.733069 0.706357
vt 0.725949 0.941150
vt 0.732142 0.937437
vt 0.732687 0.943860
vt 0.732337 0.930005
vt 0.788126 0.247723
vt 0.782477 0.253136
vt 0.750884 0.746050
vt 0.745084 0.731591
vt 0.741575 0.716619
vt 0.734128 0.688869
vt 0.740336 0.693083
vt 0.726080 0.934998
vt 0.790055 0.238802
vt 0.747756 0.739174
vt 0.742987 0.723771
vt 0.740592 0.704616
vt 0.738750 0.938614
vt 0.740037 0.945170
vt 0.737734 0.923006
vt 0.737959 0.931006
vt 0.783122 0.254562
vt 0.755468 0.745332
vt 0.751933 0.730520
vt 0.748828 0.703320
vt 0.749667 0.715341
vt 0.748690 0.686057
vt 0.748428 0.691805
vt 0.754353 0.751889
vt 0.757520 0.751391
vt 0.753582 0.738256
vt 0.750606 0.722570
vt 0.745651 0.938488
vt 0.747703 0.945034
vt 0.743838 0.930888
vt 0.790059 0.253591
vt 0.783474 0.256122
vt 0.759707 0.737699
vt 0.760285 0.744890
vt 0.759130 0.729855
vt 0.757486 0.702520
vt 0.758143 0.714550
vt 0.756683 0.685312
vt 0.756905 0.691021
vt 0.760824 0.751089
vt 0.758596 0.721824
vt 0.752587 0.937059
vt 0.755411 0.943441
vt 0.747076 0.921943
vt 0.749735 0.929668
vt 0.783519 0.257766
vt 0.765881 0.737510
vt 0.765131 0.744744
vt 0.766394 0.729628
vt 0.766221 0.702244
vt 0.766708 0.714287
vt 0.765475 0.690751
vt 0.764162 0.750982
vt 0.766670 0.721576
vt 0.775913 0.258337
vt 0.790152 0.256804
vt 0.764763 0.685056
vt 0.773793 0.691002
vt 0.742401 0.922908
vt 0.725604 0.918123
vt 0.722696 0.914998
vt 0.724234 0.649697
vt 0.731781 0.660300
vt 0.732928 0.674003
vt 0.738842 0.426436
vt 0.736710 0.444597
vt 0.727316 0.459954
vt 0.762950 0.885055
vt 0.766742 0.897313
vt 0.759442 0.914293
vt 0.303618 0.052950
vt 0.289597 0.529761
vt 0.086452 -0.000000
vt 0.050246 0.918067
vt 0.724513 0.518034
vt 0.723118 0.512400
vt 0.724956 0.508453
vt 0.725953 0.504168
vt 0.725941 0.500212
vt 0.729718 0.495487
vt 0.725206 0.604842
vt 0.724964 0.598969
vt 0.788572 0.193544
vt 0.784846 0.199069
vt 0.724733 0.407052
vt 0.764781 0.843052
vt 0.779549 0.202898
vt 0.722678 0.389860
vt 0.722678 0.372752
vt 0.771408 0.210921
vt 0.732203 0.354308
vt 0.725003 0.539169
vt 0.762873 0.209487
vt 0.763441 0.349514
vt 0.732655 0.521397
vt 0.732649 0.205893
vt 0.722909 0.190657
vt 0.730953 0.158521
vt 0.732971 0.604088
vt 0.749908 0.142070
vt 0.775259 0.142708
vt 0.725389 0.577549
vt 0.788464 0.159396
vt 0.741054 0.754070
vt 0.792654 0.172659
vt 0.789402 0.180876
vt 0.790172 0.187150
vt 0.772561 0.752132
vt 0.760049 0.818705
vt 0.724509 0.449941
vt 0.723126 0.444303
vt 0.724971 0.440360
vt 0.725965 0.436069
vt 0.725940 0.432105
vt 0.729717 0.427381
vt 0.725187 0.670479
vt 0.724955 0.664599
vt 0.722678 0.655297
vt 0.789634 0.260050
vt 0.788389 0.693067
vt 0.784827 0.268724
vt 0.725903 0.332360
vt 0.764763 0.906286
vt 0.779532 0.272550
vt 0.722679 0.321769
vt 0.722679 0.304655
vt 0.771388 0.280576
vt 0.732190 0.286201
vt 0.724998 0.471066
vt 0.762856 0.279141
vt 0.748505 0.281878
vt 0.732646 0.453309
vt 0.736910 0.281394
vt 0.722904 0.260317
vt 0.730953 0.228178
vt 0.749895 0.211736
vt 0.775241 0.212366
vt 0.725390 0.643182
vt 0.788445 0.229053
vt 0.726575 0.696882
vt 0.733275 0.922209
vt 0.741069 0.687256
vt 0.792634 0.242313
vt 0.789382 0.250531
vt 0.772589 0.685299
vt 0.760029 0.881918
vt 0.835715 0.134546
vt 0.828840 0.107805
vt 0.830257 0.107668
vt 0.834329 0.134855
vt 0.825862 0.108347
vt 0.831319 0.135512
vt 0.818582 0.109806
vt 0.823760 0.137097
vt 0.809474 0.111767
vt 0.813873 0.139031
vt 0.799563 0.113717
vt 0.802617 0.140816
vt 0.790709 0.114906
vt 0.792300 0.141844
vt 0.780680 0.115418
vt 0.780643 0.142070
vt 0.768941 0.141785
vt 0.770597 0.114767
vt 0.758435 0.140741
vt 0.761483 0.113627
vt 0.747081 0.138979
vt 0.751429 0.111744
vt 0.737127 0.137058
vt 0.742272 0.109795
vt 0.729526 0.135470
vt 0.734981 0.108309
vt 0.726465 0.134800
vt 0.731968 0.107733
vt 0.725055 0.134485
vt 0.730535 0.107572
vt 0.835898 0.071035
vt 0.838023 0.097777
vt 0.836614 0.097808
vt 0.834471 0.071087
vt 0.833595 0.098135
vt 0.831371 0.071250
vt 0.825892 0.099001
vt 0.823600 0.071853
vt 0.815630 0.100126
vt 0.813525 0.072735
vt 0.803755 0.101063
vt 0.802241 0.073524
vt 0.792792 0.101515
vt 0.792071 0.073897
vt 0.780564 0.101463
vt 0.780615 0.073921
vt 0.769103 0.073825
vt 0.768327 0.101378
vt 0.758691 0.073429
vt 0.757212 0.100943
vt 0.747288 0.072669
vt 0.745255 0.100066
vt 0.737152 0.071828
vt 0.734924 0.099001
vt 0.729349 0.071247
vt 0.727174 0.098170
vt 0.726201 0.071085
vt 0.724107 0.097828
vt 0.724750 0.071035
vt 0.722678 0.097779
vt 0.730445 0.036633
vt 0.731862 0.036770
vt 0.724986 0.063511
vt 0.726372 0.063820
vt 0.734840 0.037312
vt 0.729383 0.064478
vt 0.742120 0.038771
vt 0.736942 0.066062
vt 0.751228 0.040732
vt 0.746829 0.067997
vt 0.761139 0.042683
vt 0.758085 0.069781
vt 0.769993 0.043871
vt 0.768401 0.070809
vt 0.780022 0.044383
vt 0.780059 0.071035
vt 0.791761 0.070751
vt 0.790105 0.043732
vt 0.802267 0.069706
vt 0.799218 0.042592
vt 0.813621 0.067944
vt 0.809273 0.040709
vt 0.823574 0.066024
vt 0.818430 0.038760
vt 0.831175 0.064435
vt 0.825720 0.037274
vt 0.834237 0.063765
vt 0.828733 0.036698
vt 0.835646 0.063450
vt 0.830167 0.036537
vt 0.724803 0.000000
vt 0.724087 0.026773
vt 0.722679 0.026742
vt 0.726230 0.000052
vt 0.727107 0.027100
vt 0.729331 0.000215
vt 0.734810 0.027966
vt 0.737101 0.000819
vt 0.745072 0.029091
vt 0.747177 0.001700
vt 0.756946 0.030028
vt 0.758460 0.002489
vt 0.767909 0.030480
vt 0.768630 0.002862
vt 0.780137 0.030428
vt 0.780086 0.002886
vt 0.791599 0.002790
vt 0.792374 0.030343
vt 0.802010 0.002394
vt 0.803490 0.029909
vt 0.813414 0.001634
vt 0.815446 0.029031
vt 0.823550 0.000793
vt 0.825778 0.027966
vt 0.831352 0.000212
vt 0.833528 0.027135
vt 0.834501 0.000051
vt 0.836595 0.026793
vt 0.835951 0.000000
vt 0.838023 0.026744
s 0
f 4/1/1 2/2/1 1/3/1
f 8/4/2 6/5/2 5/6/2
f 13/7/3 15/8/3 14/9/3
f 17/10/4 19/11/4 18/12/4
f 32/13/5 30/14/5 29/15/5
f 36/16/6 34/17/6 33/18/6
f 37/19/7 39/20/7 38/21/7
f 21/22/8 23/23/8 20/24/8
f 25/25/9 27/26/9 24/27/9
f 41/28/10 43/29/10 42/30/10
f 48/31/11 46/32/11 45/33/11
f 52/34/12 50/35/12 49/36/12
f 53/37/13 55/38/13 54/39/13
f 60/40/14 58/41/14 57/42/14
f 29/15/15 62/43/15 61/44/15
f 66/45/16 64/46/16 63/47/16
f 67/48/17 6/5/17 68/49/17
f 72/50/18 70/51/18 69/52/18
f 76/53/19 74/54/19 73/55/19
f 77/56/20 79/57/20 78/58/20
f 81/59/21 83/60/21 82/61/21
f 59/62/22 86/63/22 85/64/22
f 88/65/23 90/66/23 89/67/23
f 96/68/24 94/69/24 93/70/24
f 100/71/25 98/72/25 97/73/25
f 101/74/26 103/75/26 102/76/26
f 106/77/27 34/17/27 87/78/27
f 108/79/28 115/80/28 107/81/28
f 117/82/29 36/16/29 118/83/29
f 124/84/30 126/85/30 125/86/30
f 131/87/31 129/88/31 128/89/31
f 132/90/32 134/91/32 133/92/32
f 142/93/33 140/94/33 139/95/33
f 148/96/34 60/40/34 147/97/34
f 144/98/35 127/99/35 124/84/35
f 149/100/36 151/101/36 150/102/36
f 156/103/37 154/104/37 153/105/37
f 159/106/38 158/107/38 157/108/38
f 116/109/39 164/110/39 105/111/39
f 171/112/40 169/113/40 168/114/40
f 174/115/41 173/116/41 172/117/41
f 179/118/42 181/119/42 180/120/42
f 186/121/43 188/122/43 187/123/43
f 194/124/44 196/125/44 195/126/44
f 199/127/45 139/95/45 198/128/45
f 206/129/46 208/130/46 207/131/46
f 213/132/47 211/133/47 210/134/47
f 202/135/48 214/136/48 201/137/48
f 96/68/49 216/138/49 54/39/49
f 92/139/50 43/29/50 44/140/50
f 97/73/51 246/141/51 100/71/51
f 250/142/52 229/143/52 228/144/52
f 252/145/53 58/41/53 253/146/53
f 258/147/54 256/148/54 255/149/54
f 260/150/55 229/143/55 259/151/55
f 110/152/56 112/153/56 113/154/56
f 114/155/57 263/156/57 109/157/57
f 265/158/58 267/159/58 266/160/58
f 56/161/59 270/162/59 269/163/59
f 274/164/60 249/165/60 250/142/60
f 185/166/61 63/47/61 64/46/61
f 280/167/62 278/168/62 276/169/62
f 285/170/63 283/171/63 157/108/63
f 288/172/64 211/133/64 212/173/64
f 141/174/65 92/139/65 46/32/65
f 289/175/66 175/176/66 176/177/66
f 148/96/67 105/111/67 106/77/67
f 312/178/68 170/179/68 171/112/68
f 238/180/69 42/30/69 43/29/69
f 318/181/70 160/182/70 317/183/70
f 310/184/71 308/185/71 307/186/71
f 241/187/72 325/188/72 324/189/72
f 160/182/73 240/190/73 317/183/73
f 47/191/74 307/186/74 308/185/74
f 108/79/75 315/192/75 164/110/75
f 345/193/76 86/63/76 119/194/76
f 348/195/77 350/196/77 349/197/77
f 356/198/78 358/199/78 357/200/78
f 355/201/79 353/202/79 352/203/79
f 363/204/80 32/13/80 362/205/80
f 149/100/81 150/102/81 176/177/81
f 364/206/82 253/146/82 365/207/82
f 366/208/83 368/209/83 367/210/83
f 183/211/84 371/212/84 63/47/84
f 163/213/85 161/214/85 160/182/85
f 209/215/86 101/74/86 208/130/86
f 378/216/87 165/217/87 166/218/87
f 379/219/88 381/220/88 380/221/88
f 383/222/89 3/223/89 4/1/89
f 284/224/90 386/225/90 385/226/90
f 387/227/91 389/228/91 388/229/91
f 391/230/92 229/143/92 249/165/92
f 73/55/93 397/231/93 396/232/93
f 405/233/94 407/234/94 406/235/94
f 203/236/95 411/237/95 410/238/95
f 414/239/96 413/240/96 412/241/96
f 1/3/97 357/200/97 4/1/97
f 277/242/98 131/87/98 275/243/98
f 254/244/99 57/42/99 58/41/99
f 358/199/100 415/245/100 351/246/100
f 417/247/101 386/225/101 408/248/101
f 401/249/102 192/250/102 420/251/102
f 419/252/103 127/99/103 143/253/103
f 421/254/104 182/255/104 422/256/104
f 103/75/105 302/257/105 409/258/105
f 428/259/106 368/209/106 174/115/106
f 380/221/107 359/260/107 356/198/107
f 62/43/108 266/160/108 323/261/108
f 140/94/109 431/262/109 430/263/109
f 357/200/110 351/246/110 348/195/110
f 356/198/111 379/219/111 380/221/111
f 415/245/112 403/264/112 434/265/112
f 437/266/113 436/267/113 435/268/113
f 438/269/114 440/270/114 439/271/114
f 188/122/115 450/272/115 449/273/115
f 452/274/116 454/275/116 453/276/116
f 265/158/117 181/119/117 421/254/117
f 224/277/118 64/46/118 225/278/118
f 237/279/119 213/132/119 427/280/119
f 275/243/120 128/89/120 458/281/120
f 281/282/121 460/283/121 459/284/121
f 50/35/122 79/57/122 461/285/122
f 73/55/123 282/286/123 281/282/123
f 468/287/124 466/288/124 465/289/124
f 390/290/125 352/203/125 359/260/125
f 482/291/126 484/292/126 483/293/126
f 489/294/127 487/295/127 486/296/127
f 493/297/128 495/298/128 494/299/128
f 472/300/129 470/301/129 469/302/129
f 502/303/130 500/304/130 499/305/130
f 220/306/131 222/307/131 223/308/131
f 512/309/132 143/253/132 66/45/132
f 518/310/133 511/311/133 80/312/133
f 513/313/134 230/314/134 286/315/134
f 205/316/135 31/317/135 244/318/135
f 189/319/136 451/320/136 188/122/136
f 163/213/137 532/321/137 8/4/137
f 533/322/138 225/278/138 251/323/138
f 446/324/139 447/325/139 412/241/139
f 335/326/140 540/327/140 334/328/140
f 544/329/141 546/330/141 545/331/141
f 329/332/142 291/333/142 292/334/142
f 199/127/143 262/335/143 238/180/143
f 385/226/144 416/336/144 550/337/144
f 532/321/145 191/338/145 247/339/145
f 363/204/146 118/83/146 243/340/146
f 236/341/147 237/279/147 250/142/147
f 578/342/148 580/343/148 579/344/148
f 573/345/149 571/346/149 570/347/149
f 561/348/150 562/349/150 272/350/150
f 241/187/151 259/151/151 240/190/151
f 590/351/152 592/352/152 591/353/152
f 545/331/153 595/354/153 594/355/153
f 503/356/154 155/357/154 504/358/154
f 606/359/155 624/360/155 623/361/155
f 478/362/156 480/363/156 479/364/156
f 646/365/157 648/366/157 647/367/157
f 590/351/158 689/368/158 684/369/158
f 564/370/159 651/371/159 650/372/159
f 728/373/160 184/374/160 727/375/160
f 714/376/161 716/377/161 715/378/161
f 692/379/162 575/380/162 693/381/162
f 541/382/163 581/383/163 578/342/163
f 346/384/164 248/385/164 400/386/164
f 161/214/165 230/314/165 160/182/165
f 128/89/166 94/69/166 95/387/166
f 698/388/167 704/389/167 703/390/167
f 574/391/168 576/392/168 575/380/168
f 290/393/169 401/249/169 328/394/169
f 630/395/170 725/396/170 726/397/170
f 733/398/171 735/399/171 734/400/171
f 755/401/172 496/402/172 493/297/172
f 759/403/173 481/404/173 760/405/173
f 757/406/174 762/407/174 761/408/174
f 764/409/175 466/288/175 467/410/175
f 768/411/176 3808/412/176 3809/413/176
f 759/403/177 488/414/177 489/294/177
f 492/415/178 475/416/178 771/417/178
f 474/418/179 769/419/179 473/420/179
f 773/421/180 465/289/180 772/422/180
f 771/417/181 486/296/181 483/293/181
f 484/292/182 775/423/182 491/424/182
f 774/425/183 489/294/183 486/296/183
f 495/298/184 764/409/184 756/426/184
f 495/298/185 761/408/185 494/299/185
f 137/427/186 784/428/186 136/429/186
f 325/188/187 797/430/187 547/431/187
f 165/217/188 51/432/188 52/34/188
f 369/433/189 29/15/189 370/434/189
f 730/435/190 568/436/190 569/437/190
f 90/66/191 301/438/191 89/67/191
f 243/340/192 516/439/192 242/440/192
f 800/441/193 806/442/193 805/443/193
f 817/444/194 808/445/194 816/446/194
f 816/446/195 823/447/195 822/448/195
f 306/449/196 447/325/196 807/450/196
f 815/451/197 809/452/197 808/445/197
f 829/453/198 828/454/198 825/455/198
f 726/397/199 501/456/199 502/303/199
f 274/164/200 424/457/200 423/458/200
f 879/459/201 881/460/201 880/461/201
f 884/462/202 879/459/202 885/463/202
f 219/464/203 217/465/203 211/133/203
f 906/466/204 904/467/204 897/468/204
f 455/469/205 205/316/205 542/470/205
f 898/471/206 830/472/206 829/453/206
f 903/473/207 880/461/207 881/460/207
f 906/466/208 897/468/208 898/471/208
f 377/474/209 519/475/209 165/217/209
f 923/476/210 948/477/210 946/478/210
f 946/478/211 951/479/211 950/480/211
f 3519/481/212 739/482/212 3517/483/212
f 900/484/213 886/485/213 880/461/213
f 225/278/214 65/486/214 144/98/214
f 182/255/215 442/487/215 422/256/215
f 809/452/216 947/488/216 824/489/216
f 954/490/217 962/491/217 961/492/217
f 927/493/218 965/494/218 966/495/218
f 885/463/219 880/461/219 886/485/219
f 925/496/220 966/495/220 967/497/220
f 343/498/221 341/499/221 340/500/221
f 965/494/222 971/501/222 968/502/222
f 968/502/223 970/503/223 969/504/223
f 972/505/224 969/504/224 973/506/224
f 963/507/225 981/508/225 978/509/225
f 336/510/226 338/511/226 339/512/226
f 992/513/227 827/514/227 828/454/227
f 810/515/228 996/516/228 959/517/228
f 1007/518/229 1002/519/229 1008/520/229
f 1012/521/230 827/514/230 1009/522/230
f 1011/523/231 1007/518/231 1008/520/231
f 294/524/232 292/334/232 291/333/232
f 907/525/233 920/526/233 919/527/233
f 1017/528/234 1019/529/234 1018/530/234
f 1020/531/235 1022/532/235 1021/533/235
f 1035/534/236 1020/531/236 1044/535/236
f 1061/536/237 1047/537/237 1046/538/237
f 1063/539/238 1046/538/238 1062/540/238
f 1044/535/239 1021/533/239 1045/541/239
f 1102/542/240 1097/543/240 1109/544/240
f 1116/545/241 1118/546/241 1117/547/241
f 1016/548/242 1014/549/242 1013/550/242
f 881/460/243 904/467/243 903/473/243
f 816/446/244 1127/551/244 817/444/244
f 1094/552/245 949/553/245 1097/543/245
f 514/554/246 167/555/246 515/556/246
f 146/557/247 81/59/247 82/61/247
f 1133/558/248 1130/559/248 1129/560/248
f 1102/542/249 1126/561/249 822/448/249
f 822/448/250 1116/545/250 816/446/250
f 1145/562/251 1148/563/251 1136/564/251
f 1076/565/252 1151/566/252 1069/567/252
f 1148/563/253 1086/568/253 1087/569/253
f 1109/544/254 1114/570/254 1136/564/254
f 1154/571/255 1156/572/255 1155/573/255
f 1153/574/256 967/497/256 1156/572/256
f 3464/575/257 463/576/257 3714/577/257
f 1144/578/258 1152/579/258 1151/566/258
f 1156/572/259 1163/580/259 1162/581/259
f 1164/582/260 1169/583/260 1165/584/260
f 1145/562/261 1176/585/261 1147/586/261
f 1114/570/262 1154/571/262 1171/587/262
f 1183/588/263 1164/582/263 1177/589/263
f 1184/590/264 1177/589/264 1185/591/264
f 1069/567/265 1062/540/265 1064/592/265
f 1023/593/266 1194/594/266 1022/532/266
f 1162/581/267 1170/595/267 1169/583/267
f 1195/596/268 1185/591/268 1191/597/268
f 1183/588/269 1176/585/269 1155/573/269
f 1201/598/270 1152/579/270 1196/599/270
f 1061/536/271 1201/598/271 1202/600/271
f 3825/601/272 843/602/272 3836/603/272
f 1203/604/273 1195/596/273 1034/605/273
f 1202/600/274 1184/590/274 1195/596/274
f 1218/606/275 1203/604/275 1217/607/275
f 1060/608/276 1202/600/276 1203/604/276
f 1225/609/277 1217/607/277 1219/610/277
f 671/611/278 694/612/278 670/613/278
f 1219/610/279 1024/614/279 1035/534/279
f 1217/607/280 1034/605/280 1024/614/280
f 1226/615/281 1015/616/281 1227/617/281
f 1243/618/282 1234/619/282 1233/620/282
f 1231/621/283 1229/622/283 1228/623/283
f 847/624/284 1233/620/284 843/602/284
f 843/602/285 1244/625/285 878/626/285
f 1233/620/286 1245/627/286 1244/625/286
f 1923/628/287 233/629/287 216/138/287
f 2100/630/288 499/305/288 500/304/288
f 3914/631/289 2135/632/289 3900/633/289
f 61/44/290 323/261/290 505/634/290
f 210/134/291 217/465/291 457/635/291
f 1299/636/292 1309/637/292 1300/638/292
f 3863/639/293 1231/621/293 3862/640/293
f 1066/641/294 1321/642/294 1322/643/294
f 1322/643/295 1228/623/295 1229/622/295
f 1060/608/296 1321/642/296 1047/537/296
f 1325/644/297 1323/645/297 1310/646/297
f 1244/625/298 1332/647/298 1330/648/298
f 1290/649/299 1242/650/299 1288/651/299
f 1337/652/300 1339/653/300 1338/654/300
f 1330/648/301 1340/655/301 1339/653/301
f 1341/656/302 1245/627/302 1294/657/302
f 1342/658/303 1332/647/303 1341/656/303
f 1343/659/304 1341/656/304 1344/660/304
f 1344/660/305 1294/657/305 1293/661/305
f 3857/662/306 1345/663/306 1346/664/306
f 1347/665/307 1342/658/307 1343/659/307
f 3856/666/308 1295/667/308 1345/663/308
f 1349/668/309 1348/669/309 1347/665/309
f 3861/670/310 1347/665/310 3853/671/310
f 3853/671/311 1343/659/311 3857/662/311
f 906/466/312 829/453/312 1353/672/312
f 905/673/313 1353/672/313 1354/674/313
f 865/675/314 1355/676/314 1357/677/314
f 1355/676/315 829/453/315 825/455/315
f 1357/677/316 825/455/316 826/678/316
f 1356/679/317 1353/672/317 1355/676/317
f 3834/680/318 1338/654/318 3833/681/318
f 866/682/319 1356/679/319 865/675/319
f 1358/683/320 1354/674/320 1356/679/320
f 3828/684/321 1337/652/321 3834/680/321
f 838/685/322 1012/521/322 841/686/322
f 1363/687/323 1338/654/323 1339/653/323
f 1368/688/324 1339/653/324 1340/655/324
f 1348/669/325 1340/655/325 1342/658/325
f 1371/689/326 3824/690/326 3829/691/326
f 524/692/327 526/693/327 523/694/327
f 528/695/328 530/696/328 527/697/328
f 1372/698/329 1369/699/329 1371/689/329
f 535/700/330 537/701/330 538/702/330
f 1367/703/331 1348/669/331 1350/704/331
f 1370/705/332 1359/706/332 1369/699/332
f 1369/699/333 3833/681/333 3824/690/333
f 1373/707/334 903/473/334 904/467/334
f 555/708/335 557/709/335 558/710/335
f 1374/711/336 910/712/336 1373/707/336
f 1373/707/337 905/673/337 1375/713/337
f 1374/711/338 1375/713/338 1376/714/338
f 1375/713/339 1354/674/339 1370/705/339
f 1378/715/340 908/716/340 1377/717/340
f 376/718/341 651/371/341 1387/719/341
f 1388/720/342 973/506/342 969/504/342
f 586/721/343 588/722/343 585/723/343
f 1390/724/344 1388/720/344 1391/725/344
f 1391/725/345 969/504/345 970/503/345
f 597/726/346 599/727/346 596/728/346
f 600/729/347 602/730/347 603/731/347
f 1392/732/348 970/503/348 979/733/348
f 608/734/349 610/735/349 607/736/349
f 612/737/350 523/694/350 611/738/350
f 614/739/351 616/740/351 613/741/351
f 617/742/352 25/25/352 24/27/352
f 620/743/353 622/744/353 619/745/353
f 1397/746/354 1391/725/354 1392/732/354
f 1398/747/355 1392/732/355 1399/748/355
f 1400/749/356 920/526/356 1378/715/356
f 1402/750/357 1165/584/357 1169/583/357
f 636/751/358 638/752/358 635/753/358
f 930/754/359 1402/750/359 929/755/359
f 641/756/360 643/757/360 644/758/360
f 929/755/361 1169/583/361 1170/595/361
f 1404/759/362 1403/760/362 1402/750/362
f 1411/761/363 1365/762/363 1406/763/363
f 1412/764/364 1415/765/364 1414/766/364
f 652/767/365 654/768/365 655/769/365
f 609/770/366 657/771/366 658/772/366
f 659/773/367 661/774/367 662/775/367
f 558/710/368 586/721/368 585/723/368
f 665/776/369 667/777/369 664/778/369
f 1413/779/370 1406/763/370 1412/764/370
f 1418/780/371 3810/781/371 3813/782/371
f 1417/783/372 1371/689/372 1416/784/372
f 1416/784/373 3829/691/373 3810/781/373
f 1419/785/374 1416/784/374 1418/780/374
f 1386/786/375 1374/711/375 1420/787/375
f 677/788/376 679/789/376 676/790/376
f 1385/791/377 1420/787/377 1421/792/377
f 1420/787/378 1376/714/378 1422/793/378
f 685/794/379 687/795/379 688/796/379
f 1421/792/380 1422/793/380 1423/797/380
f 528/695/381 691/798/381 658/772/381
f 1422/793/382 1372/698/382 1417/783/382
f 1018/530/383 747/799/383 1425/800/383
f 699/801/384 701/802/384 702/803/384
f 1424/804/385 579/344/385 1017/528/385
f 3663/805/386 1767/806/386 3660/807/386
f 700/808/387 711/809/387 712/810/387
f 1093/811/388 3754/812/388 1571/813/388
f 717/814/389 530/696/389 719/815/389
f 721/816/390 723/817/390 720/818/390
f 704/389/391 3543/819/391 3554/820/391
f 19/11/392 1426/821/392 1430/822/392
f 1429/823/393 1427/824/393 1426/821/393
f 1658/825/394 3542/826/394 3544/827/394
f 1439/828/395 1434/829/395 1438/830/395
f 1437/831/396 1435/832/396 1434/829/396
f 1426/821/397 1433/833/397 1432/834/397
f 1442/835/398 1432/834/398 1440/836/398
f 742/837/399 744/838/399 745/839/399
f 1432/834/400 1441/840/400 1440/836/400
f 751/841/401 753/842/401 750/843/401
f 1438/830/402 1403/760/402 1405/844/402
f 1446/845/403 1444/846/403 1443/847/403
f 1447/848/404 1446/845/404 1443/847/404
f 3860/849/405 1443/847/405 3848/850/405
f 1415/765/406 1445/851/406 1446/845/406
f 1414/766/407 1446/845/407 1448/852/407
f 2173/853/408 469/302/408 470/301/408
f 777/854/409 779/855/409 686/856/409
f 780/857/410 782/858/410 783/859/410
f 1676/860/411 1806/861/411 1675/862/411
f 3859/863/412 1349/668/412 3861/670/412
f 789/864/413 791/865/413 788/866/413
f 745/839/414 793/867/414 742/837/414
f 652/767/415 795/868/415 653/869/415
f 1455/870/416 1457/871/416 1456/872/416
f 1454/873/417 1350/704/417 1452/874/417
f 610/735/418 802/875/418 801/876/418
f 3831/877/419 698/388/419 703/390/419
f 1352/878/420 1045/541/420 1351/879/420
f 1015/616/421 1459/880/421 1460/881/421
f 811/882/422 813/883/422 814/884/422
f 2118/885/423 3817/886/423 2117/887/423
f 819/888/424 821/889/424 818/890/424
f 1466/891/425 1194/594/425 1190/892/425
f 1467/893/426 1465/894/426 1466/891/426
f 1182/895/427 1468/896/427 1467/893/427
f 832/897/428 833/898/428 831/899/428
f 835/900/429 837/901/429 834/902/429
f 1467/893/430 1190/892/430 1182/895/430
f 1469/903/431 1444/846/431 1445/851/431
f 840/904/432 712/810/432 690/905/432
f 1453/906/433 1469/903/433 1454/873/433
f 599/727/434 845/907/434 846/908/434
f 1226/615/435 3849/909/435 3855/910/435
f 851/911/436 853/912/436 850/913/436
f 855/914/437 856/915/437 854/916/437
f 858/917/438 860/918/438 857/919/438
f 861/920/439 863/921/439 864/922/439
f 1014/549/440 3855/910/440 3858/923/440
f 867/924/441 868/925/441 869/926/441
f 870/927/442 872/928/442 873/929/442
f 874/930/443 876/931/443 877/932/443
f 1310/646/444 1471/933/444 1309/637/444
f 1476/934/445 1427/824/445 1475/935/445
f 1461/936/446 1475/935/446 1460/881/446
f 887/937/447 889/938/447 890/939/447
f 788/866/448 892/940/448 891/941/448
f 894/942/449 896/943/449 893/944/449
f 1460/881/450 1227/617/450 1015/616/450
f 901/945/451 524/692/451 612/737/451
f 1465/894/452 1477/946/452 1464/947/452
f 1865/948/453 3500/949/453 1864/950/453
f 911/951/454 913/952/454 914/953/454
f 916/954/455 918/955/455 915/956/455
f 1850/957/456 3507/958/456 1851/959/456
f 921/960/457 895/961/457 894/942/457
f 1479/962/458 1436/963/458 1478/964/458
f 926/965/459 667/777/459 601/966/459
f 1481/967/460 563/968/460 1480/969/460
f 269/163/461 84/970/461 1482/971/461
f 931/972/462 933/973/462 916/954/462
f 934/974/463 614/739/463 869/926/463
f 936/975/464 688/796/464 937/976/464
f 938/977/465 662/775/465 939/978/465
f 1484/979/466 122/980/466 123/981/466
f 941/982/467 835/900/467 834/902/467
f 320/983/468 509/984/468 510/985/468
f 1849/986/469 3505/987/469 1850/957/469
f 84/970/470 1484/979/470 83/60/470
f 1487/988/471 1488/989/471 539/990/471
f 1757/991/472 3502/992/472 3509/993/472
f 365/207/473 1491/994/473 364/206/473
f 461/285/474 80/312/474 511/311/474
f 117/82/475 362/205/475 1496/995/475
f 1494/996/476 541/382/476 1495/997/476
f 926/965/477 957/998/477 958/999/477
f 1477/946/478 1433/833/478 1476/934/478
f 1709/1000/479 1585/1001/479 1700/1002/479
f 119/194/480 1496/995/480 345/193/480
f 271/1003/481 504/358/481 156/103/481
f 511/311/482 189/319/482 186/121/482
f 345/193/483 1492/1004/483 365/207/483
f 255/149/484 344/1005/484 254/244/484
f 57/42/485 299/1006/485 132/90/485
f 1501/1007/486 268/1008/486 1500/1009/486
f 267/159/487 1499/1010/487 145/1011/487
f 974/1012/488 976/1013/488 977/1014/488
f 1678/1015/489 1693/1016/489 1676/860/489
f 3846/1017/490 1807/1018/490 3840/1019/490
f 557/709/491 663/1020/491 558/710/491
f 983/1021/492 984/1022/492 985/1023/492
f 1443/847/493 3849/909/493 3848/850/493
f 421/254/494 268/1008/494 265/158/494
f 989/1024/495 991/1025/495 988/1026/495
f 1490/1027/496 418/1028/496 1504/1029/496
f 279/1030/497 309/1031/497 310/184/497
f 997/1032/498 676/790/498 679/789/498
f 998/1033/499 999/1034/499 875/1035/499
f 1504/1029/500 38/21/500 1505/1036/500
f 1506/1037/501 1507/1038/501 1486/1039/501
f 360/1040/502 1508/1041/502 1506/1037/502
f 1506/1037/503 207/131/503 360/1040/503
f 939/978/504 1006/1042/504 938/977/504
f 270/162/505 1483/1043/505 269/163/505
f 66/45/506 546/330/506 512/309/506
f 1010/1044/507 793/867/507 935/1045/507
f 367/210/508 437/266/508 1509/1046/508
f 244/318/509 363/204/509 243/340/509
f 1670/1047/510 3534/1048/510 1669/1049/510
f 209/215/511 1510/1050/511 226/1051/511
f 235/1052/512 1512/1053/512 1511/1054/512
f 1511/1054/513 234/1055/513 235/1052/513
f 388/229/514 426/1056/514 425/1057/514
f 427/280/515 250/142/515 237/279/515
f 161/214/516 521/1058/516 231/1059/516
f 100/71/517 45/33/517 44/140/517
f 1025/1060/518 608/734/518 1027/1061/518
f 1029/1062/519 1031/1063/519 1028/1064/519
f 939/978/520 1033/1065/520 1032/1066/520
f 41/28/521 594/355/521 99/1067/521
f 1036/1068/522 783/859/522 1037/1069/522
f 702/803/523 1038/1070/523 1039/1071/523
f 1040/1072/524 1042/1073/524 1043/1074/524
f 362/205/525 369/433/525 1493/1075/525
f 187/123/526 477/1076/526 186/121/526
f 70/51/527 539/990/527 198/128/527
f 1511/1054/528 1521/1077/528 234/1055/528
f 1049/1078/529 603/731/529 1048/1079/529
f 613/741/530 869/926/530 614/739/530
f 860/918/531 1051/1080/531 857/919/531
f 1005/1081/532 1053/1082/532 1006/1042/532
f 753/842/533 1056/1083/533 1054/1084/533
f 1057/1085/534 1059/1086/534 1055/1087/534
f 293/1088/535 1522/1089/535 292/334/535
f 288/172/536 1521/1077/536 1522/1089/536
f 292/334/537 1523/1090/537 329/332/537
f 331/1091/538 1508/1041/538 1524/1092/538
f 306/449/539 453/276/539 305/1093/539
f 100/71/540 41/28/540 99/1067/540
f 462/1094/541 78/58/541 79/57/541
f 330/1095/542 1524/1092/542 462/1094/542
f 635/753/543 1068/1096/543 636/751/543
f 1485/1097/544 1526/1098/544 1528/1099/544
f 206/129/545 1528/1099/545 1510/1050/545
f 1070/1100/546 1072/1101/546 831/899/546
f 942/1102/547 1073/1103/547 1074/1104/547
f 916/954/548 1075/1105/548 917/1106/548
f 440/270/549 1530/1107/549 439/271/549
f 157/108/550 1514/1108/550 285/170/550
f 1529/1109/551 5/6/551 1530/1107/551
f 371/212/552 546/330/552 63/47/552
f 790/1110/553 663/1020/553 791/865/553
f 1077/1111/554 857/919/554 1078/1112/554
f 1403/760/555 1435/832/555 1165/584/555
f 1080/1113/556 1082/1114/556 1079/1115/556
f 531/1116/557 1529/1109/557 440/270/557
f 21/22/558 1084/1117/558 1085/1118/558
f 272/350/559 1531/1119/559 561/348/559
f 137/427/560 396/232/560 397/231/560
f 690/905/561 802/875/561 691/798/561
f 335/326/562 3567/1120/562 581/383/562
f 1090/1121/563 1029/1062/563 1091/1122/563
f 1092/1123/564 794/1124/564 1042/1073/564
f 1533/1125/565 137/427/565 138/1126/565
f 661/774/566 1095/1127/566 1096/1128/566
f 69/52/567 445/1129/567 72/50/567
f 1099/1130/568 1101/1131/568 1098/1132/568
f 38/21/569 1536/1133/569 1505/1036/569
f 1104/1134/570 1106/1135/570 1103/1136/570
f 852/1137/571 1108/1138/571 853/912/571
f 1377/717/572 909/1139/572 1386/786/572
f 291/333/573 411/237/573 294/524/573
f 316/1140/574 516/439/574 33/18/574
f 539/990/575 1533/1125/575 534/1141/575
f 1505/1036/576 316/1140/576 313/1142/576
f 1110/1143/577 1112/1144/577 1113/1145/577
f 1539/1146/578 460/283/578 264/1147/578
f 522/1148/579 1537/1149/579 1539/1146/579
f 834/902/580 1120/1150/580 1119/1151/580
f 1122/1152/581 1124/1153/581 1121/1154/581
f 612/737/582 1041/1155/582 901/945/582
f 935/1045/583 615/1156/583 614/739/583
f 276/169/584 130/1157/584 131/87/584
f 1686/1158/585 3522/1159/585 1685/1160/585
f 193/1161/586 1541/1162/586 273/1163/586
f 231/1059/587 1540/1164/587 287/1165/587
f 556/1166/588 982/1167/588 557/709/588
f 365/207/589 85/64/589 345/193/589
f 190/1168/590 318/181/590 1541/1162/590
f 1810/1169/591 3574/1170/591 3528/1171/591
f 3924/1172/592 3512/1173/592 3791/1174/592
f 1132/1175/593 985/1023/593 1131/1176/593
f 208/130/594 102/76/594 132/90/594
f 1134/1177/595 662/775/595 661/774/595
f 1491/994/596 80/312/596 77/56/596
f 429/1178/597 1542/1179/597 147/97/597
f 1137/1180/598 915/956/598 918/955/598
f 172/117/599 428/259/599 174/115/599
f 1139/1181/600 1141/1182/600 1142/1183/600
f 549/1184/601 54/39/601 55/38/601
f 1517/1185/602 1518/1186/602 296/1187/602
f 976/1013/603 1146/1188/603 938/977/603
f 834/902/604 984/1022/604 941/982/604
f 1543/1189/605 286/315/605 115/80/605
f 1544/1190/606 239/1191/606 513/313/606
f 133/92/607 1544/1190/607 1542/1179/607
f 506/1192/608 257/1193/608 258/147/608
f 420/251/609 328/394/609 401/249/609
f 1158/1194/610 1160/1195/610 1157/1196/610
f 587/1197/611 1103/1136/611 588/722/611
f 1513/1198/612 1514/1108/612 151/101/612
f 607/736/613 1027/1061/613 608/734/613
f 304/1199/614 1545/1200/614 303/1201/614
f 364/206/615 77/56/615 506/1192/615
f 69/52/616 198/128/616 139/95/616
f 1006/1042/617 976/1013/617 938/977/617
f 700/808/618 1112/1144/618 701/802/618
f 3877/1202/619 3525/1203/619 3787/1204/619
f 1166/1205/620 657/771/620 656/1206/620
f 1167/1207/621 858/917/621 1077/1111/621
f 1300/638/622 3524/1208/622 1299/636/622
f 1172/1209/623 1174/1210/623 1175/1211/623
f 218/1212/624 200/1213/624 217/465/624
f 1179/1214/625 1181/1215/625 1178/1216/625
f 372/1217/626 97/73/626 98/72/626
f 89/67/627 227/1218/627 88/65/627
f 1186/1219/628 1188/1220/628 1189/1221/628
f 172/117/629 1517/1185/629 1549/1222/629
f 1482/971/630 81/59/630 1498/1223/630
f 1090/1121/631 1193/1224/631 1030/1225/631
f 394/1226/632 353/202/632 1551/1227/632
f 526/693/633 1198/1228/633 1197/1229/633
f 811/882/634 858/917/634 812/1230/634
f 1199/1231/635 1026/1232/635 1025/1060/635
f 606/359/636 697/1233/636 696/1234/636
f 1204/1235/637 1206/1236/637 743/1237/637
f 1207/1238/638 523/694/638 526/693/638
f 1209/1239/639 867/924/639 613/741/639
f 914/953/640 685/794/640 936/975/640
f 1478/964/641 1441/840/641 1477/946/641
f 1029/1062/642 1161/1240/642 1091/1122/642
f 1211/1241/643 1213/1242/643 1214/1243/643
f 3858/923/644 1451/1244/644 3859/863/644
f 844/1245/645 1216/1246/645 845/907/645
f 423/458/646 273/1163/646 274/164/646
f 1220/1247/647 1222/1248/647 1083/1249/647
f 22/1250/648 1224/1251/648 23/23/648
f 882/1252/649 897/468/649 881/460/649
f 1519/1253/650 173/116/650 387/227/650
f 1189/1221/651 1232/1254/651 1178/1216/651
f 349/197/652 550/337/652 416/336/652
f 1071/1255/653 1236/1256/653 1072/1101/653
f 1237/1257/654 1239/1258/654 745/839/654
f 1221/1259/655 1189/1221/655 1240/1260/655
f 1510/1050/656 1512/1053/656 333/1261/656
f 939/978/657 1241/1262/657 1005/1081/657
f 1556/1263/658 5/6/658 67/48/658
f 1553/1264/659 394/1226/659 1551/1227/659
f 404/1265/660 67/48/660 347/1266/660
f 1247/1267/661 1249/1268/661 1246/1269/661
f 142/93/662 238/180/662 92/139/662
f 1251/1270/663 635/753/663 1250/1271/663
f 850/913/664 1253/1272/664 851/911/664
f 1254/1273/665 1077/1111/665 1255/1274/665
f 57/42/666 133/92/666 429/1178/666
f 443/1275/667 552/1276/667 551/1277/667
f 1187/1278/668 1175/1211/668 1188/1220/668
f 1256/1279/669 831/899/669 833/898/669
f 432/1280/670 382/1281/670 383/222/670
f 741/1282/671 747/799/671 746/1283/671
f 434/265/672 351/246/672 415/245/672
f 349/197/673 383/222/673 348/195/673
f 251/323/674 1481/967/674 1480/969/674
f 395/1284/675 352/203/675 353/202/675
f 1518/1186/676 1550/1285/676 1551/1227/676
f 1558/1286/677 378/216/677 340/500/677
f 109/157/678 314/1287/678 315/192/678
f 285/170/679 1513/1198/679 407/234/679
f 395/1284/680 393/1288/680 392/1289/680
f 202/135/681 410/238/681 1558/1286/681
f 417/247/682 405/233/682 432/1280/682
f 1246/1269/683 1258/1290/683 1247/1267/683
f 3/223/684 297/1291/684 2/2/684
f 1259/1292/685 1261/1293/685 1262/1294/685
f 403/264/686 347/1266/686 284/224/686
f 955/1295/687 953/1296/687 952/1297/687
f 462/1094/688 51/432/688 330/1095/688
f 1096/1128/689 687/795/689 1263/1298/689
f 429/1178/690 60/40/690 57/42/690
f 896/943/691 1265/1299/691 932/1300/691
f 1267/1301/692 1268/1302/692 1266/1303/692
f 423/458/693 327/1304/693 420/251/693
f 37/19/694 180/120/694 40/1305/694
f 20/24/695 1187/1278/695 1186/1219/695
f 1256/1279/696 1071/1255/696 1070/1100/696
f 155/357/697 156/103/697 504/358/697
f 1188/1220/698 1269/1306/698 1232/1254/698
f 1236/1256/699 1271/1307/699 1262/1294/699
f 1272/1308/700 535/700/700 621/1309/700
f 565/1310/701 463/576/701 464/1311/701
f 1273/1312/702 745/839/702 1239/1258/702
f 876/931/703 1255/1274/703 1274/1313/703
f 316/1140/704 164/110/704 315/192/704
f 437/266/705 503/356/705 1509/1046/705
f 194/124/706 1495/997/706 197/1314/706
f 1275/1315/707 864/922/707 863/921/707
f 624/360/708 631/1316/708 630/395/708
f 1277/1317/709 1137/1180/709 1278/1318/709
f 569/437/710 567/1319/710 566/1320/710
f 1481/967/711 125/86/711 366/208/711
f 324/189/712 547/431/712 326/1321/712
f 1279/1322/713 1107/1323/713 1280/1324/713
f 1525/1325/714 329/332/714 1523/1090/714
f 1281/1326/715 1137/1180/715 918/955/715
f 171/112/716 1553/1264/716 1552/1327/716
f 1488/989/717 396/232/717 1533/1125/717
f 1557/1328/718 1562/1329/718 1559/1330/718
f 1282/1331/719 1206/1236/719 1205/1332/719
f 1053/1082/720 1278/1318/720 1281/1326/720
f 778/1333/721 607/736/721 1283/1334/721
f 713/1335/722 3566/1336/722 3569/1337/722
f 251/323/723 144/98/723 124/84/723
f 4/1/724 348/195/724 383/222/724
f 709/1338/725 707/1339/725 706/1340/725
f 728/373/726 45/33/726 246/141/726
f 261/1341/727 1563/1342/727 544/329/727
f 789/864/728 1287/1343/728 790/1110/728
f 74/54/729 263/156/729 282/286/729
f 403/264/730 385/226/730 434/265/730
f 1178/1216/731 1240/1260/731 1189/1221/731
f 1223/1344/732 1289/1345/732 1224/1251/732
f 158/107/733 150/102/733 151/101/733
f 1220/1247/734 1186/1219/734 1221/1259/734
f 296/1187/735 354/1346/735 433/1347/735
f 784/428/736 1538/1348/736 1566/1349/736
f 1181/1215/737 1291/1350/737 1222/1248/737
f 1269/1306/738 1257/1351/738 1246/1269/738
f 1566/1349/739 438/269/739 399/1352/739
f 136/429/740 1566/1349/740 1564/1353/740
f 1563/1342/741 169/113/741 1565/1354/741
f 107/81/742 109/157/742 108/79/742
f 1297/1355/743 1298/1356/743 1296/1357/743
f 1464/947/744 1476/934/744 1461/936/744
f 1520/1358/745 507/1359/745 508/1360/745
f 1301/1361/746 1303/1362/746 1304/1363/746
f 1306/1364/747 1308/1365/747 1305/1366/747
f 175/176/748 1532/1367/748 272/350/748
f 1532/1367/749 200/1213/749 201/137/749
f 1311/1368/750 1312/1369/750 1313/1370/750
f 872/928/751 1315/1371/751 1316/1372/751
f 1317/1373/752 1318/1374/752 1319/1375/752
f 3836/603/753 878/626/753 3828/684/753
f 1305/1366/754 864/922/754 1276/1376/754
f 1040/1072/755 863/921/755 1320/1377/755
f 1564/1353/756 399/1352/756 169/113/756
f 592/352/757 1575/1378/757 591/353/757
f 591/353/758 1088/1379/758 689/368/758
f 1581/1380/759 1583/1381/759 1582/1382/759
f 1196/599/760 1147/586/760 1176/585/760
f 710/1383/761 583/1384/761 713/1335/761
f 285/170/762 408/248/762 386/225/762
f 953/1296/763 961/492/763 963/507/763
f 1594/1385/764 1589/1386/764 1593/1387/764
f 1585/1001/765 1587/1388/765 1586/1389/765
f 1592/1390/766 1590/1391/766 1589/1386/766
f 3885/1392/767 944/1393/767 3899/1394/767
f 1600/1395/768 1598/1396/768 1597/1397/768
f 1604/1398/769 1602/1399/769 1601/1400/769
f 1399/748/770 979/733/770 980/1401/770
f 1589/1386/771 1596/1402/771 1595/1403/771
f 1610/1404/772 1608/1405/772 1607/1406/772
f 298/1407/773 361/1408/773 360/1040/773
f 551/1277/774 276/169/774 277/242/774
f 1627/1409/775 3814/1410/775 3819/1411/775
f 859/1412/776 818/890/776 860/918/776
f 1078/1112/777 1328/1413/777 1329/1414/777
f 1555/1415/778 1530/1107/778 1556/1263/778
f 572/1416/779 680/1417/779 681/1418/779
f 772/422/780 776/1419/780 774/425/780
f 977/1014/781 918/955/781 917/1106/781
f 404/1265/782 392/1289/782 393/1288/782
f 1054/1084/783 750/843/783 753/842/783
f 1644/1420/784 1643/1421/784 1642/1422/784
f 932/1300/785 1082/1114/785 933/973/785
f 1067/1423/786 1334/1424/786 1068/1096/786
f 1540/1164/787 264/1147/787 114/155/787
f 597/726/788 643/757/788 1336/1425/788
f 471/1426/789 762/407/789 470/301/789
f 1642/1422/790 3831/877/790 3842/1427/790
f 1644/1420/791 3842/1427/791 3843/1428/791
f 923/476/792 950/480/792 927/493/792
f 96/68/793 548/1429/793 95/387/793
f 520/1430/794 522/1148/794 521/1058/794
f 445/1129/795 443/1275/795 442/487/795
f 849/1431/796 848/1432/796 842/1433/796
f 480/363/797 755/401/797 493/297/797
f 1646/1434/798 481/404/798 1639/1435/798
f 311/1436/799 1567/1437/799 170/179/799
f 464/1311/800 3497/1438/800 3495/1439/800
f 3497/1438/801 1361/1440/801 3495/1439/801
f 234/1055/802 236/341/802 235/1052/802
f 190/1168/803 192/250/803 191/338/803
f 153/105/804 152/1441/804 149/100/804
f 231/1059/805 286/315/805 230/314/805
f 1552/1327/806 1551/1227/806 1550/1285/806
f 760/405/807 1648/1442/807 488/414/807
f 3832/1443/808 1649/1444/808 3830/1445/808
f 828/454/809 826/678/809 825/455/809
f 52/34/810 166/218/810 165/217/810
f 1663/1446/811 1661/1447/811 1660/1448/811
f 287/1165/812 115/80/812 286/315/812
f 668/1449/813 670/613/813 669/1450/813
f 634/1451/814 640/1452/814 639/1453/814
f 553/1454/815 559/1455/815 554/1456/815
f 118/83/816 33/18/816 516/439/816
f 492/415/817 491/424/817 490/1457/817
f 3552/1458/818 1651/1459/818 3553/1460/818
f 582/1461/819 584/1462/819 583/1384/819
f 384/1463/820 392/1289/820 415/245/820
f 1381/1464/821 1383/1465/821 1380/1466/821
f 1562/1329/822 435/268/822 436/267/822
f 952/1297/823 951/479/823 947/488/823
f 3529/1467/824 583/1384/824 584/1462/824
f 1660/1448/825 1667/1468/825 1666/1469/825
f 1394/1470/826 1396/1471/826 1393/1472/826
f 1660/1448/827 1664/1473/827 1663/1446/827
f 1671/1474/828 1669/1049/828 1668/1475/828
f 1624/1476/829 1673/1477/829 1672/1478/829
f 1407/1479/830 1409/1480/830 1410/1481/830
f 1677/1482/831 1675/862/831 1674/1483/831
f 1613/1484/832 1677/1482/832 1625/1485/832
f 1679/1486/833 1676/860/833 1677/1482/833
f 1626/1487/834 3811/1488/834 3814/1410/834
f 534/1141/835 198/128/835 539/990/835
f 176/177/836 150/102/836 159/106/836
f 803/1489/837 734/400/837 800/441/837
f 400/386/838 191/338/838 192/250/838
f 65/486/839 143/253/839 144/98/839
f 3526/1490/840 1656/1491/840 3540/1492/840
f 402/1493/841 157/108/841 283/171/841
f 629/1494/842 627/1495/842 626/1496/842
f 461/285/843 49/36/843 50/35/843
f 758/1497/844 495/298/844 756/426/844
f 796/1498/845 786/1499/845 785/1500/845
f 406/235/846 1513/1198/846 1560/1501/846
f 342/1502/847 166/218/847 167/555/847
f 1694/1503/848 1658/825/848 1695/1504/848
f 1692/1505/849 1694/1503/849 1696/1506/849
f 3557/1507/850 1652/1508/850 3552/1458/850
f 3921/1509/851 1703/1510/851 3923/1511/851
f 326/1321/852 302/257/852 90/66/852
f 3916/1512/853 1702/1513/853 1706/1514/853
f 3919/1515/854 1698/1516/854 1701/1517/854
f 1699/1518/855 3927/1519/855 3918/1520/855
f 1557/1328/856 1560/1501/856 1561/1521/856
f 1127/551/857 1117/547/857 1128/1522/857
f 400/386/858 289/175/858 346/384/858
f 1706/1514/859 1707/1523/859 1708/1524/859
f 1707/1523/860 1599/1525/860 1600/1395/860
f 1709/1000/861 1708/1524/861 1588/1526/861
f 1714/1527/862 1711/1528/862 1713/1529/862
f 3919/1515/863 1709/1000/863 1700/1002/863
f 1704/1530/864 1577/1531/864 1703/1510/864
f 1716/1532/865 1713/1529/865 1715/1533/865
f 1559/1330/866 1549/1222/866 297/1291/866
f 1722/1534/867 1720/1535/867 1719/1536/867
f 1335/1537/868 596/728/868 1489/1538/868
f 410/238/869 377/474/869 378/216/869
f 973/506/870 1163/580/870 972/505/870
f 168/114/871 399/1352/871 398/1539/871
f 1571/813/872 1089/1540/872 1093/811/872
f 1572/1541/873 682/1542/873 1571/813/873
f 749/1543/874 647/367/874 754/1544/874
f 1730/1545/875 1723/1546/875 1729/1547/875
f 1594/1385/876 1729/1547/876 1592/1390/876
f 1729/1547/877 1591/1548/877 1592/1390/877
f 1731/1549/878 1730/1545/878 1583/1381/878
f 1384/1550/879 1377/717/879 1379/1551/879
f 1732/1552/880 1712/1553/880 1714/1527/880
f 1724/1554/881 1731/1549/881 1732/1552/881
f 1712/1553/882 1731/1549/882 1580/1555/882
f 1722/1534/883 1732/1552/883 1733/1556/883
f 1721/1557/884 1733/1556/884 1734/1558/884
f 1734/1558/885 1716/1532/885 1717/1559/885
f 1735/1560/886 1736/1561/886 1697/1562/886
f 1733/1556/887 1714/1527/887 1716/1532/887
f 1663/1446/888 1741/1563/888 1668/1475/888
f 1742/1564/889 1740/1565/889 1743/1566/889
f 1738/1567/890 1737/1568/890 1735/1560/890
f 1665/1569/891 1666/1469/891 1740/1565/891
f 1665/1569/892 1744/1570/892 1664/1473/892
f 1725/1571/893 1746/1572/893 1745/1573/893
f 1591/1548/894 1745/1573/894 1590/1391/894
f 1590/1391/895 1747/1574/895 1596/1402/895
f 1745/1573/896 1748/1575/896 1747/1574/896
f 1659/1576/897 3538/1577/897 3542/826/897
f 3287/1578/898 3545/1579/898 3282/1580/898
f 1185/591/899 1182/895/899 1190/892/899
f 1664/1473/900 1749/1581/900 1741/1563/900
f 1741/1563/901 1739/1582/901 1738/1567/901
f 1746/1572/902 1743/1566/902 1748/1575/902
f 1726/1583/903 1742/1564/903 1746/1572/903
f 1153/574/904 924/1584/904 925/496/904
f 1115/1585/905 1153/574/905 1154/571/905
f 1654/1586/906 3575/1587/906 1655/1588/906
f 1896/1589/907 3549/1590/907 1686/1158/907
f 1720/1535/908 1744/1570/908 1726/1583/908
f 1721/1557/909 1749/1581/909 1720/1535/909
f 1750/1591/910 1701/1517/910 1698/1516/910
f 1697/1562/911 1750/1591/911 1696/1506/911
f 1151/566/912 1063/539/912 1062/540/912
f 1751/1592/913 1670/1047/913 1671/1474/913
f 1695/1504/914 1752/1593/914 1751/1592/914
f 961/492/915 986/1594/915 981/508/915
f 1770/1595/916 1768/1596/916 1767/806/916
f 1766/1597/917 1593/1387/917 1765/1598/917
f 1731/1549/918 1579/1599/918 1580/1555/918
f 1579/1599/919 1774/1600/919 1578/1601/919
f 3928/1602/920 1771/1603/920 3929/1604/920
f 1764/1605/921 3928/1602/921 3917/1606/921
f 1777/1607/922 1775/1608/922 1774/1600/922
f 3762/1609/923 1699/1518/923 1700/1002/923
f 1004/1610/924 1128/1522/924 1003/1611/924
f 1774/1600/925 1771/1603/925 1772/1612/925
f 987/1613/926 1399/748/926 980/1401/926
f 1578/1601/927 1772/1612/927 1764/1605/927
f 1783/1614/928 1781/1615/928 1778/1616/928
f 1597/1397/929 1770/1595/929 1767/806/929
f 639/1453/930 3895/1617/930 3884/1618/930
f 3928/1602/931 1769/1619/931 1770/1595/931
f 1793/1620/932 1789/1621/932 1788/1622/932
f 3929/1604/933 1798/1623/933 1769/1619/933
f 3508/1624/934 3773/1625/934 1806/861/934
f 1802/1626/935 3924/1172/935 3922/1627/935
f 1788/1622/936 1794/1628/936 1793/1620/936
f 1793/1620/937 1795/1629/937 1776/1630/937
f 3773/1625/938 1675/862/938 1806/861/938
f 1584/1631/939 1783/1614/939 1789/1621/939
f 1771/1603/940 3920/1632/940 3929/1604/940
f 1801/1633/941 1798/1623/941 1800/1634/941
f 1768/1596/942 1798/1623/942 1799/1635/942
f 1775/1608/943 1797/1636/943 1771/1603/943
f 508/1360/944 515/556/944 1520/1358/944
f 1796/1637/945 1802/1626/945 1797/1636/945
f 1800/1634/946 3920/1632/946 3922/1627/946
f 1794/1628/947 1804/1638/947 1795/1629/947
f 3532/1639/948 1752/1593/948 3547/1640/948
f 485/1641/949 1807/1018/949 775/423/949
f 3809/413/950 1640/1642/950 768/411/950
f 3837/1643/951 1810/1169/951 1653/1644/951
f 485/1641/952 1640/1642/952 1808/1645/952
f 1690/1646/953 3770/1647/953 3772/1648/953
f 487/295/954 1648/1442/954 1811/1649/954
f 3839/1650/955 1816/1651/955 3822/1652/955
f 3838/1653/956 1648/1442/956 3830/1445/956
f 3839/1650/957 1811/1649/957 3838/1653/957
f 1812/1654/958 487/295/958 1811/1649/958
f 1641/1655/959 767/1656/959 768/411/959
f 465/289/960 755/401/960 776/1419/960
f 767/1656/961 3823/1657/961 3808/412/961
f 3822/1652/962 3826/1658/962 3847/1659/962
f 1809/1660/963 1815/1661/963 767/1656/963
f 3837/1643/964 1651/1459/964 3840/1019/964
f 675/1662/965 3541/1663/965 3496/1664/965
f 1814/1665/966 1822/1666/966 1821/1667/966
f 1821/1667/967 3821/1668/967 3820/1669/967
f 1824/1670/968 1649/1444/968 1825/1671/968
f 1827/1672/969 1850/957/969 1805/1673/969
f 1668/1475/970 1662/1674/970 1663/1446/970
f 1779/1675/971 1848/1676/971 1828/1677/971
f 1790/1678/972 1805/1673/972 1794/1628/972
f 1833/1679/973 1853/1680/973 1852/1681/973
f 3521/1682/974 693/381/974 575/380/974
f 1614/1683/975 1616/1684/975 1617/1685/975
f 1852/1681/976 3498/1686/976 3501/1687/976
f 1620/1688/977 1622/1689/977 1623/1690/977
f 1855/1691/978 1574/1692/978 1861/1693/978
f 1847/1694/979 3501/1687/979 3513/1695/979
f 1766/1597/980 1855/1691/980 1782/1696/980
f 1629/1697/981 1631/1698/981 1628/1699/981
f 1633/1700/982 1634/1701/982 1632/1702/982
f 1635/1703/983 1637/1704/983 1638/1705/983
f 1848/1676/984 1852/1681/984 1847/1694/984
f 1855/1691/985 1863/1706/985 1862/1707/985
f 1803/1708/986 1867/1709/986 1802/1626/986
f 1862/1707/987 1831/1710/987 1832/1711/987
f 1782/1696/988 1862/1707/988 1781/1615/988
f 3922/1627/989 1865/948/989 1800/1634/989
f 1873/1712/990 1870/1713/990 1869/1714/990
f 1874/1715/991 799/1716/991 804/1717/991
f 2045/1718/992 3897/1719/992 2044/1720/992
f 1219/610/993 1295/667/993 1225/609/993
f 1615/1721/994 1396/1471/994 1395/1722/994
f 3884/1618/995 1877/1723/995 1876/1724/995
f 645/1725/996 3786/1726/996 3559/1727/996
f 1345/663/997 1035/534/997 1346/664/997
f 634/1451/998 3884/1618/998 3880/1728/998
f 15/8/999 1327/1729/999 14/9/999
f 3910/1730/1000 1878/1731/1000 1893/1732/1000
f 1894/1733/1001 605/1734/1001 1893/1732/1001
f 3506/1735/1002 627/1495/1002 693/381/1002
f 3560/1736/1003 645/1725/1003 3559/1727/1003
f 340/500/1004 454/275/1004 1558/1286/1004
f 1897/1737/1005 195/126/1005 1898/1738/1005
f 1889/1739/1006 1877/1723/1006 1890/1740/1006
f 1901/1741/1007 129/88/1007 1900/1742/1007
f 196/125/1008 754/1544/1008 232/1743/1008
f 1705/1744/1009 3921/1509/1009 3916/1512/1009
f 340/500/1010 166/218/1010 343/498/1010
f 1570/1745/1011 563/968/1011 561/348/1011
f 1904/1746/1012 194/124/1012 1897/1737/1012
f 1781/1615/1013 1832/1711/1013 1780/1747/1013
f 1905/1748/1014 55/38/1014 1906/1749/1014
f 1000/1750/1015 995/1751/1015 996/516/1015
f 986/1594/1016 920/526/1016 987/1613/1016
f 1191/597/1017 1190/892/1017 1194/594/1017
f 2094/1752/1018 2075/1753/1018 2093/1754/1018
f 1920/1755/1019 1919/1756/1019 1915/1757/1019
f 453/276/1020 1912/1758/1020 1911/1759/1020
f 1915/1757/1021 1918/1760/1021 1916/1761/1021
f 3882/1762/1022 2106/1763/1022 3901/1764/1022
f 1655/1588/1023 3531/1765/1023 1868/1766/1023
f 1916/1761/1024 1926/1767/1024 1925/1768/1024
f 704/389/1025 3561/1769/1025 703/390/1025
f 278/168/1026 1925/1768/1026 1900/1742/1026
f 3565/1770/1027 1818/1771/1027 1820/1772/1027
f 1097/543/1028 1115/1585/1028 1114/570/1028
f 1927/1773/1029 727/375/1029 1923/628/1029
f 3578/1774/1030 3654/1775/1030 3758/1776/1030
f 1920/1755/1031 307/186/1031 1929/1777/1031
f 1929/1777/1032 48/31/1032 728/373/1032
f 503/356/1033 1497/1778/1033 1509/1046/1033
f 1902/1779/1034 787/1780/1034 796/1498/1034
f 1816/1651/1035 3820/1669/1035 3826/1658/1035
f 1925/1768/1036 1923/628/1036 1924/1781/1036
f 1535/1782/1037 1568/1783/1037 1534/1784/1037
f 254/244/1038 258/147/1038 255/149/1038
f 1509/1046/1039 366/208/1039 367/210/1039
f 119/194/1040 35/1785/1040 36/16/1040
f 219/464/1041 293/1088/1041 294/524/1041
f 141/174/1042 47/191/1042 431/262/1042
f 542/470/1043 244/318/1043 245/1786/1043
f 1940/1787/1044 430/263/1044 431/262/1044
f 1779/1675/1045 1827/1672/1045 1790/1678/1045
f 1701/1517/1046 3915/1788/1046 3919/1515/1046
f 1661/1447/1047 3515/1789/1047 1667/1468/1047
f 270/162/1048 754/1544/1048 647/367/1048
f 197/1314/1049 749/1543/1049 196/125/1049
f 1727/1790/1050 1212/1791/1050 1211/1241/1050
f 53/37/1051 232/1743/1051 754/1544/1051
f 1465/894/1052 1479/962/1052 1478/964/1052
f 1284/1792/1053 3854/1793/1053 1293/661/1053
f 1951/1794/1054 412/241/1054 413/240/1054
f 168/114/1055 1554/1795/1055 1553/1264/1055
f 1486/1039/1056 206/129/1056 207/131/1056
f 506/1192/1057 78/58/1057 361/1408/1057
f 994/1796/1058 1007/518/1058 993/1797/1058
f 951/479/1059 963/507/1059 964/1798/1059
f 1013/550/1060 3861/670/1060 1351/879/1060
f 3826/1658/1061 1820/1772/1061 1818/1771/1061
f 1498/1223/1062 1954/1799/1062 1482/971/1062
f 299/1006/1063 543/1800/1063 132/90/1063
f 1754/1801/1064 1756/1802/1064 1753/1803/1064
f 1681/1804/1065 1683/1805/1065 1682/1806/1065
f 1696/1506/1066 1695/1504/1066 1697/1562/1066
f 13/7/1067 738/1807/1067 737/1808/1067
f 473/420/1068 475/416/1068 474/418/1068
f 482/291/1069 768/411/1069 1640/1642/1069
f 204/1809/1070 30/14/1070 205/316/1070
f 1761/1810/1071 820/1811/1071 819/888/1071
f 611/738/1072 1125/1812/1072 612/737/1072
f 1501/1007/1073 1908/1813/1073 1909/1814/1073
f 1074/1104/1074 711/809/1074 699/801/1074
f 1960/1815/1075 82/61/1075 83/60/1075
f 120/1816/1076 1960/1815/1076 123/981/1076
f 35/1785/1077 87/78/1077 34/17/1077
f 1773/1817/1078 1025/1060/1078 1031/1063/1078
f 1965/1818/1079 1569/1819/1079 1535/1782/1079
f 494/299/1080 471/1426/1080 479/364/1080
f 1966/1820/1081 1969/1821/1081 1968/1822/1081
f 446/324/1082 1971/1823/1082 1967/1824/1082
f 174/115/1083 125/86/1083 126/85/1083
f 1580/1555/1084 1578/1601/1084 1577/1531/1084
f 1785/1825/1085 1787/1826/1085 1784/1827/1085
f 1972/1828/1086 304/1199/1086 305/1093/1086
f 1254/1273/1087 875/1035/1087 999/1034/1087
f 1973/1829/1088 342/1502/1088 514/554/1088
f 321/1830/1089 1973/1829/1089 509/984/1089
f 1910/1831/1090 275/243/1090 1907/1832/1090
f 509/984/1091 514/554/1091 508/1360/1091
f 1486/1039/1092 1527/1833/1092 1485/1097/1092
f 1974/1834/1093 804/1717/1093 1975/1835/1093
f 1977/1836/1094 1974/1834/1094 1978/1837/1094
f 1980/1838/1095 1966/1820/1095 1981/1839/1095
f 379/219/1096 2/2/1096 295/1840/1096
f 1718/1841/1097 1710/1842/1097 1701/1517/1097
f 884/462/1098 992/513/1098 883/1843/1098
f 1680/1844/1099 1678/1015/1099 1679/1486/1099
f 902/1845/1100 525/1846/1100 524/692/1100
f 344/1005/1101 256/148/1101 299/1006/1101
f 135/1847/1102 137/427/1102 136/429/1102
f 236/341/1103 228/144/1103 333/1261/1103
f 448/1848/1104 1967/1824/1104 1966/1820/1104
f 589/1849/1105 604/1850/1105 584/1462/1105
f 910/712/1106 908/716/1106 907/525/1106
f 1981/1839/1107 1968/1822/1107 1987/1851/1107
f 1982/1852/1108 1987/1851/1108 1979/1853/1108
f 1988/1854/1109 1987/1851/1109 1989/1855/1109
f 1990/1856/1110 1989/1855/1110 1991/1857/1110
f 1991/1857/1111 1993/1858/1111 1992/1859/1111
f 322/1860/1112 320/983/1112 319/1861/1112
f 992/513/1113 830/472/1113 883/1843/1113
f 1144/578/1114 1086/568/1114 1143/1862/1114
f 1995/1863/1115 1978/1837/1115 1994/1864/1115
f 1133/558/1116 1118/546/1116 1126/561/1116
f 1997/1865/1117 1994/1864/1117 1996/1866/1117
f 870/927/1118 1335/1537/1118 1489/1538/1118
f 805/443/1119 1982/1852/1119 1998/1867/1119
f 727/375/1120 2000/1868/1120 1999/1869/1120
f 1996/1866/1121 1988/1854/1121 1990/1856/1121
f 1994/1864/1122 1979/1853/1122 1988/1854/1122
f 1829/1870/1123 792/1871/1123 1273/1312/1123
f 1830/1872/1124 941/982/1124 983/1021/1124
f 798/1873/1125 800/441/1125 799/1716/1125
f 729/1874/1126 731/1875/1126 730/435/1126
f 2011/1876/1127 2023/1877/1127 2022/1878/1127
f 1834/1879/1128 846/908/1128 1159/1880/1128
f 402/1493/1129 284/224/1129 347/1266/1129
f 2022/1878/1130 2024/1881/1130 2025/1882/1130
f 1838/1883/1131 989/1024/1131 988/1026/1131
f 810/515/1132 952/1297/1132 809/452/1132
f 1823/1884/1133 1840/1885/1133 644/758/1133
f 1430/822/1134 1432/834/1134 1431/1886/1134
f 1215/1887/1135 1841/1888/1135 1079/1115/1135
f 149/100/1136 176/177/1136 177/1889/1136
f 1316/1372/1137 873/929/1137 872/928/1137
f 2112/1890/1138 1384/1550/1138 2106/1763/1138
f 1842/1891/1139 1844/1892/1139 1845/1893/1139
f 1159/1880/1140 845/907/1140 1160/1195/1140
f 837/901/1141 1846/1894/1141 1120/1150/1141
f 1971/1823/1142 2030/1895/1142 2027/1896/1142
f 517/1897/1143 370/434/1143 189/319/1143
f 858/917/1144 833/898/1144 812/1230/1144
f 1471/933/1145 2027/1896/1145 1888/1898/1145
f 3551/1899/1146 626/1496/1146 627/1495/1146
f 2174/1900/1147 770/1901/1147 490/1457/1147
f 935/1045/1148 1854/1902/1148 1010/1044/1148
f 1613/1484/1149 1611/1903/1149 1618/1904/1149
f 1231/621/1150 1225/609/1150 1295/667/1150
f 1856/1905/1151 891/941/1151 892/940/1151
f 1300/638/1152 748/1906/1152 741/1282/1152
f 1150/1907/1153 1858/1908/1153 1859/1909/1153
f 1643/1421/1154 696/1234/1154 1642/1422/1154
f 1215/1887/1155 1264/1910/1155 1216/1246/1155
f 1320/1377/1156 902/1845/1156 901/945/1156
f 1956/1911/1157 1944/1912/1157 1960/1815/1157
f 2031/1913/1158 669/1450/1158 1474/1914/1158
f 2034/1915/1159 1310/646/1159 1299/636/1159
f 1879/1916/1160 1656/1491/1160 1657/1917/1160
f 40/1305/1161 242/440/1161 39/20/1161
f 1992/1859/1162 2039/1918/1162 1456/872/1162
f 888/1919/1163 957/998/1163 889/938/1163
f 1882/1920/1164 1996/1866/1164 1990/1856/1164
f 1078/1112/1165 1255/1274/1165 1077/1111/1165
f 1871/1921/1166 1192/1922/1166 1090/1121/1166
f 294/524/1167 218/1212/1167 219/464/1167
f 1323/645/1168 2026/1923/1168 1471/933/1168
f 123/981/1169 83/60/1169 1484/979/1169
f 1324/1924/1170 2041/1925/1170 1323/645/1170
f 384/1463/1171 359/260/1171 352/203/1171
f 1324/1924/1172 2038/1926/1172 2036/1927/1172
f 1883/1928/1173 1885/1929/1173 1829/1870/1173
f 287/1165/1174 114/155/1174 107/81/1174
f 1096/1128/1175 1134/1177/1175 661/774/1175
f 915/956/1176 931/972/1176 916/954/1176
f 806/442/1177 1981/1839/1177 1982/1852/1177
f 3533/1930/1178 584/1462/1178 604/1850/1178
f 1425/800/1179 2042/1931/1179 1018/530/1179
f 1018/530/1180 1948/1932/1180 1017/528/1180
f 3562/1933/1181 740/1934/1181 3519/481/1181
f 1948/1932/1182 649/1935/1182 646/365/1182
f 1881/1936/1183 1990/1856/1183 1991/1857/1183
f 1900/1742/1184 130/1157/1184 278/168/1184
f 992/513/1185 994/1796/1185 993/1797/1185
f 923/476/1186 925/496/1186 924/1584/1186
f 3878/1937/1187 2047/1938/1187 3876/1939/1187
f 1643/1421/1188 625/1940/1188 606/359/1188
f 2050/1941/1189 2051/1942/1189 2049/1943/1189
f 2045/1718/1190 1404/759/1190 2047/1938/1190
f 3876/1939/1191 945/1944/1191 3885/1392/1191
f 1139/1181/1192 1079/1115/1192 1841/1888/1192
f 1037/1069/1193 892/940/1193 982/1167/1193
f 2055/1945/1194 2057/1946/1194 2056/1947/1194
f 1198/1228/1195 718/1948/1195 717/814/1195
f 1619/1949/1196 1612/1950/1196 1611/1903/1196
f 2058/1951/1197 1606/1952/1197 2059/1953/1197
f 2059/1953/1198 1607/1406/1198 2058/1951/1198
f 2058/1951/1199 1624/1476/1199 1605/1954/1199
f 71/1955/1200 179/118/1200 37/19/1200
f 405/233/1201 1557/1328/1201 382/1281/1201
f 976/1013/1202 1006/1042/1202 977/1014/1202
f 322/1860/1203 1972/1828/1203 1911/1759/1203
f 2061/1956/1204 2063/1957/1204 2062/1958/1204
f 2066/1959/1205 2067/1960/1205 1825/1671/1205
f 2052/1961/1206 2064/1962/1206 2051/1942/1206
f 1609/1963/1207 2066/1959/1207 1647/1964/1207
f 1515/1965/1208 152/1441/1208 1516/1966/1208
f 1009/522/1209 993/1797/1209 1007/518/1209
f 1644/1420/1210 3815/1967/1210 2118/885/1210
f 279/1030/1211 1916/1761/1211 278/168/1211
f 1285/1968/1212 3862/640/1212 1284/1792/1212
f 1647/1964/1213 1825/1671/1213 1649/1444/1213
f 2056/1947/1214 2067/1960/1214 2065/1969/1214
f 319/1861/1215 1953/1970/1215 1952/1971/1215
f 667/777/1216 1913/1972/1216 1914/1973/1216
f 2070/1974/1217 625/1940/1217 2048/1975/1217
f 2052/1961/1218 2055/1945/1218 2063/1957/1218
f 2038/1926/1219 1655/1588/1219 1458/1976/1219
f 1606/1952/1220 2073/1977/1220 2072/1978/1220
f 1235/1979/1221 1270/1980/1221 1236/1256/1221
f 2072/1978/1222 2075/1753/1222 2074/1981/1222
f 2059/1953/1223 2072/1978/1223 2062/1958/1223
f 2074/1981/1224 2077/1982/1224 2076/1983/1224
f 1601/1400/1225 2078/1984/1225 2073/1977/1225
f 2049/1943/1226 1643/1421/1226 1645/1985/1226
f 1000/1750/1227 1001/1986/1227 994/1796/1227
f 1089/1540/1228 684/369/1228 689/368/1228
f 1931/1987/1229 1306/1364/1229 1930/1988/1229
f 1462/1989/1230 1021/533/1230 1022/532/1230
f 1932/1990/1231 1934/1991/1231 1935/1992/1231
f 875/1035/1232 1846/1894/1232 998/1033/1232
f 1936/1993/1233 1937/1994/1233 1938/1995/1233
f 44/140/1234 46/32/1234 92/139/1234
f 1534/1784/1235 1956/1911/1235 120/1816/1235
f 1541/1162/1236 317/183/1236 391/230/1236
f 2081/1996/1237 2084/1997/1237 2083/1998/1237
f 146/557/1238 1959/1999/1238 300/2000/1238
f 1360/2001/1239 1942/2002/1239 1361/1440/1239
f 985/1023/1240 1032/1066/1240 1033/1065/1240
f 1995/1863/1241 1892/2003/1241 2043/2004/1241
f 2079/2005/1242 2082/2006/1242 2081/1996/1242
f 2095/2007/1243 2076/1983/1243 2077/1982/1243
f 2081/1996/1244 2078/1984/1244 2079/2005/1244
f 2055/1945/1245 2054/2008/1245 2053/2009/1245
f 501/456/1246 2095/2007/1246 500/304/1246
f 2097/2010/1247 2099/2011/1247 2098/2012/1247
f 2098/2012/1248 2094/1752/1248 2083/1998/1248
f 2140/2013/1249 3893/2014/1249 3866/2015/1249
f 2141/2016/1250 3894/2017/1250 3893/2014/1250
f 2051/1942/1251 2048/1975/1251 2049/1943/1251
f 592/352/1252 2101/2018/1252 1576/2019/1252
f 2071/2020/1253 2076/1983/1253 2096/2021/1253
f 2102/2022/1254 2098/2012/1254 2101/2018/1254
f 593/2023/1255 2102/2022/1255 592/352/1255
f 1019/529/1256 746/1283/1256 747/799/1256
f 1950/2024/1257 12/2025/1257 1327/1729/1257
f 725/396/1258 2096/2021/1258 501/456/1258
f 1385/791/1259 2104/2026/1259 1379/1551/1259
f 1379/1551/1260 2106/1763/1260 1384/1550/1260
f 2107/2027/1261 2100/630/1261 2097/2010/1261
f 3908/2028/1262 502/303/1262 3896/2029/1262
f 3896/2029/1263 499/305/1263 3901/1764/1263
f 940/2030/1264 2109/2031/1264 944/1393/1264
f 928/2032/1265 1170/595/1265 973/506/1265
f 3868/2033/1266 684/369/1266 3899/1394/1266
f 1962/2034/1267 1964/2035/1267 1961/2036/1267
f 3878/1937/1268 573/345/1268 3897/1719/1268
f 2039/1918/1269 1968/1822/1269 1969/1821/1269
f 1389/2037/1270 2110/2038/1270 2109/2031/1270
f 1398/747/1271 2113/2039/1271 1397/746/1271
f 3757/2040/1272 3753/2041/1272 3743/2042/1272
f 3911/2043/1273 2107/2027/1273 2103/2044/1273
f 949/553/1274 924/1584/1274 1115/1585/1274
f 260/150/1275 324/189/1275 326/1321/1275
f 1390/724/1276 2113/2039/1276 2110/2038/1276
f 2070/1974/1277 2064/1962/1277 2071/2020/1277
f 3867/2045/1278 2103/2044/1278 593/2023/1278
f 2105/2046/1279 1421/792/1279 2114/2047/1279
f 2114/2047/1280 1423/797/1280 2115/2048/1280
f 3892/2049/1281 2115/2048/1281 3903/2050/1281
f 3908/2028/1282 2114/2047/1282 3892/2049/1282
f 554/1456/1283 1902/1779/1283 553/1454/1283
f 972/505/1284 967/497/1284 966/495/1284
f 1765/1598/1285 1573/2051/1285 1574/1692/1285
f 1984/2052/1286 1986/2053/1286 1983/2054/1286
f 2053/2009/1287 2069/2055/1287 2057/1946/1287
f 3573/2056/1288 724/2057/1288 714/376/1288
f 1625/1485/1289 1674/1483/1289 1673/1477/1289
f 3881/2058/1290 2119/2059/1290 2122/2060/1290
f 3903/2050/1291 2123/2061/1291 3904/2062/1291
f 56/161/1292 1906/1749/1292 55/38/1292
f 626/1496/1293 3879/2063/1293 629/1494/1293
f 2001/2064/1294 2003/2065/1294 2004/2066/1294
f 3912/2067/1295 2127/2068/1295 3907/2069/1295
f 2006/2070/1296 2008/2071/1296 2009/2072/1296
f 2127/2068/1297 1412/764/1297 2128/2073/1297
f 2014/2074/1298 2016/2075/1298 2017/2076/1298
f 2018/2077/1299 2020/2078/1299 2021/2079/1299
f 1495/997/1300 1947/2080/1300 197/1314/1300
f 1379/1551/1301 1386/786/1301 1385/791/1301
f 3814/1410/1302 1680/1844/1302 1618/1904/1302
f 2029/2081/1303 1884/2082/1303 2028/2083/1303
f 3902/2084/1304 2120/2085/1304 3887/2086/1304
f 629/1494/1305 3914/631/1305 3872/2087/1305
f 682/1542/1306 943/2088/1306 1089/1540/1306
f 724/2057/1307 2121/2089/1307 716/377/1307
f 1757/991/1308 3821/1668/1308 3845/2090/1308
f 765/2091/1309 3844/2092/1309 3809/413/1309
f 3851/2093/1310 715/378/1310 3852/2094/1310
f 706/1340/1311 3870/2095/1311 3872/2087/1311
f 981/508/1312 987/1613/1312 980/1401/1312
f 1457/871/1313 1656/1491/1313 1880/2096/1313
f 2017/2076/1314 2032/2097/1314 2033/2098/1314
f 1458/1976/1315 1868/1766/1315 1457/871/1315
f 1776/1630/1316 1792/2099/1316 1793/1620/1316
f 1959/1999/1317 1946/2100/1317 1958/2101/1317
f 3663/805/1318 3725/2102/1318 3661/2103/1318
f 3913/2104/1319 2122/2060/1319 3850/2105/1319
f 1093/811/1320 689/368/1320 1088/1379/1320
f 966/495/1321 968/502/1321 972/505/1321
f 3852/2094/1322 3881/2058/1322 3913/2104/1322
f 2172/2106/1323 2170/2107/1323 2171/2108/1323
f 670/613/1324 2137/2109/1324 669/1450/1324
f 3761/2110/1325 1903/2111/1325 233/629/1325
f 1429/823/1326 28/2112/1326 1449/2113/1326
f 964/1798/1327 978/509/1327 971/501/1327
f 3841/2114/1328 1413/779/1328 2127/2068/1328
f 1473/2115/1329 669/1450/1329 2137/2109/1329
f 3834/680/1330 1359/706/1330 1358/683/1330
f 2138/2116/1331 1870/1713/1331 2137/2109/1331
f 1872/2117/1332 2137/2109/1332 1870/1713/1332
f 715/378/1333 3888/2118/1333 3881/2058/1333
f 1881/1936/1334 1992/1859/1334 1880/2096/1334
f 3843/1428/1335 739/482/1335 740/1934/1335
f 1837/2119/1336 3513/1695/1336 3514/2120/1336
f 253/146/1337 59/62/1337 85/64/1337
f 1808/1645/1338 3840/1019/1338 1807/1018/1338
f 1647/1964/1339 3818/2121/1339 1609/1963/1339
f 3865/2122/1340 671/611/1340 668/1449/1340
f 2112/1890/1341 3883/2123/1341 2111/2124/1341
f 1405/844/1342 2044/1720/1342 1438/830/1342
f 3829/691/1343 1364/2125/1343 1366/2126/1343
f 273/1163/1344 391/230/1344 249/165/1344
f 576/392/1345 3520/2127/1345 3555/2128/1345
f 3875/2129/1346 668/1449/1346 2031/1913/1346
f 1430/822/1347 2140/2013/1347 2139/2130/1347
f 2136/2131/1348 3860/849/1348 28/2112/1348
f 1430/822/1349 18/12/1349 19/11/1349
f 3893/2014/1350 570/347/1350 695/2132/1350
f 1442/835/1351 2046/2133/1351 2141/2016/1351
f 1431/1886/1352 2141/2016/1352 2140/2013/1352
f 3869/2134/1353 3850/2105/1353 2136/2131/1353
f 3808/412/1354 1817/2135/1354 766/2136/1354
f 3866/2015/1355 695/2132/1355 671/611/1355
f 2142/2137/1356 798/1873/1356 2138/2116/1356
f 571/346/1357 2142/2137/1357 694/612/1357
f 3819/1411/1358 1618/1904/1358 1611/1903/1358
f 2143/2138/1359 2025/1882/1359 2142/2137/1359
f 694/612/1360 2138/2116/1360 670/613/1360
f 681/1418/1361 2144/2139/1361 572/1416/1361
f 2144/2139/1362 2022/1878/1362 2143/2138/1362
f 328/394/1363 457/635/1363 290/393/1363
f 1572/1541/1364 2011/1876/1364 2144/2139/1364
f 630/395/1365 3903/2050/1365 624/360/1365
f 2085/2140/1366 2087/2141/1366 2088/2142/1366
f 2090/2143/1367 2092/2144/1367 2089/2145/1367
f 572/1416/1368 2143/2138/1368 571/346/1368
f 1875/2146/1369 2153/2147/1369 2149/2148/1369
f 1873/1712/1370 2149/2148/1370 2154/2149/1370
f 2103/2044/1371 2097/2010/1371 2102/2022/1371
f 2157/2150/1372 2155/2151/1372 2156/2152/1372
f 2128/2073/1373 1414/766/1373 2120/2085/1373
f 3874/2153/1374 589/1849/1374 582/1461/1374
f 3872/2087/1375 628/2154/1375 629/1494/1375
f 2149/2148/1376 2158/2155/1376 2159/2156/1376
f 2159/2156/1377 3905/2157/1377 3890/2158/1377
f 698/388/1378 3902/2084/1378 705/2159/1378
f 3823/1657/1379 3827/2160/1379 1817/2135/1379
f 2158/2155/1380 3874/2153/1380 3905/2157/1380
f 1438/830/1381 2046/2133/1381 1439/828/1381
f 2035/2161/1382 2160/2162/1382 2161/2163/1382
f 2161/2163/1383 3889/2164/1383 3886/2165/1383
f 3871/2166/1384 605/1734/1384 589/1849/1384
f 3873/2167/1385 18/12/1385 3875/2129/1385
f 370/434/1386 61/44/1386 451/320/1386
f 649/1935/1387 413/240/1387 648/366/1387
f 2153/2147/1388 2156/2152/1388 2158/2155/1388
f 1428/2168/1389 1449/2113/1389 1450/2169/1389
f 1490/1027/1390 73/55/1390 1488/989/1390
f 3890/2158/1391 710/1383/1391 633/2170/1391
f 2155/2151/1392 3891/2171/1392 3871/2166/1392
f 1456/872/1393 1880/2096/1393 1992/1859/1393
f 2125/2172/1394 2087/2141/1394 2124/2173/1394
f 2160/2162/1395 3890/2158/1395 3889/2164/1395
f 300/2000/1396 505/634/1396 323/261/1396
f 1064/592/1397 1046/538/1397 1065/2174/1397
f 2043/2004/1398 1891/2175/1398 2155/2151/1398
f 2129/2176/1399 2004/2066/1399 2003/2065/1399
f 2131/2177/1400 2133/2178/1400 2134/2179/1400
f 3848/850/1401 1450/2169/1401 1449/2113/1401
f 1998/1867/1402 804/1717/1402 805/443/1402
f 3879/2063/1403 3864/2180/1403 3914/631/1403
f 474/418/1404 490/1457/1404 770/1901/1404
f 1164/582/1405 1182/895/1405 1177/589/1405
f 707/1339/1406 3909/2181/1406 3870/2095/1406
f 708/2182/1407 2162/2183/1407 707/1339/1407
f 2162/2183/1408 3886/2165/1408 3909/2181/1408
f 548/1429/1409 1905/1748/1409 458/281/1409
f 1145/562/1410 1114/570/1410 1171/587/1410
f 705/2159/1411 1650/2184/1411 704/389/1411
f 2043/2004/1412 1977/1836/1412 1995/1863/1412
f 737/1808/1413 554/1456/1413 559/1455/1413
f 1034/605/1414 1191/597/1414 1023/593/1414
f 458/281/1415 1907/1832/1415 275/243/1415
f 195/126/1416 232/1743/1416 233/629/1416
f 2040/2185/1417 1969/1821/1417 1970/2186/1417
f 2145/2187/1418 2147/2188/1418 2148/2189/1418
f 2054/2008/1419 2049/1943/1419 1645/1985/1419
f 3832/1443/1420 1639/1435/1420 3818/2121/1420
f 9/2190/1421 11/2191/1421 10/2192/1421
f 252/145/1422 506/1192/1422 258/147/1422
f 472/300/1423 479/364/1423 471/1426/1423
f 1865/948/1424 3791/1174/1424 3503/2193/1424
f 900/484/1425 910/712/1425 907/525/1425
f 1941/2194/1426 2151/2195/1426 1942/2002/1426
f 1921/2196/1427 1927/1773/1427 1919/1756/1427
f 2163/2197/1428 1898/1738/1428 2116/2198/1428
f 271/1003/1429 153/105/1429 178/2199/1429
f 1904/1746/1430 12/2025/1430 9/2190/1430
f 282/286/1431 264/1147/1431 460/283/1431
f 1872/2117/1432 2154/2149/1432 2035/2161/1432
f 1326/2200/1433 1897/1737/1433 2163/2197/1433
f 628/2154/1434 693/381/1434 627/1495/1434
f 1724/1554/1435 1719/1536/1435 1723/1546/1435
f 1549/1222/1436 436/267/1436 172/117/1436
f 1582/1382/1437 1730/1545/1437 1729/1547/1437
f 1921/2196/1438 1929/1777/1438 1928/2201/1438
f 3563/2202/1439 10/2192/1439 11/2191/1439
f 2152/2203/1440 1950/2024/1440 1949/2204/1440
f 475/416/1441 774/425/1441 771/417/1441
f 769/419/1442 2171/2108/1442 473/420/1442
f 2171/2108/1443 476/2205/1443 473/420/1443
f 476/2205/1444 772/422/1444 475/416/1444
f 1791/2206/1445 464/1311/1445 1760/2207/1445
f 2166/2208/1446 2168/2209/1446 2169/2210/1446
f 595/354/1447 372/1217/1447 98/72/1447
f 483/293/1448 1641/1655/1448 482/291/1448
f 762/407/1449 2173/853/1449 470/301/1449
f 771/417/1450 484/292/1450 492/415/1450
f 486/296/1451 1809/1660/1451 483/293/1451
f 297/1291/1452 1517/1185/1452 296/1187/1452
f 763/2211/1453 2174/1900/1453 762/407/1453
f 776/1419/1454 759/403/1454 489/294/1454
f 184/374/1455 2176/2212/1455 2000/1868/1455
f 412/241/1456 303/1201/1456 414/239/1456
f 2005/2213/1457 185/166/1457 224/277/1457
f 3811/1488/1458 1682/1806/1458 3846/1017/1458
f 2164/2214/1459 756/426/1459 764/409/1459
f 1472/2215/1460 2161/2163/1460 2162/2183/1460
f 950/480/1461 964/1798/1461 965/494/1461
f 2177/2216/1462 2179/2217/1462 2180/2218/1462
f 227/1218/1463 1510/1050/1463 333/1261/1463
f 764/409/1464 467/410/1464 2164/2214/1464
f 2182/2219/1465 2184/2220/1465 2181/2221/1465
f 2186/2222/1466 2018/2077/1466 2185/2223/1466
f 1985/2224/1467 2181/2221/1467 1986/2053/1467
f 214/136/1468 729/1874/1468 1531/1119/1468
f 1545/1200/1469 1546/2225/1469 1569/1819/1469
f 865/675/1470 842/1433/1470 866/682/1470
f 849/1431/1471 1357/677/1471 1362/2226/1471
f 452/274/1472 1558/1286/1472 454/275/1472
f 559/1455/1473 3188/2227/1473 737/1808/1473
f 16/2228/1474 737/1808/1474 3188/2227/1474
f 560/2229/1475 498/2230/1475 374/2231/1475
f 3193/2232/1476 3195/2233/1476 3194/2234/1476
f 3200/2235/1477 3198/2236/1477 3199/2237/1477
f 3211/2238/1478 3213/2239/1478 3212/2240/1478
f 3215/2241/1479 3217/2242/1479 3216/2243/1479
f 2187/2244/1480 2002/2245/1480 2001/2064/1480
f 2169/2210/1481 2189/2246/1481 2190/2247/1481
f 2192/2248/1482 2085/2140/1482 2191/2249/1482
f 2193/2250/1483 2195/2251/1483 2196/2252/1483
f 2198/2253/1484 2200/2254/1484 2197/2255/1484
f 1998/1867/1485 1979/1853/1485 1975/1835/1485
f 3664/2256/1486 3668/2257/1486 3671/2258/1486
f 2116/2198/1487 1903/2111/1487 1902/1779/1487
f 1859/1909/1488 2009/2072/1488 1150/1907/1488
f 3904/2062/1489 2126/2259/1489 3906/2260/1489
f 1135/2261/1490 1087/569/1490 1130/559/1490
f 2201/2262/1491 2015/2263/1491 2014/2074/1491
f 1149/2264/1492 110/152/1492 1858/1908/1492
f 3221/2265/1493 3218/2266/1493 3215/2241/1493
f 2203/2267/1494 2205/2268/1494 2206/2269/1494
f 579/344/1495 1895/2270/1495 1019/529/1495
f 1755/2271/1496 2208/2272/1496 1756/1802/1496
f 3891/2171/1497 1893/1732/1497 605/1734/1497
f 1211/1241/1498 2150/2273/1498 1727/1790/1498
f 868/925/1499 2210/2274/1499 2209/2275/1499
f 944/1393/1500 930/754/1500 940/2030/1500
f 2130/2276/1501 2202/2277/1501 2201/2262/1501
f 233/629/1502 1898/1738/1502 195/126/1502
f 665/776/1503 750/843/1503 666/2278/1503
f 1167/1207/1504 999/1034/1504 618/2279/1504
f 2211/2280/1505 2213/2281/1505 2214/2282/1505
f 2215/2283/1506 2217/2284/1506 2218/2285/1506
f 3867/2045/1507 590/351/1507 3868/2033/1507
f 2220/2286/1508 220/306/1508 2219/2287/1508
f 823/447/1509 948/477/1509 1094/552/1509
f 3225/2288/1510 3227/2289/1510 3226/2290/1510
f 266/160/1511 455/469/1511 265/158/1511
f 3882/1762/1512 2107/2027/1512 3883/2123/1512
f 2221/2291/1513 3519/481/1513 3517/483/1513
f 2223/2292/1514 2225/2293/1514 2226/2294/1514
f 2207/2295/1515 2124/2173/1515 2208/2272/1515
f 673/2296/1516 3869/2134/1516 3864/2180/1516
f 817/444/1517 996/516/1517 815/451/1517
f 2227/2297/1518 2146/2298/1518 2145/2187/1518
f 1947/2080/1519 646/365/1519 749/1543/1519
f 3900/633/1520 17/10/1520 3873/2167/1520
f 2229/2299/1521 1638/1705/1521 1381/1464/1521
f 1679/1486/1522 1618/1904/1522 1680/1844/1522
f 1637/1704/1523 2232/2300/1523 2230/2301/1523
f 2233/2302/1524 1617/1685/1524 1616/1684/1524
f 2231/2303/1525 2236/2304/1525 2237/2305/1525
f 1381/1464/1526 2238/2306/1526 1382/2307/1526
f 3586/2308/1527 2242/2309/1527 3587/2310/1527
f 1630/2311/1528 2233/2302/1528 1631/1698/1528
f 1681/1804/1529 472/300/1529 469/302/1529
f 1408/2312/1530 2243/2313/1530 2244/2314/1530
f 3236/2315/1531 3238/2316/1531 3237/2317/1531
f 3232/2318/1532 3240/2319/1532 3235/2320/1532
f 1637/1704/1533 2238/2306/1533 1638/1705/1533
f 3237/2317/1534 3233/2321/1534 3234/2322/1534
f 1409/1480/1535 1634/1701/1535 2245/2323/1535
f 1380/1466/1536 2247/2324/1536 2246/2325/1536
f 1628/1699/1537 2245/2323/1537 1621/2326/1537
f 2249/2327/1538 1622/1689/1538 1633/1700/1538
f 1632/1702/1539 1408/2312/1539 2244/2314/1539
f 2248/2328/1540 1631/1698/1540 2250/2329/1540
f 2235/2330/1541 1637/1704/1541 1636/2331/1541
f 3245/2332/1542 3199/2237/1542 3198/2236/1542
f 631/1316/1543 2071/2020/1543 725/396/1543
f 515/556/1544 52/34/1544 49/36/1544
f 782/858/1545 2251/2333/1545 1251/1270/1545
f 2253/2334/1546 2255/2335/1546 2252/2336/1546
f 397/231/1547 459/284/1547 784/428/1547
f 1456/872/1548 2040/2185/1548 1455/870/1548
f 2040/2185/1549 2036/1927/1549 1455/870/1549
f 1401/2337/1550 2111/2124/1550 1398/747/1550
f 2041/1925/1551 1970/2186/1551 2026/1923/1551
f 1535/1782/1552 414/239/1552 1965/1818/1552
f 1586/1389/1553 2080/2338/1553 2079/2005/1553
f 2256/2339/1554 1132/1175/1554 1886/2340/1554
f 1700/1002/1555 3918/1520/1555 3919/1515/1555
f 3815/1967/1556 1686/1158/1556 3817/886/1556
f 1263/1298/1557 1886/2340/1557 1096/1128/1557
f 598/2341/1558 844/1245/1558 599/727/1558
f 2257/2342/1559 2259/2343/1559 2260/2344/1559
f 2258/2345/1560 2262/2346/1560 2259/2343/1560
f 2259/2343/1561 2263/2347/1561 2216/2348/1561
f 2260/2344/1562 2216/2348/1562 2215/2283/1562
f 1967/1824/1563 1970/2186/1563 1969/1821/1563
f 2212/2349/1564 1963/2350/1564 2213/2281/1564
f 922/2351/1565 2218/2285/1565 2217/2284/1565
f 1312/1369/1566 1101/1131/1566 2264/2352/1566
f 1307/2353/1567 1286/2354/1567 789/864/1567
f 1548/2355/1568 1546/2225/1568 1972/1828/1568
f 2266/2356/1569 2268/2357/1569 2265/2358/1569
f 2265/2358/1570 2270/2359/1570 2269/2360/1570
f 2272/2361/1571 2269/2360/1571 2271/2362/1571
f 2273/2363/1572 2265/2358/1572 2272/2361/1572
f 2275/2364/1573 2277/2365/1573 2274/2366/1573
f 2278/2367/1574 2277/2365/1574 2279/2368/1574
f 2284/2369/1575 3617/2370/1575 3639/2371/1575
f 2287/2372/1576 2286/2373/1576 2281/2374/1576
f 2288/2375/1577 2283/2376/1577 2287/2372/1577
f 2290/2377/1578 3639/2371/1578 3620/2378/1578
f 2291/2379/1579 2293/2380/1579 2294/2381/1579
f 2295/2382/1580 2294/2381/1580 2279/2368/1580
f 2296/2383/1581 2291/2379/1581 2295/2382/1581
f 2297/2384/1582 2292/2385/1582 2291/2379/1582
f 2294/2381/1583 2299/2386/1583 2300/2387/1583
f 2279/2368/1584 2300/2387/1584 2278/2367/1584
f 2298/2388/1585 2302/2389/1585 2292/2385/1585
f 2292/2385/1586 2303/2390/1586 2293/2380/1586
f 2293/2380/1587 2304/2391/1587 2299/2386/1587
f 2304/2391/1588 2306/2392/1588 2299/2386/1588
f 2306/2392/1589 2300/2387/1589 2299/2386/1589
f 2308/2393/1590 2310/2394/1590 2307/2395/1590
f 2302/2389/1591 2310/2394/1591 2303/2390/1591
f 2301/2396/1592 2307/2395/1592 2302/2389/1592
f 2312/2397/1593 2307/2395/1593 2311/2398/1593
f 2313/2399/1594 2315/2400/1594 2316/2401/1594
f 2318/2402/1595 2320/2403/1595 2317/2404/1595
f 3748/2405/1596 2322/2406/1596 2323/2407/1596
f 2324/2408/1597 2273/2363/1597 2326/2409/1597
f 2313/2399/1598 2326/2409/1598 2327/2410/1598
f 2328/2411/1599 2313/2399/1599 2316/2401/1599
f 2329/2412/1600 2324/2408/1600 2328/2411/1600
f 2331/2413/1601 2333/2414/1601 2330/2415/1601
f 2330/2415/1602 2267/2416/1602 2266/2356/1602
f 2325/2417/1603 2266/2356/1603 2273/2363/1603
f 2329/2412/1604 2330/2415/1604 2325/2417/1604
f 2333/2414/1605 2335/2418/1605 2267/2416/1605
f 2336/2419/1606 2333/2414/1606 2332/2420/1606
f 2338/2421/1607 2332/2420/1607 2337/2422/1607
f 2331/2413/1608 2337/2422/1608 2332/2420/1608
f 2329/2412/1609 2339/2423/1609 2331/2413/1609
f 2328/2411/1610 2340/2424/1610 2329/2412/1610
f 2316/2401/1611 2341/2425/1611 2328/2411/1611
f 2342/2426/1612 2315/2400/1612 2343/2427/1612
f 2344/2428/1613 2346/2429/1613 2347/2430/1613
f 2341/2425/1614 2347/2430/1614 2340/2424/1614
f 2342/2426/1615 2344/2428/1615 2341/2425/1615
f 2348/2431/1616 2345/2432/1616 2344/2428/1616
f 2350/2433/1617 2352/2434/1617 2353/2435/1617
f 2339/2423/1618 2353/2435/1618 2337/2422/1618
f 2340/2424/1619 2350/2433/1619 2339/2423/1619
f 2347/2430/1620 2351/2436/1620 2350/2433/1620
f 2337/2422/1621 2354/2437/1621 2338/2421/1621
f 2353/2435/1622 2355/2438/1622 2354/2437/1622
f 2356/2439/1623 2276/2440/1623 2357/2441/1623
f 2356/2439/1624 2358/2442/1624 2359/2443/1624
f 2356/2439/1625 2296/2383/1625 2295/2382/1625
f 2279/2368/1626 2356/2439/1626 2295/2382/1626
f 2360/2444/1627 2270/2359/1627 2268/2357/1627
f 2267/2416/1628 2360/2444/1628 2268/2357/1628
f 2362/2445/1629 2364/2446/1629 2365/2447/1629
f 2362/2445/1630 2361/2448/1630 2358/2442/1630
f 2366/2449/1631 2358/2442/1631 2357/2441/1631
f 2366/2449/1632 2363/2450/1632 2362/2445/1632
f 2357/2441/1633 2368/2451/1633 2366/2449/1633
f 2366/2449/1634 2369/2452/1634 2367/2453/1634
f 2276/2440/1635 2370/2454/1635 2368/2451/1635
f 2368/2451/1636 2282/2455/1636 2369/2452/1636
f 2372/2456/1637 2374/2457/1637 2371/2458/1637
f 2375/2459/1638 2377/2460/1638 2007/2461/1638
f 2378/2462/1639 2380/2463/1639 2381/2464/1639
f 2382/2465/1640 2381/2464/1640 2383/2466/1640
f 2384/2467/1641 2378/2462/1641 2382/2465/1641
f 2385/2468/1642 2379/2469/1642 2378/2462/1642
f 2388/2470/1643 2390/2471/1643 2387/2472/1643
f 2387/2472/1644 2392/2473/1644 2391/2474/1644
f 2393/2475/1645 2387/2472/1645 2391/2474/1645
f 2394/2476/1646 2388/2470/1646 2387/2472/1646
f 2186/2222/1647 2402/2477/1647 2400/2478/1647
f 2403/2479/1648 2327/2410/1648 2326/2409/1648
f 2272/2361/1649 2326/2409/1649 2273/2363/1649
f 2271/2362/1650 2403/2479/1650 2272/2361/1650
f 2405/2480/1651 2404/2481/1651 2403/2479/1651
f 2404/2481/1652 2408/2482/1652 2327/2410/1652
f 2409/2483/1653 2411/2484/1653 2412/2485/1653
f 2409/2483/1654 2271/2362/1654 2269/2360/1654
f 2413/2486/1655 2269/2360/1655 2270/2359/1655
f 2413/2486/1656 2410/2487/1656 2409/2483/1656
f 2417/2488/1657 2416/2489/1657 2418/2490/1657
f 2417/2488/1658 2406/2491/1658 2405/2480/1658
f 2412/2485/1659 2405/2480/1659 2271/2362/1659
f 2411/2484/1660 2417/2488/1660 2412/2485/1660
f 2406/2491/1661 2407/2492/1661 2404/2481/1661
f 3569/1337/1662 632/2493/1662 713/1335/1662
f 2420/2494/1663 2397/2495/1663 2421/2496/1663
f 2420/2494/1664 2423/2497/1664 2422/2498/1664
f 2424/2499/1665 2422/2498/1665 2419/2500/1665
f 2424/2499/1666 2398/2501/1666 2420/2494/1666
f 2425/2502/1667 2392/2473/1667 2426/2503/1667
f 2421/2496/1668 2426/2503/1668 2423/2497/1668
f 2397/2495/1669 2425/2502/1669 2421/2496/1669
f 2396/2504/1670 2391/2474/1670 2425/2502/1670
f 2427/2505/1671 2315/2400/1671 2314/2506/1671
f 2427/2505/1672 2408/2482/1672 2428/2507/1672
f 2430/2508/1673 2428/2507/1673 2429/2509/1673
f 2343/2427/1674 2427/2505/1674 2430/2508/1674
f 2432/2510/1675 2430/2508/1675 2431/2511/1675
f 2431/2511/1676 2429/2509/1676 2433/2512/1676
f 2435/2513/1677 2433/2512/1677 2434/2514/1677
f 2436/2515/1678 2431/2511/1678 2435/2513/1678
f 2428/2507/1679 2407/2492/1679 2437/2516/1679
f 2422/2498/1680 2407/2492/1680 2419/2500/1680
f 2438/2517/1681 2422/2498/1681 2423/2497/1681
f 2429/2509/1682 2437/2516/1682 2438/2517/1682
f 2440/2518/1683 2433/2512/1683 2439/2519/1683
f 2441/2520/1684 2433/2512/1684 2429/2509/1684
f 2442/2521/1685 2439/2519/1685 2441/2520/1685
f 2443/2522/1686 2440/2518/1686 2439/2519/1686
f 2445/2523/1687 2444/2524/1687 2443/2522/1687
f 2447/2525/1688 2443/2522/1688 2442/2521/1688
f 2383/2466/1689 2445/2523/1689 2447/2525/1689
f 2381/2464/1690 2446/2526/1690 2445/2523/1690
f 2448/2527/1691 2423/2497/1691 2426/2503/1691
f 2449/2528/1692 2426/2503/1692 2392/2473/1692
f 2441/2520/1693 2449/2528/1693 2442/2521/1693
f 2441/2520/1694 2438/2517/1694 2448/2527/1694
f 2449/2528/1695 2390/2471/1695 2450/2529/1695
f 2450/2529/1696 2389/2530/1696 2451/2531/1696
f 2447/2525/1697 2451/2531/1697 2383/2466/1697
f 2442/2521/1698 2450/2529/1698 2447/2525/1698
f 2451/2531/1699 2453/2532/1699 2452/2533/1699
f 2452/2533/1700 2455/2534/1700 2454/2535/1700
f 2382/2465/1701 2454/2535/1701 2384/2467/1701
f 2383/2466/1702 2452/2533/1702 2382/2465/1702
f 2456/2536/1703 2373/2537/1703 2372/2456/1703
f 2459/2538/1704 2461/2539/1704 2458/2540/1704
f 2463/2541/1705 2465/2542/1705 2462/2543/1705
f 2462/2543/1706 2285/2544/1706 2284/2369/1706
f 2466/2545/1707 2284/2369/1707 2290/2377/1707
f 2467/2546/1708 2462/2543/1708 2466/2545/1708
f 2461/2539/1709 3703/2547/1709 3701/2548/1709
f 2468/2549/1710 2470/2550/1710 2471/2551/1710
f 2472/2552/1711 2471/2551/1711 2473/2553/1711
f 2474/2554/1712 3701/2548/1712 3688/2555/1712
f 2475/2556/1713 2477/2557/1713 2478/2558/1713
f 2458/2540/1714 2453/2532/1714 2479/2559/1714
f 2479/2559/1715 2389/2530/1715 2388/2470/1715
f 2395/2560/1716 2479/2559/1716 2388/2470/1716
f 2480/2561/1717 2458/2540/1717 2479/2559/1717
f 2481/2562/1718 2483/2563/1718 2478/2558/1718
f 2484/2564/1719 2485/2565/1719 221/2566/1719
f 2471/2551/1720 2464/2567/1720 2463/2541/1720
f 2473/2553/1721 2463/2541/1721 2467/2546/1721
f 2487/2568/1722 2466/2545/1722 2486/2569/1722
f 2486/2569/1723 2290/2377/1723 2488/2570/1723
f 2490/2571/1724 2488/2570/1724 2489/2572/1724
f 2491/2573/1725 2486/2569/1725 2490/2571/1725
f 2492/2574/1726 2467/2546/1726 2487/2568/1726
f 2493/2575/1727 2487/2568/1727 2491/2573/1727
f 2494/2576/1728 2492/2574/1728 2493/2575/1728
f 2495/2577/1729 2473/2553/1729 2492/2574/1729
f 3690/2578/1730 2474/2554/1730 3688/2555/1730
f 3691/2579/1731 2496/2580/1731 3690/2578/1731
f 2498/2581/1732 2493/2575/1732 2499/2582/1732
f 2500/2583/1733 2499/2582/1733 2501/2584/1733
f 3700/2585/1734 2498/2581/1734 2500/2583/1734
f 3687/2586/1735 2494/2576/1735 2498/2581/1735
f 2306/2392/1736 2278/2367/1736 2300/2387/1736
f 2305/2587/1737 2504/2588/1737 2306/2392/1737
f 2504/2588/1738 2507/2589/1738 2506/2590/1738
f 2506/2590/1739 2288/2375/1739 2508/2591/1739
f 2274/2366/1740 2508/2591/1740 2275/2364/1740
f 2278/2367/1741 2506/2590/1741 2274/2366/1741
f 3633/2592/1742 2489/2572/1742 2488/2570/1742
f 3620/2378/1743 2488/2570/1743 2290/2377/1743
f 2507/2589/1744 2289/2593/1744 2288/2375/1744
f 2505/2594/1745 2509/2595/1745 2507/2589/1745
f 2508/2591/1746 2287/2372/1746 2511/2596/1746
f 2511/2596/1747 2281/2374/1747 2280/2597/1747
f 2370/2454/1748 2280/2597/1748 2282/2455/1748
f 2275/2364/1749 2511/2596/1749 2370/2454/1749
f 2512/2598/1750 2489/2572/1750 2513/2599/1750
f 2514/2600/1751 2513/2599/1751 2515/2601/1751
f 2517/2602/1752 2514/2600/1752 2516/2603/1752
f 2517/2602/1753 2490/2571/1753 2512/2598/1753
f 2499/2582/1754 2491/2573/1754 2517/2602/1754
f 2499/2582/1755 2516/2603/1755 2501/2584/1755
f 2510/2604/1756 2519/2605/1756 2518/2606/1756
f 2518/2606/1757 2521/2607/1757 2520/2608/1757
f 3616/2609/1758 2520/2608/1758 3621/2610/1758
f 3632/2611/1759 2518/2606/1759 3616/2609/1759
f 2522/2612/1760 2303/2390/1760 2310/2394/1760
f 2523/2613/1761 2310/2394/1761 2309/2614/1761
f 2305/2587/1762 2522/2612/1762 2524/2615/1762
f 2524/2615/1763 2523/2613/1763 2525/2616/1763
f 2519/2605/1764 2525/2616/1764 2521/2607/1764
f 2505/2594/1765 2524/2615/1765 2519/2605/1765
f 2308/2393/1766 2527/2617/1766 2526/2618/1766
f 2526/2618/1767 2529/2619/1767 2528/2620/1767
f 2531/2621/1768 2528/2620/1768 2530/2622/1768
f 2309/2614/1769 2526/2618/1769 2531/2621/1769
f 1214/1243/1770 2151/2195/1770 1211/1241/1770
f 2419/2500/1771 2418/2490/1771 2424/2499/1771
f 2533/2623/1772 2349/2624/1772 2317/2404/1772
f 2534/2625/1773 2317/2404/1773 2320/2403/1773
f 2535/2626/1774 2533/2623/1774 2534/2625/1774
f 2536/2627/1775 2345/2432/1775 2533/2623/1775
f 2537/2628/1776 2346/2429/1776 2536/2627/1776
f 2538/2629/1777 2536/2627/1777 2535/2626/1777
f 2539/2630/1778 2537/2628/1778 2538/2629/1778
f 2540/2631/1779 2351/2436/1779 2537/2628/1779
f 2312/2397/1780 2541/2632/1780 2527/2617/1780
f 2527/2617/1781 2542/2633/1781 2529/2619/1781
f 2543/2634/1782 2434/2514/1782 2544/2635/1782
f 2545/2636/1783 2544/2635/1783 2546/2637/1783
f 2319/2638/1784 2543/2634/1784 2545/2636/1784
f 2318/2402/1785 2435/2513/1785 2543/2634/1785
f 2514/2600/1786 2548/2639/1786 2547/2640/1786
f 2547/2640/1787 2550/2641/1787 2549/2642/1787
f 2552/2643/1788 2549/2642/1788 2551/2644/1788
f 2552/2643/1789 2514/2600/1789 2547/2640/1789
f 2520/2608/1790 2554/2645/1790 2553/2646/1790
f 2553/2646/1791 2556/2647/1791 2555/2648/1791
f 3590/2649/1792 2555/2648/1792 3593/2650/1792
f 3621/2610/1793 2553/2646/1793 3590/2649/1793
f 2523/2613/1794 2531/2621/1794 2557/2651/1794
f 2557/2651/1795 2530/2622/1795 2558/2652/1795
f 2525/2616/1796 2557/2651/1796 2559/2653/1796
f 2559/2653/1797 2558/2652/1797 2560/2654/1797
f 2554/2645/1798 2560/2654/1798 2556/2647/1798
f 2521/2607/1799 2559/2653/1799 2554/2645/1799
f 2561/2655/1800 2007/2461/1800 2006/2070/1800
f 2376/2656/1801 2225/2293/1801 2377/2460/1801
f 2564/2657/1802 2566/2658/1802 2563/2659/1802
f 2563/2659/1803 338/511/1803 2567/2660/1803
f 2569/2661/1804 2567/2660/1804 2568/2662/1804
f 2570/2663/1805 2563/2659/1805 2569/2661/1805
f 2572/2664/1806 2574/2665/1806 2571/2666/1806
f 2571/2666/1807 2576/2667/1807 2575/2668/1807
f 2544/2635/1808 2575/2668/1808 2546/2637/1808
f 2544/2635/1809 2572/2664/1809 2571/2666/1809
f 2578/2669/1810 2569/2661/1810 2577/2670/1810
f 2579/2671/1811 2569/2661/1811 2568/2662/1811
f 2574/2665/1812 2579/2671/1812 2576/2667/1812
f 2573/2672/1813 2577/2670/1813 2574/2665/1813
f 2581/2673/1814 2583/2674/1814 2580/2675/1814
f 2584/2676/1815 2583/2674/1815 2585/2677/1815
f 3697/2678/1816 2580/2675/1816 2584/2676/1816
f 3676/2679/1817 2580/2675/1817 3675/2680/1817
f 2582/2681/1818 2552/2643/1818 2583/2674/1818
f 2583/2674/1819 2551/2644/1819 2585/2677/1819
f 2500/2583/1820 2589/2682/1820 2588/2683/1820
f 2590/2684/1821 2589/2682/1821 2591/2685/1821
f 3693/2686/1822 2588/2683/1822 2590/2684/1822
f 3695/2687/1823 2500/2583/1823 2588/2683/1823
f 2501/2584/1824 2591/2685/1824 2589/2682/1824
f 2592/2688/1825 2594/2689/1825 2595/2690/1825
f 2386/2691/1826 2503/2692/1826 2502/2693/1826
f 2596/2694/1827 2386/2691/1827 2374/2457/1827
f 2596/2694/1828 2373/2537/1828 2597/2695/1828
f 2599/2696/1829 2597/2695/1829 2598/2697/1829
f 2599/2696/1830 2379/2469/1830 2596/2694/1830
f 2600/2698/1831 2380/2463/1831 2599/2696/1831
f 2600/2698/1832 2598/2697/1832 2601/2699/1832
f 2603/2700/1833 2601/2699/1833 2602/2701/1833
f 2603/2700/1834 2446/2526/1834 2600/2698/1834
f 2604/2702/1835 2602/2701/1835 2605/2703/1835
f 2440/2518/1836 2605/2703/1836 2434/2514/1836
f 2444/2524/1837 2604/2702/1837 2440/2518/1837
f 2606/2704/1838 2581/2673/1838 2607/2705/1838
f 2606/2704/1839 2590/2684/1839 2591/2685/1839
f 2591/2685/1840 2582/2681/1840 2606/2704/1840
f 3676/2679/1841 2456/2536/1841 3689/2706/1841
f 3689/2706/1842 2372/2456/1842 3693/2686/1842
f 2478/2558/1843 2608/2707/1843 2481/2562/1843
f 2609/2708/1844 2611/2709/1844 2199/2710/1844
f 2564/2657/1845 2613/2711/1845 2612/2712/1845
f 2612/2712/1846 2598/2697/1846 2597/2695/1846
f 2457/2713/1847 2597/2695/1847 2373/2537/1847
f 2565/2714/1848 2612/2712/1848 2457/2713/1848
f 2614/2715/1849 2570/2663/1849 2578/2669/1849
f 2615/2716/1850 2578/2669/1850 2573/2672/1850
f 2602/2701/1851 2614/2715/1851 2615/2716/1851
f 2601/2699/1852 2613/2711/1852 2614/2715/1852
f 2572/2664/1853 2605/2703/1853 2616/2717/1853
f 2616/2717/1854 2602/2701/1854 2615/2716/1854
f 2573/2672/1855 2616/2717/1855 2615/2716/1855
f 1459/880/1856 1045/541/1856 1021/533/1856
f 1265/1299/1857 1079/1115/1857 1082/1114/1857
f 1612/1950/1858 1609/1963/1858 1611/1903/1858
f 2067/1960/1859 2069/2055/1859 2068/2718/1859
f 1135/2261/1860 1136/564/1860 1148/563/1860
f 1938/1995/1861 2618/2719/1861 2617/2720/1861
f 95/387/1862 458/281/1862 128/89/1862
f 2058/1951/1863 1608/1405/1863 1612/1950/1863
f 1454/873/1864 1445/851/1864 1367/703/1864
f 655/769/1865 1048/1079/1865 2619/2721/1865
f 722/2722/1866 2621/2723/1866 723/817/1866
f 1131/1176/1867 1033/1065/1867 1134/1177/1867
f 562/349/1868 366/208/1868 1497/1778/1868
f 1723/1546/1869 1725/1571/1869 1591/1548/1869
f 1786/2724/1870 1122/1152/1870 1787/1826/1870
f 267/159/1871 323/261/1871 266/160/1871
f 1325/644/1872 1654/1586/1872 2038/1926/1872
f 1468/896/1873 1435/832/1873 1479/962/1873
f 658/772/1874 529/2725/1874 528/695/1874
f 8/4/1875 247/339/1875 7/2726/1875
f 382/1281/1876 1559/1330/1876 3/223/1876
f 788/866/1877 1307/2353/1877 789/864/1877
f 940/2030/1878 929/755/1878 928/2032/1878
f 911/951/1879 2623/2727/1879 912/2728/1879
f 2621/2723/1880 655/769/1880 654/768/1880
f 2624/2729/1881 2625/2730/1881 2626/2731/1881
f 998/1033/1882 27/26/1882 26/2732/1882
f 635/753/1883 2626/2731/1883 2625/2730/1883
f 2627/2733/1884 644/758/1884 1840/1885/1884
f 2628/2734/1885 1840/1885/1885 2629/2735/1885
f 1200/2736/1886 2627/2733/1886 2628/2734/1886
f 1199/1231/1887 641/756/1887 2627/2733/1887
f 1520/1358/1888 49/36/1888 477/1076/1888
f 1452/874/1889 1349/668/1889 1451/1244/1889
f 2630/2737/1890 1859/1909/1890 1858/1908/1890
f 644/758/1891 1335/1537/1891 1823/1884/1891
f 1197/1229/1892 717/814/1892 2632/2738/1892
f 2632/2738/1893 719/815/1893 1166/1205/1893
f 2628/2734/1894 1166/1205/1894 1200/2736/1894
f 2629/2735/1895 2632/2738/1895 2628/2734/1895
f 1762/2739/1896 1050/2740/1896 821/889/1896
f 1823/1884/1897 873/929/1897 1839/2741/1897
f 2634/2742/1898 794/1124/1898 652/767/1898
f 1028/1064/1899 1027/1061/1899 1161/1240/1899
f 1042/1073/1900 2635/2743/1900 1043/1074/1900
f 93/70/1901 1901/1741/1901 1924/1781/1901
f 2036/1927/1902 1458/1976/1902 1455/870/1902
f 1527/1833/1903 1525/1325/1903 1526/1098/1903
f 877/932/1904 1274/1313/1904 1277/1317/1904
f 134/91/1905 797/430/1905 1544/1190/1905
f 1328/1413/1906 931/972/1906 1329/1414/1906
f 607/736/1907 1091/1122/1907 1161/1240/1907
f 1043/1074/1908 2637/2744/1908 2636/2745/1908
f 2636/2745/1909 2639/2746/1909 2638/2747/1909
f 1275/1315/1910 2638/2747/1910 1276/1376/1910
f 1275/1315/1911 1043/1074/1911 2636/2745/1911
f 1272/1308/1912 2626/2731/1912 2640/2748/1912
f 2640/2748/1913 638/752/1913 637/2749/1913
f 1110/1143/1914 2640/2748/1914 637/2749/1914
f 536/2750/1915 2640/2748/1915 2641/2751/1915
f 1472/2215/1916 1474/1914/1916 1473/2115/1916
f 2042/1931/1917 1951/1794/1917 649/1935/1917
f 1058/2752/1918 1105/2753/1918 1059/1086/1918
f 2642/2754/1919 2643/2755/1919 2644/2756/1919
f 1192/1922/1920 2644/2756/1920 1193/1224/1920
f 912/2728/1921 2642/2754/1921 1192/1922/1921
f 3898/2757/1922 3526/1490/1922 3786/1726/1922
f 1049/1078/1923 2620/2758/1923 2621/2723/1923
f 616/740/1924 1885/1929/1924 613/741/1924
f 1331/2759/1925 666/2278/1925 750/843/1925
f 990/2760/1926 1198/1228/1926 525/1846/1926
f 1911/1759/1927 321/1830/1927 322/1860/1927
f 1298/1356/1928 1205/1332/1928 2645/2761/1928
f 76/53/1929 1504/1029/1929 75/2762/1929
f 1502/2763/1930 421/254/1930 422/256/1930
f 610/735/1931 658/772/1931 691/798/1931
f 1146/1188/1932 659/773/1932 938/977/1932
f 2646/2764/1933 914/953/1933 936/975/1933
f 1280/1324/1934 1238/2765/1934 1279/1322/1934
f 975/2766/1935 2647/2767/1935 2648/2768/1935
f 2647/2767/1936 975/2766/1936 974/1012/1936
f 1453/906/1937 1452/874/1937 1451/1244/1937
f 1514/1108/1938 158/107/1938 151/101/1938
f 835/900/1939 1843/2769/1939 1842/1891/1939
f 1271/1307/1940 1173/2770/1940 1289/1345/1940
f 2649/2771/1941 813/883/1941 2650/2772/1941
f 1893/1732/1942 1826/2773/1942 1894/1733/1942
f 1050/2740/1943 1937/1994/1943 1051/1080/1943
f 2651/2774/1944 814/884/1944 813/883/1944
f 1006/1042/1945 1281/1326/1945 977/1014/1945
f 2653/2775/1946 2654/2776/1946 2655/2777/1946
f 1001/1986/1947 1003/1611/1947 1002/519/1947
f 585/723/1948 679/789/1948 558/710/1948
f 2624/2729/1949 621/1309/1949 620/743/1949
f 555/708/1950 2028/2083/1950 556/1166/1950
f 1207/1238/1951 1197/1229/1951 2629/2735/1951
f 1626/1487/1952 478/362/1952 472/300/1952
f 426/1056/1953 419/252/1953 1567/1437/1953
f 1030/1225/1954 1773/1817/1954 1031/1063/1954
f 3898/2757/1955 634/1451/1955 3880/1728/1955
f 534/1141/1956 138/1126/1956 262/335/1956
f 1125/1812/1957 1042/1073/1957 1041/1155/1957
f 333/1261/1958 88/65/1958 227/1218/1958
f 569/437/1959 561/348/1959 730/435/1959
f 1489/1538/1960 871/2778/1960 870/927/1960
f 1857/2779/1961 620/743/1961 891/941/1961
f 1673/1477/1962 3770/1647/1962 3763/2780/1962
f 622/744/1963 864/922/1963 1308/1365/1963
f 2647/2767/1964 974/1012/1964 2657/2781/1964
f 619/745/1965 891/941/1965 620/743/1965
f 261/1341/1966 545/331/1966 262/335/1966
f 393/1288/1967 1556/1263/1967 404/1265/1967
f 2658/2782/1968 2647/2767/1968 2657/2781/1968
f 1075/1105/1969 2657/2781/1969 917/1106/1969
f 1081/2783/1970 2658/2782/1970 1075/1105/1970
f 1080/1113/1971 2659/2784/1971 2658/2782/1971
f 2644/2756/1972 1141/1182/1972 2660/2785/1972
f 2660/2785/1973 1140/2786/1973 1336/1425/1973
f 642/2787/1974 1336/1425/1974 643/757/1974
f 1193/1224/1975 2660/2785/1975 642/2787/1975
f 679/789/1976 555/708/1976 558/710/1976
f 1503/2788/1977 1500/1009/1977 1502/2763/1977
f 1318/1374/1978 1101/1131/1978 1100/2789/1978
f 2661/2790/1979 1139/1181/1979 1142/1183/1979
f 2661/2790/1980 2663/2791/1980 2662/2792/1980
f 2662/2792/1981 2659/2784/1981 2661/2790/1981
f 2662/2792/1982 2622/2793/1982 2664/2794/1982
f 2664/2794/1983 911/951/1983 2646/2764/1983
f 2648/2768/1984 2646/2764/1984 1146/1188/1984
f 2648/2768/1985 2662/2792/1985 2664/2794/1985
f 2083/1998/1986 2093/1754/1986 2081/1996/1986
f 1442/835/1987 1437/831/1987 1439/828/1987
f 519/475/1988 330/1095/1988 51/432/1988
f 1885/1929/1989 1209/1239/1989 613/741/1989
f 799/1716/1990 805/443/1990 804/1717/1990
f 1946/2100/1991 1952/1971/1991 1953/1970/1991
f 1302/2795/1992 1253/1272/1992 1252/2796/1992
f 566/1320/1993 224/277/1993 533/322/1993
f 1389/2037/1994 928/2032/1994 1388/720/1994
f 683/2797/1995 681/1418/1995 680/1417/1995
f 836/2798/1996 1842/1891/1996 2665/2799/1996
f 2665/2799/1997 1845/1893/1997 1303/1362/1997
f 2666/2800/1998 1303/1362/1998 1302/2795/1998
f 24/27/1999 2665/2799/1999 2666/2800/1999
f 831/899/2000 2650/2772/2000 832/897/2000
f 1845/1893/2001 1304/1363/2001 1303/1362/2001
f 2010/2801/2002 2012/2802/2002 2011/1876/2002
f 1051/1080/2003 2667/2803/2003 2668/2804/2003
f 1522/1089/2004 1511/1054/2004 1523/1090/2004
f 531/1116/2005 441/2805/2005 522/1148/2005
f 782/858/2006 1251/1270/2006 1250/1271/2006
f 1250/1271/2007 2625/2730/2007 2669/2806/2007
f 2669/2806/2008 1857/2779/2008 1856/1905/2008
f 783/859/2009 1856/1905/2009 1037/1069/2009
f 782/858/2010 2669/2806/2010 783/859/2010
f 720/818/2011 2671/2807/2011 721/816/2011
f 1055/1087/2012 1930/1988/2012 1056/1083/2012
f 1333/2808/2013 1251/1270/2013 2251/2333/2013
f 619/745/2014 1308/1365/2014 1307/2353/2014
f 652/767/2015 2619/2721/2015 2634/2742/2015
f 521/1058/2016 1539/1146/2016 1540/1164/2016
f 1838/1883/2017 537/701/2017 2672/2809/2017
f 2672/2809/2018 536/2750/2018 2641/2751/2018
f 1113/1145/2019 2641/2751/2019 1110/1143/2019
f 1113/1145/2020 1838/1883/2020 2672/2809/2020
f 1016/548/2021 1351/879/2021 1045/541/2021
f 3897/1719/2022 570/347/2022 3894/2017/2022
f 226/1051/2023 104/2810/2023 101/74/2023
f 3564/2811/2024 3827/2160/2024 1818/1771/2024
f 1036/1068/2025 1884/2082/2025 1883/1928/2025
f 2674/2812/2026 1304/1363/2026 2673/2813/2026
f 2673/2813/2027 1844/1892/2027 2675/2814/2027
f 1334/1424/2028 2675/2814/2028 1039/1071/2028
f 1333/2808/2029 2673/2813/2029 1334/1424/2029
f 2676/2815/2030 1039/1071/2030 2675/2814/2030
f 1843/2769/2031 2675/2814/2031 1844/1892/2031
f 942/1102/2032 2676/2815/2032 1843/2769/2032
f 1074/1104/2033 702/803/2033 2676/2815/2033
f 811/882/2034 859/1412/2034 858/917/2034
f 752/2816/2035 1055/1087/2035 753/842/2035
f 1200/2736/2036 656/1206/2036 1026/1232/2036
f 1120/1150/2037 874/930/2037 2677/2817/2037
f 2677/2817/2038 877/932/2038 1052/2818/2038
f 1241/1262/2039 1052/2818/2039 1005/1081/2039
f 1119/1151/2040 2677/2817/2040 1241/1262/2040
f 1560/1501/2041 151/101/2041 1515/1965/2041
f 1208/2819/2042 611/738/2042 523/694/2042
f 215/2820/2043 736/2821/2043 214/136/2043
f 1460/881/2044 1462/1989/2044 1461/936/2044
f 1208/2819/2045 1839/2741/2045 873/929/2045
f 854/916/2046 1282/1331/2046 1297/1355/2046
f 72/50/2047 182/255/2047 179/118/2047
f 544/329/2048 1565/1354/2048 512/309/2048
f 217/465/2049 456/2822/2049 457/635/2049
f 2047/1938/2050 930/754/2050 945/1944/2050
f 1204/1235/2051 1937/1994/2051 2633/2823/2051
f 913/952/2052 686/856/2052 685/794/2052
f 840/904/2053 1113/1145/2053 1112/1144/2053
f 1531/1119/2054 730/435/2054 561/348/2054
f 2678/2824/2055 1283/1334/2055 801/876/2055
f 601/966/2056 1914/1973/2056 602/730/2056
f 1537/1149/2057 459/284/2057 460/283/2057
f 1819/2825/2058 3509/993/2058 3527/2826/2058
f 991/1025/2059 862/2827/2059 538/702/2059
f 2679/2828/2060 1073/1103/2060 1830/1872/2060
f 2680/2829/2061 983/1021/2061 2256/2339/2061
f 779/855/2062 2256/2339/2062 1263/1298/2062
f 778/1333/2063 2680/2829/2063 779/855/2063
f 2678/2824/2064 1830/1872/2064 2680/2829/2064
f 180/120/2065 245/1786/2065 40/1305/2065
f 1886/2340/2066 1131/1176/2066 1134/1177/2066
f 1138/2830/2067 1274/1313/2067 1255/1274/2067
f 1841/1888/2068 1140/2786/2068 1139/1181/2068
f 75/2762/2069 314/1287/2069 74/54/2069
f 193/1161/2070 420/251/2070 192/250/2070
f 2681/2831/2071 1099/1130/2071 1098/1132/2071
f 170/179/2072 1565/1354/2072 169/113/2072
f 349/197/2073 417/247/2073 432/1280/2073
f 1121/1154/2074 2684/2832/2074 2683/2833/2074
f 547/431/2075 409/258/2075 302/257/2075
f 123/981/2076 121/2834/2076 120/1816/2076
f 2643/2755/2077 1142/1183/2077 1141/1182/2077
f 1542/1179/2078 513/313/2078 1543/1189/2078
f 899/2835/2079 907/525/2079 919/527/2079
f 1210/2836/2080 676/790/2080 867/924/2080
f 791/865/2081 982/1167/2081 892/940/2081
f 24/27/2082 837/901/2082 836/2798/2082
f 893/944/2083 932/1300/2083 931/972/2083
f 1860/2837/2084 863/921/2084 862/2827/2084
f 535/700/2085 862/2827/2085 861/920/2085
f 832/897/2086 813/883/2086 812/1230/2086
f 2650/2772/2087 813/883/2087 832/897/2087
f 1569/1819/2088 1547/2838/2088 1568/1783/2088
f 181/119/2089 542/470/2089 180/120/2089
f 660/2839/2090 937/976/2090 688/796/2090
f 2013/2840/2091 568/436/2091 2012/2802/2091
f 887/937/2092 2631/2841/2092 2630/2737/2092
f 1524/1092/2093 361/1408/2093 78/58/2093
f 520/1430/2094 162/2842/2094 1529/1109/2094
f 2653/2775/2095 854/916/2095 2685/2843/2095
f 1238/2765/2096 2655/2777/2096 2686/2844/2096
f 718/1948/2097 527/697/2097 530/696/2097
f 1492/1004/2098 518/310/2098 1491/994/2098
f 792/1871/2099 615/1156/2099 793/867/2099
f 599/727/2100 1835/2845/2100 596/728/2100
f 290/393/2101 456/2822/2101 175/176/2101
f 312/178/2102 1552/1327/2102 425/1057/2102
f 1248/2846/2103 1179/1214/2103 1249/1268/2103
f 153/105/2104 177/1889/2104 178/2199/2104
f 1240/1260/2105 1222/1248/2105 1221/1259/2105
f 1257/1351/2106 1235/1979/2106 1071/1255/2106
f 1291/1350/2107 1083/1249/2107 1222/1248/2107
f 1052/2818/2108 1277/1317/2108 1053/1082/2108
f 743/1237/2109 2618/2719/2109 1204/1235/2109
f 444/2847/2110 430/263/2110 443/1275/2110
f 23/23/2111 1172/1209/2111 1187/1278/2111
f 2687/2848/2112 1180/2849/2112 1179/1214/2112
f 102/76/2113 409/258/2113 134/91/2113
f 1283/1334/2114 610/735/2114 801/876/2114
f 373/2850/2115 650/372/2115 651/371/2115
f 1180/2849/2116 1084/1117/2116 1291/1350/2116
f 855/914/2117 2655/2777/2117 1237/1257/2117
f 1173/2770/2118 1917/2851/2118 1174/1210/2118
f 2689/2852/2119 853/912/2119 2688/2853/2119
f 2688/2853/2120 1108/1138/2120 1279/1322/2120
f 2686/2844/2121 1279/1322/2121 1238/2765/2121
f 2687/2848/2122 2688/2853/2122 2686/2844/2122
f 2691/2854/2123 1252/2796/2123 2690/2855/2123
f 2690/2855/2124 850/913/2124 2689/2852/2124
f 1248/2846/2125 2689/2852/2125 2687/2848/2125
f 1248/2846/2126 2691/2854/2126 2690/2855/2126
f 2692/2856/2127 24/27/2127 2666/2800/2127
f 2691/2854/2128 2666/2800/2128 1302/2795/2128
f 1247/1267/2129 2692/2856/2129 2691/2854/2129
f 1258/1290/2130 617/742/2130 2692/2856/2130
f 394/1226/2131 1555/1415/2131 393/1288/2131
f 2693/2857/2132 1259/1292/2132 1223/1344/2132
f 1072/1101/2133 1262/1294/2133 1261/1293/2133
f 1257/1351/2134 1168/2858/2134 1258/1290/2134
f 398/1539/2135 1555/1415/2135 1554/1795/2135
f 871/2778/2136 1314/2859/2136 872/928/2136
f 1178/1216/2137 1249/1268/2137 1179/1214/2137
f 1224/1251/2138 1173/2770/2138 1172/1209/2138
f 1010/1044/2139 2618/2719/2139 742/837/2139
f 1175/1211/2140 1292/2860/2140 1269/1306/2140
f 2654/2776/2141 2686/2844/2141 2655/2777/2141
f 2694/2861/2142 1216/1246/2142 1264/1910/2142
f 71/1955/2143 1487/988/2143 70/51/2143
f 701/802/2144 1111/2862/2144 1038/1070/2144
f 1072/1101/2145 2649/2771/2145 2650/2772/2145
f 1085/1118/2146 22/1250/2146 21/22/2146
f 895/961/2147 1264/1910/2147 896/943/2147
f 1601/1400/2148 1605/1954/2148 1604/1398/2148
f 1259/1292/2149 1271/1307/2149 1289/1345/2149
f 21/22/2150 1220/1247/2150 1083/1249/2150
f 988/1026/2151 538/702/2151 537/701/2151
f 598/2341/2152 1336/1425/2152 1140/2786/2152
f 820/1811/2153 1762/2739/2153 821/889/2153
f 1050/2740/2154 818/890/2154 821/889/2154
f 1298/1356/2155 1761/1810/2155 2652/2863/2155
f 1168/2858/2156 618/2279/2156 617/742/2156
f 858/917/2157 1256/1279/2157 833/898/2157
f 39/20/2158 516/439/2158 1536/1133/2158
f 2652/2863/2159 819/888/2159 814/884/2159
f 313/1142/2160 315/192/2160 314/1287/2160
f 2026/1923/2161 1971/1823/2161 2027/1896/2161
f 2656/2864/2162 596/728/2162 1835/2845/2162
f 814/884/2163 818/890/2163 811/882/2163
f 2696/2865/2164 813/883/2164 2649/2771/2164
f 1260/2866/2165 2649/2771/2165 1261/1293/2165
f 2693/2857/2166 2696/2865/2166 1260/2866/2166
f 2697/2867/2167 2651/2774/2167 2696/2865/2167
f 381/220/2168 390/290/2168 380/221/2168
f 3818/2121/2169 1611/1903/2169 1609/1963/2169
f 1475/935/2170 1428/2168/2170 1227/617/2170
f 1292/2860/2171 1917/2851/2171 1235/1979/2171
f 1551/1227/2172 354/1346/2172 1518/1186/2172
f 1526/1098/2173 1523/1090/2173 1511/1054/2173
f 1593/1387/2174 1595/1403/2174 1573/2051/2174
f 1232/1254/2175 1246/1269/2175 1249/1268/2175
f 2695/2868/2176 1223/1344/2176 22/1250/2176
f 2698/2869/2177 1296/1357/2177 2697/2867/2177
f 2698/2869/2178 2693/2857/2178 2695/2868/2178
f 2685/2843/2179 2695/2868/2179 1085/1118/2179
f 2685/2843/2180 1297/1355/2180 2698/2869/2180
f 562/349/2181 271/1003/2181 272/350/2181
f 2652/2863/2182 1296/1357/2182 1298/1356/2182
f 1365/762/2183 1364/2125/2183 1363/687/2183
f 1958/2101/2184 1953/1970/2184 1957/2870/2184
f 585/723/2185 2210/2274/2185 997/1032/2185
f 1561/1521/2186 1515/1965/2186 435/268/2186
f 975/2766/2187 1146/1188/2187 976/1013/2187
f 347/1266/2188 68/49/2188 346/384/2188
f 1038/1070/2189 636/751/2189 1068/1096/2189
f 2700/2871/2190 780/857/2190 2699/2872/2190
f 2699/2872/2191 1036/1068/2191 1883/1928/2191
f 2701/2873/2192 1883/1928/2192 1829/1870/2192
f 851/911/2193 2699/2872/2193 2701/2873/2193
f 2674/2812/2194 2251/2333/2194 2702/2874/2194
f 2702/2874/2195 781/2875/2195 2700/2871/2195
f 1253/1272/2196 2700/2871/2196 851/911/2196
f 1301/1361/2197 2702/2874/2197 1253/1272/2197
f 1519/1253/2198 388/229/2198 1550/1285/2198
f 1273/1312/2199 1280/1324/2199 2703/2876/2199
f 2703/2876/2200 1107/1323/2200 852/1137/2200
f 2701/2873/2201 852/1137/2201 851/911/2201
f 1829/1870/2202 2703/2876/2202 2701/2873/2202
f 91/2877/2203 326/1321/2203 90/66/2203
f 1784/1827/2204 2656/2864/2204 1785/1825/2204
f 2683/2833/2205 2705/2878/2205 2704/2879/2205
f 604/1850/2206 3499/2880/2206 3533/1930/2206
f 1669/1049/2207 3548/2881/2207 1662/1674/2207
f 2062/1958/2208 2060/2882/2208 2059/1953/2208
f 621/1309/2209 861/920/2209 622/744/2209
f 2023/1877/2210 732/2883/2210 2024/1881/2210
f 686/856/2211 1263/1298/2211 687/795/2211
f 857/919/2212 2668/2804/2212 1328/1413/2212
f 883/1843/2213 882/1252/2213 879/459/2213
f 637/2749/2214 1111/2862/2214 1110/1143/2214
f 2668/2804/2215 893/944/2215 1328/1413/2215
f 2667/2803/2216 894/942/2216 2668/2804/2216
f 1039/1071/2217 1068/1096/2217 1334/1424/2217
f 313/1142/2218 1504/1029/2218 1505/1036/2218
f 1911/1759/2219 305/1093/2219 453/276/2219
f 1936/1993/2220 1964/2035/2220 2212/2349/2220
f 2707/2884/2221 2401/2885/2221 2183/2886/2221
f 2708/2887/2222 2183/2886/2222 2182/2219/2222
f 738/1807/2223 2116/2198/2223 554/1456/2223
f 2349/2624/2224 2432/2510/2224 2436/2515/2224
f 2711/2888/2225 2020/2078/2225 2019/2889/2225
f 2400/2478/2226 2019/2889/2226 2186/2222/2226
f 2714/2890/2227 2716/2891/2227 2713/2892/2227
f 2717/2893/2228 2719/2894/2228 2720/2895/2228
f 2721/2896/2229 2723/2897/2229 2724/2898/2229
f 2726/2899/2230 2728/2900/2230 2725/2901/2230
f 2725/2901/2231 2730/2902/2231 2729/2903/2231
f 2731/2904/2232 2729/2903/2232 2709/2905/2232
f 2732/2906/2233 2725/2901/2233 2731/2904/2233
f 2734/2907/2234 2736/2908/2234 2733/2909/2234
f 2738/2910/2235 2740/2911/2235 2737/2912/2235
f 2737/2912/2236 2741/2913/2236 2742/2914/2236
f 2744/2915/2237 2746/2916/2237 2743/2917/2237
f 2745/2918/2238 2748/2919/2238 2747/2920/2238
f 2749/2921/2239 2747/2920/2239 2751/2922/2239
f 2753/2923/2240 2751/2922/2240 2752/2924/2240
f 2250/2329/2241 2246/2325/2241 2248/2328/2241
f 2754/2925/2242 1614/1683/2242 2755/2926/2242
f 3598/2927/2243 2755/2926/2243 3609/2928/2243
f 3608/2929/2244 2747/2920/2244 3609/2928/2244
f 1617/1685/2245 2755/2926/2245 1614/1683/2245
f 2242/2309/2246 1620/1688/2246 2757/2930/2246
f 2191/2249/2247 2760/2931/2247 2759/2932/2247
f 2761/2933/2248 2760/2931/2248 2762/2934/2248
f 3648/2935/2249 2761/2933/2249 3649/2936/2249
f 3623/2937/2250 2759/2932/2250 3648/2935/2250
f 3209/2938/2251 3223/2939/2251 3224/2940/2251
f 1395/1722/2252 2236/2304/2252 2235/2330/2252
f 1395/1722/2253 1636/2331/2253 1615/1721/2253
f 1616/1684/2254 2229/2299/2254 2233/2302/2254
f 1617/1685/2255 2763/2941/2255 2756/2942/2255
f 2756/2942/2256 3628/2943/2256 3608/2929/2256
f 2765/2944/2257 2234/2945/2257 1630/2311/2257
f 2766/2946/2258 3628/2943/2258 3622/2947/2258
f 3202/2948/2259 3246/2949/2259 3247/2950/2259
f 1516/1966/2260 435/268/2260 1515/1965/2260
f 2768/2951/2261 3552/1458/2261 3553/1460/2261
f 1495/997/2262 578/342/2262 1424/804/2262
f 2135/632/2263 28/2112/2263 17/10/2263
f 3526/2952/2264 2773/2953/2264 2774/2954/2264
f 1690/1646/2265 3926/2955/2265 3925/2956/2265
f 2778/2957/2266 2780/2958/2266 2777/2959/2266
f 2777/2959/2267 2781/2960/2267 2782/2961/2267
f 2784/2962/2268 2777/2959/2268 2783/2963/2268
f 3555/2128/2269 575/380/2269 576/392/2269
f 1494/996/2270 9/2190/2270 540/327/2270
f 3529/1467/2271 2015/2263/2271 3566/1336/2271
f 451/320/2272 505/634/2272 450/272/2272
f 2786/2964/2273 2788/2965/2273 2785/2966/2273
f 2779/2967/2274 2785/2966/2274 2780/2958/2274
f 2789/2968/2275 2741/2913/2275 2740/2911/2275
f 2790/2969/2276 2752/2924/2276 2789/2968/2276
f 2792/2970/2277 2794/2971/2277 2791/2972/2277
f 2793/2973/2278 2796/2974/2278 2794/2971/2278
f 2796/2974/2279 2750/2975/2279 2749/2921/2279
f 2794/2971/2280 2749/2921/2280 2753/2923/2280
f 2798/2976/2281 1396/1471/2281 2754/2925/2281
f 3591/2977/2282 2754/2925/2282 3598/2927/2282
f 2798/2976/2283 2800/2978/2283 1393/1472/2283
f 3591/2977/2284 2799/2979/2284 2798/2976/2284
f 2797/2980/2285 2795/2981/2285 2801/2982/2285
f 2791/2972/2286 2753/2923/2286 2790/2969/2286
f 216/138/2287 232/1743/2287 54/39/2287
f 3804/2983/2288 2807/2984/2288 3803/2985/2288
f 3805/2986/2289 2804/2987/2289 3803/2985/2289
f 2769/2988/2290 3557/1507/2290 3552/1458/2290
f 183/211/2291 184/374/2291 97/73/2291
f 2811/2989/2292 2775/2990/2292 2776/2991/2292
f 2804/2987/2293 2776/2991/2293 2805/2992/2293
f 2809/2993/2294 2811/2989/2294 2804/2987/2294
f 2812/2994/2295 2813/2995/2295 2814/2996/2295
f 3805/2986/2296 2816/2997/2296 3795/2998/2296
f 3796/2999/2297 2815/3000/2297 3795/2998/2297
f 3798/3001/2298 2820/3002/2298 2821/3003/2298
f 3793/3004/2299 2819/3005/2299 3798/3001/2299
f 2824/3006/2300 2735/3007/2300 2819/3005/2300
f 2823/3008/2301 2824/3006/2301 2819/3005/2301
f 2825/3009/2302 2826/3010/2302 2724/2898/2302
f 3793/3004/2303 2827/3011/2303 3792/3012/2303
f 3796/2999/2304 2826/3010/2304 3792/3012/2304
f 2713/2892/2305 2829/3013/2305 2828/3014/2305
f 2828/3014/2306 2831/3015/2306 2830/3016/2306
f 2822/3017/2307 2828/3014/2307 2830/3016/2307
f 2821/3003/2308 2713/2892/2308 2828/3014/2308
f 2832/3018/2309 2822/3017/2309 2830/3016/2309
f 2833/3019/2310 2830/3016/2310 2831/3015/2310
f 2834/3020/2311 2832/3018/2311 2833/3019/2311
f 2835/3021/2312 2827/3011/2312 2832/3018/2312
f 2837/3022/2313 2839/3023/2313 2836/3024/2313
f 2836/3024/2314 2841/3025/2314 2840/3026/2314
f 2842/3027/2315 2840/3026/2315 2727/3028/2315
f 2843/3029/2316 2836/3024/2316 2842/3027/2316
f 2840/3026/2317 2845/3030/2317 2844/3031/2317
f 2718/3032/2318 2845/3030/2318 2719/2894/2318
f 2730/2902/2319 2844/3031/2319 2718/3032/2319
f 2727/3028/2320 2844/3031/2320 2728/2900/2320
f 2846/3033/2321 2719/2894/2321 2845/3030/2321
f 2846/3033/2322 2841/3025/2322 2847/3034/2322
f 2829/3013/2323 2847/3034/2323 2831/3015/2323
f 2829/3013/2324 2716/2891/2324 2846/3033/2324
f 2847/3034/2325 2839/3023/2325 2848/3035/2325
f 2848/3035/2326 2838/3036/2326 2849/3037/2326
f 2833/3019/2327 2849/3037/2327 2834/3020/2327
f 2831/3015/2328 2848/3035/2328 2833/3019/2328
f 2850/3038/2329 2851/3039/2329 2852/3040/2329
f 2853/3041/2330 2852/3040/2330 2854/3042/2330
f 2783/2963/2331 2782/2961/2331 2855/3043/2331
f 2785/2966/2332 2853/3041/2332 2856/3044/2332
f 2780/2958/2333 2856/3044/2333 2781/2960/2333
f 2857/3045/2334 2855/3043/2334 2782/2961/2334
f 2859/3046/2335 2782/2961/2335 2781/2960/2335
f 2861/3047/2336 2842/3027/2336 2860/3048/2336
f 2860/3048/2337 2727/3028/2337 2726/2899/2337
f 2862/3049/2338 2726/2899/2338 2732/2906/2338
f 2863/3050/2339 2860/3048/2339 2862/3049/2339
f 2861/3047/2340 2858/3051/2340 2857/3045/2340
f 2843/3029/2341 2857/3045/2341 2859/3046/2341
f 2856/3044/2342 2854/3042/2342 2864/3052/2342
f 2781/2960/2343 2864/3052/2343 2859/3046/2343
f 2837/3022/2344 2859/3046/2344 2864/3052/2344
f 2838/3036/2345 2864/3052/2345 2854/3042/2345
f 2852/3040/2346 2834/3020/2346 2849/3037/2346
f 2854/3042/2347 2849/3037/2347 2838/3036/2347
f 2865/3053/2348 2818/3054/2348 2835/3021/2348
f 2851/3039/2349 2835/3021/2349 2834/3020/2349
f 2813/2995/2350 2815/3000/2350 2865/3053/2350
f 2814/2996/2351 2865/3053/2351 2851/3039/2351
f 2866/3055/2352 2814/2996/2352 2850/3038/2352
f 2788/2965/2353 2850/3038/2353 2853/3041/2353
f 2866/3055/2354 2787/3056/2354 2867/3057/2354
f 2812/2994/2355 2867/3057/2355 2775/2990/2355
f 1892/2003/2356 1890/1740/2356 1891/2175/2356
f 2720/2895/2357 2846/3033/2357 2870/3058/2357
f 298/1407/2358 256/148/2358 257/1193/2358
f 2872/3059/2359 2713/2892/2359 2820/3002/2359
f 3794/3060/2360 2735/3007/2360 2734/2907/2360
f 2729/2903/2361 2874/3061/2361 2873/3062/2361
f 2846/3033/2362 2715/3063/2362 2870/3058/2362
f 2876/3064/2363 2878/3065/2363 2875/3066/2363
f 2733/2909/2364 2878/3065/2364 2734/2907/2364
f 3806/3067/2365 2879/3068/2365 2880/3069/2365
f 3806/3067/2366 2872/3059/2366 3794/3060/2366
f 2882/3070/2367 2884/3071/2367 2881/3072/2367
f 2881/3072/2368 2715/3063/2368 2714/2890/2368
f 2880/3069/2369 2714/2890/2369 2872/3059/2369
f 2879/3068/2370 2881/3072/2370 2880/3069/2370
f 2885/3073/2371 2887/3074/2371 2888/3075/2371
f 2888/3075/2372 2890/3076/2372 2885/3073/2372
f 2885/3073/2373 2892/3077/2373 2891/3078/2373
f 2893/3079/2374 2885/3073/2374 2891/3078/2374
f 1942/2002/2375 2532/3080/2375 2894/3081/2375
f 2895/3082/2376 2720/2895/2376 2870/3058/2376
f 2884/3071/2377 2870/3058/2377 2715/3063/2377
f 2883/3083/2378 2895/3082/2378 2884/3071/2378
f 2896/3084/2379 2892/3077/2379 2895/3082/2379
f 2889/3085/2380 2717/2893/2380 2890/3076/2380
f 2890/3076/2381 2720/2895/2381 2892/3077/2381
f 2897/3086/2382 2891/3078/2382 2896/3084/2382
f 2898/3087/2383 2896/3084/2383 2883/3083/2383
f 2899/3088/2384 2883/3083/2384 2882/3070/2384
f 2900/3089/2385 2882/3070/2385 2879/3068/2385
f 3797/3090/2386 2879/3068/2386 3807/3091/2386
f 2876/3064/2387 2901/3092/2387 2877/3093/2387
f 2901/3092/2388 2904/3094/2388 2903/3095/2388
f 1785/1825/2389 1835/2845/2389 1834/1879/2389
f 2905/3096/2390 2899/3088/2390 2900/3089/2390
f 2907/3097/2391 2897/3086/2391 2898/3087/2391
f 3797/3090/2392 2903/3095/2392 3799/3098/2392
f 632/2493/2393 577/3099/2393 633/2170/2393
f 3532/1639/2394 2867/3057/2394 2787/3056/2394
f 434/265/2395 550/337/2395 350/196/2395
f 2768/2951/2396 3640/3100/2396 3643/3101/2396
f 2910/3102/2397 1623/1690/2397 2249/2327/2397
f 2241/3103/2398 2758/3104/2398 2242/2309/2398
f 3640/3100/2399 2913/3105/2399 3652/3106/2399
f 1623/1690/2400 2757/2930/2400 1620/1688/2400
f 3587/2310/2401 2757/2930/2401 3652/3106/2401
f 2229/2299/2402 1380/1466/2402 2250/2329/2402
f 2765/2944/2403 1629/1697/2403 2914/3107/2403
f 2915/3108/2404 1629/1697/2404 2912/3109/2404
f 3642/3110/2405 2914/3107/2405 2915/3108/2405
f 3641/3111/2406 2765/2944/2406 2914/3107/2406
f 2919/3112/2407 3642/3110/2407 3613/3113/2407
f 2918/3114/2408 2912/3109/2408 2241/3103/2408
f 3614/3115/2409 2241/3103/2409 3586/2308/2409
f 3618/3116/2410 3613/3113/2410 3670/3117/2410
f 3541/1663/2411 2180/2218/2411 3496/1664/2411
f 3521/1682/2412 2188/3118/2412 3506/1735/2412
f 3705/3119/2413 714/376/2413 3851/2093/2413
f 2925/3120/2414 2917/3121/2414 2924/3122/2414
f 2924/3122/2415 2916/3123/2415 2919/3112/2415
f 3610/3124/2416 2919/3112/2416 3618/3116/2416
f 3611/3125/2417 2924/3122/2417 3610/3124/2417
f 2926/3126/2418 2766/2946/2418 2925/3120/2418
f 3658/3127/2419 2925/3120/2419 3611/3125/2419
f 1715/1533/2420 1705/1744/2420 1710/1842/2420
f 785/1500/2421 498/2230/2421 796/1498/2421
f 1387/719/2422 565/1310/2422 1791/2206/2422
f 374/2231/2423 1899/3128/2423 560/2229/2423
f 3573/2056/2424 2206/2269/2424 3556/3129/2424
f 2929/3130/2425 2886/3131/2425 2893/3079/2425
f 2932/3132/2426 2934/3133/2426 2931/3134/2426
f 1905/1748/2427 1908/1813/2427 1907/1832/2427
f 2930/3135/2428 2936/3136/2428 2937/3137/2428
f 2938/3138/2429 2930/3135/2429 2929/3130/2429
f 1493/1075/2430 517/1897/2430 518/310/2430
f 1603/3139/2431 1586/1389/2431 1602/1399/2431
f 2939/3140/2432 2929/3130/2432 2908/3141/2432
f 2940/3142/2433 2908/3141/2433 2907/3097/2433
f 3665/3143/2434 1600/1395/2434 3661/2103/2434
f 2886/3131/2435 2937/3137/2435 2887/3074/2435
f 2906/3144/2436 2898/3087/2436 2899/3088/2436
f 2908/3141/2437 2893/3079/2437 2897/3086/2437
f 2942/3145/2438 2933/3146/2438 2941/3147/2438
f 2941/3147/2439 2937/3137/2439 2936/3136/2439
f 3501/1687/2440 2936/3136/2440 3513/1695/2440
f 3498/1686/2441 2941/3147/2441 3501/1687/2441
f 2943/3148/2442 2710/3149/2442 2873/3062/2442
f 2943/3148/2443 2874/3061/2443 2889/3085/2443
f 2945/3150/2444 2889/3085/2444 2888/3075/2444
f 2946/3151/2445 2943/3148/2445 2945/3150/2445
f 2932/3132/2446 2888/3075/2446 2887/3074/2446
f 2931/3134/2447 2945/3150/2447 2932/3132/2447
f 727/375/2448 1929/1777/2448 728/373/2448
f 2903/3095/2449 2947/3152/2449 2948/3153/2449
f 545/331/2450 42/30/2450 262/335/2450
f 1480/969/2451 533/322/2451 251/323/2451
f 2907/3097/2452 2949/3154/2452 2940/3142/2452
f 2906/3144/2453 2950/3155/2453 2949/3154/2453
f 1558/1286/2454 215/2820/2454 202/135/2454
f 3799/3098/2455 2948/3153/2455 3801/3156/2455
f 2054/2008/2456 1644/1420/2456 2118/885/2456
f 3705/3119/2457 2203/2267/2457 3573/2056/2457
f 1828/1677/2458 1849/986/2458 1827/1672/2458
f 2953/3157/2459 2955/3158/2459 2952/3159/2459
f 2952/3159/2460 2957/3160/2460 2956/3161/2460
f 2956/3161/2461 2258/2345/2461 2952/3159/2461
f 2953/3157/2462 2258/2345/2462 2257/2342/2462
f 2454/2535/2463 2474/2554/2463 2496/2580/2463
f 3747/3162/2464 2959/3163/2464 3766/3164/2464
f 3747/3162/2465 2131/2177/2465 3737/3165/2465
f 2961/3166/2466 2963/3167/2466 2958/3168/2466
f 2958/3168/2467 2964/3169/2467 2959/3163/2467
f 222/307/2468 2485/2565/2468 2965/3170/2468
f 2477/2557/2469 2966/3171/2469 2608/2707/2469
f 2631/2841/2470 2006/2070/2470 1859/1909/2470
f 2384/2467/2471 2496/2580/2471 2497/3172/2471
f 2967/3173/2472 2959/3163/2472 2964/3169/2472
f 2968/3174/2473 2970/3175/2473 2969/3176/2473
f 3759/3177/2474 2971/3178/2474 3784/3179/2474
f 3784/3179/2475 2960/3180/2475 3766/3164/2475
f 2972/3181/2476 2033/2098/2476 2032/2097/2476
f 2007/2461/2477 2973/3182/2477 2008/2071/2477
f 3560/3183/2478 2134/2179/2478 2133/2178/2478
f 1836/3184/2479 1832/1711/2479 1831/1710/2479
f 3506/1735/2480 2090/2143/2480 3551/1899/2480
f 955/1295/2481 959/517/2481 956/3185/2481
f 672/3186/2482 674/3187/2482 673/2296/2482
f 633/2170/2483 713/1335/2483 632/2493/2483
f 2024/1881/2484 733/398/2484 803/1489/2484
f 2025/1882/2485 803/1489/2485 798/1873/2485
f 425/1057/2486 1550/1285/2486 388/229/2486
f 2975/3188/2487 888/1919/2487 887/937/2487
f 1319/1375/2488 1157/1196/2488 2694/2861/2488
f 1212/1791/2489 2977/3189/2489 1213/1242/2489
f 889/938/2490 2228/3190/2490 2227/2297/2490
f 1978/1837/2491 1975/1835/2491 1979/1853/2491
f 1138/2830/2492 1329/1414/2492 915/956/2492
f 751/841/2493 2979/3191/2493 2978/3192/2493
f 1619/1949/2494 1625/1485/2494 1624/1476/2494
f 2252/2336/2495 1728/3193/2495 1727/1790/2495
f 1157/1196/2496 845/907/2496 1216/1246/2496
f 2706/3194/2497 1938/1995/2497 2617/2720/2497
f 2980/3195/2498 2254/3196/2498 2981/3197/2498
f 2982/3198/2499 887/937/2499 2630/2737/2499
f 802/875/2500 711/809/2500 2679/2828/2500
f 678/3199/2501 2029/2081/2501 2028/2083/2501
f 527/697/2502 690/905/2502 528/695/2502
f 1839/2741/2503 2629/2735/2503 1840/1885/2503
f 2983/3200/2504 602/730/2504 1914/1973/2504
f 2983/3200/2505 1913/1972/2505 1331/2759/2505
f 2985/3201/2506 1331/2759/2506 1054/1084/2506
f 2986/3202/2507 2983/3200/2507 2985/3201/2507
f 2987/3203/2508 2635/2743/2508 2634/2742/2508
f 2985/3201/2509 2639/2746/2509 2986/3202/2509
f 2990/3204/2510 1318/1374/2510 2989/3205/2510
f 2991/3206/2511 2993/3207/2511 2994/3208/2511
f 2995/3209/2512 2994/3208/2512 2996/3210/2512
f 1106/1135/2513 2991/3206/2513 2995/3209/2513
f 1058/2752/2514 2992/3211/2514 2991/3206/2514
f 1415/765/2515 1365/762/2515 1367/703/2515
f 1317/1373/2516 2217/2284/2516 2997/3212/2516
f 1932/1990/2517 2255/2335/2517 2980/3195/2517
f 926/965/2518 2999/3213/2518 664/778/2518
f 3001/3214/2519 2992/3211/2519 3000/3215/2519
f 3000/3215/2520 1057/1085/2520 2978/3192/2520
f 2999/3213/2521 2978/3192/2521 2979/3191/2521
f 2998/3216/2522 3000/3215/2522 2999/3213/2522
f 3002/3217/2523 2209/2275/2523 3003/3218/2523
f 3002/3217/2524 2996/3210/2524 2994/3208/2524
f 2993/3207/2525 3002/3217/2525 2994/3208/2525
f 3001/3214/2526 2998/3216/2526 3002/3217/2526
f 1103/1136/2527 2995/3209/2527 3004/3219/2527
f 3004/3219/2528 2996/3210/2528 3003/3218/2528
f 2209/2275/2529 3004/3219/2529 3003/3218/2529
f 588/722/2530 3004/3219/2530 2210/2274/2530
f 295/1840/2531 433/1347/2531 381/220/2531
f 2638/2747/2532 2988/3220/2532 3005/3221/2532
f 3005/3221/2533 1056/1083/2533 1930/1988/2533
f 1305/1366/2534 1930/1988/2534 1306/1364/2534
f 1276/1376/2535 3005/3221/2535 1305/1366/2535
f 1987/1851/2536 1993/1858/2536 1989/1855/2536
f 2633/2823/2537 1761/1810/2537 2645/2761/2537
f 1423/797/2538 1417/783/2538 1419/785/2538
f 3561/1769/2539 739/482/2539 703/390/2539
f 2671/2807/2540 2704/2879/2540 2705/2878/2540
f 1473/2115/2541 2035/2161/2541 1472/2215/2541
f 922/2351/2542 2694/2861/2542 895/961/2542
f 1401/2337/2543 1378/715/2543 1384/1550/2543
f 556/1166/2544 1884/2082/2544 1037/1069/2544
f 842/1433/2545 3825/601/2545 3836/603/2545
f 1854/1902/2546 2617/2720/2546 1010/1044/2546
f 933/973/2547 1081/2783/2547 1075/1105/2547
f 1440/836/2548 1436/963/2548 1437/831/2548
f 529/2725/2549 719/815/2549 530/696/2549
f 1031/1063/2550 1027/1061/2550 1028/1064/2550
f 777/854/2551 912/2728/2551 1871/1921/2551
f 2645/2761/2552 1204/1235/2552 2633/2823/2552
f 441/2805/2553 1538/1348/2553 1537/1149/2553
f 790/1110/2554 587/1197/2554 586/721/2554
f 2065/1969/2555 1610/1404/2555 1607/1406/2555
f 1860/2837/2556 990/2760/2556 902/1845/2556
f 60/40/2557 87/78/2557 59/62/2557
f 1424/804/2558 1948/1932/2558 1947/2080/2558
f 332/3222/2559 1507/1038/2559 331/1091/2559
f 261/1341/2560 138/1126/2560 135/1847/2560
f 187/123/2561 449/273/2561 507/1359/2561
f 1719/1536/2562 1726/1583/2562 1725/1571/2562
f 1931/1987/2563 1059/1086/2563 3006/3223/2563
f 3006/3223/2564 1105/2753/2564 1104/1134/2564
f 1287/1343/2565 1104/1134/2565 587/1197/2565
f 1286/2354/2566 3006/3223/2566 1287/1343/2566
f 3007/3224/2567 3009/3225/2567 3010/3226/2567
f 3009/3225/2568 653/869/2568 795/868/2568
f 618/2279/2569 26/2732/2569 25/25/2569
f 2029/2081/2570 1210/2836/2570 1209/1239/2570
f 957/998/2571 600/729/2571 2228/3190/2571
f 1049/1078/2572 2228/3190/2572 600/729/2572
f 2631/2841/2573 3011/3227/2573 2561/2655/2573
f 890/939/2574 2227/2297/2574 3011/3227/2574
f 3011/3227/2575 2145/2187/2575 3012/3228/2575
f 2561/2655/2576 3012/3228/2576 2375/2459/2576
f 1026/1232/2577 609/770/2577 608/734/2577
f 2706/3194/2578 1961/2036/2578 1964/2035/2578
f 3013/3229/2579 2485/2565/2579 3014/3230/2579
f 2148/2189/2580 1267/1301/2580 3015/3231/2580
f 3015/3231/2581 1266/1303/2581 1311/1368/2581
f 2997/3212/2582 1101/1131/2582 1317/1373/2582
f 642/2787/2583 1773/1817/2583 1193/1224/2583
f 186/121/2584 461/285/2584 511/311/2584
f 1041/1155/2585 1320/1377/2585 901/945/2585
f 1121/1154/2586 3017/3232/2586 1122/1152/2586
f 2984/3233/2587 2987/3203/2587 3018/3234/2587
f 3018/3234/2588 2634/2742/2588 2619/2721/2588
f 1048/1079/2589 3018/3234/2589 2619/2721/2589
f 603/731/2590 2984/3233/2590 3018/3234/2590
f 2679/2828/2591 801/876/2591 802/875/2591
f 2062/1958/2592 2074/1981/2592 2061/1956/2592
f 2061/1956/2593 2076/1983/2593 2064/1962/2593
f 414/239/2594 1545/1200/2594 1965/1818/2594
f 3016/3235/2595 2683/2833/2595 3019/3236/2595
f 3019/3236/2596 2704/2879/2596 2670/3237/2596
f 3020/3238/2597 2670/3237/2597 720/818/2597
f 3007/3224/2598 3019/3236/2598 3020/3238/2598
f 1871/1921/2599 1091/1122/2599 777/854/2599
f 3021/3239/2600 1122/1152/2600 3017/3232/2600
f 3022/3240/2601 3017/3232/2601 3010/3226/2601
f 1314/2859/2602 3022/3240/2602 1315/1371/2602
f 1784/1827/2603 3021/3239/2603 1314/2859/2603
f 1316/1372/2604 1763/3241/2604 611/738/2604
f 3023/3242/2605 3010/3226/2605 3009/3225/2605
f 3023/3242/2606 795/868/2606 1092/1123/2606
f 1763/3241/2607 1092/1123/2607 1125/1812/2607
f 1315/1371/2608 3023/3242/2608 1763/3241/2608
f 3016/3235/2609 3010/3226/2609 3017/3232/2609
f 752/2816/2610 2978/3192/2610 1057/1085/2610
f 2986/3202/2611 2637/2744/2611 2987/3203/2611
f 3024/3243/2612 653/869/2612 3008/3244/2612
f 3020/3238/2613 3008/3244/2613 3007/3224/2613
f 720/818/2614 3024/3243/2614 3020/3238/2614
f 723/817/2615 654/768/2615 3024/3243/2615
f 2681/2831/2616 1268/1302/2616 3025/3245/2616
f 2671/2807/2617 1268/1302/2617 721/816/2617
f 2705/2878/2618 3025/3245/2618 2671/2807/2618
f 1313/1370/2619 3027/3246/2619 1311/1368/2619
f 3026/3247/2620 3029/3248/2620 3027/3246/2620
f 3027/3246/2621 3030/3249/2621 3031/3250/2621
f 1311/1368/2622 3031/3250/2622 3015/3231/2622
f 2012/2802/2623 731/1875/2623 2023/1877/2623
f 917/1106/2624 974/1012/2624 977/1014/2624
f 743/1237/2625 856/915/2625 744/838/2625
f 1888/1898/2626 2030/1895/2626 1425/800/2626
f 2682/3251/2627 2684/2832/2627 3032/3252/2627
f 3032/3252/2628 1124/1153/2628 2989/3205/2628
f 1100/2789/2629 2989/3205/2629 1318/1374/2629
f 1099/1130/2630 3032/3252/2630 1100/2789/2630
f 1123/3253/2631 2989/3205/2631 1124/1153/2631
f 3033/3254/2632 1159/1880/2632 1158/1194/2632
f 2990/3204/2633 1158/1194/2633 1319/1375/2633
f 1123/3253/2634 3033/3254/2634 2990/3204/2634
f 1786/2724/2635 1834/1879/2635 3033/3254/2635
f 1054/1084/2636 2988/3220/2636 2985/3201/2636
f 2979/3191/2637 664/778/2637 2999/3213/2637
f 2623/2727/2638 2663/2791/2638 2643/2755/2638
f 1095/1127/2639 688/796/2639 687/795/2639
f 3034/3255/2640 2261/3256/2640 2956/3161/2640
f 3036/3257/2641 2956/3161/2641 2957/3160/2641
f 3037/3258/2642 3034/3255/2642 3036/3257/2642
f 3038/3259/2643 3035/3260/2643 3034/3255/2643
f 3040/3261/2644 3026/3247/2644 1313/1370/2644
f 2263/2347/2645 3041/3262/2645 3040/3261/2645
f 3042/3263/2646 3043/3264/2646 3041/3262/2646
f 3041/3262/2647 3028/3265/2647 3026/3247/2647
f 3044/3266/2648 3043/3264/2648 3039/3267/2648
f 3046/3268/2649 3045/3269/2649 3044/3266/2649
f 3047/3270/2650 3049/3271/2650 3045/3269/2650
f 3043/3264/2651 3049/3271/2651 3028/3265/2651
f 3038/3259/2652 3051/3272/2652 3050/3273/2652
f 3050/3273/2653 3053/3274/2653 3052/3275/2653
f 3052/3275/2654 3044/3266/2654 3050/3273/2654
f 3039/3267/2655 3050/3273/2655 3044/3266/2655
f 3054/3276/2656 3039/3267/2656 3042/3263/2656
f 3042/3263/2657 2262/2346/2657 3054/3276/2657
f 2261/3256/2658 3054/3276/2658 2262/2346/2658
f 2216/2348/2659 2997/3212/2659 2217/2284/2659
f 2212/2349/2660 2667/2803/2660 1936/1993/2660
f 3056/3277/2661 2209/2275/2661 3055/3278/2661
f 934/974/2662 1961/2036/2662 1854/1902/2662
f 2013/2840/2663 3757/2040/2663 567/1319/2663
f 3058/3279/2664 3060/3280/2664 3061/3281/2664
f 3059/3282/2665 3063/3283/2665 3060/3280/2665
f 3060/3280/2666 2213/2281/2666 1963/2350/2666
f 3061/3281/2667 1963/2350/2667 1962/2034/2667
f 3063/3283/2668 2214/2282/2668 2213/2281/2668
f 3062/3284/2669 3064/3285/2669 3063/3283/2669
f 3065/3286/2670 2260/2344/2670 3064/3285/2670
f 3064/3285/2671 2215/2283/2671 2214/2282/2671
f 3066/3287/2672 3031/3250/2672 3030/3249/2672
f 2608/2707/2673 3067/3288/2673 3066/3287/2673
f 2966/3171/2674 3068/3289/2674 3067/3288/2674
f 3031/3250/2675 3068/3289/2675 3015/3231/2675
f 2455/2534/2676 2461/2539/2676 2474/2554/2676
f 2476/3290/2677 2226/2294/2677 2477/2557/2677
f 3551/1899/2678 2089/2145/2678 3525/1203/2678
f 3526/2952/2679 3769/3291/2679 3786/3292/2679
f 433/1347/2680 355/201/2680 381/220/2680
f 2115/2048/2681 1419/785/2681 2123/2061/2681
f 3509/993/2682 2922/3293/2682 3527/2826/2682
f 3769/3291/2683 2131/2177/2683 2134/2179/2683
f 3069/3294/2684 2167/3295/2684 2166/2208/2684
f 2971/3178/2685 2928/3296/2685 2960/3180/2685
f 2961/3166/2686 2773/2953/2686 2962/3297/2686
f 3070/3298/2687 2478/2558/2687 2483/2563/2687
f 2610/3299/2688 3071/3300/2688 2954/3301/2688
f 2502/2693/2689 2374/2457/2689 2386/2691/2689
f 3072/3302/2690 2595/2690/2690 3073/3303/2690
f 2964/3169/2691 3052/3275/2691 2967/3173/2691
f 3048/3304/2692 3074/3305/2692 3049/3271/2692
f 2593/3306/2693 3075/3307/2693 3074/3305/2693
f 3075/3307/2694 3029/3248/2694 3074/3305/2694
f 3074/3305/2695 3028/3265/2695 3049/3271/2695
f 3072/3302/2696 3075/3307/2696 2592/2688/2696
f 3076/3308/2697 2482/3309/2697 2481/2562/2697
f 2481/2562/2698 3066/3287/2698 3076/3308/2698
f 3076/3308/2699 3030/3249/2699 3075/3307/2699
f 2967/3173/2700 3053/3274/2700 2970/3175/2700
f 2482/3309/2701 3073/3303/2701 2483/2563/2701
f 479/364/2702 493/297/2702 494/299/2702
f 706/1340/2703 3873/2167/2703 709/1338/2703
f 3561/1769/2704 2221/2291/2704 3517/483/2704
f 2013/2840/2705 3754/812/2705 3755/3310/2705
f 3533/1930/2706 2016/2075/2706 3529/1467/2706
f 3562/1933/2707 2222/3311/2707 2974/3312/2707
f 1171/587/2708 1155/573/2708 1176/585/2708
f 2586/3313/2709 2565/2714/2709 2587/3314/2709
f 2982/3198/2710 113/154/2710 2484/2564/2710
f 2562/3315/2711 3077/3316/2711 3068/3289/2711
f 2376/2656/2712 3012/3228/2712 3077/3316/2712
f 3012/3228/2713 2148/2189/2713 3077/3316/2713
f 3077/3316/2714 3015/3231/2714 3068/3289/2714
f 2963/3167/2715 3046/3268/2715 2964/3169/2715
f 3051/3272/2716 2970/3175/2716 3053/3274/2716
f 1683/1805/2717 491/424/2717 775/423/2717
f 3850/2105/2718 1447/848/2718 3860/849/2718
f 1986/2053/2719 3734/3317/2719 3768/3318/2719
f 3079/3319/2720 2546/2637/2720 2575/2668/2720
f 3081/3320/2721 2575/2668/2721 2576/2667/2721
f 1983/2054/2722 3768/3318/2722 3765/3321/2722
f 3082/3322/2723 2319/2638/2723 2545/2636/2723
f 3080/3323/2724 2545/2636/2724 2546/2637/2724
f 3734/3317/2725 3082/3322/2725 3080/3323/2725
f 3732/3324/2726 2323/2407/2726 3082/3322/2726
f 1309/637/2727 1888/1898/2727 748/1906/2727
f 3073/3303/2728 2772/3325/2728 2771/3326/2728
f 2760/2931/2729 3084/3327/2729 2762/2934/2729
f 2760/2931/2730 2088/2142/2730 3083/3328/2730
f 3085/3329/2731 3086/3330/2731 3087/3331/2731
f 3089/3332/2732 3090/3333/2732 3088/3334/2732
f 3089/3332/2733 3084/3327/2733 3085/3329/2733
f 3092/3335/2734 3090/3333/2734 3091/3336/2734
f 3093/3337/2735 2744/2915/2735 2743/2917/2735
f 2751/2922/2736 2748/2919/2736 3093/3337/2736
f 3093/3337/2737 2752/2924/2737 2751/2922/2737
f 2742/2914/2738 3093/3337/2738 3094/3338/2738
f 3094/3338/2739 2743/2917/2739 3095/3339/2739
f 3096/3340/2740 3098/3341/2740 3087/3331/2740
f 3099/3342/2741 3087/3331/2741 3086/3330/2741
f 3097/3343/2742 3095/3339/2742 3098/3341/2742
f 3100/3344/2743 2746/2916/2743 3101/3345/2743
f 3101/3345/2744 3102/3346/2744 3100/3344/2744
f 2764/3347/2745 2927/3348/2745 3101/3345/2745
f 2745/2918/2746 3101/3345/2746 2746/2916/2746
f 3102/3346/2747 3091/3336/2747 3100/3344/2747
f 3100/3344/2748 3095/3339/2748 2743/2917/2748
f 2869/3349/2749 3592/3350/2749 3634/3351/2749
f 3102/3346/2750 3104/3352/2750 3092/3335/2750
f 3658/3127/2751 2869/3349/2751 3634/3351/2751
f 2927/3348/2752 3103/3353/2752 3102/3346/2752
f 3098/3341/2753 3091/3336/2753 3090/3333/2753
f 3087/3331/2754 3090/3333/2754 3085/3329/2754
f 2088/2142/2755 3105/3354/2755 3083/3328/2755
f 3083/3328/2756 3086/3330/2756 3084/3327/2756
f 2483/2563/2757 2771/3326/2757 3070/3298/2757
f 2401/2885/2758 2185/2223/2758 2321/3355/2758
f 3099/3342/2759 3105/3354/2759 3106/3356/2759
f 2125/2172/2760 3106/3356/2760 3105/3354/2760
f 3108/3357/2761 2742/2914/2761 3107/3358/2761
f 3107/3358/2762 3094/3338/2762 3097/3343/2762
f 3110/3359/2763 3107/3358/2763 3109/3360/2763
f 3109/3360/2764 3097/3343/2764 3096/3340/2764
f 3111/3361/2765 3096/3340/2765 3099/3342/2765
f 3112/3362/2766 3109/3360/2766 3111/3361/2766
f 3113/3363/2767 2737/2912/2767 3108/3357/2767
f 3115/3364/2768 2722/3365/2768 3114/3366/2768
f 3117/3367/2769 3114/3366/2769 3116/3368/2769
f 3119/3369/2770 3116/3368/2770 3118/3370/2770
f 3118/3370/2771 3120/3371/2771 3121/3372/2771
f 3116/3368/2772 3113/3363/2772 3120/3371/2772
f 3122/3373/2773 3111/3361/2773 3123/3374/2773
f 3122/3373/2774 1755/2271/2774 1754/1801/2774
f 3124/3375/2775 3126/3376/2775 3127/3377/2775
f 3125/3378/2776 3121/3372/2776 3126/3376/2776
f 3128/3379/2777 3118/3370/2777 3125/3378/2777
f 3129/3380/2778 3125/3378/2778 3124/3375/2778
f 2020/2078/2779 3128/3379/2779 3129/3380/2779
f 3853/671/2780 1346/664/2780 1352/878/2780
f 1065/2174/2781 1047/537/2781 1066/641/2781
f 1814/1665/2782 3830/1445/2782 1649/1444/2782
f 2021/2079/2783 3129/3380/2783 3130/3381/2783
f 3111/3361/2784 3106/3356/2784 3123/3374/2784
f 3123/3374/2785 2207/2295/2785 1755/2271/2785
f 2377/2460/2786 2224/3382/2786 2973/3182/2786
f 3014/3230/2787 113/154/2787 112/153/2787
f 1756/1802/2788 3782/3383/2788 3767/3384/2788
f 3131/3385/2789 2530/2622/2789 2528/2620/2789
f 3133/3386/2790 2528/2620/2790 2529/2619/2790
f 1753/1803/2791 3767/3384/2791 3775/3387/2791
f 3134/3388/2792 3127/3377/2792 3135/3389/2792
f 2327/2410/2793 2314/2506/2793 2313/2399/2793
f 2436/2515/2794 2317/2404/2794 2349/2624/2794
f 2018/2077/2795 3711/3390/2795 3712/3391/2795
f 2534/2625/2796 3137/3392/2796 2535/2626/2796
f 2320/2403/2797 3136/3393/2797 2534/2625/2797
f 2185/2223/2798 3712/3391/2798 3771/3394/2798
f 3138/3395/2799 2542/2633/2799 2539/2630/2799
f 3134/3388/2800 3744/3396/2800 3745/3397/2800
f 3785/3398/2801 3134/3388/2801 3745/3397/2801
f 3140/3399/2802 2539/2630/2802 2538/2629/2802
f 2535/2626/2803 3140/3399/2803 2538/2629/2803
f 3711/3390/2804 3130/3381/2804 3785/3398/2804
f 2558/2652/2805 3132/3400/2805 3141/3401/2805
f 3782/3383/2806 3141/3401/2806 3132/3400/2806
f 2560/2654/2807 3141/3401/2807 3142/3402/2807
f 3760/3403/2808 3142/3402/2808 3141/3401/2808
f 958/999/2809 2976/3404/2809 2981/3197/2809
f 1933/3405/2810 2980/3195/2810 3143/3406/2810
f 2399/3407/2811 2418/2490/2811 2416/2489/2811
f 2348/2431/2812 2343/2427/2812 2432/2510/2812
f 2322/2406/2813 2319/2638/2813 2323/2407/2813
f 2718/3032/2814 2874/3061/2814 2730/2902/2814
f 2709/2905/2815 2873/3062/2815 2710/3149/2815
f 2894/3081/2816 1361/1440/2816 1942/2002/2816
f 346/384/2817 176/177/2817 347/1266/2817
f 1876/1724/2818 1882/1920/2818 1881/1936/2818
f 2802/3408/2819 3607/3409/2819 3592/3350/2819
f 3104/3352/2820 3088/3334/2820 3092/3335/2820
f 2974/3312/2821 3649/2936/2821 3603/3410/2821
f 3089/3332/2822 2761/2933/2822 2762/2934/2822
f 3088/3334/2823 3145/3411/2823 3089/3332/2823
f 2803/3412/2824 3603/3410/2824 3607/3409/2824
f 3870/2095/2825 692/379/2825 628/2154/2825
f 2123/2061/2826 1418/780/2826 2126/2259/2826
f 1365/762/2827 1368/688/2827 1367/703/2827
f 1581/1380/2828 1782/1696/2828 1783/1614/2828
f 3569/1337/2829 2129/2176/2829 3520/2127/2829
f 3555/2128/2830 2002/2245/2830 3521/1682/2830
f 3146/3413/2831 2551/2644/2831 3147/3414/2831
f 3751/3415/2832 3147/3414/2832 3750/3416/2832
f 3742/3417/2833 3146/3413/2833 3751/3415/2833
f 3149/3418/2834 2585/2677/2834 3146/3413/2834
f 3196/3419/2835 3197/3420/2835 3195/2233/2835
f 3604/3421/2836 2191/2249/2836 3623/2937/2836
f 3142/3402/2837 2556/2647/2837 2560/2654/2837
f 3777/3422/2838 3150/3423/2838 3142/3402/2838
f 3646/3424/2839 2550/2641/2839 3593/2650/2839
f 3150/3423/2840 2555/2648/2840 2556/2647/2840
f 3778/3425/2841 3151/3426/2841 3150/3423/2841
f 3788/3427/2842 3152/3428/2842 3646/3424/2842
f 3153/3429/2843 2551/2644/2843 2549/2642/2843
f 3152/3428/2844 2549/2642/2844 2550/2641/2844
f 3781/3430/2845 3153/3429/2845 3152/3428/2845
f 3776/3431/2846 3147/3414/2846 3153/3429/2846
f 3148/3432/2847 2206/2269/2847 2205/2268/2847
f 2183/2886/2848 2321/3355/2848 2184/2220/2848
f 2132/3433/2849 2928/3296/2849 2133/2178/2849
f 3684/3434/2850 2204/3435/2850 2203/2267/2850
f 3719/3436/2851 2197/2255/2851 3721/3437/2851
f 2594/2689/2852 2773/2953/2852 2951/3438/2852
f 2595/2690/2853 2951/3438/2853 2772/3325/2853
f 1870/1713/2854 799/1716/2854 1869/1714/2854
f 3713/3439/2855 2178/3440/2855 3706/3441/2855
f 3706/3441/2856 3736/3442/2856 3790/3443/2856
f 336/510/2857 3774/3444/2857 3722/3445/2857
f 339/512/2858 3154/3446/2858 336/510/2858
f 3789/3447/2859 3149/3418/2859 3742/3417/2859
f 3683/3448/2860 2584/2676/2860 3149/3418/2860
f 2963/3167/2861 3048/3304/2861 3047/3270/2861
f 3722/3445/2862 337/3449/2862 336/510/2862
f 339/512/2863 2566/2658/2863 2586/3313/2863
f 3156/3450/2864 2168/2209/2864 2167/3295/2864
f 2610/3299/2865 2167/3295/2865 2611/2709/2865
f 2954/3301/2866 3156/3450/2866 2610/3299/2866
f 3157/3451/2867 2953/3157/2867 2257/2342/2867
f 3707/3452/2868 2169/2210/2868 3709/3453/2868
f 2567/2660/2869 3159/3454/2869 2568/2662/2869
f 337/3449/2870 2567/2660/2870 338/511/2870
f 3730/3455/2871 2166/2208/2871 3707/3452/2871
f 3764/3456/2872 1983/2054/2872 3765/3321/2872
f 2579/2671/2873 3081/3320/2873 2576/2667/2873
f 2568/2662/2874 3160/3457/2874 2579/2671/2874
f 3709/3453/2875 2190/2247/2875 3764/3456/2875
f 3065/3286/2876 3162/3458/2876 3161/3459/2876
f 3161/3459/2877 1984/2052/2877 2189/2246/2877
f 3157/3451/2878 2189/2246/2878 2168/2209/2878
f 2257/2342/2879 3161/3459/2879 3157/3451/2879
f 734/400/2880 1922/3460/2880 806/442/2880
f 3059/3282/2881 2708/2887/2881 3163/3461/2881
f 3163/3461/2882 2182/2219/2882 1985/2224/2882
f 3162/3458/2883 1985/2224/2883 1984/2052/2883
f 3062/3284/2884 3163/3461/2884 3162/3458/2884
f 3203/3462/2885 3205/3463/2885 3204/3464/2885
f 2122/2060/2886 1448/852/2886 1447/848/2886
f 3817/886/2887 1685/1160/2887 3812/3465/2887
f 139/95/2888 444/2847/2888 69/52/2888
f 1570/1745/2889 566/1320/2889 533/322/2889
f 2957/3160/2890 3165/3466/2890 3036/3257/2890
f 2955/3158/2891 3164/3467/2891 2957/3160/2891
f 1912/1758/2892 341/499/2892 1973/1829/2892
f 3130/3381/2893 3124/3375/2893 3134/3388/2893
f 1548/2355/2894 319/1861/2894 1547/2838/2894
f 1949/2204/2895 1327/1729/2895 1887/3468/2895
f 2969/3176/2896 3078/3469/2896 3167/3470/2896
f 3167/3470/2897 3169/3471/2897 3168/3472/2897
f 3724/3473/2898 2017/2076/2898 3720/3474/2898
f 3720/3474/2899 2033/2098/2899 3759/3177/2899
f 3168/3472/2900 3165/3466/2900 3170/3475/2900
f 3170/3475/2901 3164/3467/2901 3171/3476/2901
f 3779/3477/2902 3171/3476/2902 3756/3478/2902
f 3724/3473/2903 3170/3475/2903 3779/3477/2903
f 3171/3476/2904 3166/3479/2904 3172/3480/2904
f 3172/3480/2905 3071/3300/2905 3173/3481/2905
f 3752/3482/2906 3173/3481/2906 3749/3483/2906
f 3756/3478/2907 3172/3480/2907 3752/3482/2907
f 3169/3471/2908 3036/3257/2908 3165/3466/2908
f 2593/3306/2909 2962/3297/2909 2594/2689/2909
f 3173/3481/2910 2609/2708/2910 3174/3484/2910
f 3174/3484/2911 2199/2710/2911 2198/2253/2911
f 3783/3485/2912 2198/2253/2912 3719/3436/2912
f 3749/3483/2913 3174/3484/2913 3783/3485/2913
f 2190/2247/2914 1984/2052/2914 1983/2054/2914
f 2196/2252/2915 2767/3486/2915 3148/3432/2915
f 2119/2059/2916 1414/766/2916 1448/852/2916
f 1464/947/2917 1466/891/2917 1465/894/2917
f 2199/2710/2918 3069/3294/2918 2200/2254/2918
f 2457/2713/2919 2587/3314/2919 2565/2714/2919
f 2226/2294/2920 2562/3315/2920 2966/3171/2920
f 481/404/2921 1627/1409/2921 1639/1435/2921
f 333/1261/2922 235/1052/2922 236/341/2922
f 3078/3469/2923 3037/3258/2923 3169/3471/2923
f 3040/3261/2924 2997/3212/2924 2263/2347/2924
f 2219/2287/2925 1933/3405/2925 2220/2286/2925
f 2385/2468/2926 2497/3172/2926 2503/2692/2926
f 221/2566/2927 3175/3487/2927 2484/2564/2927
f 2220/2286/2928 3143/3406/2928 3175/3487/2928
f 3175/3487/2929 2976/3404/2929 2975/3188/2929
f 2484/2564/2930 2975/3188/2930 2982/3198/2930
f 2954/3301/2931 3166/3479/2931 2955/3158/2931
f 2630/2737/2932 110/152/2932 2982/3198/2932
f 1547/2838/2933 1952/1971/2933 1955/3488/2933
f 2091/3489/2934 2188/3118/2934 2187/2244/2934
f 3733/3490/2935 2178/3440/2935 2177/2216/2935
f 1918/1760/2936 1927/1773/2936 1926/1767/2936
f 3563/3491/2937 111/3492/2937 3511/3493/2937
f 955/1295/2938 960/3494/2938 954/490/2938
f 2037/3495/2939 112/153/2939 3563/3491/2939
f 3143/3406/2940 2981/3197/2940 2976/3404/2940
f 2218/2285/2941 2214/2282/2941 2215/2283/2941
f 672/3186/2942 3787/1204/2942 3541/1663/2942
f 2152/3496/2943 3014/3230/2943 2037/3495/2943
f 1147/586/2944 1143/1862/2944 1145/562/2944
f 2248/2328/2945 1409/1480/2945 2245/2323/2945
f 1615/1721/2946 1635/1703/2946 1616/1684/2946
f 1410/1481/2947 2246/2325/2947 2247/2324/2947
f 3241/3497/2948 3242/3498/2948 3240/2319/2948
f 3177/3499/2949 1383/1465/2949 1382/2307/2949
f 2238/2306/2950 3176/3500/2950 1382/2307/2950
f 3176/3500/2951 2230/2301/2951 3178/3501/2951
f 1410/1481/2952 3179/3502/2952 1407/1479/2952
f 3179/3502/2953 2243/2313/2953 1407/1479/2953
f 1633/1700/2954 2800/2978/2954 2249/2327/2954
f 1621/2326/2955 2758/3104/2955 2912/3109/2955
f 1622/1689/2956 2245/2323/2956 1634/1701/2956
f 2236/2304/2957 3181/3503/2957 3182/3504/2957
f 2237/2305/2958 3182/3504/2958 3183/3505/2958
f 2250/2329/2959 2233/2302/2959 2229/2299/2959
f 2912/3109/2960 1628/1699/2960 1621/2326/2960
f 135/1847/2961 1564/1353/2961 1563/1342/2961
f 1567/1437/2962 512/309/2962 1565/1354/2962
f 1085/1118/2963 2653/2775/2963 2685/2843/2963
f 3184/3506/2964 868/925/2964 3056/3277/2964
f 869/926/2965 3057/3507/2965 934/974/2965
f 1266/1303/2966 1098/1132/2966 1312/1369/2966
f 1267/1301/2967 722/2722/2967 721/816/2967
f 937/976/2968 2646/2764/2968 936/975/2968
f 2146/2298/2969 722/2722/2969 2147/2188/2969
f 2211/2280/2970 921/960/2970 2667/2803/2970
f 1957/2870/2971 507/1359/2971 449/273/2971
f 1313/1370/2972 2264/2352/2972 3040/3261/2972
f 1496/995/2973 1493/1075/2973 1492/1004/2973
f 2681/2831/2974 2705/2878/2974 2682/3251/2974
f 2887/3074/2975 2933/3146/2975 2932/3132/2975
f 1687/3508/2976 1659/1576/2976 1694/1503/2976
f 145/1011/2977 1498/1223/2977 81/59/2977
f 1317/1373/2978 1319/1375/2978 2694/2861/2978
f 37/19/2979 418/1028/2979 71/1955/2979
f 1935/1992/2980 3185/3509/2980 2977/3189/2980
f 104/2810/2981 301/438/2981 103/75/2981
f 2101/2018/2982 2083/1998/2982 2084/1997/2982
f 543/1800/2983 360/1040/2983 207/131/2983
f 1934/1991/2984 3186/3510/2984 3185/3509/2984
f 234/1055/2985 212/173/2985 237/279/2985
f 3845/2090/2986 1822/1666/2986 1824/1670/2986
f 1976/3511/2987 1874/1715/2987 1974/1834/2987
f 223/308/2988 2219/2287/2988 220/306/2988
f 3655/3512/2989 3605/3513/2989 3612/3514/2989
f 468/287/2990 773/421/2990 2165/3515/2990
f 1935/1992/2991 1728/3193/2991 1932/1990/2991
f 3240/2319/2992 3226/2290/2992 3235/2320/2992
f 3261/3516/2993 3250/3517/2993 3260/3518/2993
f 3215/2241/2994 3244/3519/2994 3264/3520/2994
f 3265/3521/2995 3215/2241/2995 3264/3520/2995
f 3267/3522/2996 3198/2236/2996 3196/3419/2996
f 3205/3463/2997 3269/3523/2997 3255/3524/2997
f 3214/3525/2998 3265/3521/2998 3270/3526/2998
f 3271/3527/2999 3214/3525/2999 3192/3528/2999
f 3251/3529/3000 3239/3530/3000 3236/2315/3000
f 3222/3531/3001 3266/3532/3001 3272/3533/3001
f 3232/2318/3002 3234/2322/3002 3233/2321/3002
f 3216/2243/3003 3243/3534/3003 3244/3519/3003
f 3196/3419/3004 3268/3535/3004 3267/3522/3004
f 3244/3519/3005 3254/3536/3005 3255/3524/3005
f 3238/2316/3006 3247/2950/3006 3246/2949/3006
f 3264/3520/3007 3255/3524/3007 3269/3523/3007
f 3253/3537/3008 3216/2243/3008 3217/2242/3008
f 3211/2238/3009 3221/2265/3009 3265/3521/3009
f 3257/3538/3010 3218/2266/3010 3256/3539/3010
f 3258/3540/3011 3272/3533/3011 3259/3541/3011
f 3274/3542/3012 3280/3543/3012 3273/3544/3012
f 3228/3545/3013 3262/3546/3013 3263/3547/3013
f 3275/3548/3014 3281/3549/3014 3280/3543/3014
f 3226/2290/3015 3273/3544/3015 3280/3543/3015
f 3236/2315/3016 3260/3518/3016 3251/3529/3016
f 3281/3549/3017 3236/2315/3017 3237/2317/3017
f 3287/1578/3018 3192/3528/3018 3189/3550/3018
f 3235/2320/3019 3280/3543/3019 3234/2322/3019
f 3234/2322/3020 3281/3549/3020 3237/2317/3020
f 3288/3551/3021 3259/3541/3021 3272/3533/3021
f 3260/3518/3022 3276/3552/3022 3251/3529/3022
f 3289/3553/3023 3278/3554/3023 3284/3555/3023
f 3210/3556/3024 3224/2940/3024 3283/3557/3024
f 3199/2237/3025 3201/3558/3025 3200/2235/3025
f 3228/3545/3026 3230/3559/3026 3229/3560/3026
f 3290/3561/3027 3285/3562/3027 3286/3563/3027
f 3282/1580/3028 3271/3527/3028 3287/1578/3028
f 3260/3518/3029 3262/3546/3029 3261/3516/3029
f 3243/3534/3030 3268/3535/3030 3254/3536/3030
f 3267/3522/3031 3241/3497/3031 3232/2318/3031
f 3194/2234/3032 3208/3564/3032 3193/2232/3032
f 3191/3565/3033 3269/3523/3033 3206/3566/3033
f 3270/3526/3034 3192/3528/3034 3214/3525/3034
f 3275/3548/3035 3230/3559/3035 3231/3567/3035
f 3264/3520/3036 3270/3526/3036 3265/3521/3036
f 3252/3568/3037 3276/3552/3037 3291/3569/3037
f 3248/3570/3038 3291/3569/3038 3223/2939/3038
f 3213/2239/3039 3279/3571/3039 3277/3572/3039
f 3272/3533/3040 3289/3553/3040 3288/3551/3040
f 3277/3572/3041 3212/2240/3041 3213/2239/3041
f 3228/3545/3042 3281/3549/3042 3231/3567/3042
f 3220/3573/3043 3253/3537/3043 3219/3574/3043
f 3219/3574/3044 3217/2242/3044 3257/3538/3044
f 3256/3539/3045 3222/3531/3045 3258/3540/3045
f 3247/2950/3046 3252/3568/3046 3248/3570/3046
f 3245/2332/3047 3232/2318/3047 3233/2321/3047
f 3266/3532/3048 3212/2240/3048 3289/3553/3048
f 3208/3564/3049 3255/3524/3049 3254/3536/3049
f 3288/3551/3050 3284/3555/3050 3285/3562/3050
f 3204/3464/3051 3208/3564/3051 3207/3575/3051
f 560/2229/3052 3187/3576/3052 559/1455/3052
f 3209/2938/3053 3201/3558/3053 3202/2948/3053
f 3189/3550/3054 3191/3565/3054 3190/3577/3054
f 448/1848/3055 807/450/3055 447/325/3055
f 647/367/3056 122/980/3056 270/162/3056
f 1833/1679/3057 1780/1747/3057 1832/1711/3057
f 510/985/3058 508/1360/3058 507/1359/3058
f 3210/3556/3059 1887/3468/3059 3201/3558/3059
f 1887/3468/3060 3200/2235/3060 3201/3558/3060
f 15/8/3061 3197/3420/3061 3200/2235/3061
f 16/2228/3062 3195/2233/3062 3197/3420/3062
f 3195/2233/3063 3187/3576/3063 3194/2234/3063
f 3194/2234/3064 1899/3128/3064 3207/3575/3064
f 3207/3575/3065 375/3578/3065 3204/3464/3065
f 387/227/3066 126/85/3066 127/99/3066
f 3189/3550/3067 1760/2207/3067 3287/1578/3067
f 3577/3579/3068 757/406/3068 758/1497/3068
f 763/2211/3069 2172/2106/3069 2175/3580/3069
f 3583/3581/3070 3580/3582/3070 3581/3583/3070
f 3581/3583/3071 3579/3584/3071 3578/1774/3071
f 3594/3585/3072 3596/3586/3072 3595/3587/3072
f 3400/3588/3073 3602/3589/3073 3401/3590/3073
f 3626/3591/3074 3625/3592/3074 3627/3593/3074
f 3631/3594/3075 3599/3595/3075 3601/3596/3075
f 3636/3597/3076 3595/3587/3076 3596/3586/3076
f 3647/3598/3077 3588/3599/3077 3645/3600/3077
f 3650/3601/3078 3584/3602/3078 3647/3598/3078
f 3653/3603/3079 3580/3582/3079 3651/3604/3079
f 3653/3603/3080 3654/1775/3080 3579/3584/3080
f 1801/1633/3081 3656/3605/3081 3655/3512/3081
f 3651/3604/3082 3582/3606/3082 3650/3601/3082
f 3644/3607/3083 3595/3587/3083 3637/3608/3083
f 1767/806/3084 3659/3609/3084 3660/807/3084
f 1597/1397/3085 3661/2103/3085 1600/1395/3085
f 1708/1524/3086 3665/3143/3086 3664/2256/3086
f 3671/2258/3087 3667/3610/3087 3666/3611/3087
f 3666/3611/3088 3673/3612/3088 3672/3613/3088
f 1588/1526/3089 3664/2256/3089 1587/1388/3089
f 2080/2338/3090 3666/3611/3090 2082/2006/3090
f 2082/2006/3091 3672/3613/3091 2084/1997/3091
f 3674/3614/3092 3635/3615/3092 3631/3594/3092
f 3677/3616/3093 3636/3597/3093 3635/3615/3093
f 3682/3617/3094 3645/3600/3094 3681/3618/3094
f 3692/3619/3095 3650/3601/3095 3686/3620/3095
f 3681/3618/3096 3644/3607/3096 3680/3621/3096
f 786/1499/3097 3692/3619/3097 785/1500/3097
f 3694/3622/3098 3651/3604/3098 3692/3619/3098
f 785/1500/3099 3686/3620/3099 497/3623/3099
f 497/3623/3100 3682/3617/3100 650/372/3100
f 650/372/3101 3681/3618/3101 564/370/3101
f 3696/3624/3102 3681/3618/3102 3680/3621/3102
f 3405/3625/3103 3605/3513/3103 3402/3626/3103
f 3702/3627/3104 3678/3628/3104 3677/3616/3104
f 3699/3629/3105 3679/3630/3105 3678/3628/3105
f 3645/3600/3106 3638/3631/3106 3644/3607/3106
f 1799/1635/3107 3659/3609/3107 1768/1596/3107
f 3708/3632/3108 3458/3633/3108 3460/3634/3108
f 3462/3635/3109 3708/3632/3109 3460/3634/3109
f 3714/577/3110 564/370/3110 3696/3624/3110
f 3615/3636/3111 3602/3589/3111 3600/3637/3111
f 3710/3638/3112 3696/3624/3112 3698/3639/3112
f 3635/3615/3113 3596/3586/3113 3599/3595/3113
f 3629/3640/3114 3627/3593/3114 3630/3641/3114
f 3597/3642/3115 3599/3595/3115 3596/3586/3115
f 3630/3641/3116 3715/3643/3116 3629/3640/3116
f 3627/3593/3117 3597/3642/3117 3594/3585/3117
f 3717/3644/3118 3723/3645/3118 3718/3646/3118
f 3715/3643/3119 3660/807/3119 3629/3640/3119
f 3716/3647/3120 3725/2102/3120 3715/3643/3120
f 3668/2257/3121 3661/2103/3121 3725/2102/3121
f 3668/2257/3122 3717/3644/3122 3667/3610/3122
f 3667/3610/3123 3718/3646/3123 3673/3612/3123
f 3727/3648/3124 3673/3612/3124 3718/3646/3124
f 3728/3649/3125 3672/3613/3125 3673/3612/3125
f 3726/3650/3126 3718/3646/3126 3723/3645/3126
f 1576/2019/3127 2084/1997/3127 3672/3613/3127
f 3727/3648/3128 3731/3651/3128 3729/3652/3128
f 3203/3462/3129 1387/719/3129 3190/3577/3129
f 3190/3577/3130 1791/2206/3130 3189/3550/3130
f 3283/3557/3131 1949/2204/3131 3210/3556/3131
f 317/183/3132 259/151/3132 391/230/3132
f 2000/1868/3133 3653/3603/3133 3694/3622/3133
f 3601/3596/3134 3600/3637/3134 3602/3589/3134
f 3589/3653/3135 3584/3602/3135 3585/3654/3135
f 3577/3579/3136 756/426/3136 2170/2107/3136
f 3585/3654/3137 3582/3606/3137 3583/3581/3137
f 3678/3628/3138 3637/3608/3138 3636/3597/3138
f 3204/3464/3139 376/718/3139 3203/3462/3139
f 1801/1633/3140 3657/3655/3140 1799/1635/3140
f 3729/3652/3141 3728/3649/3141 3727/3648/3141
f 1575/1378/3142 3738/3656/3142 1088/1379/3142
f 3735/3657/3143 1576/2019/3143 3728/3649/3143
f 1776/1630/3144 1796/1637/3144 1775/1608/3144
f 1293/661/3145 1290/649/3145 1284/1792/3145
f 1326/2200/3146 1327/1729/3146 12/2025/3146
f 1294/657/3147 1234/619/3147 1290/649/3147
f 878/626/3148 1330/648/3148 1337/652/3148
f 497/3623/3149 374/2231/3149 498/2230/3149
f 122/980/3150 413/240/3150 121/2834/3150
f 3699/3629/3151 3704/3658/3151 3708/3632/3151
f 3606/3659/3152 3401/3590/3152 3602/3589/3152
f 3708/3632/3153 3698/3639/3153 3699/3629/3153
f 3464/575/3154 3710/3638/3154 3462/3635/3154
f 3704/3658/3155 3443/3660/3155 3458/3633/3155
f 439/271/3156 399/1352/3156 438/269/3156
f 1512/1053/3157 1526/1098/3157 1511/1054/3157
f 1668/1475/3158 1738/1567/3158 1671/1474/3158
f 839/3661/3159 1362/2226/3159 838/685/3159
f 1362/2226/3160 826/678/3160 1012/521/3160
f 3843/1428/3161 1896/1589/3161 3815/1967/3161
f 2053/2009/3162 2118/885/3162 2117/887/3162
f 3888/2118/3163 2120/2085/3163 2119/2059/3163
f 696/1234/3164 3816/3662/3164 3831/877/3164
f 1826/2773/3165 639/1453/3165 640/1452/3165
f 3740/3663/3166 3729/3652/3166 3731/3651/3166
f 956/3185/3167 886/485/3167 960/3494/3167
f 1980/1838/3168 1922/3460/3168 807/450/3168
f 33/18/3169 105/111/3169 164/110/3169
f 1343/659/3170 3856/666/3170 3857/662/3170
f 3907/2069/3171 2128/2073/3171 3902/2084/3171
f 1766/1597/3172 1582/1382/3172 1594/1385/3172
f 14/9/3173 2163/2197/3173 738/1807/3173
f 595/354/3174 99/1067/3174 594/355/3174
f 3233/2321/3175 3246/2949/3175 3245/2332/3175
f 1346/664/3176 1044/535/3176 1352/878/3176
f 748/1906/3177 1425/800/3177 747/799/3177
f 3193/2232/3178 3254/3536/3178 3268/3535/3178
f 3190/3577/3179 3206/3566/3179 3203/3462/3179
f 3612/3514/3180 3606/3659/3180 3615/3636/3180
f 3624/3664/3181 3615/3636/3181 3625/3592/3181
f 3631/3594/3182 3443/3660/3182 3674/3614/3182
f 3679/3630/3183 3644/3607/3183 3637/3608/3183
f 3686/3620/3184 3647/3598/3184 3682/3617/3184
f 3702/3627/3185 3674/3614/3185 3704/3658/3185
f 3625/3592/3186 3600/3637/3186 3597/3642/3186
f 3601/3596/3187 3415/3665/3187 3631/3594/3187
f 3739/3666/3188 3735/3657/3188 3729/3652/3188
f 3630/3641/3189 3594/3585/3189 3741/3667/3189
f 3741/3667/3190 3716/3647/3190 3630/3641/3190
f 1284/1792/3191 1288/651/3191 1285/1968/3191
f 3698/3639/3192 3680/3621/3192 3679/3630/3192
f 1778/1616/3193 1780/1747/3193 1779/1675/3193
f 1792/2099/3194 1584/1631/3194 1789/1621/3194
f 695/2132/3195 571/346/3195 694/612/3195
f 3638/3631/3196 3594/3585/3196 3595/3587/3196
f 3741/3667/3197 3588/3599/3197 3589/3653/3197
f 3247/2950/3198 3209/2938/3198 3202/2948/3198
f 3292/3668/3199 3294/3669/3199 3295/3670/3199
f 3296/3671/3200 3298/3672/3200 3299/3673/3200
f 3299/3673/3201 3300/3674/3201 3301/3675/3201
f 3302/3676/3202 3304/3677/3202 3305/3678/3202
f 3306/3679/3203 3308/3680/3203 3309/3681/3203
f 3307/3682/3204 3311/3683/3204 3308/3680/3204
f 3303/3684/3205 3301/3675/3205 3300/3674/3205
f 3312/3685/3206 3304/3677/3206 3313/3686/3206
f 3314/3687/3207 3316/3688/3207 3317/3689/3207
f 3318/3690/3208 3320/3691/3208 3321/3692/3208
f 3324/3693/3209 3321/3692/3209 3325/3694/3209
f 3326/3695/3210 3328/3696/3210 3323/3697/3210
f 3329/3698/3211 3331/3699/3211 3332/3700/3211
f 3333/3701/3212 3335/3702/3212 3336/3703/3212
f 3337/3704/3213 3339/3705/3213 3340/3706/3213
f 3333/3701/3214 3341/3707/3214 3342/3708/3214
f 3342/3708/3215 3343/3709/3215 3344/3710/3215
f 3319/3711/3216 3344/3710/3216 3343/3709/3216
f 3338/3712/3217 3334/3713/3217 3339/3705/3217
f 3346/3714/3218 3302/3676/3218 3347/3715/3218
f 3305/3678/3219 3347/3715/3219 3302/3676/3219
f 3312/3685/3220 3223/3716/3220 3349/3717/3220
f 3350/3718/3221 3340/3706/3221 3351/3719/3221
f 3312/3685/3222 3348/3720/3222 3305/3678/3222
f 3352/3721/3223 3341/3707/3223 3326/3695/3223
f 3311/3683/3224 3354/3722/3224 3308/3680/3224
f 3341/3707/3225 3327/3723/3225 3326/3695/3225
f 3359/3724/3226 3361/3725/3226 3362/3726/3226
f 3360/3727/3227 3250/3728/3227 3249/3729/3227
f 3318/3690/3228 3345/3730/3228 3319/3711/3228
f 3364/3731/3229 3318/3690/3229 3324/3693/3229
f 3314/3687/3230 3324/3693/3230 3365/3732/3230
f 3366/3733/3231 3301/3675/3231 3346/3714/3231
f 3299/3673/3232 3367/3734/3232 3296/3671/3232
f 3308/3680/3233 3368/3735/3233 3309/3681/3233
f 3369/3736/3234 3295/3670/3234 3294/3669/3234
f 3317/3689/3235 3364/3731/3235 3314/3687/3235
f 3370/3737/3236 3317/3689/3236 3316/3688/3236
f 3325/3694/3237 3365/3732/3237 3324/3693/3237
f 3352/3721/3238 3319/3711/3238 3343/3709/3238
f 3296/3671/3239 3353/3738/3239 3311/3683/3239
f 3297/3739/3240 3311/3683/3240 3310/3740/3240
f 3363/3741/3241 3354/3722/3241 3345/3730/3241
f 3345/3730/3242 3353/3738/3242 3344/3710/3242
f 3344/3710/3243 3367/3734/3243 3342/3708/3243
f 3366/3733/3244 3342/3708/3244 3367/3734/3244
f 3347/3715/3245 3334/3713/3245 3346/3714/3245
f 3339/3705/3246 3348/3720/3246 3340/3706/3246
f 3348/3720/3247 3351/3719/3247 3340/3706/3247
f 3363/3741/3248 3369/3736/3248 3368/3735/3248
f 3294/3669/3249 3368/3735/3249 3369/3736/3249
f 3293/3742/3250 3309/3681/3250 3294/3669/3250
f 3331/3699/3251 3374/3743/3251 3332/3700/3251
f 3346/3714/3252 3333/3701/3252 3366/3733/3252
f 3323/3697/3253 3352/3721/3253 3326/3695/3253
f 3356/3744/3254 3321/3692/3254 3320/3691/3254
f 3355/3745/3255 3325/3694/3255 3321/3692/3255
f 3357/3746/3256 3371/3747/3256 3325/3694/3256
f 3322/3748/3257 3320/3691/3257 3352/3721/3257
f 3361/3725/3258 3329/3698/3258 3362/3726/3258
f 3373/3749/3259 3375/3750/3259 3374/3743/3259
f 3374/3743/3260 3376/3751/3260 3332/3700/3260
f 3329/3698/3261 3376/3751/3261 3362/3726/3261
f 3327/3723/3262 3372/3752/3262 3328/3696/3262
f 3336/3703/3263 3375/3750/3263 3327/3723/3263
f 3335/3702/3264 3376/3751/3264 3375/3750/3264
f 3376/3751/3265 3337/3704/3265 3362/3726/3265
f 3337/3704/3266 3359/3724/3266 3362/3726/3266
f 3359/3724/3267 3276/3753/3267 3250/3728/3267
f 3377/3754/3268 3295/3670/3268 3370/3737/3268
f 3277/3572/3269 3315/3755/3269 3278/3554/3269
f 3371/3747/3270 3379/3756/3270 3365/3732/3270
f 3378/3757/3271 3358/3758/3271 3380/3759/3271
f 3365/3732/3272 3315/3755/3272 3314/3687/3272
f 3316/3688/3273 3279/3571/3273 3370/3737/3273
f 3282/1580/3274 3370/3737/3274 3279/3571/3274
f 3313/3686/3275 3224/3760/3275 3312/3685/3275
f 3378/3757/3276 3284/3555/3276 3379/3756/3276
f 3380/3759/3277 3285/3562/3277 3378/3757/3277
f 3379/3756/3278 3278/3554/3278 3315/3755/3278
f 3276/3753/3279 3351/3719/3279 3291/3761/3279
f 3291/3761/3280 3349/3717/3280 3223/3716/3280
f 3313/3686/3281 2965/3170/3281 3013/3229/3281
f 2965/3170/3282 3303/3684/3282 222/307/3282
f 222/307/3283 3300/3674/3283 223/308/3283
f 223/308/3284 3298/3672/3284 3186/3510/3284
f 3298/3672/3285 3185/3509/3285 3186/3510/3285
f 3297/3739/3286 2977/3189/3286 3185/3509/3286
f 3310/3740/3287 1213/1242/3287 2977/3189/3287
f 3307/3682/3288 1214/1243/3288 1213/1242/3288
f 2532/3080/3289 3306/3679/3289 3293/3742/3289
f 2894/3081/3290 3293/3742/3290 3292/3668/3290
f 2871/3762/3291 3292/3668/3291 3377/3754/3291
f 3253/3537/3292 3240/2319/3292 3242/3498/3292
f 3283/3763/3293 3013/3229/3293 2152/3496/3293
f 1997/1865/3294 1889/1739/3294 1892/2003/3294
f 1237/1257/3295 744/838/3295 855/914/3295
f 1535/1782/3296 120/1816/3296 121/2834/3296
f 1531/1119/3297 201/137/3297 214/136/3297
f 1119/1151/3298 1032/1066/3298 984/1022/3298
f 946/478/3299 824/489/3299 947/488/3299
f 163/213/3300 5/6/3300 162/2842/3300
f 3589/3653/3301 3723/3645/3301 3741/3667/3301
f 1155/573/3302 1162/581/3302 1164/582/3302
f 427/280/3303 327/1304/3303 424/457/3303
f 553/1454/3304 796/1498/3304 498/2230/3304
f 3381/3764/3305 2231/2303/3305 2237/2305/3305
f 3381/3764/3306 2230/2301/3306 2232/2300/3306
f 2237/2305/3307 3180/3765/3307 3381/3764/3307
f 3383/3766/3308 3385/3767/3308 3382/3768/3308
f 3384/3769/3309 3387/3770/3309 3385/3767/3309
f 3386/3771/3310 3389/3772/3310 3387/3770/3310
f 3388/3773/3311 3391/3774/3311 3389/3772/3311
f 3392/3775/3312 3394/3776/3312 3395/3777/3312
f 3395/3777/3313 3396/3778/3313 3397/3779/3313
f 3398/3780/3314 3397/3779/3314 3396/3778/3314
f 3400/3588/3315 3399/3781/3315 3398/3780/3315
f 3403/3782/3316 3405/3625/3316 3402/3626/3316
f 3406/3783/3317 3404/3784/3317 3403/3782/3317
f 3408/3785/3318 3407/3786/3318 3406/3783/3318
f 3410/3787/3319 3409/3788/3319 3408/3785/3319
f 3412/3789/3320 3411/3790/3320 3410/3787/3320
f 3415/3665/3321 3398/3780/3321 3414/3791/3321
f 3414/3791/3322 3396/3778/3322 3416/3792/3322
f 3416/3792/3323 3394/3776/3323 3417/3793/3323
f 3417/3793/3324 3393/3794/3324 3418/3795/3324
f 3393/3794/3325 3420/3796/3325 3418/3795/3325
f 3419/3797/3326 3421/3798/3326 3420/3796/3326
f 3390/3799/3327 3422/3800/3327 3421/3798/3327
f 3388/3773/3328 3423/3801/3328 3422/3800/3328
f 3386/3771/3329 3424/3802/3329 3423/3801/3329
f 3384/3769/3330 3425/3803/3330 3424/3802/3330
f 3425/3803/3331 3426/3804/3331 3184/3506/3331
f 2904/3094/3332 3428/3805/3332 2947/3152/3332
f 3429/3806/3333 2904/3094/3333 2902/3807/3333
f 3430/3808/3334 2902/3807/3334 2876/3064/3334
f 2875/3066/3335 3430/3808/3335 2876/3064/3335
f 3432/3809/3336 2733/2909/3336 2736/2908/3336
f 2825/3009/3337 3435/3810/3337 2824/3006/3337
f 3437/3811/3338 3439/3812/3338 3436/3813/3338
f 3441/3814/3339 3436/3813/3339 3440/3815/3339
f 2724/2898/3340 3434/3816/3340 2825/3009/3340
f 3436/3813/3341 3115/3364/3341 3117/3367/3341
f 3440/3815/3342 3117/3367/3342 3119/3369/3342
f 3443/3660/3343 3414/3791/3343 3442/3817/3343
f 3442/3817/3344 3416/3792/3344 3444/3818/3344
f 3444/3818/3345 3417/3793/3345 3445/3819/3345
f 3445/3819/3346 3418/3795/3346 3446/3820/3346
f 3446/3820/3347 3420/3796/3347 3447/3821/3347
f 3420/3796/3348 3448/3822/3348 3447/3821/3348
f 3421/3798/3349 3449/3823/3349 3448/3822/3349
f 3422/3800/3350 3450/3824/3350 3449/3823/3350
f 3423/3801/3351 3451/3825/3351 3450/3824/3351
f 3424/3802/3352 3452/3826/3352 3451/3825/3352
f 3425/3803/3353 3056/3277/3353 3452/3826/3353
f 3451/3825/3354 2253/2334/3354 2252/2336/3354
f 3450/3824/3355 2252/2336/3355 1727/1790/3355
f 3449/3823/3356 1727/1790/3356 2150/2273/3356
f 3448/3822/3357 2150/2273/3357 1941/2194/3357
f 3453/3827/3358 3448/3822/3358 1941/2194/3358
f 3454/3828/3359 3447/3821/3359 3453/3827/3359
f 3455/3829/3360 3446/3820/3360 3454/3828/3360
f 3456/3830/3361 3445/3819/3361 3455/3829/3361
f 3442/3817/3362 3456/3830/3362 3457/3831/3362
f 3443/3660/3363 3457/3831/3363 3458/3633/3363
f 3459/3832/3364 3458/3633/3364 3457/3831/3364
f 3457/3831/3365 3455/3829/3365 3459/3832/3365
f 3459/3832/3366 3454/3828/3366 3461/3833/3366
f 3462/3635/3367 3459/3832/3367 3461/3833/3367
f 3461/3833/3368 3453/3827/3368 3463/3834/3368
f 3464/575/3369 3461/3833/3369 3463/3834/3369
f 3463/3834/3370 1941/2194/3370 1360/2001/3370
f 3404/3784/3371 3401/3590/3371 3405/3625/3371
f 3407/3786/3372 3399/3781/3372 3404/3784/3372
f 3409/3788/3373 3397/3779/3373 3407/3786/3373
f 3411/3790/3374 3395/3777/3374 3409/3788/3374
f 3465/3835/3375 3413/3836/3375 3412/3789/3375
f 3467/3837/3376 3469/3838/3376 3466/3839/3376
f 3465/3835/3377 3431/3840/3377 3433/3841/3377
f 3470/3842/3378 3466/3839/3378 3465/3835/3378
f 3438/3843/3379 3432/3809/3379 3435/3810/3379
f 3467/3837/3380 3438/3843/3380 3437/3811/3380
f 3468/3844/3381 3437/3811/3381 3441/3814/3381
f 3471/3845/3382 3468/3844/3382 3472/3846/3382
f 3472/3846/3383 3441/3814/3383 3473/3847/3383
f 3473/3847/3384 3440/3815/3384 2712/3848/3384
f 2712/3848/3385 3119/3369/3385 3128/3379/3385
f 3475/3849/3386 3472/3846/3386 3474/3850/3386
f 3474/3850/3387 3473/3847/3387 3476/3851/3387
f 3476/3851/3388 2712/3848/3388 2711/2888/3388
f 3477/3852/3389 2711/2888/3389 2400/2478/3389
f 3478/3853/3390 3476/3851/3390 3477/3852/3390
f 3479/3854/3391 3474/3850/3391 3478/3853/3391
f 3392/3775/3392 3413/3836/3392 3480/3855/3392
f 3466/3839/3393 3480/3855/3393 3413/3836/3393
f 3419/3797/3394 3392/3775/3394 3480/3855/3394
f 3390/3799/3395 3480/3855/3395 3391/3774/3395
f 3469/3838/3396 3391/3774/3396 3480/3855/3396
f 3389/3772/3397 3471/3845/3397 3475/3849/3397
f 3387/3770/3398 3475/3849/3398 3479/3854/3398
f 3385/3767/3399 3479/3854/3399 3481/3856/3399
f 3482/3857/3400 2400/2478/3400 2402/2477/3400
f 3483/3858/3401 3477/3852/3401 3482/3857/3401
f 3481/3856/3402 3478/3853/3402 3483/3858/3402
f 3484/3859/3403 2402/2477/3403 2707/2884/3403
f 3058/3279/3404 2707/2884/3404 2708/2887/3404
f 3061/3281/3405 3484/3859/3405 3058/3279/3405
f 3485/3860/3406 3482/3857/3406 3484/3859/3406
f 3382/3768/3407 3481/3856/3407 3486/3861/3407
f 3486/3861/3408 3483/3858/3408 3485/3860/3408
f 3426/3804/3409 3382/3768/3409 3487/3862/3409
f 3487/3862/3410 3486/3861/3410 1962/2034/3410
f 3486/3861/3411 3061/3281/3411 1962/2034/3411
f 1961/2036/3412 3487/3862/3412 1962/2034/3412
f 3057/3507/3413 3426/3804/3413 3487/3862/3413
f 3428/3805/3414 3402/3626/3414 3488/3863/3414
f 3427/3864/3415 3403/3782/3415 3428/3805/3415
f 3429/3806/3416 3406/3783/3416 3427/3864/3416
f 3430/3808/3417 3408/3785/3417 3429/3806/3417
f 3431/3840/3418 3410/3787/3418 3430/3808/3418
f 3470/3842/3419 3433/3841/3419 3432/3809/3419
f 3434/3816/3420 3438/3843/3420 3435/3810/3420
f 2723/2897/3421 3439/3812/3421 3434/3816/3421
f 2875/3066/3422 3433/3841/3422 3431/3840/3422
f 2736/2908/3423 3435/3810/3423 3432/3809/3423
f 2947/3152/3424 3488/3863/3424 3500/949/3424
f 3464/575/3425 1360/2001/3425 3497/1438/3425
f 1900/1742/3426 1924/1781/3426 1901/1741/3426
f 1736/1561/3427 1718/1841/3427 1750/1591/3427
f 1955/3488/3428 1943/3865/3428 1956/1911/3428
f 1671/1474/3429 1735/1560/3429 1751/1592/3429
f 1696/1506/3430 1698/1516/3430 1692/1505/3430
f 1800/1634/3431 1864/950/3431 1801/1633/3431
f 2063/1957/3432 2056/1947/3432 2060/2882/3432
f 1737/1568/3433 1717/1559/3433 1736/1561/3433
f 1751/1592/3434 1697/1562/3434 1695/1504/3434
f 943/2088/3435 3899/1394/3435 684/369/3435
f 3656/3605/3436 3402/3626/3436 3605/3513/3436
f 1577/1531/3437 1764/1605/3437 1703/1510/3437
f 3917/1606/3438 1599/1525/3438 3923/1511/3438
f 1945/3866/3439 82/61/3439 1944/1912/3439
f 68/49/3440 7/2726/3440 248/385/3440
f 147/97/3441 1543/1189/3441 148/96/3441
f 1109/544/3442 1133/558/3442 1102/542/3442
f 1503/2788/3443 1907/1832/3443 1908/1813/3443
f 1499/1010/3444 1909/1814/3444 1498/1223/3444
f 452/274/3445 735/399/3445 215/2820/3445
f 1824/1670/3446 3835/3867/3446 3845/2090/3446
f 1825/1671/3447 2068/2718/3447 1824/1670/3447
f 1463/3868/3448 1022/532/3448 1194/594/3448
f 841/686/3449 1009/522/3449 1011/523/3449
f 1568/1783/3450 1955/3488/3450 1534/1784/3450
f 1926/1767/3451 1927/1773/3451 1923/628/3451
f 1910/1831/3452 1502/2763/3452 1939/3869/3452
f 1939/3869/3453 422/256/3453 442/487/3453
f 309/1031/3454 1940/1787/3454 308/185/3454
f 1804/1638/3455 1866/3870/3455 1803/1708/3455
f 269/163/3456 1954/1799/3456 56/161/3456
f 2065/1969/3457 2060/2882/3457 2056/1947/3457
f 3812/3465/3458 1758/3871/3458 3835/3867/3458
f 280/167/3459 552/1276/3459 1940/1787/3459
f 1875/2146/3460 1869/1714/3460 1874/1715/3460
f 1739/1582/3461 1734/1558/3461 1737/1568/3461
f 1778/1616/3462 1790/1678/3462 1788/1622/3462
f 310/184/3463 1915/1757/3463 279/1030/3463
f 1909/1814/3464 1906/1749/3464 1954/1799/3464
f 1789/1621/3465 1778/1616/3465 1788/1622/3465
f 978/509/3466 980/1401/3466 979/733/3466
f 1584/1631/3467 1731/1549/3467 1583/1381/3467
f 425/1057/3468 311/1436/3468 312/178/3468
f 148/96/3469 115/80/3469 116/109/3469
f 2044/1720/3470 3894/2017/3470 2046/2133/3470
f 277/242/3471 1939/3869/3471 551/1277/3471
f 1943/3865/3472 1945/3866/3472 1944/1912/3472
f 1461/936/3473 1463/3868/3473 1464/947/3473
f 2253/2334/3474 3056/3277/3474 3055/3278/3474
f 2981/3197/3475 3489/3872/3475 958/999/3475
f 2209/2275/3476 3489/3872/3476 3055/3278/3476
f 2254/3196/3477 3055/3278/3477 3489/3872/3477
f 2998/3216/3478 958/999/3478 3489/3872/3478
f 2826/3010/3479 2721/2896/3479 2724/2898/3479
f 3490/3873/3480 2721/2896/3480 2817/3874/3480
f 2816/2997/3481 3490/3873/3481 2817/3874/3481
f 2334/3875/3482 2296/2383/3482 2335/2418/3482
f 2298/2388/3483 2334/3875/3483 2336/2419/3483
f 2301/2396/3484 2336/2419/3484 2338/2421/3484
f 2311/2398/3485 2338/2421/3485 2354/2437/3485
f 2312/2397/3486 2354/2437/3486 2355/2438/3486
f 2359/2443/3487 2361/2448/3487 2360/2444/3487
f 2335/2418/3488 2359/2443/3488 2360/2444/3488
f 2414/3876/3489 2365/2447/3489 2364/2446/3489
f 2413/2486/3490 2361/2448/3490 2365/2447/3490
f 2355/2438/3491 2540/2631/3491 2541/2632/3491
f 2541/2632/3492 2539/2630/3492 2542/2633/3492
f 2722/3365/3493 2739/3877/3493 2738/2910/3493
f 3114/3366/3494 2738/2910/3494 3113/3363/3494
f 3110/3359/3495 3121/3372/3495 3120/3371/3495
f 3108/3357/3496 3120/3371/3496 3113/3363/3496
f 3122/3373/3497 3127/3377/3497 3126/3376/3497
f 3112/3362/3498 3126/3376/3498 3121/3372/3498
f 3127/3377/3499 1753/1803/3499 3135/3389/3499
f 3139/3878/3500 2529/2619/3500 2542/2633/3500
f 3744/3396/3501 3133/3386/3501 3139/3878/3501
f 3490/3873/3502 2740/2911/3502 2739/3877/3502
f 3491/3879/3503 2789/2968/3503 3490/3873/3503
f 228/144/3504 91/2877/3504 88/65/3504
f 245/1786/3505 243/340/3505 242/440/3505
f 248/385/3506 247/339/3506 191/338/3506
f 2/2/3507 296/1187/3507 295/1840/3507
f 145/1011/3508 300/2000/3508 267/159/3508
f 327/1304/3509 210/134/3509 328/394/3509
f 329/332/3510 331/1091/3510 330/1095/3510
f 250/142/3511 228/144/3511 236/341/3511
f 239/1191/3512 240/190/3512 230/314/3512
f 373/2850/3513 375/3578/3513 374/2231/3513
f 178/2199/3514 176/177/3514 175/176/3514
f 1218/606/3515 1228/623/3515 1321/642/3515
f 3862/640/3516 1295/667/3516 3854/1793/3516
f 808/445/3517 824/489/3517 823/447/3517
f 3858/923/3518 1013/550/3518 1014/549/3518
f 3813/782/3519 1411/761/3519 1413/779/3519
f 2154/2149/3520 2159/2156/3520 2160/2162/3520
f 3845/2090/3521 1758/3871/3521 1757/991/3521
f 306/449/3522 1922/3460/3522 452/274/3522
f 2157/2150/3523 1976/3511/3523 1977/1836/3523
f 708/2182/3524 2031/1913/3524 1474/1914/3524
f 1450/2169/3525 1227/617/3525 1428/2168/3525
f 1672/1478/3526 1605/1954/3526 1624/1476/3526
f 1813/3880/3527 1821/1667/3527 1816/1651/3527
f 1717/1559/3528 1715/1533/3528 1718/1841/3528
f 176/177/3529 402/1493/3529 347/1266/3529
f 1710/1842/3530 3916/1512/3530 3915/1788/3530
f 1712/1553/3531 1577/1531/3531 1711/1528/3531
f 1705/1744/3532 1711/1528/3532 1704/1530/3532
f 971/501/3533 979/733/3533 970/503/3533
f 822/448/3534 1094/552/3534 1102/542/3534
f 2909/3881/3535 2793/2973/3535 2792/2970/3535
f 2810/3882/3536 2795/2981/3536 2793/2973/3536
f 2799/2979/3537 2249/2327/3537 2800/2978/3537
f 3662/3883/3538 2910/3102/3538 2799/2979/3538
f 2769/2988/3539 2801/2982/3539 2795/2981/3539
f 3177/3499/3540 3178/3501/3540 3179/3502/3540
f 3178/3501/3541 3180/3765/3541 3179/3502/3541
f 3181/3503/3542 1393/1472/3542 2800/2978/3542
f 3181/3503/3543 1632/1702/3543 3182/3504/3543
f 3182/3504/3544 2244/2314/3544 3183/3505/3544
f 3183/3505/3545 2243/2313/3545 3180/3765/3545
f 3492/3884/3546 2790/2969/3546 3491/3879/3546
f 2808/3885/3547 3491/3879/3547 2816/2997/3547
f 2239/3886/3548 3572/3887/3548 2240/3888/3548
f 1149/2264/3549 3571/3889/3549 3570/3890/3549
f 1150/1907/3550 3567/3891/3550 3571/3889/3550
f 2202/2277/3551 3566/1336/3551 2015/2263/3551
f 2921/3892/3552 3565/1770/3552 2923/3893/3552
f 3568/3894/3553 2133/2178/3553 2928/3296/3553
f 1777/1607/3554 1759/3895/3554 1792/2099/3554
f 1201/598/3555 1183/588/3555 1184/590/3555
f 3561/1769/3556 2195/2251/3556 2194/3896/3556
f 3553/1460/3557 2770/3897/3557 2768/2951/3557
f 3927/1519/3558 1687/3508/3558 1692/1505/3558
f 1516/1966/3559 154/104/3559 503/356/3559
f 3549/1590/3560 2974/3312/3560 2803/3412/3560
f 3550/3898/3561 2779/2967/3561 2778/2957/3561
f 2771/3326/3562 3575/3899/3562 3546/3900/3562
f 3070/3298/3563 3546/3900/3563 3558/3901/3563
f 3547/1640/3564 2775/2990/3564 2867/3057/3564
f 1376/714/3565 1370/705/3565 1372/698/3565
f 2767/3486/3566 3556/3129/3566 2206/2269/3566
f 2195/2251/3567 3543/819/3567 2767/3486/3567
f 2775/2990/3568 3542/826/3568 2776/2991/3568
f 3377/3754/3569 3545/1579/3569 2871/3762/3569
f 3804/2983/3570 3539/3902/3570 2806/3903/3570
f 2776/2991/3571 3538/1577/3571 2805/2992/3571
f 2240/3888/3572 3535/3904/3572 2920/3905/3572
f 2920/3905/3573 3669/3906/3573 3619/3907/3573
f 3548/2881/3574 2786/2964/3574 2779/2967/3574
f 1805/1673/3575 1851/959/3575 1804/1638/3575
f 3534/1048/3576 2787/3056/3576 2786/2964/3576
f 2951/3438/3577 3540/3908/3577 3531/3909/3577
f 2772/3325/3578 3531/3909/3578 3575/3899/3578
f 2973/3182/3579 3530/3910/3579 3536/3911/3579
f 2224/3382/3580 3537/3912/3580 3530/3910/3580
f 1957/2870/3581 320/983/3581 510/985/3581
f 306/449/3582 304/1199/3582 303/1201/3582
f 2770/3897/3583 3528/1171/3583 2913/3105/3583
f 2913/3105/3584 3574/1170/3584 2239/3886/3584
f 2923/3893/3585 3527/2826/3585 2922/3293/3585
f 308/185/3586 431/262/3586 47/191/3586
f 207/131/3587 132/90/3587 543/1800/3587
f 1879/1916/3588 1881/1936/3588 1880/2096/3588
f 3733/3490/3589 3525/1203/3589 2089/2145/3589
f 2475/2556/3590 3558/3901/3590 3524/3913/3590
f 2476/3290/3591 3524/3913/3591 3523/3914/3591
f 2223/2292/3592 3523/3914/3592 3537/3912/3592
f 3522/1159/3593 2803/3412/3593 2802/3408/3593
f 2037/3915/3594 11/2191/3594 1950/2024/3594
f 1959/1999/3595 450/272/3595 505/634/3595
f 2003/2065/3596 3520/2127/3596 2129/2176/3596
f 9/2190/3597 334/328/3597 540/327/3597
f 2009/2072/3598 3518/3916/3598 3567/3891/3598
f 2008/2071/3599 3536/3911/3599 3518/3916/3599
f 3877/1202/3600 673/2296/3600 3879/2063/3600
f 3515/1789/3601 2778/2957/3601 2784/2962/3601
f 2935/3917/3602 3513/1695/3602 2936/3136/3602
f 111/3492/3603 3570/3890/3603 3511/3493/3603
f 3510/3918/3604 2935/3917/3604 2938/3138/3604
f 683/2797/3605 3885/1392/3605 943/2088/3605
f 3508/1624/3606 2810/3882/3606 2909/3881/3606
f 736/2821/3607 732/2883/3607 729/1874/3607
f 1795/1629/3608 1803/1708/3608 1796/1637/3608
f 3505/987/3609 2938/3138/3609 2939/3140/3609
f 3507/958/3610 2939/3140/3610 2940/3142/3610
f 2950/3155/3611 3504/3919/3611 2949/3154/3611
f 2940/3142/3612 3504/3919/3612 3507/958/3612
f 3801/3156/3613 3512/1173/3613 2950/3155/3613
f 2868/3920/3614 3502/992/3614 2869/3349/3614
f 2869/3349/3615 3522/1159/3615 2802/3408/3615
f 1024/614/3616 1023/593/3616 1020/531/3616
f 3500/949/3617 2948/3153/3617 2947/3152/3617
f 551/1277/3618 442/487/3618 443/1275/3618
f 2972/3181/3619 3568/3894/3619 2928/3296/3619
f 2032/2097/3620 3499/3921/3620 2972/3181/3620
f 216/138/3621 1924/1781/3621 1923/628/3621
f 203/236/3622 201/137/3622 200/1213/3622
f 1828/1677/3623 1847/1694/3623 1837/2119/3623
f 1958/2101/3624 449/273/3624 450/272/3624
f 272/350/3625 178/2199/3625 175/176/3625
f 2871/3762/3626 3495/1439/3626 1361/1440/3626
f 3619/3907/3627 3564/2811/3627 2921/3892/3627
f 2801/2982/3628 3643/3101/3628 3662/3883/3628
f 2005/2213/3629 3654/1775/3629 2176/2212/3629
f 960/3494/3630 899/2835/3630 962/491/3630
f 3657/3655/3631 3612/3514/3631 3624/3664/3631
f 3780/3922/3632 3646/3424/3632 3151/3426/3632
f 3151/3426/3633 3593/2650/3633 2555/2648/3633
f 2193/2250/3634 3623/2937/3634 2194/3896/3634
f 3607/3409/3635 3145/3411/3635 3144/3923/3635
f 3603/3410/3636 2761/2933/3636 3145/3411/3636
f 3592/3350/3637 3144/3923/3637 3104/3352/3637
f 2926/3126/3638 3634/3351/3638 3103/3353/3638
f 3634/3351/3639 3104/3352/3639 3103/3353/3639
f 3755/3310/3640 3746/3924/3640 3753/2041/3640
f 566/1320/3641 3758/1776/3641 2005/2213/3641
f 3488/3863/3642 1864/950/3642 3500/949/3642
f 1602/1399/3643 2079/2005/3643 2078/1984/3643
f 2868/3920/3644 3611/3125/3644 2922/3293/3644
f 2922/3293/3645 3610/3124/3645 2923/3893/3645
f 2923/3893/3646 3618/3116/3646 2921/3892/3646
f 3670/3117/3647 2918/3114/3647 3614/3115/3647
f 3619/3907/3648 3614/3115/3648 2920/3905/3648
f 2921/3892/3649 3670/3117/3649 3619/3907/3649
f 2920/3905/3650 3586/2308/3650 2240/3888/3650
f 3613/3113/3651 2915/3108/3651 2918/3114/3651
f 2917/3121/3652 3622/2947/3652 3641/3111/3652
f 2916/3123/3653 3641/3111/3653 3642/3110/3653
f 2239/3886/3654 3652/3106/3654 2913/3105/3654
f 2911/3925/3655 3652/3106/3655 2757/2930/3655
f 3643/3101/3656 2911/3925/3656 2910/3102/3656
f 2797/2980/3657 3662/3883/3657 3591/2977/3657
f 2797/2980/3658 3598/2927/3658 2750/2975/3658
f 3622/2947/3659 2763/2941/3659 2765/2944/3659
f 3608/2929/3660 2764/3347/3660 2745/2918/3660
f 2194/3896/3661 3648/2935/3661 2221/2291/3661
f 2221/2291/3662 3649/2936/3662 2222/3311/3662
f 2756/2942/3663 3609/2928/3663 2755/2926/3663
f 2750/2975/3664 3609/2928/3664 2747/2920/3664
f 3669/3906/3665 1817/2135/3665 3827/2160/3665
f 3763/2780/3666 1691/3926/3666 1699/1518/3666
f 2515/2601/3667 3590/2649/3667 2548/2639/3667
f 2548/2639/3668 3593/2650/3668 2550/2641/3668
f 2513/2599/3669 3632/2611/3669 3616/2609/3669
f 2513/2599/3670 3621/2610/3670 2515/2601/3670
f 2509/2595/3671 3620/2378/3671 2289/2593/3671
f 2510/2604/3672 3633/2592/3672 2509/2595/3672
f 2289/2593/3673 3639/2371/3673 2283/2376/3673
f 2283/2376/3674 3617/2370/3674 2286/2373/3674
f 2240/3888/3675 3587/2310/3675 2239/3886/3675
f 3659/3609/3676 3624/3664/3676 3626/3591/3676
f 716/377/3677 3887/2086/3677 3888/2118/3677
f 727/375/3678 3761/2110/3678 1923/628/3678
f 2165/3515/3679 2170/2107/3679 2164/2214/3679
f 3660/807/3680 3626/3591/3680 3629/3640/3680
f 3743/2042/3681 3578/1774/3681 3757/2040/3681
f 2175/3580/3682 769/419/3682 770/1901/3682
f 2100/630/3683 2095/2007/3683 2099/2011/3683
f 3758/1776/3684 3757/2040/3684 3578/1774/3684
f 640/1452/3685 3568/3927/3685 1826/2773/3685
f 1653/1644/3686 3553/1460/3686 1651/1459/3686
f 1895/2270/3687 3530/3928/3687 746/1283/3687
f 746/1283/3688 3537/3929/3688 741/1282/3688
f 1653/1644/3689 3528/1171/3689 3576/3930/3689
f 3762/1609/3690 1604/1398/3690 1672/1478/3690
f 2093/1754/3691 2073/1977/3691 2078/1984/3691
f 959/517/3692 995/1751/3692 884/462/3692
f 962/491/3693 919/527/3693 986/1594/3693
f 1400/749/3694 1398/747/3694 1399/748/3694
f 1000/1750/3695 1127/551/3695 1004/1610/3695
f 956/3185/3696 884/462/3696 885/463/3696
f 1662/1674/3697 3550/3898/3697 1661/1447/3697
f 2034/1915/3698 3546/3931/3698 1654/1586/3698
f 3926/2955/3699 3539/3902/3699 3802/3932/3699
f 3535/3904/3700 766/2136/3700 1817/2135/3700
f 3572/3887/3701 765/2091/3701 766/2136/3701
f 334/328/3702 3571/3933/3702 335/326/3702
f 1868/1766/3703 3540/1492/3703 1656/1491/3703
f 1684/3934/3704 1652/1508/3704 1678/1015/3704
f 1682/1806/3705 775/423/3705 1807/1018/3705
f 1585/1001/3706 3762/1609/3706 1700/1002/3706
f 3763/2780/3707 1672/1478/3707 1673/1477/3707
f 2173/853/3708 490/1457/3708 491/424/3708
f 1658/825/3709 3547/1640/3709 1752/1593/3709
f 3556/3129/3710 1650/2184/3710 724/2057/3710
f 1571/813/3711 2010/2801/3711 1572/1541/3711
f 1587/1388/3712 3671/2258/3712 2080/2338/3712
f 2099/2011/3713 2077/1982/3713 2094/1752/3713
f 787/1780/3714 1999/1869/3714 786/1499/3714
f 2000/1868/3715 786/1499/3715 1999/1869/3715
f 3155/3935/3716 3697/2678/3716 3683/3448/3716
f 3713/3439/3717 3683/3448/3717 3789/3447/3717
f 2180/2218/3718 3685/3936/3718 3684/3434/3718
f 3496/1664/3719 3684/3434/3719 3705/3119/3719
f 1684/3934/3720 3840/1019/3720 1651/1459/3720
f 1760/2207/3721 3495/1439/3721 3545/1579/3721
f 2607/2705/3722 3693/2686/3722 2590/2684/3722
f 2581/2673/3723 3689/2706/3723 2607/2705/3723
f 2371/2458/3724 3700/2585/3724 3695/2687/3724
f 2371/2458/3725 3693/2686/3725 2372/2456/3725
f 2587/3314/3726 3675/2680/3726 2586/3313/3726
f 2586/3313/3727 3697/2678/3727 339/512/3727
f 2497/3172/3728 3687/2586/3728 2503/2692/3728
f 2502/2693/3729 3687/2586/3729 3700/2585/3729
f 2494/2576/3730 3690/2578/3730 2495/2577/3730
f 3690/2578/3731 2472/2552/3731 2495/2577/3731
f 3688/2555/3732 2468/2549/3732 2472/2552/3732
f 3701/2548/3733 2469/3937/3733 2468/2549/3733
f 726/397/3734 3892/2049/3734 630/395/3734
f 581/383/3735 3518/3938/3735 580/343/3735
f 10/2192/3736 3570/3939/3736 334/328/3736
f 1837/2119/3737 3510/3918/3737 1849/986/3737
f 741/1282/3738 3523/3940/3738 1300/638/3738
f 1299/636/3739 3558/3941/3739 2034/1915/3739
f 1851/959/3740 3504/3919/3740 1866/3870/3740
f 3527/2826/3741 1820/1772/3741 1819/2825/3741
f 580/343/3742 3536/3942/3742 1895/2270/3742
f 1758/3871/3743 3522/1159/3743 3502/992/3743
f 1693/1016/3744 3508/1624/3744 1806/861/3744
f 3504/3919/3745 1867/1709/3745 1866/3870/3745
f 1894/1733/3746 3568/3927/3746 3499/2880/3746
f 2126/2259/3747 3813/782/3747 3841/2114/3747
f 3906/2260/3748 3841/2114/3748 3912/2067/3748
f 2113/2039/3749 3867/2045/3749 2110/2038/3749
f 2179/2217/3750 3789/3447/3750 3685/3936/3750
f 624/360/3751 3904/2062/3751 623/361/3751
f 2192/2248/3752 3788/3427/3752 3780/3922/3752
f 2177/2216/3753 3787/1204/3753 3733/3490/3753
f 1364/2125/3754 3833/681/3754 1338/654/3754
f 3858/923/3755 1470/3943/3755 1453/906/3755
f 3135/3389/3756 3775/3387/3756 3744/3396/3756
f 2069/2055/3757 3835/3867/3757 2068/2718/3757
f 1351/879/3758 3853/671/3758 1352/878/3758
f 2108/3944/3759 3901/1764/3759 499/305/3759
f 2089/2145/3760 3736/3442/3760 3733/3490/3760
f 3828/684/3761 1358/683/3761 866/682/3761
f 2001/2064/3762 3783/3485/3762 2187/2244/3762
f 2187/2244/3763 3719/3436/3763 2091/3489/3763
f 2130/2276/3764 3752/3482/3764 2004/2066/3764
f 2004/2066/3765 3749/3483/3765 2001/2064/3765
f 2014/2074/3766 3779/3477/3766 2201/2262/3766
f 2201/2262/3767 3756/3478/3767 2130/2276/3767
f 3167/3470/3768 3759/3177/3768 2969/3176/3768
f 3168/3472/3769 3720/3474/3769 3167/3470/3769
f 3159/3454/3770 3764/3456/3770 3160/3457/3770
f 3160/3457/3771 3765/3321/3771 3081/3320/3771
f 3730/3455/3772 3158/3945/3772 337/3449/3772
f 3158/3945/3773 3709/3453/3773 3159/3454/3773
f 2200/2254/3774 3730/3455/3774 3722/3445/3774
f 3685/3936/3775 3742/3417/3775 2204/3435/3775
f 3722/3445/3776 2197/2255/3776 2200/2254/3776
f 3790/3443/3777 2092/2144/3777 3721/3437/3777
f 3774/3444/3778 3721/3437/3778 2197/2255/3778
f 3154/3446/3779 3790/3443/3779 3774/3444/3779
f 3155/3935/3780 3706/3441/3780 3154/3446/3780
f 2091/3489/3781 3721/3437/3781 2092/2144/3781
f 2196/2252/3782 3750/3416/3782 3776/3431/3782
f 2193/2250/3783 3776/3431/3783 3781/3430/3783
f 3604/3421/3784 3781/3430/3784 3788/3427/3784
f 2086/3946/3785 3780/3922/3785 3778/3425/3785
f 2087/2141/3786 3778/3425/3786 3777/3422/3786
f 2204/3435/3787 3751/3415/3787 2205/2268/3787
f 2205/2268/3788 3750/3416/3788 3148/3432/3788
f 3909/2181/3789 574/391/3789 692/379/3789
f 2124/2173/3790 3777/3422/3790 3760/3403/3790
f 2208/2272/3791 3760/3403/3791 3782/3383/3791
f 3711/3390/3792 3140/3399/3792 3137/3392/3792
f 3785/3398/3793 3138/3395/3793 3140/3399/3793
f 3745/3397/3794 3139/3878/3794 3138/3395/3794
f 3771/3394/3795 3136/3393/3795 2322/2406/3795
f 3712/3391/3796 3137/3392/3796 3136/3393/3796
f 3775/3387/3797 3131/3385/3797 3133/3386/3797
f 3767/3384/3798 3132/3400/3798 3131/3385/3798
f 1813/3880/3799 3838/1653/3799 1814/1665/3799
f 1293/661/3800 3856/666/3800 1344/660/3800
f 2184/2220/3801 3748/2405/3801 3732/3324/3801
f 2181/2221/3802 3732/3324/3802 3734/3317/3802
f 3765/3321/3803 3079/3319/3803 3081/3320/3803
f 3768/3318/3804 3080/3323/3804 3079/3319/3804
f 709/1338/3805 3875/2129/3805 2031/1913/3805
f 2774/2954/3806 3737/3165/3806 3769/3291/3806
f 3786/3292/3807 2134/2179/3807 3559/3947/3807
f 3809/413/3808 766/2136/3808 765/2091/3808
f 2968/3174/3809 3766/3164/3809 2959/3163/3809
f 2969/3176/3810 3784/3179/3810 2968/3174/3810
f 2958/3168/3811 3737/3165/3811 2961/3166/3811
f 2132/3433/3812 3766/3164/3812 2960/3180/3812
f 2321/3355/3813 3771/3394/3813 3748/2405/3813
f 3860/849/3814 1449/2113/3814 28/2112/3814
f 3905/2157/3815 582/1461/3815 710/1383/3815
f 3886/2165/3816 577/3099/3816 574/391/3816
f 3847/1659/3817 1818/1771/3817 3827/2160/3817
f 705/2159/3818 3887/2086/3818 2121/2089/3818
f 3816/3662/3819 3907/2069/3819 698/388/3819
f 2111/2124/3820 3911/2043/3820 2113/2039/3820
f 3810/781/3821 1366/2126/3821 1411/761/3821
f 1812/1654/3822 3822/1652/3822 1815/1661/3822
f 675/1662/3823 3852/2094/3823 674/3187/3823
f 3496/1664/3824 3851/2093/3824 675/1662/3824
f 2110/2038/3825 3868/2033/3825 2109/2031/3825
f 2104/2026/3826 3901/1764/3826 2106/1763/3826
f 2109/2031/3827 3899/1394/3827 944/1393/3827
f 3842/1427/3828 703/390/3828 739/482/3828
f 1680/1844/3829 3846/1017/3829 1684/3934/3829
f 1639/1435/3830 3819/1411/3830 3818/2121/3830
f 623/361/3831 3906/2260/3831 697/1233/3831
f 2139/2130/3832 3866/2015/3832 3865/2122/3832
f 1808/1645/3833 3844/2092/3833 3837/1643/3833
f 3820/1669/3834 1819/2825/3834 1820/1772/3834
f 3872/2087/3835 3900/633/3835 706/1340/3835
f 1646/1434/3836 3830/1445/3836 1648/1442/3836
f 3889/2164/3837 633/2170/3837 577/3099/3837
f 2139/2130/3838 3875/2129/3838 18/12/3838
f 2156/2152/3839 3871/2166/3839 3874/2153/3839
f 674/3187/3840 3913/2104/3840 3869/2134/3840
f 2117/887/3841 3812/3465/3841 2069/2055/3841
f 1815/1661/3842 3847/1659/3842 3823/1657/3842
f 3855/910/3843 1444/846/3843 1470/3943/3843
f 697/1233/3844 3912/2067/3844 3816/3662/3844
f 866/682/3845 3836/603/3845 3828/684/3845
f 3864/2180/3846 2136/2131/3846 2135/632/3846
f 3585/3654/3847 3726/3650/3847 3589/3653/3847
f 3583/3581/3848 3731/3651/3848 3585/3654/3848
f 3753/2041/3849 3738/3656/3849 3739/3666/3849
f 3740/3663/3850 3581/3583/3850 3743/2042/3850
f 1088/1379/3851 3746/3924/3851 1093/811/3851
f 3739/3666/3852 3743/2042/3852 3753/2041/3852
f 2791/2972/3853 3493/3948/3853 2792/2970/3853
f 3492/3884/3854 2807/2984/3854 3493/3948/3854
f 2792/2970/3855 3494/3949/3855 2909/3881/3855
f 3493/3948/3856 2806/3903/3856 3494/3949/3856
f 3508/1624/3857 3494/3949/3857 3516/3950/3857
f 3516/3950/3858 2806/3903/3858 3539/3902/3858
f 2948/3153/3859 3791/1174/3859 3801/3156/3859
f 2105/2046/3860 3896/2029/3860 2104/2026/3860
f 3538/1577/3861 3804/2983/3861 2805/2992/3861
f 680/1417/3862 3876/1939/3862 683/2797/3862
f 1891/2175/3863 3910/1730/3863 3891/2171/3863
f 2905/3096/3864 3801/3156/3864 2950/3155/3864
f 2900/3089/3865 3799/3098/3865 2905/3096/3865
f 2901/3092/3866 3807/3091/3866 2877/3093/3866
f 2734/2907/3867 3806/3067/3867 3794/3060/3867
f 2877/3093/3868 3806/3067/3868 2878/3065/3868
f 2820/3002/3869 3794/3060/3869 2872/3059/3869
f 2818/3054/3870 3792/3012/3870 2827/3011/3870
f 2823/3008/3871 3792/3012/3871 2826/3010/3871
f 2822/3017/3872 3798/3001/3872 2821/3003/3872
f 2819/3005/3873 3800/3951/3873 3798/3001/3873
f 2817/3874/3874 3795/2998/3874 2816/2997/3874
f 2809/2993/3875 3795/2998/3875 2815/3000/3875
f 2808/3885/3876 3803/2985/3876 2807/2984/3876
f 2805/2992/3877 3803/2985/3877 2804/2987/3877
f 1702/1513/3878 3923/1511/3878 1599/1525/3878
f 3922/1627/3879 1797/1636/3879 1802/1626/3879
f 3915/1788/3880 1706/1514/3880 1709/1000/3880
f 3918/1520/3881 1692/1505/3881 1698/1516/3881
f 1657/1917/3882 3880/1728/3882 1879/1916/3882
f 1890/1740/3883 3895/1617/3883 3910/1730/3883
f 3772/1648/3884 1674/1483/3884 1675/862/3884
f 1689/3952/3885 3772/1648/3885 3773/1625/3885
f 3926/2955/3886 3538/1577/3886 1688/3953/3886
f 3516/3950/3887 1689/3952/3887 3773/1625/3887
f 3917/1606/3888 1703/1510/3888 1764/1605/3888
f 1598/1396/3889 3928/1602/3889 1770/1595/3889
f 3880/1728/3890 1876/1724/3890 1879/1916/3890
f 1691/3926/3891 3925/2956/3891 3927/1519/3891
f 3925/2956/3892 1688/3953/3892 1687/3508/3892
f 1117/547/3893 1118/546/3893 3930/3954/3893
f 1066/641/3894 1322/643/3894 3930/3954/3894
f 1243/618/3895 847/624/3895 3930/3954/3895
f 3825/601/3896 848/1432/3896 3930/3954/3896
f 1128/1522/3897 1117/547/3897 3930/3954/3897
f 1129/560/3898 1130/559/3898 3930/3954/3898
f 841/686/3899 1011/523/3899 3930/3954/3899
f 1230/3955/3900 3863/639/3900 3930/3954/3900
f 1242/650/3901 1243/618/3901 3930/3954/3901
f 1322/643/3902 1229/622/3902 3930/3954/3902
f 1064/592/3903 1065/2174/3903 3930/3954/3903
f 1003/1611/3904 1128/1522/3904 3930/3954/3904
f 1229/622/3905 1230/3955/3905 3930/3954/3905
f 3863/639/3906 1285/1968/3906 3930/3954/3906
f 1285/1968/3907 1288/651/3907 3930/3954/3907
f 848/1432/3908 839/3661/3908 3930/3954/3908
f 847/624/3909 3825/601/3909 3930/3954/3909
f 1118/546/3910 1129/560/3910 3930/3954/3910
f 1065/2174/3911 1066/641/3911 3930/3954/3911
f 1087/569/3912 1086/568/3912 3930/3954/3912
f 1008/520/3913 1002/519/3913 3930/3954/3913
f 1011/523/3914 1008/520/3914 3930/3954/3914
f 1002/519/3915 1003/1611/3915 3930/3954/3915
f 1076/565/3916 1069/567/3916 3930/3954/3916
f 838/685/3917 841/686/3917 3930/3954/3917
f 839/3661/3918 838/685/3918 3930/3954/3918
f 1288/651/3919 1242/650/3919 3930/3954/3919
f 1130/559/3920 1087/569/3920 3930/3954/3920
f 1086/568/3921 1076/565/3921 3930/3954/3921
f 1069/567/3922 1064/592/3922 3930/3954/3922
f 2410/2487/3923 2414/3876/3923 3931/3956/3923
f 2411/2484/3924 2410/2487/3924 3931/3956/3924
f 3617/2370/3925 2285/2544/3925 3931/3956/3925
f 2394/2476/3926 2393/2475/3926 3931/3956/3926
f 2393/2475/3927 2396/2504/3927 3931/3956/3927
f 2281/2374/3928 2286/2373/3928 3931/3956/3928
f 2282/2455/3929 2280/2597/3929 3931/3956/3929
f 2398/2501/3930 2399/3407/3930 3931/3956/3930
f 2465/2542/3931 2464/2567/3931 3931/3956/3931
f 2396/2504/3932 2397/2495/3932 3931/3956/3932
f 2470/2550/3933 2469/3937/3933 3931/3956/3933
f 2399/3407/3934 2416/2489/3934 3931/3956/3934
f 2480/2561/3935 2395/2560/3935 3931/3956/3935
f 2459/2538/3936 2480/2561/3936 3931/3956/3936
f 2369/2452/3937 2282/2455/3937 3931/3956/3937
f 2460/3957/3938 2459/2538/3938 3931/3956/3938
f 2415/3958/3939 2411/2484/3939 3931/3956/3939
f 2416/2489/3940 2415/3958/3940 3931/3956/3940
f 2364/2446/3941 2363/2450/3941 3931/3956/3941
f 2286/2373/3942 3617/2370/3942 3931/3956/3942
f 2464/2567/3943 2470/2550/3943 3931/3956/3943
f 2469/3937/3944 3703/2547/3944 3931/3956/3944
f 2285/2544/3945 2465/2542/3945 3931/3956/3945
f 2414/3876/3946 2364/2446/3946 3931/3956/3946
f 2395/2560/3947 2394/2476/3947 3931/3956/3947
f 2363/2450/3948 2367/2453/3948 3931/3956/3948
f 2397/2495/3949 2398/2501/3949 3931/3956/3949
f 2280/2597/3950 2281/2374/3950 3931/3956/3950
f 3703/2547/3951 2460/3957/3951 3931/3956/3951
f 2367/2453/3952 2369/2452/3952 3931/3956/3952
f 3934/3959/3953 3937/3960/3953 3938/3961/3953
f 3934/3959/3954 3939/3962/3954 3935/3963/3954
f 3932/3964/3955 3937/3960/3955 3933/3965/3955
f 3938/3961/3956 3943/3966/3956 3939/3962/3956
f 3937/3960/3957 3940/3967/3957 3941/3968/3957
f 3937/3960/3958 3942/3969/3958 3938/3961/3958
f 3942/3969/3959 3947/3970/3959 3943/3966/3959
f 3941/3968/3960 3944/3971/3960 3945/3972/3960
f 3942/3969/3961 3945/3972/3961 3946/3973/3961
f 3947/3970/3962 3950/3974/3962 3951/3975/3962
f 3944/3971/3963 3949/3976/3963 3945/3972/3963
f 3945/3972/3964 3950/3974/3964 3946/3973/3964
f 3950/3974/3965 3955/3977/3965 3951/3975/3965
f 3949/3976/3966 3952/3978/3966 3953/3979/3966
f 3950/3974/3967 3953/3979/3967 3954/3980/3967
f 3955/3977/3968 3958/3981/3968 3959/3982/3968
f 3953/3979/3969 3956/3983/3969 3957/3984/3969
f 3953/3979/3970 3958/3981/3970 3954/3980/3970
f 3959/3982/3971 3962/3985/3971 3963/3986/3971
f 3957/3984/3972 3960/3987/3972 3961/3988/3972
f 3958/3981/3973 3961/3988/3973 3962/3985/3973
f 3962/3985/3974 3967/3989/3974 3963/3986/3974
f 3960/3987/3975 3965/3990/3975 3961/3988/3975
f 3961/3988/3976 3966/3991/3976 3962/3985/3976
f 3966/3991/3977 3971/3992/3977 3967/3989/3977
f 3965/3990/3978 3968/3993/3978 3969/3994/3978
f 3966/3991/3979 3969/3994/3979 3970/3995/3979
f 3970/3995/3980 3975/3996/3980 3971/3992/3980
f 3968/3993/3981 3973/3997/3981 3969/3994/3981
f 3969/3994/3982 3974/3998/3982 3970/3995/3982
f 3974/3999/3983 3979/4000/3983 3975/4001/3983
f 3973/3997/3984 3976/4002/3984 3977/4003/3984
f 3974/3998/3985 3977/4003/3985 3978/4004/3985
f 3979/4000/3986 3982/4005/3986 3983/4006/3986
f 3976/4002/3987 3981/4007/3987 3977/4003/3987
f 3977/4003/3988 3982/4008/3988 3978/4004/3988
f 3982/4005/3989 3987/4009/3989 3983/4006/3989
f 3981/4007/3990 3984/4010/3990 3985/4011/3990
f 3982/4005/3991 3985/4012/3991 3986/4013/3991
f 3987/4009/3992 3990/4014/3992 3991/4015/3992
f 3984/4010/3993 3989/4016/3993 3985/4011/3993
f 3985/4012/3994 3990/4014/3994 3986/4013/3994
f 3991/4015/3995 3994/4017/3995 3995/4018/3995
f 3989/4016/3996 3992/4019/3996 3993/4020/3996
f 3990/4014/3997 3993/4021/3997 3994/4017/3997
f 3995/4018/3998 3998/4022/3998 3999/4023/3998
f 3992/4019/3999 3997/4024/3999 3993/4020/3999
f 3993/4021/4000 3998/4022/4000 3994/4017/4000
f 3998/4022/4001 4003/4025/4001 3999/4023/4001
f 3997/4024/4002 4000/4026/4002 4001/4027/4002
f 3998/4022/4003 4001/4028/4003 4002/4029/4003
f 4002/4029/4004 4007/4030/4004 4003/4025/4004
f 4000/4026/4005 4005/4031/4005 4001/4027/4005
f 4001/4028/4006 4006/4032/4006 4002/4029/4006
f 4006/4032/4007 4011/4033/4007 4007/4030/4007
f 4005/4031/4008 4008/4034/4008 4009/4035/4008
f 4006/4036/4009 4009/4035/4009 4010/4037/4009
f 4011/4038/4010 4014/4039/4010 4015/4040/4010
f 4008/4034/4011 4013/4041/4011 4009/4035/4011
f 4009/4035/4012 4014/4042/4012 4010/4037/4012
f 4014/4039/4013 4019/4043/4013 4015/4040/4013
f 4013/4041/4014 4016/4044/4014 4017/4045/4014
f 4014/4042/4015 4017/4045/4015 4018/4046/4015
f 4019/4043/4016 4022/4047/4016 4023/4048/4016
f 4016/4044/4017 4021/4049/4017 4017/4045/4017
f 4017/4045/4018 4022/4050/4018 4018/4046/4018
f 4023/4048/4019 4026/4051/4019 4027/4052/4019
f 4021/4049/4020 4024/4053/4020 4025/4054/4020
f 4022/4050/4021 4025/4054/4021 4026/4055/4021
f 4027/4052/4022 4030/4056/4022 4031/4057/4022
f 4024/4053/4023 4029/4058/4023 4025/4054/4023
f 4025/4054/4024 4030/4059/4024 4026/4055/4024
f 4031/4060/4025 4034/4061/4025 4035/4062/4025
f 4029/4058/4026 4032/4063/4026 4033/4064/4026
f 4030/4059/4027 4033/4064/4027 4034/4061/4027
f 4034/4061/4028 4039/4065/4028 4035/4062/4028
f 4032/4063/4029 4037/4066/4029 4033/4064/4029
f 4033/4064/4030 4038/4067/4030 4034/4061/4030
f 4038/4067/4031 4043/4068/4031 4039/4065/4031
f 4037/4066/4032 4040/4069/4032 4041/4070/4032
f 4038/4067/4033 4041/4070/4033 4042/4071/4033
f 4043/4068/4034 4046/4072/4034 4047/4073/4034
f 4040/4069/4035 4045/4074/4035 4041/4070/4035
f 4041/4070/4036 4046/4072/4036 4042/4071/4036
f 4046/4072/4037 4051/4075/4037 4047/4073/4037
f 4045/4074/4038 4048/4076/4038 4049/4077/4038
f 4046/4072/4039 4049/4077/4039 4050/4078/4039
f 4051/4075/4040 4055/4079/4040 4056/4080/4040
f 4048/4076/4041 4054/4081/4041 4049/4077/4041
f 4049/4077/4042 4055/4079/4042 4050/4078/4042
f 4056/4080/4043 4059/4082/4043 4060/4083/4043
f 4053/4084/4044 4058/4085/4044 4054/4081/4044
f 4055/4079/4045 4058/4085/4045 4059/4082/4045
f 3932/3964/4046 4052/4086/4046 3936/4087/4046
f 3936/4087/4047 4052/4086/4047 3940/3967/4047
f 3940/3967/4048 4052/4086/4048 3944/3971/4048
f 3944/3971/4049 4052/4086/4049 3948/4088/4049
f 3948/4088/4050 4052/4086/4050 3952/3978/4050
f 3952/3978/4051 4052/4086/4051 3956/3983/4051
f 3956/3983/4052 4052/4086/4052 3960/3987/4052
f 3960/3987/4053 4052/4086/4053 3964/4089/4053
f 3964/4089/4054 4052/4086/4054 3968/3993/4054
f 3968/3993/4055 4052/4086/4055 3972/4090/4055
f 3972/4090/4056 4052/4086/4056 3976/4002/4056
f 3976/4002/4057 4052/4086/4057 3980/4091/4057
f 3980/4091/4058 4052/4086/4058 3984/4010/4058
f 3984/4010/4059 4052/4086/4059 3988/4092/4059
f 3988/4092/4060 4052/4086/4060 3992/4019/4060
f 3992/4019/4061 4052/4086/4061 3996/4093/4061
f 3996/4093/4062 4052/4086/4062 4000/4026/4062
f 4000/4026/4063 4052/4086/4063 4004/4094/4063
f 4004/4094/4064 4052/4086/4064 4008/4034/4064
f 4008/4034/4065 4052/4086/4065 4012/4095/4065
f 4012/4095/4066 4052/4086/4066 4016/4044/4066
f 4016/4044/4067 4052/4086/4067 4020/4096/4067
f 4020/4096/4068 4052/4086/4068 4024/4053/4068
f 4024/4053/4069 4052/4086/4069 4028/4097/4069
f 4028/4097/4070 4052/4086/4070 4032/4063/4070
f 4032/4063/4071 4052/4086/4071 4036/4098/4071
f 4036/4098/4072 4052/4086/4072 4040/4069/4072
f 4040/4069/4073 4052/4086/4073 4044/4099/4073
f 4044/4099/4074 4052/4086/4074 4048/4076/4074
f 4048/4076/4075 4052/4086/4075 4053/4084/4075
f 4053/4084/4076 4052/4086/4076 4057/4100/4076
f 4060/4083/4077 3934/3959/4077 3935/3963/4077
f 4058/4085/4078 3932/3964/4078 3933/3965/4078
f 4058/4085/4079 3934/3959/4079 4059/4082/4079
f 4057/4100/4080 4052/4086/4080 3932/3964/4080
f 4069/4101/4081 4081/4102/4081 4082/4103/4081
f 4066/4104/4082 4080/4105/4082 4067/4106/4082
f 4065/4107/4083 4077/4108/4083 4078/4109/4083
f 4063/4110/4084 4075/4111/4084 4076/4112/4084
f 4071/4113/4085 4085/4114/4085 4072/4115/4085
f 4069/4101/4086 4083/4116/4086 4070/4117/4086
f 4067/4106/4087 4081/4102/4087 4068/4118/4087
f 4066/4104/4088 4078/4119/4088 4079/4120/4088
f 4063/4110/4089 4077/4108/4089 4064/4121/4089
f 4061/4122/4090 4075/4111/4090 4062/4123/4090
f 4072/4124/4091 4086/4125/4091 4073/4126/4091
f 4071/4113/4092 4083/4116/4092 4084/4127/4092
f 4076/4112/4093 4090/4128/4093 4077/4108/4093
f 4074/4129/4094 4088/4130/4094 4075/4111/4094
f 4086/4125/4095 4098/4131/4095 4099/4132/4095
f 4083/4116/4096 4097/4133/4096 4084/4127/4096
f 4082/4103/4097 4094/4134/4097 4095/4135/4097
f 4079/4120/4098 4093/4136/4098 4080/4105/4098
f 4078/4109/4099 4090/4128/4099 4091/4137/4099
f 4076/4112/4100 4088/4130/4100 4089/4138/4100
f 4085/4114/4101 4097/4133/4101 4098/4139/4101
f 4082/4103/4102 4096/4140/4102 4083/4116/4102
f 4080/4105/4103 4094/4134/4103 4081/4102/4103
f 4079/4120/4104 4091/4141/4104 4092/4142/4104
f 4089/4138/4105 4103/4143/4105 4090/4128/4105
f 4088/4130/4106 4100/4144/4106 4101/4145/4106
f 4098/4131/4107 4112/4146/4107 4099/4132/4107
f 4096/4147/4108 4110/4148/4108 4097/4149/4108
f 4095/4150/4109 4107/4151/4109 4108/4152/4109
f 4092/4153/4110 4106/4154/4110 4093/4155/4110
f 4090/4128/4111 4104/4156/4111 4091/4137/4111
f 4089/4138/4112 4101/4145/4112 4102/4157/4112
f 4097/4149/4113 4111/4158/4113 4098/4159/4113
f 4095/4150/4114 4109/4160/4114 4096/4147/4114
f 4094/4161/4115 4106/4154/4115 4107/4151/4115
f 4092/4153/4116 4104/4162/4116 4105/4163/4116
f 4103/4143/4117 4115/4164/4117 4116/4165/4117
f 4100/4144/4118 4114/4166/4118 4101/4145/4118
f 4112/4146/4119 4124/4167/4119 4125/4168/4119
f 4110/4148/4120 4122/4169/4120 4123/4170/4120
f 4107/4151/4121 4121/4171/4121 4108/4152/4121
f 4105/4163/4122 4119/4172/4122 4106/4154/4122
f 4103/4143/4123 4117/4173/4123 4104/4156/4123
f 4101/4145/4124 4115/4164/4124 4102/4157/4124
f 4110/4148/4125 4124/4174/4125 4111/4158/4125
f 4109/4160/4126 4121/4171/4126 4122/4169/4126
f 4107/4151/4127 4119/4172/4127 4120/4175/4127
f 4105/4163/4128 4117/4176/4128 4118/4177/4128
f 4115/4164/4129 4129/4178/4129 4116/4165/4129
f 4114/4166/4130 4126/4179/4130 4127/4180/4130
f 4124/4167/4131 4138/4181/4131 4125/4168/4131
f 4123/4170/4132 4135/4182/4132 4136/4183/4132
f 4120/4175/4133 4134/4184/4133 4121/4171/4133
f 4119/4172/4134 4131/4185/4134 4132/4186/4134
f 4117/4176/4135 4129/4187/4135 4130/4188/4135
f 4114/4166/4136 4128/4189/4136 4115/4164/4136
f 4124/4174/4137 4136/4183/4137 4137/4190/4137
f 4122/4169/4138 4134/4184/4138 4135/4182/4138
f 4119/4172/4139 4133/4191/4139 4120/4175/4139
f 4117/4176/4140 4131/4185/4140 4118/4177/4140
f 4129/4178/4141 4141/4192/4141 4142/4193/4141
f 4126/4179/4142 4140/4194/4142 4127/4180/4142
f 4138/4181/4143 4150/4195/4143 4151/4196/4143
f 4136/4183/4144 4148/4197/4144 4149/4198/4144
f 4133/4191/4145 4147/4199/4145 4134/4184/4145
f 4131/4185/4146 4145/4200/4146 4132/4186/4146
f 4130/4188/4147 4142/4201/4147 4143/4202/4147
f 4127/4180/4148 4141/4192/4148 4128/4189/4148
f 4137/4190/4149 4149/4198/4149 4150/4203/4149
f 4135/4182/4150 4147/4199/4150 4148/4197/4150
f 4132/4186/4151 4146/4204/4151 4133/4191/4151
f 4131/4185/4152 4143/4202/4152 4144/4205/4152
f 4142/4201/4153 4154/4206/4153 4155/4207/4153
f 4140/4194/4154 4152/4208/4154 4153/4209/4154
f 4150/4195/4155 4164/4210/4155 4151/4196/4155
f 4149/4198/4156 4161/4211/4156 4162/4212/4156
f 4146/4204/4157 4160/4213/4157 4147/4199/4157
f 4144/4205/4158 4158/4214/4158 4145/4200/4158
f 4142/4201/4159 4156/4215/4159 4143/4202/4159
f 4140/4194/4160 4154/4216/4160 4141/4192/4160
f 4149/4198/4161 4163/4217/4161 4150/4203/4161
f 4148/4197/4162 4160/4213/4162 4161/4211/4162
f 4146/4204/4163 4158/4214/4163 4159/4218/4163
f 4144/4205/4164 4156/4215/4164 4157/4219/4164
f 4155/4207/4165 4167/4220/4165 4168/4221/4165
f 4153/4209/4166 4165/4222/4166 4166/4223/4166
f 4163/4224/4167 4177/4225/4167 4164/4210/4167
f 4161/4211/4168 4175/4226/4168 4162/4212/4168
f 4159/4218/4169 4173/4227/4169 4160/4213/4169
f 4158/4214/4170 4170/4228/4170 4171/4229/4170
f 4155/4207/4171 4169/4230/4171 4156/4215/4171
f 4153/4209/4172 4167/4231/4172 4154/4216/4172
f 4163/4224/4173 4175/4232/4173 4176/4233/4173
f 4161/4211/4174 4173/4227/4174 4174/4234/4174
f 4159/4218/4175 4171/4229/4175 4172/4235/4175
f 4156/4215/4176 4170/4228/4176 4157/4219/4176
f 4167/4220/4177 4181/4236/4177 4168/4221/4177
f 4165/4222/4178 4179/4237/4178 4166/4223/4178
f 4176/4233/4179 4190/4238/4179 4177/4225/4179
f 4175/4226/4180 4187/4239/4180 4188/4240/4180
f 4173/4227/4181 4185/4241/4181 4186/4242/4181
f 4170/4228/4182 4184/4243/4182 4171/4229/4182
f 4169/4230/4183 4181/4236/4183 4182/4244/4183
f 4167/4245/4184 4179/4246/4184 4180/4247/4184
f 4175/4232/4185 4189/4248/4185 4176/4233/4185
f 4173/4227/4186 4187/4239/4186 4174/4234/4186
f 4171/4229/4187 4185/4241/4187 4172/4235/4187
f 4170/4228/4188 4182/4244/4188 4183/4249/4188
f 4180/4247/4189 4194/4250/4189 4181/4251/4189
f 4178/4252/4190 4192/4253/4190 4179/4246/4190
f 4190/4238/4191 4202/4254/4191 4203/4255/4191
f 4187/4239/4192 4201/4256/4192 4188/4240/4192
f 4186/4242/4193 4198/4257/4193 4199/4258/4193
f 4183/4249/4194 4197/4259/4194 4184/4243/4194
f 4182/4260/4195 4194/4250/4195 4195/4261/4195
f 4180/4247/4196 4192/4253/4196 4193/4262/4196
f 4189/4248/4197 4201/4263/4197 4202/4254/4197
f 4186/4242/4198 4200/4264/4198 4187/4239/4198
f 4184/4243/4199 4198/4257/4199 4185/4241/4199
f 4183/4249/4200 4195/4265/4200 4196/4266/4200
f 4193/4262/4201 4207/4267/4201 4194/4250/4201
f 4192/4253/4202 4204/4268/4202 4205/4269/4202
f 4202/4254/4203 4216/4270/4203 4203/4255/4203
f 4200/4271/4204 4214/4272/4204 4201/4263/4204
f 4199/4258/4205 4211/4273/4205 4212/4274/4205
f 4196/4266/4206 4210/4275/4206 4197/4259/4206
f 4194/4250/4207 4208/4276/4207 4195/4261/4207
f 4193/4262/4208 4205/4269/4208 4206/4277/4208
f 4201/4263/4209 4215/4278/4209 4202/4254/4209
f 4199/4258/4210 4213/4279/4210 4200/4264/4210
f 4198/4257/4211 4210/4275/4211 4211/4273/4211
f 4196/4280/4212 4208/4276/4212 4209/4281/4212
f 4207/4267/4213 4219/4282/4213 4220/4283/4213
f 4204/4268/4214 4218/4284/4214 4205/4269/4214
f 4216/4270/4215 4228/4285/4215 4229/4286/4215
f 4213/4287/4216 4227/4288/4216 4214/4272/4216
f 4211/4289/4217 4225/4290/4217 4212/4291/4217
f 4209/4281/4218 4223/4292/4218 4210/4293/4218
f 4207/4267/4219 4221/4294/4219 4208/4276/4219
f 4205/4269/4220 4219/4282/4220 4206/4277/4220
f 4214/4272/4221 4228/4285/4221 4215/4278/4221
f 4213/4287/4222 4225/4290/4222 4226/4295/4222
f 4211/4273/4223 4223/4296/4223 4224/4297/4223
f 4209/4281/4224 4221/4294/4224 4222/4298/4224
f 4219/4282/4225 4233/4299/4225 4220/4283/4225
f 4218/4284/4226 4230/4300/4226 4231/4301/4226
f 4228/4285/4227 4242/4302/4227 4229/4286/4227
f 4226/4295/4228 4240/4303/4228 4227/4288/4228
f 4225/4290/4229 4237/4304/4229 4238/4305/4229
f 4223/4292/4230 4235/4306/4230 4236/4307/4230
f 4221/4294/4231 4233/4299/4231 4234/4308/4231
f 4218/4284/4232 4232/4309/4232 4219/4282/4232
f 4228/4285/4233 4240/4303/4233 4241/4310/4233
f 4226/4295/4234 4238/4305/4234 4239/4311/4234
f 4223/4292/4235 4237/4312/4235 4224/4313/4235
f 4221/4294/4236 4235/4306/4236 4222/4298/4236
f 4233/4299/4237 4245/4314/4237 4246/4315/4237
f 4230/4300/4238 4244/4316/4238 4231/4301/4238
f 4242/4302/4239 4254/4317/4239 4255/4318/4239
f 4240/4303/4240 4252/4319/4240 4253/4320/4240
f 4237/4304/4241 4251/4321/4241 4238/4305/4241
f 4235/4306/4242 4249/4322/4242 4236/4307/4242
f 4234/4308/4243 4246/4315/4243 4247/4323/4243
f 4231/4301/4244 4245/4314/4244 4232/4309/4244
f 4241/4310/4245 4253/4320/4245 4254/4317/4245
f 4239/4311/4246 4251/4321/4246 4252/4319/4246
f 4236/4307/4247 4250/4324/4247 4237/4312/4247
f 4235/4306/4248 4247/4323/4248 4248/4325/4248
f 4246/4315/4249 4258/4326/4249 4259/4327/4249
f 4244/4316/4250 4256/4328/4250 4257/4329/4250
f 4254/4317/4251 4268/4330/4251 4255/4318/4251
f 4253/4320/4252 4265/4331/4252 4266/4332/4252
f 4250/4333/4253 4264/4334/4253 4251/4321/4253
f 4248/4325/4254 4262/4335/4254 4249/4322/4254
f 4246/4315/4255 4260/4336/4255 4247/4323/4255
f 4244/4316/4256 4258/4326/4256 4245/4314/4256
f 4253/4320/4257 4267/4337/4257 4254/4317/4257
f 4252/4319/4258 4264/4334/4258 4265/4331/4258
f 4250/4333/4259 4262/4338/4259 4263/4339/4259
f 4248/4325/4260 4260/4336/4260 4261/4340/4260
f 4259/4327/4261 4271/4341/4261 4272/4342/4261
f 4257/4329/4262 4269/4343/4262 4270/4344/4262
f 4267/4337/4263 4281/4345/4263 4268/4330/4263
f 4265/4331/4264 4279/4346/4264 4266/4332/4264
f 4263/4339/4265 4277/4347/4265 4264/4334/4265
f 4262/4335/4266 4274/4348/4266 4275/4349/4266
f 4259/4327/4267 4273/4350/4267 4260/4336/4267
f 4257/4329/4268 4271/4341/4268 4258/4326/4268
f 4266/4332/4269 4280/4351/4269 4267/4337/4269
f 4265/4331/4270 4277/4347/4270 4278/4352/4270
f 4263/4339/4271 4275/4353/4271 4276/4354/4271
f 4260/4336/4272 4274/4348/4272 4261/4340/4272
f 4271/4341/4273 4285/4355/4273 4272/4342/4273
f 4269/4343/4274 4283/4356/4274 4270/4344/4274
f 4281/4345/4275 4293/4357/4275 4294/4358/4275
f 4279/4346/4276 4291/4359/4276 4292/4360/4276
f 4277/4347/4277 4289/4361/4277 4290/4362/4277
f 4274/4348/4278 4288/4363/4278 4275/4349/4278
f 4273/4350/4279 4285/4355/4279 4286/4364/4279
f 4271/4341/4280 4283/4356/4280 4284/4365/4280
f 4280/4351/4281 4292/4360/4281 4293/4357/4281
f 4277/4347/4282 4291/4359/4282 4278/4352/4282
f 4275/4353/4283 4289/4361/4283 4276/4354/4283
f 4274/4348/4284 4286/4364/4284 4287/4366/4284
f 4284/4365/4285 4298/4367/4285 4285/4355/4285
f 4282/4368/4286 4296/4369/4286 4283/4356/4286
f 4294/4358/4287 4306/4370/4287 4307/4371/4287
f 4291/4359/4288 4305/4372/4288 4292/4360/4288
f 4290/4362/4289 4302/4373/4289 4303/4374/4289
f 4287/4366/4290 4301/4375/4290 4288/4363/4290
f 4286/4364/4291 4298/4367/4291 4299/4376/4291
f 4284/4365/4292 4296/4369/4292 4297/4377/4292
f 4293/4357/4293 4305/4372/4293 4306/4370/4293
f 4290/4362/4294 4304/4378/4294 4291/4359/4294
f 4288/4379/4295 4302/4373/4295 4289/4361/4295
f 4287/4366/4296 4299/4376/4296 4300/4380/4296
f 4297/4381/4297 4311/4382/4297 4298/4383/4297
f 4296/4369/4298 4308/4384/4298 4309/4385/4298
f 4306/4370/4299 4320/4386/4299 4307/4371/4299
f 4304/4378/4300 4318/4387/4300 4305/4372/4300
f 4303/4374/4301 4315/4388/4301 4316/4389/4301
f 4300/4390/4302 4314/4391/4302 4301/4392/4302
f 4298/4383/4303 4312/4393/4303 4299/4394/4303
f 4297/4377/4304 4309/4385/4304 4310/4395/4304
f 4305/4372/4305 4319/4396/4305 4306/4370/4305
f 4304/4378/4306 4316/4389/4306 4317/4397/4306
f 4302/4373/4307 4314/4398/4307 4315/4388/4307
f 4300/4390/4308 4312/4393/4308 4313/4399/4308
f 4310/4400/4309 4324/4401/4309 4311/4382/4309
f 4308/4402/4310 4322/4403/4310 4309/4404/4310
f 4320/4386/4311 4332/4405/4311 4333/4406/4311
f 4318/4387/4312 4330/4407/4312 4331/4408/4312
f 4316/4389/4313 4328/4409/4313 4329/4410/4313
f 4313/4399/4314 4327/4411/4314 4314/4391/4314
f 4311/4382/4315 4325/4412/4315 4312/4393/4315
f 4310/4400/4316 4322/4403/4316 4323/4413/4316
f 4318/4387/4317 4332/4405/4317 4319/4396/4317
f 4316/4389/4318 4330/4407/4318 4317/4397/4318
f 4315/4388/4319 4327/4414/4319 4328/4409/4319
f 4312/4393/4320 4326/4415/4320 4313/4399/4320
f 4323/4413/4321 4337/4416/4321 4324/4401/4321
f 4322/4403/4322 4334/4417/4322 4335/4418/4322
f 4332/4405/4323 4346/4419/4323 4333/4406/4323
f 4330/4407/4324 4344/4420/4324 4331/4408/4324
f 4329/4410/4325 4341/4421/4325 4342/4422/4325
f 4327/4411/4326 4339/4423/4326 4340/4424/4326
f 4325/4412/4327 4337/4416/4327 4338/4425/4327
f 4322/4403/4328 4336/4426/4328 4323/4413/4328
f 4332/4405/4329 4344/4420/4329 4345/4427/4329
f 4330/4407/4330 4342/4422/4330 4343/4428/4330
f 4327/4414/4331 4341/4421/4331 4328/4409/4331
f 4325/4412/4332 4339/4423/4332 4326/4415/4332
f 4337/4416/4333 4350/4429/4333 4351/4430/4333
f 4334/4417/4334 4349/4431/4334 4335/4418/4334
f 4346/4419/4335 4359/4432/4335 4360/4433/4335
f 4344/4420/4336 4357/4434/4336 4358/4435/4336
f 4341/4421/4337 4356/4436/4337 4342/4422/4337
f 4340/4424/4338 4353/4437/4338 4354/4438/4338
f 4338/4425/4339 4351/4430/4339 4352/4439/4339
f 4335/4418/4340 4350/4429/4340 4336/4426/4340
f 4345/4427/4341 4358/4435/4341 4359/4432/4341
f 4343/4428/4342 4356/4436/4342 4357/4434/4342
f 4340/4424/4343 4355/4440/4343 4341/4441/4343
f 4338/4425/4344 4353/4437/4344 4339/4423/4344
f 4351/4430/4345 4363/4442/4345 4364/4443/4345
f 4349/4431/4346 4361/4444/4346 4362/4445/4346
f 4359/4432/4347 4373/4446/4347 4360/4433/4347
f 4358/4435/4348 4370/4447/4348 4371/4448/4348
f 4355/4449/4349 4369/4450/4349 4356/4436/4349
f 4354/4438/4350 4366/4451/4350 4367/4452/4350
f 4351/4430/4351 4365/4453/4351 4352/4439/4351
f 4349/4431/4352 4363/4442/4352 4350/4429/4352
f 4358/4435/4353 4372/4454/4353 4359/4432/4353
f 4357/4434/4354 4369/4450/4354 4370/4447/4354
f 4355/4440/4355 4367/4452/4355 4368/4455/4355
f 4352/4439/4356 4366/4451/4356 4353/4437/4356
f 4364/4443/4357 4376/4456/4357 4377/4457/4357
f 4362/4445/4358 4374/4458/4358 4375/4459/4358
f 4373/4446/4359 4385/4460/4359 4386/4461/4359
f 4370/4447/4360 4384/4462/4360 4371/4448/4360
f 4368/4463/4361 4382/4464/4361 4369/4450/4361
f 4367/4452/4362 4379/4465/4362 4380/4466/4362
f 4364/4443/4363 4378/4467/4363 4365/4453/4363
f 4362/4445/4364 4376/4456/4364 4363/4442/4364
f 4372/4454/4365 4384/4462/4365 4385/4460/4365
f 4370/4447/4366 4382/4464/4366 4383/4468/4366
f 4368/4455/4367 4380/4466/4367 4381/4469/4367
f 4365/4453/4368 4379/4465/4368 4366/4451/4368
f 4376/4456/4369 4390/4470/4369 4377/4457/4369
f 4374/4458/4370 4388/4471/4370 4375/4459/4370
f 4385/4460/4371 4399/4472/4371 4386/4461/4371
f 4384/4462/4372 4396/4473/4372 4397/4474/4372
f 4382/4464/4373 4394/4475/4373 4395/4476/4373
f 4379/4465/4374 4393/4477/4374 4380/4466/4374
f 4378/4467/4375 4390/4470/4375 4391/4478/4375
f 4376/4456/4376 4388/4471/4376 4389/4479/4376
f 4384/4462/4377 4398/4480/4377 4385/4460/4377
f 4382/4464/4378 4396/4473/4378 4383/4468/4378
f 4380/4466/4379 4394/4481/4379 4381/4469/4379
f 4379/4465/4380 4391/4478/4380 4392/4482/4380
f 4389/4479/4381 4403/4483/4381 4390/4470/4381
f 4387/4484/4382 4401/4485/4382 4388/4471/4382
f 4399/4472/4383 4411/4486/4383 4412/4487/4383
f 4396/4473/4384 4410/4488/4384 4397/4474/4384
f 4395/4489/4385 4407/4490/4385 4408/4491/4385
f 4393/4477/4386 4405/4492/4386 4406/4493/4386
f 4391/4478/4387 4403/4483/4387 4404/4494/4387
f 4389/4479/4388 4401/4485/4388 4402/4495/4388
f 4398/4480/4389 4410/4488/4389 4411/4486/4389
f 4395/4489/4390 4409/4496/4390 4396/4497/4390
f 4393/4498/4391 4407/4490/4391 4394/4499/4391
f 4391/4478/4392 4405/4492/4392 4392/4482/4392
f 4402/4495/4393 4416/4500/4393 4403/4483/4393
f 4401/4501/4394 4413/4502/4394 4414/4503/4394
f 4411/4486/4395 4425/4504/4395 4412/4487/4395
f 4409/4496/4396 4423/4505/4396 4410/4506/4396
f 4408/4491/4397 4420/4507/4397 4421/4508/4397
f 4406/4509/4398 4418/4510/4398 4419/4511/4398
f 4403/4483/4399 4417/4512/4399 4404/4494/4399
f 4402/4495/4400 4414/4513/4400 4415/4514/4400
f 4410/4488/4401 4424/4515/4401 4411/4486/4401
f 4408/4491/4402 4422/4516/4402 4409/4496/4402
f 4407/4490/4403 4419/4511/4403 4420/4507/4403
f 4404/4517/4404 4418/4510/4404 4405/4518/4404
f 4416/4519/4405 4428/4520/4405 4429/4521/4405
f 4413/4502/4406 4427/4522/4406 4414/4503/4406
f 4425/4504/4407 4437/4523/4407 4438/4524/4407
f 4423/4505/4408 4435/4525/4408 4436/4526/4408
f 4421/4508/4409 4433/4527/4409 4434/4528/4409
f 4418/4510/4410 4432/4529/4410 4419/4511/4410
f 4416/4530/4411 4430/4531/4411 4417/4532/4411
f 4415/4533/4412 4427/4522/4412 4428/4520/4412
f 4423/4534/4413 4437/4523/4413 4424/4515/4413
f 4421/4508/4414 4435/4525/4414 4422/4516/4414
f 4420/4507/4415 4432/4529/4415 4433/4527/4415
f 4418/4510/4416 4430/4531/4416 4431/4535/4416
f 4428/4520/4417 4442/4536/4417 4429/4521/4417
f 4426/4537/4418 4440/4538/4418 4427/4522/4418
f 4437/4523/4419 4451/4539/4419 4438/4524/4419
f 4435/4525/4420 4449/4540/4420 4436/4526/4420
f 4434/4528/4421 4446/4541/4421 4447/4542/4421
f 4432/4529/4422 4444/4543/4422 4445/4544/4422
f 4430/4531/4423 4442/4545/4423 4443/4546/4423
f 4427/4522/4424 4441/4547/4424 4428/4520/4424
f 4437/4548/4425 4449/4540/4425 4450/4549/4425
f 4435/4525/4426 4447/4542/4426 4448/4550/4426
f 4432/4529/4427 4446/4541/4427 4433/4527/4427
f 4430/4531/4428 4444/4543/4428 4431/4535/4428
f 4442/4536/4429 4454/4551/4429 4455/4552/4429
f 4439/4553/4430 4453/4554/4430 4440/4538/4430
f 4451/4539/4431 4463/4555/4431 4464/4556/4431
f 4449/4540/4432 4461/4557/4432 4462/4558/4432
f 4446/4541/4433 4460/4559/4433 4447/4542/4433
f 4444/4543/4434 4458/4560/4434 4445/4544/4434
f 4443/4546/4435 4455/4561/4435 4456/4562/4435
f 4440/4538/4436 4454/4551/4436 4441/4547/4436
f 4450/4549/4437 4462/4558/4437 4463/4563/4437
f 4447/4542/4438 4461/4557/4438 4448/4550/4438
f 4445/4544/4439 4459/4564/4439 4446/4541/4439
f 4444/4543/4440 4456/4562/4440 4457/4565/4440
f 4455/4552/4441 4467/4566/4441 4468/4567/4441
f 4453/4554/4442 4465/4568/4442 4466/4569/4442
f 4463/4555/4443 4477/4570/4443 4464/4556/4443
f 4462/4558/4444 4474/4571/4444 4475/4572/4444
f 4459/4564/4445 4473/4573/4445 4460/4559/4445
f 4457/4565/4446 4471/4574/4446 4458/4560/4446
f 4455/4561/4447 4469/4575/4447 4456/4562/4447
f 4453/4554/4448 4467/4566/4448 4454/4551/4448
f 4462/4558/4449 4476/4576/4449 4463/4563/4449
f 4461/4557/4450 4473/4573/4450 4474/4571/4450
f 4459/4564/4451 4471/4574/4451 4472/4577/4451
f 4457/4565/4452 4469/4575/4452 4470/4578/4452
f 4347/4579/4453 4073/4126/4453 4086/4125/4453
f 4347/4579/4454 4086/4125/4454 4099/4132/4454
f 4347/4579/4455 4099/4132/4455 4112/4146/4455
f 4347/4579/4456 4112/4146/4456 4125/4168/4456
f 4347/4579/4457 4125/4168/4457 4138/4181/4457
f 4347/4579/4458 4138/4181/4458 4151/4196/4458
f 4347/4579/4459 4151/4196/4459 4164/4210/4459
f 4347/4579/4460 4164/4210/4460 4177/4225/4460
f 4347/4579/4461 4177/4225/4461 4190/4238/4461
f 4347/4579/4462 4190/4238/4462 4203/4255/4462
f 4347/4579/4463 4203/4255/4463 4216/4270/4463
f 4347/4579/4464 4216/4270/4464 4229/4286/4464
f 4347/4579/4465 4229/4286/4465 4242/4302/4465
f 4347/4579/4466 4242/4302/4466 4255/4318/4466
f 4347/4579/4467 4255/4318/4467 4268/4330/4467
f 4347/4579/4468 4268/4330/4468 4281/4345/4468
f 4347/4579/4469 4281/4345/4469 4294/4358/4469
f 4347/4579/4470 4294/4358/4470 4307/4371/4470
f 4347/4579/4471 4307/4371/4471 4320/4386/4471
f 4347/4579/4472 4320/4386/4472 4333/4406/4472
f 4347/4579/4473 4333/4406/4473 4346/4419/4473
f 4347/4579/4474 4346/4419/4474 4360/4433/4474
f 4347/4579/4475 4360/4433/4475 4373/4446/4475
f 4347/4579/4476 4373/4446/4476 4386/4461/4476
f 4347/4579/4477 4386/4461/4477 4399/4472/4477
f 4347/4579/4478 4399/4472/4478 4412/4487/4478
f 4347/4579/4479 4412/4487/4479 4425/4504/4479
f 4347/4579/4480 4425/4504/4480 4438/4524/4480
f 4347/4579/4481 4438/4524/4481 4451/4539/4481
f 4347/4579/4482 4451/4539/4482 4464/4556/4482
f 4347/4579/4483 4464/4556/4483 4477/4570/4483
f 4468/4567/4484 4063/4110/4484 4064/4121/4484
f 4466/4569/4485 4061/4122/4485 4062/4123/4485
f 4477/4570/4486 4072/4124/4486 4073/4126/4486
f 4474/4571/4487 4071/4113/4487 4475/4572/4487
f 4472/4577/4488 4069/4101/4488 4473/4573/4488
f 4471/4574/4489 4066/4104/4489 4067/4106/4489
f 4468/4580/4490 4065/4581/4490 4469/4575/4490
f 4466/4569/4491 4063/4110/4491 4467/4566/4491
f 4347/4579/4492 4477/4570/4492 4073/4126/4492
f 4476/4576/4493 4071/4113/4493 4072/4115/4493
f 4474/4571/4494 4069/4101/4494 4070/4117/4494
f 4472/4577/4495 4067/4106/4495 4068/4118/4495
f 4469/4575/4496 4066/4104/4496 4470/4578/4496
f 3935/3963/4497 4465/4568/4497 4060/4083/4497
f 4465/4568/4498 4056/4080/4498 4060/4083/4498
f 4452/4582/4499 4051/4075/4499 4056/4080/4499
f 4439/4553/4500 4047/4073/4500 4051/4075/4500
f 4047/4073/4501 4413/4502/4501 4043/4068/4501
f 4043/4068/4502 4400/4583/4502 4039/4065/4502
f 4039/4065/4503 4387/4584/4503 4035/4062/4503
f 4387/4484/4504 4031/4057/4504 4035/4585/4504
f 4031/4057/4505 4361/4444/4505 4027/4052/4505
f 4361/4444/4506 4023/4048/4506 4027/4052/4506
f 4348/4586/4507 4019/4043/4507 4023/4048/4507
f 4334/4417/4508 4015/4040/4508 4019/4043/4508
f 4015/4040/4509 4308/4402/4509 4011/4038/4509
f 4011/4033/4510 4295/4587/4510 4007/4030/4510
f 4007/4030/4511 4282/4368/4511 4003/4025/4511
f 4282/4368/4512 3999/4023/4512 4003/4025/4512
f 3999/4023/4513 4256/4328/4513 3995/4018/4513
f 4256/4328/4514 3991/4015/4514 3995/4018/4514
f 4243/4588/4515 3987/4009/4515 3991/4015/4515
f 4230/4300/4516 3983/4006/4516 3987/4009/4516
f 3983/4006/4517 4204/4268/4517 3979/4000/4517
f 3979/4000/4518 4191/4589/4518 3975/4001/4518
f 3975/3996/4519 4178/4590/4519 3971/3992/4519
f 4178/4590/4520 3967/3989/4520 3971/3992/4520
f 3967/3989/4521 4152/4208/4521 3963/3986/4521
f 4152/4208/4522 3959/3982/4522 3963/3986/4522
f 4139/4591/4523 3955/3977/4523 3959/3982/4523
f 4126/4179/4524 3951/3975/4524 3955/3977/4524
f 3951/3975/4525 4100/4144/4525 3947/3970/4525
f 3947/3970/4526 4087/4592/4526 3943/3966/4526
f 3943/3966/4527 4074/4129/4527 3939/3962/4527
f 4074/4129/4528 3935/3963/4528 3939/3962/4528
f 4480/4593/4529 4483/4594/4529 4484/4595/4529
f 4480/4593/4530 4485/4596/4530 4481/4597/4530
f 4479/4598/4531 4482/4599/4531 4483/4594/4531
f 4484/4595/4532 4489/4600/4532 4485/4596/4532
f 4482/4599/4533 4487/4601/4533 4483/4594/4533
f 4483/4594/4534 4488/4602/4534 4484/4595/4534
f 4488/4602/4535 4493/4603/4535 4489/4600/4535
f 4487/4601/4536 4490/4604/4536 4491/4605/4536
f 4488/4602/4537 4491/4605/4537 4492/4606/4537
f 4493/4603/4538 4496/4607/4538 4497/4608/4538
f 4490/4604/4539 4495/4609/4539 4491/4605/4539
f 4491/4605/4540 4496/4607/4540 4492/4606/4540
f 4496/4607/4541 4501/4610/4541 4497/4608/4541
f 4495/4609/4542 4498/4611/4542 4499/4612/4542
f 4496/4607/4543 4499/4612/4543 4500/4613/4543
f 4501/4610/4544 4504/4614/4544 4505/4615/4544
f 4498/4611/4545 4503/4616/4545 4499/4612/4545
f 4499/4612/4546 4504/4614/4546 4500/4613/4546
f 4505/4615/4547 4508/4617/4547 4509/4618/4547
f 4503/4616/4548 4506/4619/4548 4507/4620/4548
f 4504/4614/4549 4507/4620/4549 4508/4617/4549
f 4509/4618/4550 4512/4621/4550 4513/4622/4550
f 4506/4619/4551 4511/4623/4551 4507/4620/4551
f 4507/4620/4552 4512/4621/4552 4508/4617/4552
f 4513/4622/4553 4516/4624/4553 4517/4625/4553
f 4511/4623/4554 4514/4626/4554 4515/4627/4554
f 4512/4621/4555 4515/4627/4555 4516/4624/4555
f 4516/4624/4556 4521/4628/4556 4517/4625/4556
f 4514/4626/4557 4519/4629/4557 4515/4627/4557
f 4515/4627/4558 4520/4630/4558 4516/4624/4558
f 4520/4631/4559 4525/4632/4559 4521/4633/4559
f 4518/4634/4560 4523/4635/4560 4519/4629/4560
f 4520/4630/4561 4523/4635/4561 4524/4636/4561
f 4525/4632/4562 4528/4637/4562 4529/4638/4562
f 4522/4639/4563 4527/4640/4563 4523/4635/4563
f 4523/4635/4564 4528/4641/4564 4524/4636/4564
f 4528/4637/4565 4533/4642/4565 4529/4638/4565
f 4527/4640/4566 4530/4643/4566 4531/4644/4566
f 4528/4637/4567 4531/4645/4567 4532/4646/4567
f 4533/4642/4568 4536/4647/4568 4537/4648/4568
f 4530/4643/4569 4535/4649/4569 4531/4644/4569
f 4531/4645/4570 4536/4647/4570 4532/4646/4570
f 4537/4648/4571 4540/4650/4571 4541/4651/4571
f 4534/4652/4572 4539/4653/4572 4535/4649/4572
f 4536/4647/4573 4539/4654/4573 4540/4650/4573
f 4541/4651/4574 4544/4655/4574 4545/4656/4574
f 4539/4653/4575 4542/4657/4575 4543/4658/4575
f 4539/4654/4576 4544/4655/4576 4540/4650/4576
f 4544/4655/4577 4549/4659/4577 4545/4656/4577
f 4542/4657/4578 4547/4660/4578 4543/4658/4578
f 4544/4655/4579 4547/4661/4579 4548/4662/4579
f 4548/4662/4580 4553/4663/4580 4549/4659/4580
f 4547/4660/4581 4550/4664/4581 4551/4665/4581
f 4547/4661/4582 4552/4666/4582 4548/4662/4582
f 4552/4666/4583 4557/4667/4583 4553/4663/4583
f 4551/4665/4584 4554/4668/4584 4555/4669/4584
f 4552/4670/4585 4555/4669/4585 4556/4671/4585
f 4557/4672/4586 4560/4673/4586 4561/4674/4586
f 4554/4668/4587 4559/4675/4587 4555/4669/4587
f 4555/4669/4588 4560/4676/4588 4556/4671/4588
f 4560/4673/4589 4565/4677/4589 4561/4674/4589
f 4559/4675/4590 4562/4678/4590 4563/4679/4590
f 4560/4676/4591 4563/4679/4591 4564/4680/4591
f 4565/4677/4592 4568/4681/4592 4569/4682/4592
f 4562/4678/4593 4567/4683/4593 4563/4679/4593
f 4563/4679/4594 4568/4684/4594 4564/4680/4594
f 4569/4682/4595 4572/4685/4595 4573/4686/4595
f 4567/4683/4596 4570/4687/4596 4571/4688/4596
f 4568/4684/4597 4571/4688/4597 4572/4689/4597
f 4572/4685/4598 4577/4690/4598 4573/4686/4598
f 4570/4687/4599 4575/4691/4599 4571/4688/4599
f 4571/4688/4600 4576/4692/4600 4572/4689/4600
f 4576/4692/4601 4581/4693/4601 4577/4694/4601
f 4575/4691/4602 4578/4695/4602 4579/4696/4602
f 4576/4692/4603 4579/4696/4603 4580/4697/4603
f 4580/4697/4604 4585/4698/4604 4581/4693/4604
f 4578/4695/4605 4583/4699/4605 4579/4696/4605
f 4579/4696/4606 4584/4700/4606 4580/4697/4606
f 4584/4700/4607 4589/4701/4607 4585/4698/4607
f 4583/4699/4608 4586/4702/4608 4587/4703/4608
f 4584/4700/4609 4587/4703/4609 4588/4704/4609
f 4589/4701/4610 4592/4705/4610 4593/4706/4610
f 4586/4702/4611 4591/4707/4611 4587/4703/4611
f 4587/4703/4612 4592/4705/4612 4588/4704/4612
f 4592/4705/4613 4597/4708/4613 4593/4706/4613
f 4591/4707/4614 4594/4709/4614 4595/4710/4614
f 4592/4705/4615 4595/4710/4615 4596/4711/4615
f 4597/4708/4616 4601/4712/4616 4602/4713/4616
f 4594/4709/4617 4600/4714/4617 4595/4710/4617
f 4595/4710/4618 4601/4712/4618 4596/4711/4618
f 4602/4713/4619 4605/4715/4619 4606/4716/4619
f 4600/4714/4620 4603/4717/4620 4604/4718/4620
f 4601/4712/4621 4604/4718/4621 4605/4715/4621
f 4478/4719/4622 4598/4720/4622 4482/4599/4622
f 4482/4599/4623 4598/4720/4623 4486/4721/4623
f 4486/4721/4624 4598/4720/4624 4490/4604/4624
f 4490/4604/4625 4598/4720/4625 4494/4722/4625
f 4494/4722/4626 4598/4720/4626 4498/4611/4626
f 4498/4611/4627 4598/4720/4627 4502/4723/4627
f 4502/4723/4628 4598/4720/4628 4506/4619/4628
f 4506/4619/4629 4598/4720/4629 4510/4724/4629
f 4510/4724/4630 4598/4720/4630 4514/4626/4630
f 4514/4626/4631 4598/4720/4631 4518/4634/4631
f 4518/4634/4632 4598/4720/4632 4522/4639/4632
f 4522/4639/4633 4598/4720/4633 4526/4725/4633
f 4526/4725/4634 4598/4720/4634 4530/4643/4634
f 4530/4643/4635 4598/4720/4635 4534/4652/4635
f 4534/4652/4636 4598/4720/4636 4538/4726/4636
f 4538/4726/4637 4598/4720/4637 4542/4657/4637
f 4542/4657/4638 4598/4720/4638 4546/4727/4638
f 4546/4727/4639 4598/4720/4639 4550/4664/4639
f 4550/4664/4640 4598/4720/4640 4554/4668/4640
f 4554/4668/4641 4598/4720/4641 4558/4728/4641
f 4558/4728/4642 4598/4720/4642 4562/4678/4642
f 4562/4678/4643 4598/4720/4643 4566/4729/4643
f 4566/4729/4644 4598/4720/4644 4570/4687/4644
f 4570/4687/4645 4598/4720/4645 4574/4730/4645
f 4574/4730/4646 4598/4720/4646 4578/4695/4646
f 4578/4695/4647 4598/4720/4647 4582/4731/4647
f 4582/4731/4648 4598/4720/4648 4586/4702/4648
f 4586/4702/4649 4598/4720/4649 4590/4732/4649
f 4590/4732/4650 4598/4720/4650 4594/4709/4650
f 4594/4709/4651 4598/4720/4651 4599/4733/4651
f 4599/4733/4652 4598/4720/4652 4603/4717/4652
f 4606/4716/4653 4480/4593/4653 4481/4597/4653
f 4603/4717/4654 4479/4598/4654 4604/4718/4654
f 4604/4718/4655 4480/4593/4655 4605/4715/4655
f 4603/4717/4656 4598/4720/4656 4478/4719/4656
f 4615/4734/4657 4627/4735/4657 4628/4736/4657
f 4612/4737/4658 4626/4738/4658 4613/4739/4658
f 4611/4740/4659 4623/4741/4659 4624/4742/4659
f 4609/4743/4660 4621/4744/4660 4622/4745/4660
f 4618/4746/4661 4630/4747/4661 4631/4748/4661
f 4615/4734/4662 4629/4749/4662 4616/4750/4662
f 4613/4739/4663 4627/4735/4663 4614/4751/4663
f 4612/4737/4664 4624/4752/4664 4625/4753/4664
f 4609/4743/4665 4623/4741/4665 4610/4754/4665
f 4607/4755/4666 4621/4744/4666 4608/4756/4666
f 4619/4757/4667 4631/4758/4667 4632/4759/4667
f 4617/4760/4668 4629/4749/4668 4630/4747/4668
f 4622/4745/4669 4636/4761/4669 4623/4741/4669
f 4620/4762/4670 4634/4763/4670 4621/4744/4670
f 4632/4759/4671 4644/4764/4671 4645/4765/4671
f 4629/4749/4672 4643/4766/4672 4630/4747/4672
f 4628/4736/4673 4640/4767/4673 4641/4768/4673
f 4626/4738/4674 4638/4769/4674 4639/4770/4674
f 4624/4742/4675 4636/4761/4675 4637/4771/4675
f 4622/4745/4676 4634/4763/4676 4635/4772/4676
f 4631/4748/4677 4643/4766/4677 4644/4773/4677
f 4628/4736/4678 4642/4774/4678 4629/4749/4678
f 4626/4738/4679 4640/4767/4679 4627/4735/4679
f 4624/4752/4680 4638/4769/4680 4625/4753/4680
f 4635/4772/4681 4649/4775/4681 4636/4761/4681
f 4634/4763/4682 4646/4776/4682 4647/4777/4682
f 4644/4764/4683 4658/4778/4683 4645/4765/4683
f 4642/4779/4684 4656/4780/4684 4643/4781/4684
f 4641/4782/4685 4653/4783/4685 4654/4784/4685
f 4639/4785/4686 4651/4786/4686 4652/4787/4686
f 4636/4761/4687 4650/4788/4687 4637/4771/4687
f 4635/4772/4688 4647/4777/4688 4648/4789/4688
f 4643/4781/4689 4657/4790/4689 4644/4791/4689
f 4642/4779/4690 4654/4784/4690 4655/4792/4690
f 4640/4793/4691 4652/4787/4691 4653/4783/4691
f 4637/4794/4692 4651/4786/4692 4638/4795/4692
f 4648/4789/4693 4662/4796/4693 4649/4775/4693
f 4646/4776/4694 4660/4797/4694 4647/4777/4694
f 4658/4778/4695 4670/4798/4695 4671/4799/4695
f 4656/4780/4696 4668/4800/4696 4669/4801/4696
f 4653/4783/4697 4667/4802/4697 4654/4784/4697
f 4651/4786/4698 4665/4803/4698 4652/4787/4698
f 4649/4775/4699 4663/4804/4699 4650/4788/4699
f 4648/4789/4700 4660/4797/4700 4661/4805/4700
f 4656/4780/4701 4670/4806/4701 4657/4790/4701
f 4654/4784/4702 4668/4800/4702 4655/4792/4702
f 4653/4783/4703 4665/4803/4703 4666/4807/4703
f 4651/4786/4704 4663/4808/4704 4664/4809/4704
f 4661/4805/4705 4675/4810/4705 4662/4796/4705
f 4660/4797/4706 4672/4811/4706 4673/4812/4706
f 4670/4798/4707 4684/4813/4707 4671/4799/4707
f 4668/4800/4708 4682/4814/4708 4669/4801/4708
f 4667/4802/4709 4679/4815/4709 4680/4816/4709
f 4665/4803/4710 4677/4817/4710 4678/4818/4710
f 4663/4808/4711 4675/4819/4711 4676/4820/4711
f 4661/4805/4712 4673/4812/4712 4674/4821/4712
f 4670/4806/4713 4682/4814/4713 4683/4822/4713
f 4667/4802/4714 4681/4823/4714 4668/4800/4714
f 4665/4803/4715 4679/4815/4715 4666/4807/4715
f 4663/4808/4716 4677/4817/4716 4664/4809/4716
f 4675/4810/4717 4687/4824/4717 4688/4825/4717
f 4672/4811/4718 4686/4826/4718 4673/4812/4718
f 4684/4813/4719 4696/4827/4719 4697/4828/4719
f 4682/4814/4720 4694/4829/4720 4695/4830/4720
f 4679/4815/4721 4693/4831/4721 4680/4816/4721
f 4678/4818/4722 4690/4832/4722 4691/4833/4722
f 4676/4820/4723 4688/4834/4723 4689/4835/4723
f 4673/4812/4724 4687/4824/4724 4674/4821/4724
f 4683/4822/4725 4695/4830/4725 4696/4836/4725
f 4681/4823/4726 4693/4831/4726 4694/4829/4726
f 4678/4818/4727 4692/4837/4727 4679/4815/4727
f 4676/4820/4728 4690/4832/4728 4677/4817/4728
f 4688/4834/4729 4700/4838/4729 4701/4839/4729
f 4686/4826/4730 4698/4840/4730 4699/4841/4730
f 4696/4827/4731 4710/4842/4731 4697/4828/4731
f 4695/4830/4732 4707/4843/4732 4708/4844/4732
f 4692/4837/4733 4706/4845/4733 4693/4831/4733
f 4691/4833/4734 4703/4846/4734 4704/4847/4734
f 4688/4834/4735 4702/4848/4735 4689/4835/4735
f 4686/4826/4736 4700/4849/4736 4687/4824/4736
f 4695/4830/4737 4709/4850/4737 4696/4836/4737
f 4694/4829/4738 4706/4845/4738 4707/4843/4738
f 4692/4837/4739 4704/4847/4739 4705/4851/4739
f 4689/4835/4740 4703/4846/4740 4690/4832/4740
f 4701/4839/4741 4713/4852/4741 4714/4853/4741
f 4699/4841/4742 4711/4854/4742 4712/4855/4742
f 4710/4842/4743 4722/4856/4743 4723/4857/4743
f 4707/4843/4744 4721/4858/4744 4708/4844/4744
f 4705/4851/4745 4719/4859/4745 4706/4845/4745
f 4704/4847/4746 4716/4860/4746 4717/4861/4746
f 4701/4839/4747 4715/4862/4747 4702/4848/4747
f 4699/4841/4748 4713/4863/4748 4700/4849/4748
f 4709/4864/4749 4721/4865/4749 4722/4856/4749
f 4707/4843/4750 4719/4859/4750 4720/4866/4750
f 4705/4851/4175 4717/4861/4175 4718/4867/4175
f 4702/4848/4751 4716/4860/4751 4703/4846/4751
f 4713/4852/4752 4727/4868/4752 4714/4853/4752
f 4711/4854/4753 4725/4869/4753 4712/4855/4753
f 4723/4857/4754 4735/4870/4754 4736/4871/4754
f 4721/4858/4755 4733/4872/4755 4734/4873/4755
f 4719/4859/4756 4731/4874/4756 4732/4875/4756
f 4716/4860/4757 4730/4876/4757 4717/4861/4757
f 4715/4862/4758 4727/4868/4758 4728/4877/4758
f 4713/4878/4759 4725/4879/4759 4726/4880/4759
f 4721/4865/4760 4735/4870/4760 4722/4856/4760
f 4719/4859/4761 4733/4872/4761 4720/4866/4761
f 4717/4861/4187 4731/4874/4187 4718/4867/4187
f 4716/4860/4762 4728/4877/4762 4729/4881/4762
f 4726/4880/4763 4740/4882/4763 4727/4883/4763
f 4724/4884/4764 4738/4885/4764 4725/4879/4764
f 4736/4871/4765 4748/4886/4765 4749/4887/4765
f 4733/4872/4766 4747/4888/4766 4734/4873/4766
f 4732/4875/4767 4744/4889/4767 4745/4890/4767
f 4730/4876/4768 4742/4891/4768 4743/4892/4768
f 4728/4893/4769 4740/4882/4769 4741/4894/4769
f 4726/4880/4770 4738/4885/4770 4739/4895/4770
f 4735/4870/4771 4747/4896/4771 4748/4886/4771
f 4732/4875/4772 4746/4897/4772 4733/4872/4772
f 4730/4876/4773 4744/4889/4773 4731/4874/4773
f 4728/4877/4774 4742/4891/4774 4729/4881/4774
f 4739/4895/4775 4753/4898/4775 4740/4882/4775
f 4738/4885/4776 4750/4899/4776 4751/4900/4776
f 4748/4886/4777 4762/4901/4777 4749/4887/4777
f 4746/4902/4778 4760/4903/4778 4747/4896/4778
f 4745/4890/4779 4757/4904/4779 4758/4905/4779
f 4743/4892/4780 4755/4906/4780 4756/4907/4780
f 4740/4882/4207 4754/4908/4207 4741/4894/4207
f 4739/4895/4781 4751/4900/4781 4752/4909/4781
f 4747/4896/4782 4761/4910/4782 4748/4886/4782
f 4745/4890/4783 4759/4911/4783 4746/4897/4783
f 4744/4889/4784 4756/4907/4784 4757/4904/4784
f 4741/4894/4785 4755/4912/4785 4742/4913/4785
f 4753/4898/4786 4765/4914/4786 4766/4915/4786
f 4750/4899/4787 4764/4916/4787 4751/4900/4787
f 4762/4901/4788 4774/4917/4788 4775/4918/4788
f 4759/4919/4789 4773/4920/4789 4760/4903/4789
f 4758/4921/4790 4770/4922/4790 4771/4923/4790
f 4755/4912/4791 4769/4924/4791 4756/4925/4791
f 4753/4898/4792 4767/4926/4792 4754/4908/4792
f 4752/4909/4793 4764/4916/4793 4765/4914/4793
f 4760/4903/4794 4774/4917/4794 4761/4910/4794
f 4758/4921/4795 4772/4927/4795 4759/4919/4795
f 4757/4904/4796 4769/4928/4796 4770/4929/4796
f 4755/4912/4797 4767/4926/4797 4768/4930/4797
f 4765/4914/4798 4779/4931/4798 4766/4915/4798
f 4764/4916/4799 4776/4932/4799 4777/4933/4799
f 4774/4917/4800 4788/4934/4800 4775/4918/4800
f 4772/4927/4801 4786/4935/4801 4773/4920/4801
f 4771/4923/4802 4783/4936/4802 4784/4937/4802
f 4769/4924/4803 4781/4938/4803 4782/4939/4803
f 4767/4926/4804 4779/4931/4804 4780/4940/4804
f 4765/4914/4805 4777/4933/4805 4778/4941/4805
f 4774/4917/4806 4786/4935/4806 4787/4942/4806
f 4771/4923/4807 4785/4943/4807 4772/4927/4807
f 4769/4924/4808 4783/4944/4808 4770/4945/4808
f 4767/4926/4809 4781/4938/4809 4768/4930/4809
f 4779/4931/4810 4791/4946/4810 4792/4947/4810
f 4776/4932/4811 4790/4948/4811 4777/4933/4811
f 4788/4934/4812 4800/4949/4812 4801/4950/4812
f 4786/4935/4813 4798/4951/4813 4799/4952/4813
f 4783/4936/4814 4797/4953/4814 4784/4937/4814
f 4782/4939/4815 4794/4954/4815 4795/4955/4815
f 4780/4940/4816 4792/4947/4816 4793/4956/4816
f 4777/4933/4817 4791/4946/4817 4778/4941/4817
f 4787/4942/4818 4799/4952/4818 4800/4949/4818
f 4785/4943/4819 4797/4953/4819 4798/4951/4819
f 4782/4939/4820 4796/4957/4820 4783/4944/4820
f 4780/4940/4821 4794/4954/4821 4781/4938/4821
f 4792/4947/4822 4804/4958/4822 4805/4959/4822
f 4790/4948/4823 4802/4960/4823 4803/4961/4823
f 4800/4949/4824 4814/4962/4824 4801/4950/4824
f 4799/4952/4825 4811/4963/4825 4812/4964/4825
f 4796/4965/4826 4810/4966/4826 4797/4953/4826
f 4795/4955/4827 4807/4967/4827 4808/4968/4827
f 4792/4947/4828 4806/4969/4828 4793/4956/4828
f 4790/4948/4829 4804/4958/4829 4791/4946/4829
f 4799/4952/4830 4813/4970/4830 4800/4949/4830
f 4798/4951/4831 4810/4966/4831 4811/4963/4831
f 4796/4965/4832 4808/4971/4832 4809/4972/4832
f 4793/4956/4833 4807/4967/4833 4794/4954/4833
f 4805/4959/4834 4817/4973/4834 4818/4974/4834
f 4803/4961/4835 4815/4975/4835 4816/4976/4835
f 4814/4962/4836 4826/4977/4836 4827/4978/4836
f 4811/4963/4837 4825/4979/4837 4812/4964/4837
f 4809/4972/4838 4823/4980/4838 4810/4966/4838
f 4808/4968/4839 4820/4981/4839 4821/4982/4839
f 4805/4959/4840 4819/4983/4840 4806/4969/4840
f 4803/4961/4841 4817/4973/4841 4804/4958/4841
f 4813/4970/4842 4825/4979/4842 4826/4977/4842
f 4811/4963/4843 4823/4980/4843 4824/4984/4843
f 4809/4972/4844 4821/4985/4844 4822/4986/4844
f 4806/4969/4845 4820/4981/4845 4807/4967/4845
f 4817/4973/4846 4831/4987/4846 4818/4974/4846
f 4815/4975/4847 4829/4988/4847 4816/4976/4847
f 4826/4977/4848 4840/4989/4848 4827/4978/4848
f 4825/4979/4849 4837/4990/4849 4838/4991/4849
f 4823/4980/4850 4835/4992/4850 4836/4993/4850
f 4820/4981/4851 4834/4994/4851 4821/4982/4851
f 4819/4983/4852 4831/4987/4852 4832/4995/4852
f 4817/4973/4853 4829/4988/4853 4830/4996/4853
f 4825/4979/4854 4839/4997/4854 4826/4977/4854
f 4823/4980/4855 4837/4990/4855 4824/4984/4855
f 4821/4985/4856 4835/4992/4856 4822/4986/4856
f 4820/4981/4857 4832/4995/4857 4833/4998/4857
f 4830/4996/4858 4844/4999/4858 4831/4987/4858
f 4828/5000/4859 4842/5001/4859 4829/4988/4859
f 4840/4989/4860 4852/5002/4860 4853/5003/4860
f 4837/4990/4861 4851/5004/4861 4838/4991/4861
f 4836/4993/4862 4848/5005/4862 4849/5006/4862
f 4834/4994/4863 4846/5007/4863 4847/5008/4863
f 4832/4995/4864 4844/4999/4864 4845/5009/4864
f 4830/4996/4865 4842/5001/4865 4843/5010/4865
f 4839/4997/4866 4851/5004/4866 4852/5002/4866
f 4836/4993/4867 4850/5011/4867 4837/4990/4867
f 4834/5012/4868 4848/5005/4868 4835/4992/4868
f 4832/4995/4869 4846/5007/4869 4833/4998/4869
f 4843/5013/4870 4857/5014/4870 4844/5015/4870
f 4842/5001/4871 4854/5016/4871 4855/5017/4871
f 4852/5002/4872 4866/5018/4872 4853/5003/4872
f 4850/5011/4873 4864/5019/4873 4851/5004/4873
f 4849/5006/4874 4861/5020/4874 4862/5021/4874
f 4847/5022/4875 4859/5023/4875 4860/5024/4875
f 4844/5015/4876 4858/5025/4876 4845/5026/4876
f 4843/5010/4877 4855/5017/4877 4856/5027/4877
f 4851/5004/4878 4865/5028/4878 4852/5002/4878
f 4849/5006/4879 4863/5029/4879 4850/5011/4879
f 4848/5005/4880 4860/5030/4880 4861/5020/4880
f 4845/5026/4881 4859/5023/4881 4846/5031/4881
f 4857/5014/4882 4869/5032/4882 4870/5033/4882
f 4855/5034/4883 4867/5035/4883 4868/5036/4883
f 4866/5018/4884 4878/5037/4884 4879/5038/4884
f 4864/5019/4885 4876/5039/4885 4877/5040/4885
f 4862/5021/4886 4874/5041/4886 4875/5042/4886
f 4859/5023/4887 4873/5043/4887 4860/5024/4887
f 4857/5014/4888 4871/5044/4888 4858/5025/4888
f 4856/5045/4889 4868/5036/4889 4869/5032/4889
f 4864/5019/4890 4878/5037/4890 4865/5028/4890
f 4862/5021/4891 4876/5039/4891 4863/5029/4891
f 4861/5020/4892 4873/5046/4892 4874/5041/4892
f 4859/5023/4893 4871/5044/4893 4872/5047/4893
f 4869/5032/4894 4883/5048/4894 4870/5033/4894
f 4868/5036/4895 4880/5049/4895 4881/5050/4895
f 4878/5037/4896 4892/5051/4896 4879/5038/4896
f 4877/5040/4897 4889/5052/4897 4890/5053/4897
f 4874/5041/4898 4888/5054/4898 4875/5042/4898
f 4873/5043/4899 4885/5055/4899 4886/5056/4899
f 4871/5044/4900 4883/5048/4900 4884/5057/4900
f 4868/5036/4901 4882/5058/4901 4869/5032/4901
f 4878/5037/4902 4890/5053/4902 4891/5059/4902
f 4876/5039/4903 4888/5054/4903 4889/5052/4903
f 4873/5046/4904 4887/5060/4904 4874/5041/4904
f 4871/5044/4905 4885/5055/4905 4872/5047/4905
f 4883/5048/4906 4896/5061/4906 4897/5062/4906
f 4880/5049/4907 4895/5063/4907 4881/5050/4907
f 4892/5051/4908 4905/5064/4908 4906/5065/4908
f 4890/5053/4909 4903/5066/4909 4904/5067/4909
f 4887/5060/4910 4902/5068/4910 4888/5054/4910
f 4885/5055/4911 4900/5069/4911 4886/5056/4911
f 4884/5057/4912 4897/5062/4912 4898/5070/4912
f 4881/5050/4913 4896/5061/4913 4882/5058/4913
f 4891/5059/4914 4904/5067/4914 4905/5064/4914
f 4889/5052/4342 4902/5068/4342 4903/5066/4342
f 4886/5056/4915 4901/5071/4915 4887/5072/4915
f 4885/5055/4916 4898/5070/4916 4899/5073/4916
f 4897/5062/4917 4909/5074/4917 4910/5075/4917
f 4895/5063/4918 4907/5076/4918 4908/5077/4918
f 4905/5064/4919 4919/5078/4919 4906/5065/4919
f 4904/5067/4920 4916/5079/4920 4917/5080/4920
f 4901/5081/4921 4915/5082/4921 4902/5068/4921
f 4899/5073/4922 4913/5083/4922 4900/5069/4922
f 4897/5062/4923 4911/5084/4923 4898/5070/4923
f 4895/5063/4924 4909/5074/4924 4896/5061/4924
f 4904/5067/4925 4918/5085/4925 4905/5064/4925
f 4903/5066/4926 4915/5082/4926 4916/5079/4926
f 4901/5071/4927 4913/5083/4927 4914/5086/4927
f 4899/5073/4928 4911/5084/4928 4912/5087/4928
f 4910/5075/4929 4922/5088/4929 4923/5089/4929
f 4908/5077/4930 4920/5090/4930 4921/5091/4930
f 4919/5078/4931 4931/5092/4931 4932/5093/4931
f 4916/5079/4932 4930/5094/4932 4917/5080/4932
f 4914/5095/4933 4928/5096/4933 4915/5082/4933
f 4913/5083/4934 4925/5097/4934 4926/5098/4934
f 4910/5075/4935 4924/5099/4935 4911/5084/4935
f 4908/5077/4936 4922/5088/4936 4909/5074/4936
f 4918/5085/4937 4930/5094/4937 4931/5092/4937
f 4916/5079/4938 4928/5096/4938 4929/5100/4938
f 4914/5086/4939 4926/5098/4939 4927/5101/4939
f 4911/5084/4940 4925/5097/4940 4912/5087/4940
f 4922/5088/4941 4936/5102/4941 4923/5089/4941
f 4920/5090/4942 4934/5103/4942 4921/5091/4942
f 4931/5092/4943 4945/5104/4943 4932/5093/4943
f 4930/5094/4944 4942/5105/4944 4943/5106/4944
f 4928/5096/4945 4940/5107/4945 4941/5108/4945
f 4925/5097/4946 4939/5109/4946 4926/5098/4946
f 4924/5099/4947 4936/5102/4947 4937/5110/4947
f 4922/5088/4948 4934/5103/4948 4935/5111/4948
f 4930/5094/4949 4944/5112/4949 4931/5092/4949
f 4928/5096/4950 4942/5105/4950 4929/5100/4950
f 4926/5098/4951 4940/5113/4951 4927/5101/4951
f 4925/5097/4952 4937/5110/4952 4938/5114/4952
f 4935/5111/4953 4949/5115/4953 4936/5102/4953
f 4933/5116/4954 4947/5117/4954 4934/5103/4954
f 4945/5104/4955 4957/5118/4955 4958/5119/4955
f 4942/5105/4956 4956/5120/4956 4943/5106/4956
f 4941/5121/4957 4953/5122/4957 4954/5123/4957
f 4938/5114/4958 4952/5124/4958 4939/5109/4958
f 4937/5110/4959 4949/5115/4959 4950/5125/4959
f 4935/5111/4960 4947/5117/4960 4948/5126/4960
f 4944/5112/4961 4956/5120/4961 4957/5118/4961
f 4941/5121/4962 4955/5127/4962 4942/5128/4962
f 4939/5129/4963 4953/5122/4963 4940/5130/4963
f 4938/5114/4964 4950/5125/4964 4951/5131/4964
f 4948/5126/4965 4962/5132/4965 4949/5115/4965
f 4947/5133/4966 4959/5134/4966 4960/5135/4966
f 4957/5118/4967 4971/5136/4967 4958/5119/4967
f 4955/5127/4968 4969/5137/4968 4956/5138/4968
f 4954/5123/4969 4966/5139/4969 4967/5140/4969
f 4951/5141/4970 4965/5142/4970 4952/5143/4970
f 4949/5115/4971 4963/5144/4971 4950/5125/4971
f 4948/5126/4972 4960/5145/4972 4961/5146/4972
f 4956/5120/4973 4970/5147/4973 4957/5118/4973
f 4954/5123/4974 4968/5148/4974 4955/5127/4974
f 4953/5122/4975 4965/5142/4975 4966/5139/4975
f 4951/5141/4976 4963/5149/4976 4964/5150/4976
f 4962/5151/4977 4974/5152/4977 4975/5153/4977
f 4959/5134/4978 4973/5154/4978 4960/5135/4978
f 4971/5136/4979 4983/5155/4979 4984/5156/4979
f 4968/5148/4980 4982/5157/4980 4969/5137/4980
f 4966/5139/4981 4980/5158/4981 4967/5140/4981
f 4964/5150/4982 4978/5159/4982 4965/5142/4982
f 4962/5160/4983 4976/5161/4983 4963/5149/4983
f 4960/5135/4984 4974/5152/4984 4961/5162/4984
f 4969/5163/4985 4983/5155/4985 4970/5147/4985
f 4967/5140/4986 4981/5164/4986 4968/5148/4986
f 4966/5139/4987 4978/5159/4987 4979/5165/4987
f 4964/5150/4988 4976/5161/4988 4977/5166/4988
f 4975/5153/4989 4987/5167/4989 4988/5168/4989
f 4973/5154/4990 4985/5169/4990 4986/5170/4990
f 4983/5155/4991 4997/5171/4991 4984/5156/4991
f 4981/5164/4420 4995/5172/4420 4982/5157/4420
f 4979/5165/4992 4993/5173/4992 4980/5158/4992
f 4978/5159/4993 4990/5174/4993 4991/5175/4993
f 4976/5161/4994 4988/5176/4994 4989/5177/4994
f 4973/5154/4995 4987/5167/4995 4974/5152/4995
f 4983/5178/4996 4995/5172/4996 4996/5179/4996
f 4981/5164/4997 4993/5173/4997 4994/5180/4997
f 4978/5159/4998 4992/5181/4998 4979/5165/4998
f 4976/5161/4999 4990/5174/4999 4977/5166/4999
f 4988/5168/5000 5000/5182/5000 5001/5183/5000
f 4985/5169/5001 4999/5184/5001 4986/5170/5001
f 4997/5171/5002 5009/5185/5002 5010/5186/5002
f 4995/5172/5003 5007/5187/5003 5008/5188/5003
f 4992/5181/5004 5006/5189/5004 4993/5173/5004
f 4991/5175/5005 5003/5190/5005 5004/5191/5005
f 4989/5177/5006 5001/5192/5006 5002/5193/5006
f 4986/5170/5007 5000/5182/5007 4987/5167/5007
f 4996/5179/5008 5008/5188/5008 5009/5194/5008
f 4994/5180/5009 5006/5189/5009 5007/5187/5009
f 4991/5175/5010 5005/5195/5010 4992/5181/5010
f 4989/5177/5011 5003/5190/5011 4990/5174/5011
f 5001/5183/5012 5013/5196/5012 5014/5197/5012
f 4999/5184/5013 5011/5198/5013 5012/5199/5013
f 5009/5185/5014 5023/5200/5014 5010/5186/5014
f 5008/5188/5015 5020/5201/5015 5021/5202/5015
f 5005/5195/5016 5019/5203/5016 5006/5189/5016
f 5004/5191/5017 5016/5204/5017 5017/5205/5017
f 5001/5192/5018 5015/5206/5018 5002/5193/5018
f 4999/5184/5019 5013/5196/5019 5000/5182/5019
f 5008/5188/5020 5022/5207/5020 5009/5194/5020
f 5007/5187/5021 5019/5203/5021 5020/5201/5021
f 5005/5195/5022 5017/5205/5022 5018/5208/5022
f 5002/5193/5023 5016/5204/5023 5003/5190/5023
f 4893/5209/5024 4619/4757/5024 4632/4759/5024
f 4893/5209/5025 4632/4759/5025 4645/4765/5025
f 4893/5209/5026 4645/4765/5026 4658/4778/5026
f 4893/5209/5027 4658/4778/5027 4671/4799/5027
f 4893/5209/5028 4671/4799/5028 4684/4813/5028
f 4893/5209/5029 4684/4813/5029 4697/4828/5029
f 4893/5209/5030 4697/4828/5030 4710/4842/5030
f 4893/5209/5031 4710/4842/5031 4723/4857/5031
f 4893/5209/5032 4723/4857/5032 4736/4871/5032
f 4893/5209/5033 4736/4871/5033 4749/4887/5033
f 4893/5209/5034 4749/4887/5034 4762/4901/5034
f 4893/5209/5035 4762/4901/5035 4775/4918/5035
f 4893/5209/5036 4775/4918/5036 4788/4934/5036
f 4893/5209/5037 4788/4934/5037 4801/4950/5037
f 4893/5209/5038 4801/4950/5038 4814/4962/5038
f 4893/5209/5039 4814/4962/5039 4827/4978/5039
f 4893/5209/5040 4827/4978/5040 4840/4989/5040
f 4893/5209/4470 4840/4989/4470 4853/5003/4470
f 4893/5209/5041 4853/5003/5041 4866/5018/5041
f 4893/5209/5042 4866/5018/5042 4879/5038/5042
f 4893/5209/5043 4879/5038/5043 4892/5051/5043
f 4893/5209/5044 4892/5051/5044 4906/5065/5044
f 4893/5209/5045 4906/5065/5045 4919/5078/5045
f 4893/5209/5046 4919/5078/5046 4932/5093/5046
f 4893/5209/5047 4932/5093/5047 4945/5104/5047
f 4893/5209/5048 4945/5104/5048 4958/5119/5048
f 4893/5209/5049 4958/5119/5049 4971/5136/5049
f 4893/5209/5050 4971/5136/5050 4984/5156/5050
f 4893/5209/5051 4984/5156/5051 4997/5171/5051
f 4893/5209/5052 4997/5171/5052 5010/5186/5052
f 4893/5209/5053 5010/5186/5053 5023/5200/5053
f 5014/5197/5054 4609/4743/5054 4610/4754/5054
f 5012/5199/5055 4607/4755/5055 4608/4756/5055
f 5022/5210/5056 4619/4757/5056 5023/5200/5056
f 5020/5201/5057 4617/4760/5057 5021/5202/5057
f 5018/5208/5058 4615/4734/5058 5019/5203/5058
f 5017/5205/5059 4612/4737/5059 4613/4739/5059
f 5014/5211/5060 4611/5212/5060 5015/5206/5060
f 5012/5199/5061 4609/4743/5061 5013/5196/5061
f 4893/5209/5062 5023/5200/5062 4619/4757/5062
f 5021/5202/5063 4618/4746/5063 5022/5207/5063
f 5020/5201/5064 4615/4734/5064 4616/4750/5064
f 5018/5208/5065 4613/4739/5065 4614/4751/5065
f 5015/5206/5066 4612/4737/5066 5016/5204/5066
f 4481/4597/5067 5011/5198/5067 4606/4716/5067
f 5011/5198/5068 4602/4713/5068 4606/4716/5068
f 4998/5213/5069 4597/4708/5069 4602/4713/5069
f 4985/5169/5070 4593/4706/5070 4597/4708/5070
f 4593/4706/5071 4959/5134/5071 4589/4701/5071
f 4589/4701/5072 4946/5214/5072 4585/4698/5072
f 4585/4698/5073 4933/5215/5073 4581/4693/5073
f 4933/5116/5074 4577/4690/5074 4581/5216/5074
f 4577/4690/5075 4907/5076/5075 4573/4686/5075
f 4907/5076/5076 4569/4682/5076 4573/4686/5076
f 4894/5217/5077 4565/4677/5077 4569/4682/5077
f 4880/5049/5078 4561/4674/5078 4565/4677/5078
f 4561/4674/5079 4854/5218/5079 4557/4672/5079
f 4557/4667/5080 4841/5219/5080 4553/4663/5080
f 4553/4663/5081 4828/5000/5081 4549/4659/5081
f 4828/5000/5082 4545/4656/5082 4549/4659/5082
f 4545/4656/5083 4802/4960/5083 4541/4651/5083
f 4802/4960/5084 4537/4648/5084 4541/4651/5084
f 4789/5220/5085 4533/4642/5085 4537/4648/5085
f 4776/4932/5086 4529/4638/5086 4533/4642/5086
f 4529/4638/5087 4750/4899/5087 4525/4632/5087
f 4525/4632/5088 4737/5221/5088 4521/4633/5088
f 4521/4628/5089 4724/5222/5089 4517/4625/5089
f 4724/5222/5090 4513/4622/5090 4517/4625/5090
f 4513/4622/5091 4698/4840/5091 4509/4618/5091
f 4698/4840/5092 4505/4615/5092 4509/4618/5092
f 4685/5223/5093 4501/4610/5093 4505/4615/5093
f 4672/4811/5094 4497/4608/5094 4501/4610/5094
f 4497/4608/5095 4646/4776/5095 4493/4603/5095
f 4493/4603/5096 4633/5224/5096 4489/4600/5096
f 4489/4600/5097 4620/4762/5097 4485/4596/5097
f 4620/4762/5098 4481/4597/5098 4485/4596/5098
f 4/1/5099 3/223/5099 2/2/5099
f 8/4/5100 7/2726/5100 6/5/5100
f 13/7/5101 16/2228/5101 15/8/5101
f 17/10/5102 28/2112/5102 19/11/5102
f 32/13/5103 31/317/5103 30/14/5103
f 36/16/5104 35/1785/5104 34/17/5104
f 37/19/5105 40/1305/5105 39/20/5105
f 21/22/5106 22/1250/5106 23/23/5106
f 25/25/5107 26/2732/5107 27/26/5107
f 41/28/5108 44/140/5108 43/29/5108
f 48/31/5109 47/191/5109 46/32/5109
f 52/34/5110 51/432/5110 50/35/5110
f 53/37/5111 56/161/5111 55/38/5111
f 60/40/5112 59/62/5112 58/41/5112
f 29/15/5113 30/14/5113 62/43/5113
f 66/45/5114 65/486/5114 64/46/5114
f 67/48/5115 5/6/5115 6/5/5115
f 72/50/5116 71/1955/5116 70/51/5116
f 76/53/5117 75/2762/5117 74/54/5117
f 77/56/5118 80/312/5118 79/57/5118
f 81/59/5119 84/970/5119 83/60/5119
f 59/62/5120 87/78/5120 86/63/5120
f 88/65/5121 91/2877/5121 90/66/5121
f 96/68/5122 95/387/5122 94/69/5122
f 100/71/5123 99/1067/5123 98/72/5123
f 101/74/5124 104/2810/5124 103/75/5124
f 106/77/5125 105/111/5125 34/17/5125
f 108/79/5126 116/109/5126 115/80/5126
f 117/82/5127 119/194/5127 36/16/5127
f 124/84/5128 127/99/5128 126/85/5128
f 131/87/5129 130/1157/5129 129/88/5129
f 132/90/5130 102/76/5130 134/91/5130
f 142/93/5131 141/174/5131 140/94/5131
f 148/96/5132 106/77/5132 60/40/5132
f 144/98/5133 143/253/5133 127/99/5133
f 149/100/5134 152/1441/5134 151/101/5134
f 156/103/5135 155/357/5135 154/104/5135
f 159/106/5136 150/102/5136 158/107/5136
f 116/109/5137 108/79/5137 164/110/5137
f 171/112/5138 170/179/5138 169/113/5138
f 174/115/5139 126/85/5139 173/116/5139
f 179/118/5140 182/255/5140 181/119/5140
f 186/121/5141 189/319/5141 188/122/5141
f 194/124/5142 197/1314/5142 196/125/5142
f 199/127/5143 142/93/5143 139/95/5143
f 206/129/5144 209/215/5144 208/130/5144
f 213/132/5145 212/173/5145 211/133/5145
f 202/135/5146 215/2820/5146 214/136/5146
f 96/68/5147 93/70/5147 216/138/5147
f 92/139/5148 238/180/5148 43/29/5148
f 97/73/5149 184/374/5149 246/141/5149
f 250/142/5150 249/165/5150 229/143/5150
f 252/145/5151 254/244/5151 58/41/5151
f 258/147/5152 257/1193/5152 256/148/5152
f 260/150/5153 91/2877/5153 229/143/5153
f 110/152/5154 111/3492/5154 112/153/5154
f 114/155/5155 264/1147/5155 263/156/5155
f 265/158/5156 268/1008/5156 267/159/5156
f 56/161/5157 53/37/5157 270/162/5157
f 274/164/5158 273/1163/5158 249/165/5158
f 185/166/5159 183/211/5159 63/47/5159
f 280/167/5160 279/1030/5160 278/168/5160
f 285/170/5161 284/224/5161 283/171/5161
f 288/172/5162 219/464/5162 211/133/5162
f 141/174/5163 142/93/5163 92/139/5163
f 289/175/5164 290/393/5164 175/176/5164
f 148/96/5165 116/109/5165 105/111/5165
f 312/178/5166 311/1436/5166 170/179/5166
f 238/180/5167 262/335/5167 42/30/5167
f 318/181/5168 163/213/5168 160/182/5168
f 310/184/5169 309/1031/5169 308/185/5169
f 241/187/5170 239/1191/5170 325/188/5170
f 160/182/5171 230/314/5171 240/190/5171
f 47/191/5172 48/31/5172 307/186/5172
f 108/79/5173 109/157/5173 315/192/5173
f 345/193/5174 85/64/5174 86/63/5174
f 348/195/5175 351/246/5175 350/196/5175
f 356/198/5176 359/260/5176 358/199/5176
f 355/201/5177 354/1346/5177 353/202/5177
f 363/204/5178 31/317/5178 32/13/5178
f 364/206/5179 252/145/5179 253/146/5179
f 366/208/5180 125/86/5180 368/209/5180
f 183/211/5181 372/1217/5181 371/212/5181
f 163/213/5182 162/2842/5182 161/214/5182
f 209/215/5183 226/1051/5183 101/74/5183
f 378/216/5184 377/474/5184 165/217/5184
f 379/219/5185 295/1840/5185 381/220/5185
f 383/222/5186 382/1281/5186 3/223/5186
f 284/224/5187 285/170/5187 386/225/5187
f 387/227/5188 127/99/5188 389/228/5188
f 391/230/5189 259/151/5189 229/143/5189
f 73/55/5190 281/282/5190 397/231/5190
f 405/233/5191 408/248/5191 407/234/5191
f 203/236/5192 218/1212/5192 411/237/5192
f 414/239/5193 121/2834/5193 413/240/5193
f 1/3/5194 356/198/5194 357/200/5194
f 277/242/5195 276/169/5195 131/87/5195
f 254/244/5196 344/1005/5196 57/42/5196
f 358/199/5197 384/1463/5197 415/245/5197
f 417/247/5198 416/336/5198 386/225/5198
f 401/249/5199 400/386/5199 192/250/5199
f 419/252/5200 389/228/5200 127/99/5200
f 421/254/5201 181/119/5201 182/255/5201
f 103/75/5202 301/438/5202 302/257/5202
f 428/259/5203 367/210/5203 368/209/5203
f 380/221/5204 390/290/5204 359/260/5204
f 62/43/5205 204/1809/5205 266/160/5205
f 140/94/5206 141/174/5206 431/262/5206
f 357/200/5207 358/199/5207 351/246/5207
f 356/198/5208 1/3/5208 379/219/5208
f 415/245/5209 392/1289/5209 403/264/5209
f 437/266/5210 428/259/5210 436/267/5210
f 438/269/5211 441/2805/5211 440/270/5211
f 188/122/5212 451/320/5212 450/272/5212
f 265/158/5213 455/469/5213 181/119/5213
f 224/277/5214 185/166/5214 64/46/5214
f 237/279/5215 212/173/5215 213/132/5215
f 275/243/5216 131/87/5216 128/89/5216
f 281/282/5217 282/286/5217 460/283/5217
f 50/35/5218 462/1094/5218 79/57/5218
f 73/55/5219 74/54/5219 282/286/5219
f 468/287/5220 467/410/5220 466/288/5220
f 390/290/5221 355/201/5221 352/203/5221
f 482/291/5222 485/1641/5222 484/292/5222
f 489/294/5223 488/414/5223 487/295/5223
f 493/297/5224 496/402/5224 495/298/5224
f 472/300/5225 471/1426/5225 470/301/5225
f 502/303/5226 501/456/5226 500/304/5226
f 220/306/5227 221/2566/5227 222/307/5227
f 512/309/5228 419/252/5228 143/253/5228
f 518/310/5229 517/1897/5229 511/311/5229
f 513/313/5230 239/1191/5230 230/314/5230
f 205/316/5231 30/14/5231 31/317/5231
f 189/319/5232 370/434/5232 451/320/5232
f 163/213/5233 318/181/5233 532/321/5233
f 533/322/5234 224/277/5234 225/278/5234
f 446/324/5235 448/1848/5235 447/325/5235
f 335/326/5236 541/382/5236 540/327/5236
f 544/329/5237 512/309/5237 546/330/5237
f 329/332/5238 519/475/5238 291/333/5238
f 199/127/5239 534/1141/5239 262/335/5239
f 385/226/5240 386/225/5240 416/336/5240
f 532/321/5241 190/1168/5241 191/338/5241
f 363/204/5242 117/82/5242 118/83/5242
f 578/342/5243 581/383/5243 580/343/5243
f 573/345/5244 572/1416/5244 571/346/5244
f 561/348/5245 563/968/5245 562/349/5245
f 241/187/5246 260/150/5246 259/151/5246
f 590/351/5247 593/2023/5247 592/352/5247
f 545/331/5248 546/330/5248 595/354/5248
f 503/356/5249 154/104/5249 155/357/5249
f 606/359/5250 625/1940/5250 624/360/5250
f 478/362/5251 481/404/5251 480/363/5251
f 646/365/5252 649/1935/5252 648/366/5252
f 590/351/5253 591/353/5253 689/368/5253
f 564/370/5254 565/1310/5254 651/371/5254
f 728/373/5255 246/141/5255 184/374/5255
f 714/376/5256 724/2057/5256 716/377/5256
f 692/379/5257 574/391/5257 575/380/5257
f 541/382/5258 335/326/5258 581/383/5258
f 346/384/5259 68/49/5259 248/385/5259
f 161/214/5260 231/1059/5260 230/314/5260
f 128/89/5261 129/88/5261 94/69/5261
f 698/388/5262 705/2159/5262 704/389/5262
f 574/391/5263 577/3099/5263 576/392/5263
f 290/393/5264 289/175/5264 401/249/5264
f 630/395/5265 631/1316/5265 725/396/5265
f 733/398/5266 736/2821/5266 735/399/5266
f 755/401/5267 466/288/5267 496/402/5267
f 759/403/5268 480/363/5268 481/404/5268
f 757/406/5269 763/2211/5269 762/407/5269
f 764/409/5270 496/402/5270 466/288/5270
f 768/411/5271 767/1656/5271 3808/412/5271
f 759/403/5272 760/405/5272 488/414/5272
f 492/415/5273 474/418/5273 475/416/5273
f 474/418/5274 770/1901/5274 769/419/5274
f 773/421/5275 468/287/5275 465/289/5275
f 771/417/5276 774/425/5276 486/296/5276
f 484/292/5277 485/1641/5277 775/423/5277
f 774/425/5278 776/1419/5278 489/294/5278
f 495/298/5279 496/402/5279 764/409/5279
f 495/298/5280 757/406/5280 761/408/5280
f 137/427/5281 397/231/5281 784/428/5281
f 325/188/5282 239/1191/5282 797/430/5282
f 165/217/5283 519/475/5283 51/432/5283
f 369/433/5284 32/13/5284 29/15/5284
f 730/435/5285 731/1875/5285 568/436/5285
f 90/66/5286 302/257/5286 301/438/5286
f 243/340/5287 118/83/5287 516/439/5287
f 800/441/5288 734/400/5288 806/442/5288
f 817/444/5289 815/451/5289 808/445/5289
f 816/446/5290 808/445/5290 823/447/5290
f 306/449/5291 303/1201/5291 447/325/5291
f 815/451/5292 810/515/5292 809/452/5292
f 829/453/5293 830/472/5293 828/454/5293
f 726/397/5294 725/396/5294 501/456/5294
f 274/164/5295 427/280/5295 424/457/5295
f 879/459/5296 882/1252/5296 881/460/5296
f 884/462/5297 883/1843/5297 879/459/5297
f 219/464/5298 218/1212/5298 217/465/5298
f 906/466/5299 905/673/5299 904/467/5299
f 455/469/5300 204/1809/5300 205/316/5300
f 898/471/5301 882/1252/5301 830/472/5301
f 903/473/5302 900/484/5302 880/461/5302
f 377/474/5303 291/333/5303 519/475/5303
f 923/476/5304 949/553/5304 948/477/5304
f 946/478/5305 947/488/5305 951/479/5305
f 3519/481/5306 740/1934/5306 739/482/5306
f 900/484/5307 899/2835/5307 886/485/5307
f 225/278/5308 64/46/5308 65/486/5308
f 182/255/5309 445/1129/5309 442/487/5309
f 809/452/5310 952/1297/5310 947/488/5310
f 954/490/5311 960/3494/5311 962/491/5311
f 927/493/5312 950/480/5312 965/494/5312
f 885/463/5313 879/459/5313 880/461/5313
f 925/496/5314 927/493/5314 966/495/5314
f 343/498/5315 342/1502/5315 341/499/5315
f 965/494/5316 964/1798/5316 971/501/5316
f 968/502/5317 971/501/5317 970/503/5317
f 972/505/5318 968/502/5318 969/504/5318
f 963/507/5319 961/492/5319 981/508/5319
f 336/510/5320 337/3449/5320 338/511/5320
f 992/513/5321 993/1797/5321 827/514/5321
f 810/515/5322 815/451/5322 996/516/5322
f 1007/518/5323 1001/1986/5323 1002/519/5323
f 1012/521/5324 826/678/5324 827/514/5324
f 1011/523/5325 1009/522/5325 1007/518/5325
f 294/524/5326 293/1088/5326 292/334/5326
f 907/525/5327 908/716/5327 920/526/5327
f 1017/528/5328 579/344/5328 1019/529/5328
f 1020/531/5329 1023/593/5329 1022/532/5329
f 1035/534/5330 1024/614/5330 1020/531/5330
f 1061/536/5331 1060/608/5331 1047/537/5331
f 1063/539/5332 1061/536/5332 1046/538/5332
f 1044/535/5333 1020/531/5333 1021/533/5333
f 1102/542/5334 1094/552/5334 1097/543/5334
f 1116/545/5335 1126/561/5335 1118/546/5335
f 1016/548/5336 1015/616/5336 1014/549/5336
f 881/460/5337 897/468/5337 904/467/5337
f 816/446/5338 1116/545/5338 1127/551/5338
f 1094/552/5339 948/477/5339 949/553/5339
f 514/554/5340 342/1502/5340 167/555/5340
f 146/557/5341 145/1011/5341 81/59/5341
f 1133/558/5342 1135/2261/5342 1130/559/5342
f 1102/542/5343 1133/558/5343 1126/561/5343
f 822/448/5344 1126/561/5344 1116/545/5344
f 1145/562/5345 1143/1862/5345 1148/563/5345
f 1076/565/5346 1144/578/5346 1151/566/5346
f 1148/563/5347 1143/1862/5347 1086/568/5347
f 1109/544/5348 1097/543/5348 1114/570/5348
f 1154/571/5349 1153/574/5349 1156/572/5349
f 1153/574/5350 925/496/5350 967/497/5350
f 3464/575/5351 3497/1438/5351 463/576/5351
f 1144/578/5352 1147/586/5352 1152/579/5352
f 1156/572/5353 967/497/5353 1163/580/5353
f 1164/582/5354 1162/581/5354 1169/583/5354
f 1145/562/5355 1171/587/5355 1176/585/5355
f 1114/570/5356 1115/1585/5356 1154/571/5356
f 1183/588/5357 1155/573/5357 1164/582/5357
f 1184/590/5358 1183/588/5358 1177/589/5358
f 1069/567/5359 1151/566/5359 1062/540/5359
f 1023/593/5360 1191/597/5360 1194/594/5360
f 1162/581/5361 1163/580/5361 1170/595/5361
f 1195/596/5362 1184/590/5362 1185/591/5362
f 1183/588/5363 1196/599/5363 1176/585/5363
f 1201/598/5364 1063/539/5364 1152/579/5364
f 1061/536/5365 1063/539/5365 1201/598/5365
f 3825/601/5366 847/624/5366 843/602/5366
f 1203/604/5367 1202/600/5367 1195/596/5367
f 1202/600/5368 1201/598/5368 1184/590/5368
f 1218/606/5369 1060/608/5369 1203/604/5369
f 1060/608/5370 1061/536/5370 1202/600/5370
f 1225/609/5371 1218/606/5371 1217/607/5371
f 671/611/5372 695/2132/5372 694/612/5372
f 1219/610/5373 1217/607/5373 1024/614/5373
f 1217/607/5374 1203/604/5374 1034/605/5374
f 1226/615/5375 1014/549/5375 1015/616/5375
f 1243/618/5376 1242/650/5376 1234/619/5376
f 1231/621/5377 1230/3955/5377 1229/622/5377
f 847/624/5378 1243/618/5378 1233/620/5378
f 843/602/5379 1233/620/5379 1244/625/5379
f 1233/620/5380 1234/619/5380 1245/627/5380
f 1923/628/5381 3761/2110/5381 233/629/5381
f 2100/630/5382 2108/3944/5382 499/305/5382
f 3914/631/5383 3864/2180/5383 2135/632/5383
f 61/44/5384 62/43/5384 323/261/5384
f 210/134/5385 211/133/5385 217/465/5385
f 1299/636/5386 1310/646/5386 1309/637/5386
f 3863/639/5387 1230/3955/5387 1231/621/5387
f 1066/641/5388 1047/537/5388 1321/642/5388
f 1322/643/5389 1321/642/5389 1228/623/5389
f 1060/608/5390 1218/606/5390 1321/642/5390
f 1325/644/5391 1324/1924/5391 1323/645/5391
f 1244/625/5392 1245/627/5392 1332/647/5392
f 1290/649/5393 1234/619/5393 1242/650/5393
f 1337/652/5394 1330/648/5394 1339/653/5394
f 1330/648/5395 1332/647/5395 1340/655/5395
f 1341/656/5396 1332/647/5396 1245/627/5396
f 1342/658/5397 1340/655/5397 1332/647/5397
f 1343/659/5398 1342/658/5398 1341/656/5398
f 1344/660/5399 1341/656/5399 1294/657/5399
f 3857/662/5400 3856/666/5400 1345/663/5400
f 1347/665/5401 1348/669/5401 1342/658/5401
f 3856/666/5402 3854/1793/5402 1295/667/5402
f 1349/668/5403 1350/704/5403 1348/669/5403
f 3861/670/5404 1349/668/5404 1347/665/5404
f 3853/671/5405 1347/665/5405 1343/659/5405
f 906/466/5406 898/471/5406 829/453/5406
f 905/673/5407 906/466/5407 1353/672/5407
f 865/675/5408 1356/679/5408 1355/676/5408
f 1355/676/5409 1353/672/5409 829/453/5409
f 1357/677/5410 1355/676/5410 825/455/5410
f 1356/679/5411 1354/674/5411 1353/672/5411
f 3834/680/5412 1337/652/5412 1338/654/5412
f 866/682/5413 1358/683/5413 1356/679/5413
f 1358/683/5414 1359/706/5414 1354/674/5414
f 3828/684/5415 878/626/5415 1337/652/5415
f 838/685/5416 1362/2226/5416 1012/521/5416
f 1363/687/5417 1364/2125/5417 1338/654/5417
f 1368/688/5418 1363/687/5418 1339/653/5418
f 1348/669/5419 1368/688/5419 1340/655/5419
f 1371/689/5420 1369/699/5420 3824/690/5420
f 524/692/5421 525/1846/5421 526/693/5421
f 528/695/5422 529/2725/5422 530/696/5422
f 1372/698/5423 1370/705/5423 1369/699/5423
f 535/700/5424 536/2750/5424 537/701/5424
f 1367/703/5425 1368/688/5425 1348/669/5425
f 1370/705/5426 1354/674/5426 1359/706/5426
f 1369/699/5427 1359/706/5427 3833/681/5427
f 1373/707/5428 910/712/5428 903/473/5428
f 555/708/5429 556/1166/5429 557/709/5429
f 1374/711/5430 909/1139/5430 910/712/5430
f 1373/707/5431 904/467/5431 905/673/5431
f 1374/711/5432 1373/707/5432 1375/713/5432
f 1375/713/5433 905/673/5433 1354/674/5433
f 1378/715/5434 920/526/5434 908/716/5434
f 376/718/5435 373/2850/5435 651/371/5435
f 1388/720/5436 928/2032/5436 973/506/5436
f 586/721/5437 587/1197/5437 588/722/5437
f 1390/724/5438 1389/2037/5438 1388/720/5438
f 1391/725/5439 1388/720/5439 969/504/5439
f 597/726/5440 598/2341/5440 599/727/5440
f 600/729/5441 601/966/5441 602/730/5441
f 1392/732/5442 1391/725/5442 970/503/5442
f 608/734/5443 609/770/5443 610/735/5443
f 612/737/5444 524/692/5444 523/694/5444
f 614/739/5445 615/1156/5445 616/740/5445
f 617/742/5446 618/2279/5446 25/25/5446
f 620/743/5447 621/1309/5447 622/744/5447
f 1397/746/5448 1390/724/5448 1391/725/5448
f 1398/747/5449 1397/746/5449 1392/732/5449
f 1400/749/5450 987/1613/5450 920/526/5450
f 1402/750/5451 1403/760/5451 1165/584/5451
f 636/751/5452 637/2749/5452 638/752/5452
f 930/754/5453 1404/759/5453 1402/750/5453
f 641/756/5454 642/2787/5454 643/757/5454
f 929/755/5455 1402/750/5455 1169/583/5455
f 1404/759/5456 1405/844/5456 1403/760/5456
f 1411/761/5457 1366/2126/5457 1365/762/5457
f 1412/764/5458 1406/763/5458 1415/765/5458
f 652/767/5459 653/869/5459 654/768/5459
f 609/770/5460 656/1206/5460 657/771/5460
f 659/773/5461 660/2839/5461 661/774/5461
f 558/710/5462 663/1020/5462 586/721/5462
f 665/776/5463 666/2278/5463 667/777/5463
f 1413/779/5464 1411/761/5464 1406/763/5464
f 1418/780/5465 1416/784/5465 3810/781/5465
f 1417/783/5466 1372/698/5466 1371/689/5466
f 1416/784/5467 1371/689/5467 3829/691/5467
f 1419/785/5468 1417/783/5468 1416/784/5468
f 1386/786/5469 909/1139/5469 1374/711/5469
f 677/788/5470 678/3199/5470 679/789/5470
f 1385/791/5471 1386/786/5471 1420/787/5471
f 1420/787/5472 1374/711/5472 1376/714/5472
f 685/794/5473 686/856/5473 687/795/5473
f 1421/792/5474 1420/787/5474 1422/793/5474
f 528/695/5475 690/905/5475 691/798/5475
f 1422/793/5476 1376/714/5476 1372/698/5476
f 1018/530/5477 1019/529/5477 747/799/5477
f 699/801/5478 700/808/5478 701/802/5478
f 1424/804/5479 578/342/5479 579/344/5479
f 3663/805/5480 1597/1397/5480 1767/806/5480
f 700/808/5481 699/801/5481 711/809/5481
f 1093/811/5482 3746/3924/5482 3754/812/5482
f 717/814/5483 718/1948/5483 530/696/5483
f 721/816/5484 722/2722/5484 723/817/5484
f 704/389/5485 1650/2184/5485 3543/819/5485
f 19/11/5486 1429/823/5486 1426/821/5486
f 1429/823/5487 1428/2168/5487 1427/824/5487
f 1658/825/5488 1659/1576/5488 3542/826/5488
f 1439/828/5489 1437/831/5489 1434/829/5489
f 1437/831/5490 1436/963/5490 1435/832/5490
f 1426/821/5491 1427/824/5491 1433/833/5491
f 1442/835/5492 1431/1886/5492 1432/834/5492
f 742/837/5493 743/1237/5493 744/838/5493
f 1432/834/5494 1433/833/5494 1441/840/5494
f 751/841/5495 752/2816/5495 753/842/5495
f 1438/830/5496 1434/829/5496 1403/760/5496
f 1446/845/5497 1445/851/5497 1444/846/5497
f 1447/848/5498 1448/852/5498 1446/845/5498
f 3860/849/5499 1447/848/5499 1443/847/5499
f 1415/765/5500 1367/703/5500 1445/851/5500
f 1414/766/5501 1415/765/5501 1446/845/5501
f 2173/853/5502 1683/1805/5502 469/302/5502
f 777/854/5503 778/1333/5503 779/855/5503
f 780/857/5504 781/2875/5504 782/858/5504
f 1676/860/5505 1693/1016/5505 1806/861/5505
f 3859/863/5506 1451/1244/5506 1349/668/5506
f 789/864/5507 790/1110/5507 791/865/5507
f 745/839/5508 792/1871/5508 793/867/5508
f 652/767/5509 794/1124/5509 795/868/5509
f 1455/870/5510 1458/1976/5510 1457/871/5510
f 1454/873/5511 1367/703/5511 1350/704/5511
f 610/735/5512 691/798/5512 802/875/5512
f 3831/877/5513 3816/3662/5513 698/388/5513
f 1352/878/5514 1044/535/5514 1045/541/5514
f 1015/616/5515 1016/548/5515 1459/880/5515
f 811/882/5516 812/1230/5516 813/883/5516
f 2118/885/5517 3815/1967/5517 3817/886/5517
f 819/888/5518 820/1811/5518 821/889/5518
f 1466/891/5519 1463/3868/5519 1194/594/5519
f 1467/893/5520 1468/896/5520 1465/894/5520
f 1182/895/5521 1165/584/5521 1468/896/5521
f 832/897/5522 812/1230/5522 833/898/5522
f 835/900/5523 836/2798/5523 837/901/5523
f 1467/893/5524 1466/891/5524 1190/892/5524
f 1469/903/5525 1470/3943/5525 1444/846/5525
f 840/904/5526 700/808/5526 712/810/5526
f 1453/906/5527 1470/3943/5527 1469/903/5527
f 599/727/5528 844/1245/5528 845/907/5528
f 1226/615/5529 1450/2169/5529 3849/909/5529
f 851/911/5530 852/1137/5530 853/912/5530
f 855/914/5531 744/838/5531 856/915/5531
f 858/917/5532 859/1412/5532 860/918/5532
f 861/920/5533 862/2827/5533 863/921/5533
f 1014/549/5534 1226/615/5534 3855/910/5534
f 867/924/5535 676/790/5535 868/925/5535
f 870/927/5536 871/2778/5536 872/928/5536
f 874/930/5537 875/1035/5537 876/931/5537
f 1310/646/5538 1323/645/5538 1471/933/5538
f 1476/934/5539 1433/833/5539 1427/824/5539
f 1461/936/5540 1476/934/5540 1475/935/5540
f 887/937/5541 888/1919/5541 889/938/5541
f 788/866/5542 791/865/5542 892/940/5542
f 894/942/5543 895/961/5543 896/943/5543
f 1460/881/5544 1475/935/5544 1227/617/5544
f 901/945/5545 902/1845/5545 524/692/5545
f 1465/894/5546 1478/964/5546 1477/946/5546
f 1865/948/5547 3503/2193/5547 3500/949/5547
f 911/951/5548 912/2728/5548 913/952/5548
f 916/954/5549 917/1106/5549 918/955/5549
f 1850/957/5550 3505/987/5550 3507/958/5550
f 921/960/5551 922/2351/5551 895/961/5551
f 1479/962/5552 1435/832/5552 1436/963/5552
f 926/965/5553 664/778/5553 667/777/5553
f 1481/967/5554 562/349/5554 563/968/5554
f 269/163/5555 1483/1043/5555 84/970/5555
f 931/972/5556 932/1300/5556 933/973/5556
f 934/974/5557 935/1045/5557 614/739/5557
f 936/975/5558 685/794/5558 688/796/5558
f 938/977/5559 659/773/5559 662/775/5559
f 1484/979/5560 270/162/5560 122/980/5560
f 941/982/5561 942/1102/5561 835/900/5561
f 320/983/5562 321/1830/5562 509/984/5562
f 1849/986/5563 3510/3918/5563 3505/987/5563
f 84/970/5564 1483/1043/5564 1484/979/5564
f 1487/988/5565 1490/1027/5565 1488/989/5565
f 1757/991/5566 1758/3871/5566 3502/992/5566
f 365/207/5567 1492/1004/5567 1491/994/5567
f 461/285/5568 79/57/5568 80/312/5568
f 117/82/5569 363/204/5569 362/205/5569
f 1494/996/5570 540/327/5570 541/382/5570
f 926/965/5571 601/966/5571 957/998/5571
f 1477/946/5572 1441/840/5572 1433/833/5572
f 1709/1000/5573 1588/1526/5573 1585/1001/5573
f 119/194/5574 117/82/5574 1496/995/5574
f 271/1003/5575 1497/1778/5575 504/358/5575
f 511/311/5576 517/1897/5576 189/319/5576
f 345/193/5577 1496/995/5577 1492/1004/5577
f 57/42/5578 344/1005/5578 299/1006/5578
f 1501/1007/5579 1499/1010/5579 268/1008/5579
f 267/159/5580 268/1008/5580 1499/1010/5580
f 974/1012/5581 975/2766/5581 976/1013/5581
f 1678/1015/5582 1652/1508/5582 1693/1016/5582
f 3846/1017/5583 1682/1806/5583 1807/1018/5583
f 557/709/5584 982/1167/5584 663/1020/5584
f 983/1021/5585 941/982/5585 984/1022/5585
f 1443/847/5586 1444/846/5586 3849/909/5586
f 421/254/5587 1500/1009/5587 268/1008/5587
f 989/1024/5588 990/2760/5588 991/1025/5588
f 1490/1027/5589 1487/988/5589 418/1028/5589
f 279/1030/5590 280/167/5590 309/1031/5590
f 997/1032/5591 868/925/5591 676/790/5591
f 998/1033/5592 26/2732/5592 999/1034/5592
f 1504/1029/5593 418/1028/5593 38/21/5593
f 1506/1037/5594 1508/1041/5594 1507/1038/5594
f 360/1040/5595 361/1408/5595 1508/1041/5595
f 1506/1037/5596 1486/1039/5596 207/131/5596
f 939/978/5597 1005/1081/5597 1006/1042/5597
f 270/162/5598 1484/979/5598 1483/1043/5598
f 66/45/5599 63/47/5599 546/330/5599
f 1010/1044/5600 742/837/5600 793/867/5600
f 367/210/5601 428/259/5601 437/266/5601
f 244/318/5602 31/317/5602 363/204/5602
f 1670/1047/5603 3532/1639/5603 3534/1048/5603
f 209/215/5604 206/129/5604 1510/1050/5604
f 388/229/5605 389/228/5605 426/1056/5605
f 427/280/5606 274/164/5606 250/142/5606
f 161/214/5607 520/1430/5607 521/1058/5607
f 100/71/5608 246/141/5608 45/33/5608
f 1025/1060/5609 1026/1232/5609 608/734/5609
f 1029/1062/5610 1030/1225/5610 1031/1063/5610
f 939/978/5611 662/775/5611 1033/1065/5611
f 41/28/5612 42/30/5612 594/355/5612
f 1036/1068/5613 780/857/5613 783/859/5613
f 702/803/5614 701/802/5614 1038/1070/5614
f 1040/1072/5615 1041/1155/5615 1042/1073/5615
f 362/205/5616 32/13/5616 369/433/5616
f 187/123/5617 1520/1358/5617 477/1076/5617
f 70/51/5618 1487/988/5618 539/990/5618
f 1049/1078/5619 600/729/5619 603/731/5619
f 613/741/5620 867/924/5620 869/926/5620
f 860/918/5621 1050/2740/5621 1051/1080/5621
f 1005/1081/5622 1052/2818/5622 1053/1082/5622
f 753/842/5623 1055/1087/5623 1056/1083/5623
f 1057/1085/5624 1058/2752/5624 1059/1086/5624
f 293/1088/5625 288/172/5625 1522/1089/5625
f 288/172/5626 212/173/5626 1521/1077/5626
f 292/334/5627 1522/1089/5627 1523/1090/5627
f 331/1091/5628 1507/1038/5628 1508/1041/5628
f 306/449/5629 452/274/5629 453/276/5629
f 100/71/5630 44/140/5630 41/28/5630
f 462/1094/5631 1524/1092/5631 78/58/5631
f 330/1095/5632 331/1091/5632 1524/1092/5632
f 635/753/5633 1067/1423/5633 1068/1096/5633
f 1485/1097/5634 1527/1833/5634 1526/1098/5634
f 206/129/5635 1485/1097/5635 1528/1099/5635
f 1070/1100/5636 1071/1255/5636 1072/1101/5636
f 942/1102/5637 941/982/5637 1073/1103/5637
f 916/954/5638 933/973/5638 1075/1105/5638
f 440/270/5639 1529/1109/5639 1530/1107/5639
f 157/108/5640 158/107/5640 1514/1108/5640
f 1529/1109/5641 162/2842/5641 5/6/5641
f 371/212/5642 595/354/5642 546/330/5642
f 790/1110/5643 586/721/5643 663/1020/5643
f 1077/1111/5644 858/917/5644 857/919/5644
f 1403/760/5645 1434/829/5645 1435/832/5645
f 1080/1113/5646 1081/2783/5646 1082/1114/5646
f 531/1116/5647 520/1430/5647 1529/1109/5647
f 21/22/5648 1083/1249/5648 1084/1117/5648
f 272/350/5649 1532/1367/5649 1531/1119/5649
f 690/905/5650 712/810/5650 802/875/5650
f 335/326/5651 3571/3933/5651 3567/1120/5651
f 1090/1121/5652 1030/1225/5652 1029/1062/5652
f 1092/1123/5653 795/868/5653 794/1124/5653
f 1533/1125/5654 396/232/5654 137/427/5654
f 661/774/5655 660/2839/5655 1095/1127/5655
f 69/52/5656 444/2847/5656 445/1129/5656
f 1099/1130/5657 1100/2789/5657 1101/1131/5657
f 38/21/5658 39/20/5658 1536/1133/5658
f 1104/1134/5659 1105/2753/5659 1106/1135/5659
f 852/1137/5660 1107/1323/5660 1108/1138/5660
f 1377/717/5661 908/716/5661 909/1139/5661
f 291/333/5662 377/474/5662 411/237/5662
f 316/1140/5663 1536/1133/5663 516/439/5663
f 539/990/5664 1488/989/5664 1533/1125/5664
f 1505/1036/5665 1536/1133/5665 316/1140/5665
f 1110/1143/5666 1111/2862/5666 1112/1144/5666
f 1539/1146/5667 1537/1149/5667 460/283/5667
f 522/1148/5668 441/2805/5668 1537/1149/5668
f 834/902/5669 837/901/5669 1120/1150/5669
f 1122/1152/5670 1123/3253/5670 1124/1153/5670
f 612/737/5671 1125/1812/5671 1041/1155/5671
f 935/1045/5672 793/867/5672 615/1156/5672
f 276/169/5673 278/168/5673 130/1157/5673
f 1686/1158/5674 3549/1590/5674 3522/1159/5674
f 193/1161/5675 190/1168/5675 1541/1162/5675
f 231/1059/5676 521/1058/5676 1540/1164/5676
f 556/1166/5677 1037/1069/5677 982/1167/5677
f 365/207/5678 253/146/5678 85/64/5678
f 190/1168/5679 532/321/5679 318/181/5679
f 1810/1169/5680 765/2091/5680 3574/1170/5680
f 3924/1172/5681 1867/1709/5681 3512/1173/5681
f 1132/1175/5682 983/1021/5682 985/1023/5682
f 208/130/5683 101/74/5683 102/76/5683
f 1134/1177/5684 1033/1065/5684 662/775/5684
f 1491/994/5685 518/310/5685 80/312/5685
f 429/1178/5686 133/92/5686 1542/1179/5686
f 1137/1180/5687 1138/2830/5687 915/956/5687
f 172/117/5688 436/267/5688 428/259/5688
f 1139/1181/5689 1140/2786/5689 1141/1182/5689
f 549/1184/5690 96/68/5690 54/39/5690
f 1517/1185/5691 1519/1253/5691 1518/1186/5691
f 834/902/5692 1119/1151/5692 984/1022/5692
f 1543/1189/5693 513/313/5693 286/315/5693
f 1544/1190/5694 797/430/5694 239/1191/5694
f 133/92/5695 134/91/5695 1544/1190/5695
f 506/1192/5696 361/1408/5696 257/1193/5696
f 420/251/5697 327/1304/5697 328/394/5697
f 1158/1194/5698 1159/1880/5698 1160/1195/5698
f 587/1197/5699 1104/1134/5699 1103/1136/5699
f 607/736/5700 1161/1240/5700 1027/1061/5700
f 304/1199/5701 1546/2225/5701 1545/1200/5701
f 364/206/5702 1491/994/5702 77/56/5702
f 69/52/5703 70/51/5703 198/128/5703
f 700/808/5704 840/904/5704 1112/1144/5704
f 3877/1202/5705 626/1496/5705 3525/1203/5705
f 1166/1205/5706 719/815/5706 657/771/5706
f 1167/1207/5707 1168/2858/5707 858/917/5707
f 1300/638/5708 3523/3940/5708 3524/1208/5708
f 1172/1209/5709 1173/2770/5709 1174/1210/5709
f 218/1212/5710 203/236/5710 200/1213/5710
f 1179/1214/5711 1180/2849/5711 1181/1215/5711
f 372/1217/5712 183/211/5712 97/73/5712
f 89/67/5713 104/2810/5713 227/1218/5713
f 1186/1219/5714 1187/1278/5714 1188/1220/5714
f 172/117/5715 173/116/5715 1517/1185/5715
f 1482/971/5716 84/970/5716 81/59/5716
f 1090/1121/5717 1192/1922/5717 1193/1224/5717
f 394/1226/5718 395/1284/5718 353/202/5718
f 526/693/5719 525/1846/5719 1198/1228/5719
f 1199/1231/5720 1200/2736/5720 1026/1232/5720
f 606/359/5721 623/361/5721 697/1233/5721
f 1204/1235/5722 1205/1332/5722 1206/1236/5722
f 1207/1238/5723 1208/2819/5723 523/694/5723
f 1209/1239/5724 1210/2836/5724 867/924/5724
f 914/953/5725 913/952/5725 685/794/5725
f 1478/964/5726 1436/963/5726 1441/840/5726
f 1029/1062/5727 1028/1064/5727 1161/1240/5727
f 1211/1241/5728 1212/1791/5728 1213/1242/5728
f 3858/923/5729 1453/906/5729 1451/1244/5729
f 844/1245/5730 1215/1887/5730 1216/1246/5730
f 423/458/5731 193/1161/5731 273/1163/5731
f 1220/1247/5732 1221/1259/5732 1222/1248/5732
f 22/1250/5733 1223/1344/5733 1224/1251/5733
f 882/1252/5734 898/471/5734 897/468/5734
f 1519/1253/5735 1517/1185/5735 173/116/5735
f 1189/1221/5736 1188/1220/5736 1232/1254/5736
f 349/197/5737 350/196/5737 550/337/5737
f 1071/1255/5738 1235/1979/5738 1236/1256/5738
f 1237/1257/5739 1238/2765/5739 1239/1258/5739
f 1221/1259/5740 1186/1219/5740 1189/1221/5740
f 1510/1050/5741 1528/1099/5741 1512/1053/5741
f 939/978/5742 1032/1066/5742 1241/1262/5742
f 1556/1263/5743 1530/1107/5743 5/6/5743
f 1553/1264/5744 1554/1795/5744 394/1226/5744
f 404/1265/5745 1556/1263/5745 67/48/5745
f 1247/1267/5746 1248/2846/5746 1249/1268/5746
f 142/93/5747 199/127/5747 238/180/5747
f 1251/1270/5748 1067/1423/5748 635/753/5748
f 850/913/5749 1252/2796/5749 1253/1272/5749
f 1254/1273/5750 1167/1207/5750 1077/1111/5750
f 57/42/5751 132/90/5751 133/92/5751
f 443/1275/5752 430/263/5752 552/1276/5752
f 1187/1278/5753 1172/1209/5753 1175/1211/5753
f 1256/1279/5754 1070/1100/5754 831/899/5754
f 432/1280/5755 405/233/5755 382/1281/5755
f 741/1282/5756 748/1906/5756 747/799/5756
f 434/265/5757 350/196/5757 351/246/5757
f 349/197/5758 432/1280/5758 383/222/5758
f 251/323/5759 124/84/5759 1481/967/5759
f 395/1284/5760 384/1463/5760 352/203/5760
f 1518/1186/5761 1519/1253/5761 1550/1285/5761
f 1558/1286/5762 410/238/5762 378/216/5762
f 109/157/5763 263/156/5763 314/1287/5763
f 285/170/5764 1514/1108/5764 1513/1198/5764
f 395/1284/5765 394/1226/5765 393/1288/5765
f 202/135/5766 203/236/5766 410/238/5766
f 417/247/5767 408/248/5767 405/233/5767
f 1246/1269/5768 1257/1351/5768 1258/1290/5768
f 3/223/5769 1559/1330/5769 297/1291/5769
f 1259/1292/5770 1260/2866/5770 1261/1293/5770
f 403/264/5771 404/1265/5771 347/1266/5771
f 955/1295/5772 954/490/5772 953/1296/5772
f 462/1094/5773 50/35/5773 51/432/5773
f 1096/1128/5774 1095/1127/5774 687/795/5774
f 429/1178/5775 147/97/5775 60/40/5775
f 896/943/5776 1264/1910/5776 1265/1299/5776
f 1267/1301/5777 721/816/5777 1268/1302/5777
f 423/458/5778 424/457/5778 327/1304/5778
f 37/19/5779 179/118/5779 180/120/5779
f 20/24/5780 23/23/5780 1187/1278/5780
f 1256/1279/5781 1168/2858/5781 1071/1255/5781
f 1188/1220/5782 1175/1211/5782 1269/1306/5782
f 1236/1256/5783 1270/1980/5783 1271/1307/5783
f 1272/1308/5784 536/2750/5784 535/700/5784
f 565/1310/5785 564/370/5785 463/576/5785
f 1273/1312/5786 792/1871/5786 745/839/5786
f 876/931/5787 1254/1273/5787 1255/1274/5787
f 316/1140/5788 33/18/5788 164/110/5788
f 437/266/5789 1516/1966/5789 503/356/5789
f 194/124/5790 1494/996/5790 1495/997/5790
f 1275/1315/5791 1276/1376/5791 864/922/5791
f 624/360/5792 625/1940/5792 631/1316/5792
f 1277/1317/5793 1274/1313/5793 1137/1180/5793
f 569/437/5794 568/436/5794 567/1319/5794
f 1481/967/5795 124/84/5795 125/86/5795
f 324/189/5796 325/188/5796 547/431/5796
f 1279/1322/5797 1108/1138/5797 1107/1323/5797
f 1525/1325/5798 332/3222/5798 329/332/5798
f 1281/1326/5799 1278/1318/5799 1137/1180/5799
f 171/112/5800 168/114/5800 1553/1264/5800
f 1488/989/5801 73/55/5801 396/232/5801
f 1557/1328/5802 1561/1521/5802 1562/1329/5802
f 1282/1331/5803 856/915/5803 1206/1236/5803
f 1053/1082/5804 1277/1317/5804 1278/1318/5804
f 778/1333/5805 777/854/5805 607/736/5805
f 713/1335/5806 583/1384/5806 3566/1336/5806
f 251/323/5807 225/278/5807 144/98/5807
f 4/1/5808 357/200/5808 348/195/5808
f 709/1338/5809 708/2182/5809 707/1339/5809
f 728/373/5810 48/31/5810 45/33/5810
f 261/1341/5811 135/1847/5811 1563/1342/5811
f 789/864/5812 1286/2354/5812 1287/1343/5812
f 74/54/5813 314/1287/5813 263/156/5813
f 403/264/5814 284/224/5814 385/226/5814
f 1178/1216/5815 1181/1215/5815 1240/1260/5815
f 1223/1344/5816 1259/1292/5816 1289/1345/5816
f 1220/1247/5817 20/24/5817 1186/1219/5817
f 296/1187/5818 1518/1186/5818 354/1346/5818
f 784/428/5819 459/284/5819 1538/1348/5819
f 1181/1215/5820 1180/2849/5820 1291/1350/5820
f 1269/1306/5821 1292/2860/5821 1257/1351/5821
f 1566/1349/5822 1538/1348/5822 438/269/5822
f 136/429/5823 784/428/5823 1566/1349/5823
f 1563/1342/5824 1564/1353/5824 169/113/5824
f 107/81/5825 114/155/5825 109/157/5825
f 1297/1355/5826 1282/1331/5826 1298/1356/5826
f 1464/947/5827 1477/946/5827 1476/934/5827
f 1520/1358/5828 187/123/5828 507/1359/5828
f 1301/1361/5829 1302/2795/5829 1303/1362/5829
f 1306/1364/5830 1307/2353/5830 1308/1365/5830
f 175/176/5831 456/2822/5831 1532/1367/5831
f 1532/1367/5832 456/2822/5832 200/1213/5832
f 1311/1368/5833 1266/1303/5833 1312/1369/5833
f 872/928/5834 1314/2859/5834 1315/1371/5834
f 3836/603/5835 843/602/5835 878/626/5835
f 1305/1366/5836 1308/1365/5836 864/922/5836
f 1040/1072/5837 1275/1315/5837 863/921/5837
f 1564/1353/5838 1566/1349/5838 399/1352/5838
f 592/352/5839 1576/2019/5839 1575/1378/5839
f 591/353/5840 1575/1378/5840 1088/1379/5840
f 1581/1380/5841 1584/1631/5841 1583/1381/5841
f 1196/599/5842 1152/579/5842 1147/586/5842
f 710/1383/5843 582/1461/5843 583/1384/5843
f 285/170/5844 407/234/5844 408/248/5844
f 953/1296/5845 954/490/5845 961/492/5845
f 1594/1385/5846 1592/1390/5846 1589/1386/5846
f 1585/1001/5847 1588/1526/5847 1587/1388/5847
f 1592/1390/5848 1591/1548/5848 1590/1391/5848
f 3885/1392/5849 945/1944/5849 944/1393/5849
f 1600/1395/5850 1599/1525/5850 1598/1396/5850
f 1604/1398/5851 1603/3139/5851 1602/1399/5851
f 1399/748/5852 1392/732/5852 979/733/5852
f 1589/1386/5853 1590/1391/5853 1596/1402/5853
f 1610/1404/5854 1609/1963/5854 1608/1405/5854
f 298/1407/5855 257/1193/5855 361/1408/5855
f 551/1277/5856 552/1276/5856 276/169/5856
f 1627/1409/5857 1626/1487/5857 3814/1410/5857
f 859/1412/5858 811/882/5858 818/890/5858
f 1078/1112/5859 857/919/5859 1328/1413/5859
f 1555/1415/5860 439/271/5860 1530/1107/5860
f 572/1416/5861 573/345/5861 680/1417/5861
f 772/422/5862 465/289/5862 776/1419/5862
f 977/1014/5863 1281/1326/5863 918/955/5863
f 404/1265/5864 403/264/5864 392/1289/5864
f 1054/1084/5865 1331/2759/5865 750/843/5865
f 1644/1420/5866 1645/1985/5866 1643/1421/5866
f 932/1300/5867 1265/1299/5867 1082/1114/5867
f 1067/1423/5868 1333/2808/5868 1334/1424/5868
f 1540/1164/5869 1539/1146/5869 264/1147/5869
f 597/726/5870 1335/1537/5870 643/757/5870
f 471/1426/5871 761/408/5871 762/407/5871
f 1642/1422/5872 696/1234/5872 3831/877/5872
f 1644/1420/5873 1642/1422/5873 3842/1427/5873
f 923/476/5874 946/478/5874 950/480/5874
f 96/68/5875 549/1184/5875 548/1429/5875
f 520/1430/5876 531/1116/5876 522/1148/5876
f 445/1129/5877 444/2847/5877 443/1275/5877
f 849/1431/5878 839/3661/5878 848/1432/5878
f 480/363/5879 759/403/5879 755/401/5879
f 1646/1434/5880 760/405/5880 481/404/5880
f 311/1436/5881 426/1056/5881 1567/1437/5881
f 464/1311/5882 463/576/5882 3497/1438/5882
f 3497/1438/5883 1360/2001/5883 1361/1440/5883
f 234/1055/5884 237/279/5884 236/341/5884
f 190/1168/5885 193/1161/5885 192/250/5885
f 153/105/5886 154/104/5886 152/1441/5886
f 231/1059/5887 287/1165/5887 286/315/5887
f 1552/1327/5888 1553/1264/5888 1551/1227/5888
f 760/405/5889 1646/1434/5889 1648/1442/5889
f 3832/1443/5890 1647/1964/5890 1649/1444/5890
f 828/454/5891 827/514/5891 826/678/5891
f 52/34/5892 167/555/5892 166/218/5892
f 1663/1446/5893 1662/1674/5893 1661/1447/5893
f 287/1165/5894 107/81/5894 115/80/5894
f 668/1449/5895 671/611/5895 670/613/5895
f 634/1451/5896 645/1725/5896 640/1452/5896
f 553/1454/5897 560/2229/5897 559/1455/5897
f 118/83/5898 36/16/5898 33/18/5898
f 492/415/5899 484/292/5899 491/424/5899
f 3552/1458/5900 1652/1508/5900 1651/1459/5900
f 582/1461/5901 589/1849/5901 584/1462/5901
f 384/1463/5902 395/1284/5902 392/1289/5902
f 1381/1464/5903 1382/2307/5903 1383/1465/5903
f 1562/1329/5904 1561/1521/5904 435/268/5904
f 952/1297/5905 953/1296/5905 951/479/5905
f 3529/1467/5906 3566/1336/5906 583/1384/5906
f 1660/1448/5907 1661/1447/5907 1667/1468/5907
f 1394/1470/5908 1395/1722/5908 1396/1471/5908
f 1660/1448/5909 1665/1569/5909 1664/1473/5909
f 1671/1474/5910 1670/1047/5910 1669/1049/5910
f 1624/1476/5911 1625/1485/5911 1673/1477/5911
f 1407/1479/5912 1408/2312/5912 1409/1480/5912
f 1677/1482/5913 1676/860/5913 1675/862/5913
f 1613/1484/5914 1679/1486/5914 1677/1482/5914
f 1679/1486/5915 1678/1015/5915 1676/860/5915
f 1626/1487/5916 1681/1804/5916 3811/1488/5916
f 534/1141/5917 199/127/5917 198/128/5917
f 803/1489/5918 733/398/5918 734/400/5918
f 400/386/5919 248/385/5919 191/338/5919
f 65/486/5920 66/45/5920 143/253/5920
f 3526/1490/5921 1657/1917/5921 1656/1491/5921
f 402/1493/5922 159/106/5922 157/108/5922
f 629/1494/5923 628/2154/5923 627/1495/5923
f 461/285/5924 477/1076/5924 49/36/5924
f 758/1497/5925 757/406/5925 495/298/5925
f 796/1498/5926 787/1780/5926 786/1499/5926
f 406/235/5927 407/234/5927 1513/1198/5927
f 342/1502/5928 343/498/5928 166/218/5928
f 1694/1503/5929 1659/1576/5929 1658/825/5929
f 1692/1505/5930 1687/3508/5930 1694/1503/5930
f 3557/1507/5931 1693/1016/5931 1652/1508/5931
f 3921/1509/5932 1704/1530/5932 1703/1510/5932
f 326/1321/5933 547/431/5933 302/257/5933
f 3916/1512/5934 3921/1509/5934 1702/1513/5934
f 3919/1515/5935 3918/1520/5935 1698/1516/5935
f 1699/1518/5936 1691/3926/5936 3927/1519/5936
f 1557/1328/5937 406/235/5937 1560/1501/5937
f 1127/551/5938 1116/545/5938 1117/547/5938
f 400/386/5939 401/249/5939 289/175/5939
f 1706/1514/5940 1702/1513/5940 1707/1523/5940
f 1707/1523/5941 1702/1513/5941 1599/1525/5941
f 1709/1000/5942 1706/1514/5942 1708/1524/5942
f 1714/1527/5943 1712/1553/5943 1711/1528/5943
f 3919/1515/5944 3915/1788/5944 1709/1000/5944
f 1704/1530/5945 1711/1528/5945 1577/1531/5945
f 1716/1532/5946 1714/1527/5946 1713/1529/5946
f 1559/1330/5947 1562/1329/5947 1549/1222/5947
f 1722/1534/5948 1721/1557/5948 1720/1535/5948
f 1335/1537/5949 597/726/5949 596/728/5949
f 410/238/5950 411/237/5950 377/474/5950
f 973/506/5951 1170/595/5951 1163/580/5951
f 168/114/5952 169/113/5952 399/1352/5952
f 1571/813/5953 682/1542/5953 1089/1540/5953
f 1572/1541/5954 681/1418/5954 682/1542/5954
f 749/1543/5955 646/365/5955 647/367/5955
f 1730/1545/5956 1724/1554/5956 1723/1546/5956
f 1594/1385/5957 1582/1382/5957 1729/1547/5957
f 1729/1547/5958 1723/1546/5958 1591/1548/5958
f 1384/1550/5959 1378/715/5959 1377/717/5959
f 1732/1552/5960 1731/1549/5960 1712/1553/5960
f 1724/1554/5961 1730/1545/5961 1731/1549/5961
f 1722/1534/5962 1724/1554/5962 1732/1552/5962
f 1721/1557/5963 1722/1534/5963 1733/1556/5963
f 1734/1558/5964 1733/1556/5964 1716/1532/5964
f 1735/1560/5965 1737/1568/5965 1736/1561/5965
f 1733/1556/5966 1732/1552/5966 1714/1527/5966
f 1663/1446/5967 1664/1473/5967 1741/1563/5967
f 1742/1564/5968 1665/1569/5968 1740/1565/5968
f 1738/1567/5969 1739/1582/5969 1737/1568/5969
f 1665/1569/5970 1660/1448/5970 1666/1469/5970
f 1665/1569/5971 1742/1564/5971 1744/1570/5971
f 1725/1571/5972 1726/1583/5972 1746/1572/5972
f 1591/1548/5973 1725/1571/5973 1745/1573/5973
f 1590/1391/5974 1745/1573/5974 1747/1574/5974
f 1745/1573/5975 1746/1572/5975 1748/1575/5975
f 1659/1576/5976 1688/3953/5976 3538/1577/5976
f 3287/1578/5977 1760/2207/5977 3545/1579/5977
f 1185/591/5978 1177/589/5978 1182/895/5978
f 1664/1473/5979 1744/1570/5979 1749/1581/5979
f 1741/1563/5980 1749/1581/5980 1739/1582/5980
f 1746/1572/5981 1742/1564/5981 1743/1566/5981
f 1726/1583/5982 1744/1570/5982 1742/1564/5982
f 1115/1585/5983 924/1584/5983 1153/574/5983
f 1654/1586/5984 3546/3931/5984 3575/1587/5984
f 1896/1589/5985 3562/1933/5985 3549/1590/5985
f 1720/1535/5986 1749/1581/5986 1744/1570/5986
f 1721/1557/5987 1739/1582/5987 1749/1581/5987
f 1750/1591/5988 1718/1841/5988 1701/1517/5988
f 1697/1562/5989 1736/1561/5989 1750/1591/5989
f 1151/566/5990 1152/579/5990 1063/539/5990
f 1751/1592/5991 1752/1593/5991 1670/1047/5991
f 1695/1504/5992 1658/825/5992 1752/1593/5992
f 961/492/5993 962/491/5993 986/1594/5993
f 1770/1595/5994 1769/1619/5994 1768/1596/5994
f 1766/1597/5995 1594/1385/5995 1593/1387/5995
f 1731/1549/5996 1759/3895/5996 1579/1599/5996
f 1579/1599/5997 1777/1607/5997 1774/1600/5997
f 3928/1602/5998 1772/1612/5998 1771/1603/5998
f 1764/1605/5999 1772/1612/5999 3928/1602/5999
f 1777/1607/6000 1776/1630/6000 1775/1608/6000
f 3762/1609/6001 3763/2780/6001 1699/1518/6001
f 1004/1610/6002 1127/551/6002 1128/1522/6002
f 1774/1600/6003 1775/1608/6003 1771/1603/6003
f 987/1613/6004 1400/749/6004 1399/748/6004
f 1578/1601/6005 1774/1600/6005 1772/1612/6005
f 1783/1614/6006 1782/1696/6006 1781/1615/6006
f 1597/1397/6007 1598/1396/6007 1770/1595/6007
f 639/1453/6008 1878/1731/6008 3895/1617/6008
f 3928/1602/6009 3929/1604/6009 1769/1619/6009
f 1793/1620/6010 1792/2099/6010 1789/1621/6010
f 3929/1604/6011 3920/1632/6011 1798/1623/6011
f 3508/1624/6012 3516/3950/6012 3773/1625/6012
f 1802/1626/6013 1867/1709/6013 3924/1172/6013
f 1788/1622/6014 1790/1678/6014 1794/1628/6014
f 1793/1620/6015 1794/1628/6015 1795/1629/6015
f 3773/1625/6016 3772/1648/6016 1675/862/6016
f 1584/1631/6017 1581/1380/6017 1783/1614/6017
f 1771/1603/6018 1797/1636/6018 3920/1632/6018
f 1801/1633/6019 1799/1635/6019 1798/1623/6019
f 1768/1596/6020 1769/1619/6020 1798/1623/6020
f 1775/1608/6021 1796/1637/6021 1797/1636/6021
f 508/1360/6022 514/554/6022 515/556/6022
f 1796/1637/6023 1803/1708/6023 1802/1626/6023
f 1800/1634/6024 1798/1623/6024 3920/1632/6024
f 1794/1628/6025 1805/1673/6025 1804/1638/6025
f 3532/1639/6026 1670/1047/6026 1752/1593/6026
f 485/1641/6027 1808/1645/6027 1807/1018/6027
f 3809/413/6028 3844/2092/6028 1640/1642/6028
f 3837/1643/6029 3844/2092/6029 1810/1169/6029
f 485/1641/6030 482/291/6030 1640/1642/6030
f 1690/1646/6031 1691/3926/6031 3770/1647/6031
f 487/295/6032 488/414/6032 1648/1442/6032
f 3839/1650/6033 1813/3880/6033 1816/1651/6033
f 3838/1653/6034 1811/1649/6034 1648/1442/6034
f 3839/1650/6035 1812/1654/6035 1811/1649/6035
f 1812/1654/6036 1809/1660/6036 487/295/6036
f 1641/1655/6037 1809/1660/6037 767/1656/6037
f 465/289/6038 466/288/6038 755/401/6038
f 767/1656/6039 1815/1661/6039 3823/1657/6039
f 3822/1652/6040 1816/1651/6040 3826/1658/6040
f 1809/1660/6041 1812/1654/6041 1815/1661/6041
f 3837/1643/6042 1653/1644/6042 1651/1459/6042
f 675/1662/6043 672/3186/6043 3541/1663/6043
f 1814/1665/6044 1649/1444/6044 1822/1666/6044
f 1821/1667/6045 1822/1666/6045 3821/1668/6045
f 1824/1670/6046 1822/1666/6046 1649/1444/6046
f 1827/1672/6047 1849/986/6047 1850/957/6047
f 1668/1475/6048 1669/1049/6048 1662/1674/6048
f 1779/1675/6049 1780/1747/6049 1848/1676/6049
f 1790/1678/6050 1827/1672/6050 1805/1673/6050
f 1833/1679/6051 1836/3184/6051 1853/1680/6051
f 3521/1682/6052 3506/1735/6052 693/381/6052
f 1614/1683/6053 1615/1721/6053 1616/1684/6053
f 1852/1681/6054 1853/1680/6054 3498/1686/6054
f 1620/1688/6055 1621/2326/6055 1622/1689/6055
f 1855/1691/6056 1765/1598/6056 1574/1692/6056
f 1847/1694/6057 1852/1681/6057 3501/1687/6057
f 1766/1597/6058 1765/1598/6058 1855/1691/6058
f 1629/1697/6059 1630/2311/6059 1631/1698/6059
f 1633/1700/6060 1622/1689/6060 1634/1701/6060
f 1635/1703/6061 1636/2331/6061 1637/1704/6061
f 1848/1676/6062 1833/1679/6062 1852/1681/6062
f 1855/1691/6063 1861/1693/6063 1863/1706/6063
f 1803/1708/6064 1866/3870/6064 1867/1709/6064
f 1862/1707/6065 1863/1706/6065 1831/1710/6065
f 1782/1696/6066 1855/1691/6066 1862/1707/6066
f 3922/1627/6067 3924/1172/6067 1865/948/6067
f 1873/1712/6068 1872/2117/6068 1870/1713/6068
f 1874/1715/6069 1869/1714/6069 799/1716/6069
f 2045/1718/6070 3878/1937/6070 3897/1719/6070
f 1219/610/6071 1345/663/6071 1295/667/6071
f 1615/1721/6072 1614/1683/6072 1396/1471/6072
f 3884/1618/6073 3895/1617/6073 1877/1723/6073
f 645/1725/6074 3898/2757/6074 3786/1726/6074
f 1345/663/6075 1219/610/6075 1035/534/6075
f 634/1451/6076 639/1453/6076 3884/1618/6076
f 15/8/6077 1887/3468/6077 1327/1729/6077
f 3910/1730/6078 3895/1617/6078 1878/1731/6078
f 1894/1733/6079 604/1850/6079 605/1734/6079
f 3506/1735/6080 3551/1899/6080 627/1495/6080
f 3560/1736/6081 640/1452/6081 645/1725/6081
f 340/500/6082 341/499/6082 454/275/6082
f 1897/1737/6083 194/124/6083 195/126/6083
f 1889/1739/6084 1882/1920/6084 1877/1723/6084
f 1901/1741/6085 94/69/6085 129/88/6085
f 196/125/6086 749/1543/6086 754/1544/6086
f 1705/1744/6087 1704/1530/6087 3921/1509/6087
f 340/500/6088 378/216/6088 166/218/6088
f 1570/1745/6089 1480/969/6089 563/968/6089
f 1904/1746/6090 1494/996/6090 194/124/6090
f 1781/1615/6091 1862/1707/6091 1832/1711/6091
f 1905/1748/6092 549/1184/6092 55/38/6092
f 1000/1750/6093 994/1796/6093 995/1751/6093
f 986/1594/6094 919/527/6094 920/526/6094
f 1191/597/6095 1185/591/6095 1190/892/6095
f 2094/1752/6096 2077/1982/6096 2075/1753/6096
f 1920/1755/6097 1921/2196/6097 1919/1756/6097
f 453/276/6098 454/275/6098 1912/1758/6098
f 1915/1757/6099 1919/1756/6099 1918/1760/6099
f 3882/1762/6100 2112/1890/6100 2106/1763/6100
f 1655/1588/6101 3575/1587/6101 3531/1765/6101
f 1916/1761/6102 1918/1760/6102 1926/1767/6102
f 704/389/6103 3554/820/6103 3561/1769/6103
f 278/168/6104 1916/1761/6104 1925/1768/6104
f 3565/1770/6105 3564/2811/6105 1818/1771/6105
f 1097/543/6106 949/553/6106 1115/1585/6106
f 1927/1773/6107 1928/2201/6107 727/375/6107
f 3578/1774/6108 3579/3584/6108 3654/1775/6108
f 1920/1755/6109 310/184/6109 307/186/6109
f 1929/1777/6110 307/186/6110 48/31/6110
f 503/356/6111 504/358/6111 1497/1778/6111
f 1902/1779/6112 1903/2111/6112 787/1780/6112
f 1816/1651/6113 1821/1667/6113 3820/1669/6113
f 1925/1768/6114 1926/1767/6114 1923/628/6114
f 1535/1782/6115 1569/1819/6115 1568/1783/6115
f 254/244/6116 252/145/6116 258/147/6116
f 1509/1046/6117 1497/1778/6117 366/208/6117
f 119/194/6118 86/63/6118 35/1785/6118
f 219/464/6119 288/172/6119 293/1088/6119
f 141/174/6120 46/32/6120 47/191/6120
f 542/470/6121 205/316/6121 244/318/6121
f 1940/1787/6122 552/1276/6122 430/263/6122
f 1779/1675/6123 1828/1677/6123 1827/1672/6123
f 1701/1517/6124 1710/1842/6124 3915/1788/6124
f 1661/1447/6125 3550/3898/6125 3515/1789/6125
f 270/162/6126 53/37/6126 754/1544/6126
f 197/1314/6127 1947/2080/6127 749/1543/6127
f 1727/1790/6128 1728/3193/6128 1212/1791/6128
f 53/37/6129 54/39/6129 232/1743/6129
f 1465/894/6130 1468/896/6130 1479/962/6130
f 1284/1792/6131 3862/640/6131 3854/1793/6131
f 1951/1794/6132 446/324/6132 412/241/6132
f 168/114/6133 398/1539/6133 1554/1795/6133
f 1486/1039/6134 1485/1097/6134 206/129/6134
f 506/1192/6135 77/56/6135 78/58/6135
f 994/1796/6136 1001/1986/6136 1007/518/6136
f 951/479/6137 953/1296/6137 963/507/6137
f 1013/550/6138 3859/863/6138 3861/670/6138
f 3826/1658/6139 3820/1669/6139 1820/1772/6139
f 1498/1223/6140 1909/1814/6140 1954/1799/6140
f 299/1006/6141 298/1407/6141 543/1800/6141
f 1754/1801/6142 1755/2271/6142 1756/1802/6142
f 1681/1804/6143 469/302/6143 1683/1805/6143
f 1696/1506/6144 1694/1503/6144 1695/1504/6144
f 13/7/6145 14/9/6145 738/1807/6145
f 473/420/6146 476/2205/6146 475/416/6146
f 482/291/6147 1641/1655/6147 768/411/6147
f 204/1809/6148 62/43/6148 30/14/6148
f 1761/1810/6149 1762/2739/6149 820/1811/6149
f 611/738/6150 1763/3241/6150 1125/1812/6150
f 1501/1007/6151 1503/2788/6151 1908/1813/6151
f 1074/1104/6152 1073/1103/6152 711/809/6152
f 1960/1815/6153 1944/1912/6153 82/61/6153
f 120/1816/6154 1956/1911/6154 1960/1815/6154
f 35/1785/6155 86/63/6155 87/78/6155
f 1773/1817/6156 1199/1231/6156 1025/1060/6156
f 1965/1818/6157 1545/1200/6157 1569/1819/6157
f 494/299/6158 761/408/6158 471/1426/6158
f 1966/1820/6159 1967/1824/6159 1969/1821/6159
f 446/324/6160 1951/1794/6160 1971/1823/6160
f 174/115/6161 368/209/6161 125/86/6161
f 1580/1555/6162 1579/1599/6162 1578/1601/6162
f 1785/1825/6163 1786/2724/6163 1787/1826/6163
f 1972/1828/6164 1546/2225/6164 304/1199/6164
f 1254/1273/6165 876/931/6165 875/1035/6165
f 1973/1829/6166 341/499/6166 342/1502/6166
f 321/1830/6167 1912/1758/6167 1973/1829/6167
f 1910/1831/6168 277/242/6168 275/243/6168
f 509/984/6169 1973/1829/6169 514/554/6169
f 1486/1039/6170 1507/1038/6170 1527/1833/6170
f 1974/1834/6171 1874/1715/6171 804/1717/6171
f 1977/1836/6172 1976/3511/6172 1974/1834/6172
f 1980/1838/6173 448/1848/6173 1966/1820/6173
f 379/219/6174 1/3/6174 2/2/6174
f 1718/1841/6175 1715/1533/6175 1710/1842/6175
f 884/462/6176 995/1751/6176 992/513/6176
f 1680/1844/6177 1684/3934/6177 1678/1015/6177
f 902/1845/6178 990/2760/6178 525/1846/6178
f 344/1005/6179 255/149/6179 256/148/6179
f 135/1847/6180 138/1126/6180 137/427/6180
f 448/1848/6181 446/324/6181 1967/1824/6181
f 589/1849/6182 605/1734/6182 604/1850/6182
f 910/712/6183 909/1139/6183 908/716/6183
f 1981/1839/6184 1966/1820/6184 1968/1822/6184
f 1982/1852/6185 1981/1839/6185 1987/1851/6185
f 1988/1854/6186 1979/1853/6186 1987/1851/6186
f 1990/1856/6187 1988/1854/6187 1989/1855/6187
f 1991/1857/6188 1989/1855/6188 1993/1858/6188
f 322/1860/6189 321/1830/6189 320/983/6189
f 992/513/6190 828/454/6190 830/472/6190
f 1144/578/6191 1076/565/6191 1086/568/6191
f 1995/1863/6192 1977/1836/6192 1978/1837/6192
f 1133/558/6193 1129/560/6193 1118/546/6193
f 1997/1865/6194 1995/1863/6194 1994/1864/6194
f 870/927/6195 1823/1884/6195 1335/1537/6195
f 805/443/6196 806/442/6196 1982/1852/6196
f 727/375/6197 184/374/6197 2000/1868/6197
f 1996/1866/6198 1994/1864/6198 1988/1854/6198
f 1994/1864/6199 1978/1837/6199 1979/1853/6199
f 1829/1870/6200 616/740/6200 792/1871/6200
f 1830/1872/6201 1073/1103/6201 941/982/6201
f 798/1873/6202 803/1489/6202 800/441/6202
f 729/1874/6203 732/2883/6203 731/1875/6203
f 2011/1876/6204 2012/2802/6204 2023/1877/6204
f 1834/1879/6205 1835/2845/6205 846/908/6205
f 402/1493/6206 283/171/6206 284/224/6206
f 2022/1878/6207 2023/1877/6207 2024/1881/6207
f 1838/1883/6208 718/1948/6208 989/1024/6208
f 810/515/6209 955/1295/6209 952/1297/6209
f 1823/1884/6210 1839/2741/6210 1840/1885/6210
f 1430/822/6211 1426/821/6211 1432/834/6211
f 1215/1887/6212 844/1245/6212 1841/1888/6212
f 1316/1372/6213 1208/2819/6213 873/929/6213
f 2112/1890/6214 1401/2337/6214 1384/1550/6214
f 1842/1891/6215 1843/2769/6215 1844/1892/6215
f 1159/1880/6216 846/908/6216 845/907/6216
f 837/901/6217 27/26/6217 1846/1894/6217
f 1971/1823/6218 1951/1794/6218 2030/1895/6218
f 517/1897/6219 369/433/6219 370/434/6219
f 1471/933/6220 2026/1923/6220 2027/1896/6220
f 3551/1899/6221 3525/1203/6221 626/1496/6221
f 2174/1900/6222 2175/3580/6222 770/1901/6222
f 935/1045/6223 934/974/6223 1854/1902/6223
f 1613/1484/6224 1619/1949/6224 1611/1903/6224
f 1231/621/6225 1228/623/6225 1225/609/6225
f 1856/1905/6226 1857/2779/6226 891/941/6226
f 1300/638/6227 1309/637/6227 748/1906/6227
f 1150/1907/6228 1149/2264/6228 1858/1908/6228
f 1643/1421/6229 606/359/6229 696/1234/6229
f 1215/1887/6230 1265/1299/6230 1264/1910/6230
f 1320/1377/6231 1860/2837/6231 902/1845/6231
f 1956/1911/6232 1943/3865/6232 1944/1912/6232
f 2031/1913/6233 668/1449/6233 669/1450/6233
f 2034/1915/6234 1325/644/6234 1310/646/6234
f 1879/1916/6235 1880/2096/6235 1656/1491/6235
f 40/1305/6236 245/1786/6236 242/440/6236
f 1992/1859/6237 1993/1858/6237 2039/1918/6237
f 888/1919/6238 958/999/6238 957/998/6238
f 1882/1920/6239 1889/1739/6239 1996/1866/6239
f 1078/1112/6240 1138/2830/6240 1255/1274/6240
f 1871/1921/6241 912/2728/6241 1192/1922/6241
f 294/524/6242 411/237/6242 218/1212/6242
f 1323/645/6243 2041/1925/6243 2026/1923/6243
f 123/981/6244 1960/1815/6244 83/60/6244
f 1324/1924/6245 2036/1927/6245 2041/1925/6245
f 384/1463/6246 358/199/6246 359/260/6246
f 1324/1924/6247 1325/644/6247 2038/1926/6247
f 1883/1928/6248 1884/2082/6248 1885/1929/6248
f 287/1165/6249 1540/1164/6249 114/155/6249
f 1096/1128/6250 1886/2340/6250 1134/1177/6250
f 915/956/6251 1329/1414/6251 931/972/6251
f 806/442/6252 1980/1838/6252 1981/1839/6252
f 3533/1930/6253 3529/1467/6253 584/1462/6253
f 1425/800/6254 2030/1895/6254 2042/1931/6254
f 1018/530/6255 2042/1931/6255 1948/1932/6255
f 3562/1933/6256 1896/1589/6256 740/1934/6256
f 1948/1932/6257 2042/1931/6257 649/1935/6257
f 1881/1936/6258 1882/1920/6258 1990/1856/6258
f 1900/1742/6259 129/88/6259 130/1157/6259
f 992/513/6260 995/1751/6260 994/1796/6260
f 923/476/6261 927/493/6261 925/496/6261
f 3878/1937/6262 2045/1718/6262 2047/1938/6262
f 1643/1421/6263 2048/1975/6263 625/1940/6263
f 2050/1941/6264 2052/1961/6264 2051/1942/6264
f 2045/1718/6265 1405/844/6265 1404/759/6265
f 3876/1939/6266 2047/1938/6266 945/1944/6266
f 1139/1181/6267 1080/1113/6267 1079/1115/6267
f 1037/1069/6268 1856/1905/6268 892/940/6268
f 2055/1945/6269 2053/2009/6269 2057/1946/6269
f 1198/1228/6270 989/1024/6270 718/1948/6270
f 1619/1949/6271 2058/1951/6271 1612/1950/6271
f 2058/1951/6272 1605/1954/6272 1606/1952/6272
f 2059/1953/6273 2060/2882/6273 1607/1406/6273
f 2058/1951/6274 1619/1949/6274 1624/1476/6274
f 71/1955/6275 72/50/6275 179/118/6275
f 405/233/6276 406/235/6276 1557/1328/6276
f 322/1860/6277 1548/2355/6277 1972/1828/6277
f 2061/1956/6278 2052/1961/6278 2063/1957/6278
f 2066/1959/6279 2065/1969/6279 2067/1960/6279
f 2052/1961/6280 2061/1956/6280 2064/1962/6280
f 1609/1963/6281 1610/1404/6281 2066/1959/6281
f 1515/1965/6282 151/101/6282 152/1441/6282
f 1009/522/6283 827/514/6283 993/1797/6283
f 1644/1420/6284 3843/1428/6284 3815/1967/6284
f 279/1030/6285 1915/1757/6285 1916/1761/6285
f 1285/1968/6286 3863/639/6286 3862/640/6286
f 1647/1964/6287 2066/1959/6287 1825/1671/6287
f 2056/1947/6288 2057/1946/6288 2067/1960/6288
f 319/1861/6289 320/983/6289 1953/1970/6289
f 667/777/6290 666/2278/6290 1913/1972/6290
f 2070/1974/6291 631/1316/6291 625/1940/6291
f 2052/1961/6292 2050/1941/6292 2055/1945/6292
f 2038/1926/6293 1654/1586/6293 1655/1588/6293
f 1606/1952/6294 1601/1400/6294 2073/1977/6294
f 1235/1979/6295 1917/2851/6295 1270/1980/6295
f 2072/1978/6296 2073/1977/6296 2075/1753/6296
f 2059/1953/6297 1606/1952/6297 2072/1978/6297
f 2074/1981/6298 2075/1753/6298 2077/1982/6298
f 1601/1400/6299 1602/1399/6299 2078/1984/6299
f 2049/1943/6300 2048/1975/6300 1643/1421/6300
f 1000/1750/6301 1004/1610/6301 1001/1986/6301
f 1089/1540/6302 943/2088/6302 684/369/6302
f 1931/1987/6303 1286/2354/6303 1306/1364/6303
f 1462/1989/6304 1459/880/6304 1021/533/6304
f 1932/1990/6305 1933/3405/6305 1934/1991/6305
f 875/1035/6306 874/930/6306 1846/1894/6306
f 1936/1993/6307 1051/1080/6307 1937/1994/6307
f 44/140/6308 45/33/6308 46/32/6308
f 1534/1784/6309 1955/3488/6309 1956/1911/6309
f 1541/1162/6310 318/181/6310 317/183/6310
f 2081/1996/6311 2082/2006/6311 2084/1997/6311
f 146/557/6312 1945/3866/6312 1959/1999/6312
f 1360/2001/6313 1941/2194/6313 1942/2002/6313
f 985/1023/6314 984/1022/6314 1032/1066/6314
f 1995/1863/6315 1997/1865/6315 1892/2003/6315
f 2079/2005/6316 2080/2338/6316 2082/2006/6316
f 2095/2007/6317 2096/2021/6317 2076/1983/6317
f 2081/1996/6318 2093/1754/6318 2078/1984/6318
f 2055/1945/6319 2050/1941/6319 2054/2008/6319
f 501/456/6320 2096/2021/6320 2095/2007/6320
f 2097/2010/6321 2100/630/6321 2099/2011/6321
f 2098/2012/6322 2099/2011/6322 2094/1752/6322
f 2140/2013/6323 2141/2016/6323 3893/2014/6323
f 2141/2016/6324 2046/2133/6324 3894/2017/6324
f 2051/1942/6325 2070/1974/6325 2048/1975/6325
f 592/352/6326 2102/2022/6326 2101/2018/6326
f 2071/2020/6327 2064/1962/6327 2076/1983/6327
f 2102/2022/6328 2097/2010/6328 2098/2012/6328
f 593/2023/6329 2103/2044/6329 2102/2022/6329
f 1019/529/6330 1895/2270/6330 746/1283/6330
f 1950/2024/6331 11/2191/6331 12/2025/6331
f 725/396/6332 2071/2020/6332 2096/2021/6332
f 1385/791/6333 2105/2046/6333 2104/2026/6333
f 1379/1551/6334 2104/2026/6334 2106/1763/6334
f 2107/2027/6335 2108/3944/6335 2100/630/6335
f 3908/2028/6336 726/397/6336 502/303/6336
f 3896/2029/6337 502/303/6337 499/305/6337
f 940/2030/6338 1389/2037/6338 2109/2031/6338
f 928/2032/6339 929/755/6339 1170/595/6339
f 3868/2033/6340 590/351/6340 684/369/6340
f 1962/2034/6341 1963/2350/6341 1964/2035/6341
f 3878/1937/6342 680/1417/6342 573/345/6342
f 2039/1918/6343 1993/1858/6343 1968/1822/6343
f 1389/2037/6344 1390/724/6344 2110/2038/6344
f 1398/747/6345 2111/2124/6345 2113/2039/6345
f 3757/2040/6346 3755/3310/6346 3753/2041/6346
f 3911/2043/6347 3883/2123/6347 2107/2027/6347
f 949/553/6348 923/476/6348 924/1584/6348
f 260/150/6349 241/187/6349 324/189/6349
f 1390/724/6350 1397/746/6350 2113/2039/6350
f 2070/1974/6351 2051/1942/6351 2064/1962/6351
f 3867/2045/6352 3911/2043/6352 2103/2044/6352
f 2105/2046/6353 1385/791/6353 1421/792/6353
f 2114/2047/6354 1421/792/6354 1423/797/6354
f 3892/2049/6355 2114/2047/6355 2115/2048/6355
f 3908/2028/6356 2105/2046/6356 2114/2047/6356
f 554/1456/6357 2116/2198/6357 1902/1779/6357
f 972/505/6358 1163/580/6358 967/497/6358
f 1765/1598/6359 1593/1387/6359 1573/2051/6359
f 1984/2052/6360 1985/2224/6360 1986/2053/6360
f 2053/2009/6361 2117/887/6361 2069/2055/6361
f 3573/2056/6362 3556/3129/6362 724/2057/6362
f 1625/1485/6363 1677/1482/6363 1674/1483/6363
f 3881/2058/6364 3888/2118/6364 2119/2059/6364
f 3903/2050/6365 2115/2048/6365 2123/2061/6365
f 56/161/6366 1954/1799/6366 1906/1749/6366
f 626/1496/6367 3877/1202/6367 3879/2063/6367
f 2001/2064/6368 2002/2245/6368 2003/2065/6368
f 3912/2067/6369 3841/2114/6369 2127/2068/6369
f 2006/2070/6370 2007/2461/6370 2008/2071/6370
f 2127/2068/6371 1413/779/6371 1412/764/6371
f 2014/2074/6372 2015/2263/6372 2016/2075/6372
f 2018/2077/6373 2019/2889/6373 2020/2078/6373
f 1495/997/6374 1424/804/6374 1947/2080/6374
f 1379/1551/6375 1377/717/6375 1386/786/6375
f 3814/1410/6376 3811/1488/6376 1680/1844/6376
f 2029/2081/6377 1885/1929/6377 1884/2082/6377
f 3902/2084/6378 2128/2073/6378 2120/2085/6378
f 629/1494/6379 3879/2063/6379 3914/631/6379
f 682/1542/6380 683/2797/6380 943/2088/6380
f 724/2057/6381 1650/2184/6381 2121/2089/6381
f 1757/991/6382 1819/2825/6382 3821/1668/6382
f 765/2091/6383 1810/1169/6383 3844/2092/6383
f 3851/2093/6384 714/376/6384 715/378/6384
f 706/1340/6385 707/1339/6385 3870/2095/6385
f 981/508/6386 986/1594/6386 987/1613/6386
f 1457/871/6387 1868/1766/6387 1656/1491/6387
f 2017/2076/6388 2016/2075/6388 2032/2097/6388
f 1458/1976/6389 1655/1588/6389 1868/1766/6389
f 1776/1630/6390 1777/1607/6390 1792/2099/6390
f 1959/1999/6391 1945/3866/6391 1946/2100/6391
f 3663/805/6392 3715/3643/6392 3725/2102/6392
f 3913/2104/6393 3881/2058/6393 2122/2060/6393
f 1093/811/6394 1089/1540/6394 689/368/6394
f 966/495/6395 965/494/6395 968/502/6395
f 3852/2094/6396 715/378/6396 3881/2058/6396
f 2172/2106/6397 3577/3579/6397 2170/2107/6397
f 670/613/6398 2138/2116/6398 2137/2109/6398
f 3761/2110/6399 787/1780/6399 1903/2111/6399
f 1429/823/6400 19/11/6400 28/2112/6400
f 964/1798/6401 963/507/6401 978/509/6401
f 3841/2114/6402 3813/782/6402 1413/779/6402
f 1473/2115/6403 1474/1914/6403 669/1450/6403
f 3834/680/6404 3833/681/6404 1359/706/6404
f 2138/2116/6405 798/1873/6405 1870/1713/6405
f 1872/2117/6406 1473/2115/6406 2137/2109/6406
f 715/378/6407 716/377/6407 3888/2118/6407
f 1881/1936/6408 1991/1857/6408 1992/1859/6408
f 3843/1428/6409 3842/1427/6409 739/482/6409
f 1837/2119/6410 1847/1694/6410 3513/1695/6410
f 253/146/6411 58/41/6411 59/62/6411
f 1808/1645/6412 3837/1643/6412 3840/1019/6412
f 1647/1964/6413 3832/1443/6413 3818/2121/6413
f 3865/2122/6414 3866/2015/6414 671/611/6414
f 2112/1890/6415 3882/1762/6415 3883/2123/6415
f 1405/844/6416 2045/1718/6416 2044/1720/6416
f 3829/691/6417 3824/690/6417 1364/2125/6417
f 273/1163/6418 1541/1162/6418 391/230/6418
f 576/392/6419 632/2493/6419 3520/2127/6419
f 3875/2129/6420 3865/2122/6420 668/1449/6420
f 1430/822/6421 1431/1886/6421 2140/2013/6421
f 2136/2131/6422 3850/2105/6422 3860/849/6422
f 1430/822/6423 2139/2130/6423 18/12/6423
f 3893/2014/6424 3894/2017/6424 570/347/6424
f 1442/835/6425 1439/828/6425 2046/2133/6425
f 1431/1886/6426 1442/835/6426 2141/2016/6426
f 3869/2134/6427 3913/2104/6427 3850/2105/6427
f 3808/412/6428 3823/1657/6428 1817/2135/6428
f 3866/2015/6429 3893/2014/6429 695/2132/6429
f 2142/2137/6430 2025/1882/6430 798/1873/6430
f 571/346/6431 2143/2138/6431 2142/2137/6431
f 3819/1411/6432 3814/1410/6432 1618/1904/6432
f 2143/2138/6433 2022/1878/6433 2025/1882/6433
f 694/612/6434 2142/2137/6434 2138/2116/6434
f 681/1418/6435 1572/1541/6435 2144/2139/6435
f 2144/2139/6436 2011/1876/6436 2022/1878/6436
f 328/394/6437 210/134/6437 457/635/6437
f 1572/1541/6438 2010/2801/6438 2011/1876/6438
f 630/395/6439 3892/2049/6439 3903/2050/6439
f 2085/2140/6440 2086/3946/6440 2087/2141/6440
f 2090/2143/6441 2091/3489/6441 2092/2144/6441
f 572/1416/6442 2144/2139/6442 2143/2138/6442
f 1875/2146/6443 1976/3511/6443 2153/2147/6443
f 1873/1712/6444 1875/2146/6444 2149/2148/6444
f 2103/2044/6445 2107/2027/6445 2097/2010/6445
f 2157/2150/6446 2043/2004/6446 2155/2151/6446
f 2128/2073/6447 1412/764/6447 1414/766/6447
f 3874/2153/6448 3871/2166/6448 589/1849/6448
f 3872/2087/6449 3870/2095/6449 628/2154/6449
f 2149/2148/6450 2153/2147/6450 2158/2155/6450
f 2159/2156/6451 2158/2155/6451 3905/2157/6451
f 698/388/6452 3907/2069/6452 3902/2084/6452
f 3823/1657/6453 3847/1659/6453 3827/2160/6453
f 2158/2155/6454 2156/2152/6454 3874/2153/6454
f 1438/830/6455 2044/1720/6455 2046/2133/6455
f 2035/2161/6456 2154/2149/6456 2160/2162/6456
f 2161/2163/6457 2160/2162/6457 3889/2164/6457
f 3871/2166/6458 3891/2171/6458 605/1734/6458
f 3873/2167/6459 17/10/6459 18/12/6459
f 370/434/6460 29/15/6460 61/44/6460
f 649/1935/6461 1951/1794/6461 413/240/6461
f 2153/2147/6462 2157/2150/6462 2156/2152/6462
f 1428/2168/6463 1429/823/6463 1449/2113/6463
f 1490/1027/6464 76/53/6464 73/55/6464
f 3890/2158/6465 3905/2157/6465 710/1383/6465
f 2155/2151/6466 1891/2175/6466 3891/2171/6466
f 1456/872/6467 1457/871/6467 1880/2096/6467
f 2125/2172/6468 2088/2142/6468 2087/2141/6468
f 2160/2162/6469 2159/2156/6469 3890/2158/6469
f 300/2000/6470 1959/1999/6470 505/634/6470
f 1064/592/6471 1062/540/6471 1046/538/6471
f 2043/2004/6472 1892/2003/6472 1891/2175/6472
f 2129/2176/6473 2130/2276/6473 2004/2066/6473
f 2131/2177/6474 2132/3433/6474 2133/2178/6474
f 3848/850/6475 3849/909/6475 1450/2169/6475
f 1998/1867/6476 1975/1835/6476 804/1717/6476
f 3879/2063/6477 673/2296/6477 3864/2180/6477
f 474/418/6478 492/415/6478 490/1457/6478
f 1164/582/6479 1165/584/6479 1182/895/6479
f 707/1339/6480 2162/2183/6480 3909/2181/6480
f 708/2182/6481 1472/2215/6481 2162/2183/6481
f 2162/2183/6482 2161/2163/6482 3886/2165/6482
f 548/1429/6483 549/1184/6483 1905/1748/6483
f 1145/562/6484 1136/564/6484 1114/570/6484
f 705/2159/6485 2121/2089/6485 1650/2184/6485
f 2043/2004/6486 2157/2150/6486 1977/1836/6486
f 737/1808/6487 738/1807/6487 554/1456/6487
f 1034/605/6488 1195/596/6488 1191/597/6488
f 458/281/6489 1905/1748/6489 1907/1832/6489
f 195/126/6490 196/125/6490 232/1743/6490
f 2040/2185/6491 2039/1918/6491 1969/1821/6491
f 2145/2187/6492 2146/2298/6492 2147/2188/6492
f 2054/2008/6493 2050/1941/6493 2049/1943/6493
f 3832/1443/6494 1646/1434/6494 1639/1435/6494
f 9/2190/6495 12/2025/6495 11/2191/6495
f 252/145/6496 364/206/6496 506/1192/6496
f 472/300/6497 478/362/6497 479/364/6497
f 1865/948/6498 3924/1172/6498 3791/1174/6498
f 900/484/6499 903/473/6499 910/712/6499
f 1941/2194/6500 2150/2273/6500 2151/2195/6500
f 1921/2196/6501 1928/2201/6501 1927/1773/6501
f 2163/2197/6502 1897/1737/6502 1898/1738/6502
f 271/1003/6503 156/103/6503 153/105/6503
f 1904/1746/6504 1326/2200/6504 12/2025/6504
f 282/286/6505 263/156/6505 264/1147/6505
f 1872/2117/6506 1873/1712/6506 2154/2149/6506
f 1326/2200/6507 1904/1746/6507 1897/1737/6507
f 628/2154/6508 692/379/6508 693/381/6508
f 1724/1554/6509 1722/1534/6509 1719/1536/6509
f 1549/1222/6510 1562/1329/6510 436/267/6510
f 1582/1382/6511 1583/1381/6511 1730/1545/6511
f 1921/2196/6512 1920/1755/6512 1929/1777/6512
f 3563/2202/6513 3511/5225/6513 10/2192/6513
f 2152/2203/6514 2037/3915/6514 1950/2024/6514
f 475/416/6515 772/422/6515 774/425/6515
f 769/419/6516 2172/2106/6516 2171/2108/6516
f 2171/2108/6517 2165/3515/6517 476/2205/6517
f 476/2205/6518 773/421/6518 772/422/6518
f 1791/2206/6519 565/1310/6519 464/1311/6519
f 2166/2208/6520 2167/3295/6520 2168/2209/6520
f 595/354/6521 371/212/6521 372/1217/6521
f 483/293/6522 1809/1660/6522 1641/1655/6522
f 762/407/6523 2174/1900/6523 2173/853/6523
f 771/417/6524 483/293/6524 484/292/6524
f 486/296/6525 487/295/6525 1809/1660/6525
f 297/1291/6526 1549/1222/6526 1517/1185/6526
f 763/2211/6527 2175/3580/6527 2174/1900/6527
f 776/1419/6528 755/401/6528 759/403/6528
f 184/374/6529 185/166/6529 2176/2212/6529
f 412/241/6530 447/325/6530 303/1201/6530
f 2005/2213/6531 2176/2212/6531 185/166/6531
f 3811/1488/6532 1681/1804/6532 1682/1806/6532
f 2164/2214/6533 2170/2107/6533 756/426/6533
f 1472/2215/6534 2035/2161/6534 2161/2163/6534
f 950/480/6535 951/479/6535 964/1798/6535
f 2177/2216/6536 2178/3440/6536 2179/2217/6536
f 227/1218/6537 226/1051/6537 1510/1050/6537
f 2182/2219/6538 2183/2886/6538 2184/2220/6538
f 2186/2222/6539 2019/2889/6539 2018/2077/6539
f 1985/2224/6540 2182/2219/6540 2181/2221/6540
f 214/136/6541 736/2821/6541 729/1874/6541
f 865/675/6542 849/1431/6542 842/1433/6542
f 849/1431/6543 865/675/6543 1357/677/6543
f 559/1455/6544 3187/3576/6544 3188/2227/6544
f 16/2228/6545 13/7/6545 737/1808/6545
f 560/2229/6546 553/1454/6546 498/2230/6546
f 3193/2232/6547 3196/3419/6547 3195/2233/6547
f 3200/2235/6548 3197/3420/6548 3198/2236/6548
f 3211/2238/6549 3214/3525/6549 3213/2239/6549
f 3215/2241/6550 3218/2266/6550 3217/2242/6550
f 2187/2244/6551 2188/3118/6551 2002/2245/6551
f 2169/2210/6552 2168/2209/6552 2189/2246/6552
f 2192/2248/6553 2086/3946/6553 2085/2140/6553
f 2193/2250/6554 2194/3896/6554 2195/2251/6554
f 2198/2253/6555 2199/2710/6555 2200/2254/6555
f 1998/1867/6556 1982/1852/6556 1979/1853/6556
f 3664/2256/6557 3665/3143/6557 3668/2257/6557
f 2116/2198/6558 1898/1738/6558 1903/2111/6558
f 1859/1909/6559 2006/2070/6559 2009/2072/6559
f 3904/2062/6560 2123/2061/6560 2126/2259/6560
f 1135/2261/6561 1148/563/6561 1087/569/6561
f 2201/2262/6562 2202/2277/6562 2015/2263/6562
f 1149/2264/6563 111/3492/6563 110/152/6563
f 3221/2265/6564 3222/3531/6564 3218/2266/6564
f 2203/2267/6565 2204/3435/6565 2205/2268/6565
f 579/344/6566 580/343/6566 1895/2270/6566
f 1755/2271/6567 2207/2295/6567 2208/2272/6567
f 3891/2171/6568 3910/1730/6568 1893/1732/6568
f 1211/1241/6569 2151/2195/6569 2150/2273/6569
f 868/925/6570 997/1032/6570 2210/2274/6570
f 944/1393/6571 945/1944/6571 930/754/6571
f 2130/2276/6572 2129/2176/6572 2202/2277/6572
f 233/629/6573 1903/2111/6573 1898/1738/6573
f 665/776/6574 751/841/6574 750/843/6574
f 1167/1207/6575 1254/1273/6575 999/1034/6575
f 2211/2280/6576 2212/2349/6576 2213/2281/6576
f 2215/2283/6577 2216/2348/6577 2217/2284/6577
f 3867/2045/6578 593/2023/6578 590/351/6578
f 2220/2286/6579 221/2566/6579 220/306/6579
f 823/447/6580 824/489/6580 948/477/6580
f 3225/2288/6581 3220/3573/6581 3227/2289/6581
f 266/160/6582 204/1809/6582 455/469/6582
f 3882/1762/6583 2108/3944/6583 2107/2027/6583
f 2221/2291/6584 2222/3311/6584 3519/481/6584
f 2223/2292/6585 2224/3382/6585 2225/2293/6585
f 2207/2295/6586 2125/2172/6586 2124/2173/6586
f 673/2296/6587 674/3187/6587 3869/2134/6587
f 817/444/6588 1000/1750/6588 996/516/6588
f 2227/2297/6589 2228/3190/6589 2146/2298/6589
f 1947/2080/6590 1948/1932/6590 646/365/6590
f 3900/633/6591 2135/632/6591 17/10/6591
f 2229/2299/6592 1635/1703/6592 1638/1705/6592
f 1679/1486/6593 1613/1484/6593 1618/1904/6593
f 1637/1704/6594 2231/2303/6594 2232/2300/6594
f 2233/2302/6595 2234/2945/6595 1617/1685/6595
f 2231/2303/6596 2235/2330/6596 2236/2304/6596
f 1381/1464/6597 1638/1705/6597 2238/2306/6597
f 3586/2308/6598 2241/3103/6598 2242/2309/6598
f 1630/2311/6599 2234/2945/6599 2233/2302/6599
f 1681/1804/6600 1626/1487/6600 472/300/6600
f 1408/2312/6601 1407/1479/6601 2243/2313/6601
f 3236/2315/6602 3239/3530/6602 3238/2316/6602
f 3232/2318/6603 3241/3497/6603 3240/2319/6603
f 1637/1704/6604 2230/2301/6604 2238/2306/6604
f 3237/2317/6605 3238/2316/6605 3233/2321/6605
f 1409/1480/6606 1408/2312/6606 1634/1701/6606
f 1380/1466/6607 1383/1465/6607 2247/2324/6607
f 1628/1699/6608 2248/2328/6608 2245/2323/6608
f 2249/2327/6609 1623/1690/6609 1622/1689/6609
f 1632/1702/6610 1634/1701/6610 1408/2312/6610
f 2248/2328/6611 1628/1699/6611 1631/1698/6611
f 2235/2330/6612 2231/2303/6612 1637/1704/6612
f 3245/2332/6613 3246/2949/6613 3199/2237/6613
f 631/1316/6614 2070/1974/6614 2071/2020/6614
f 515/556/6615 167/555/6615 52/34/6615
f 782/858/6616 781/2875/6616 2251/2333/6616
f 2253/2334/6617 2254/3196/6617 2255/2335/6617
f 397/231/6618 281/282/6618 459/284/6618
f 1456/872/6619 2039/1918/6619 2040/2185/6619
f 2040/2185/6620 2041/1925/6620 2036/1927/6620
f 1401/2337/6621 2112/1890/6621 2111/2124/6621
f 2041/1925/6622 2040/2185/6622 1970/2186/6622
f 1535/1782/6623 121/2834/6623 414/239/6623
f 1586/1389/6624 1587/1388/6624 2080/2338/6624
f 2256/2339/6625 983/1021/6625 1132/1175/6625
f 1700/1002/6626 1699/1518/6626 3918/1520/6626
f 3815/1967/6627 1896/1589/6627 1686/1158/6627
f 1263/1298/6628 2256/2339/6628 1886/2340/6628
f 598/2341/6629 1841/1888/6629 844/1245/6629
f 2257/2342/6630 2258/2345/6630 2259/2343/6630
f 2258/2345/6631 2261/3256/6631 2262/2346/6631
f 2259/2343/6632 2262/2346/6632 2263/2347/6632
f 2260/2344/6633 2259/2343/6633 2216/2348/6633
f 1967/1824/6634 1971/1823/6634 1970/2186/6634
f 2212/2349/6635 1964/2035/6635 1963/2350/6635
f 922/2351/6636 921/960/6636 2218/2285/6636
f 1312/1369/6637 1098/1132/6637 1101/1131/6637
f 1307/2353/6638 1306/1364/6638 1286/2354/6638
f 1548/2355/6639 1569/1819/6639 1546/2225/6639
f 2266/2356/6640 2267/2416/6640 2268/2357/6640
f 2265/2358/6641 2268/2357/6641 2270/2359/6641
f 2272/2361/6642 2265/2358/6642 2269/2360/6642
f 2273/2363/6643 2266/2356/6643 2265/2358/6643
f 2275/2364/6644 2276/2440/6644 2277/2365/6644
f 2278/2367/6645 2274/2366/6645 2277/2365/6645
f 2284/2369/6646 2285/2544/6646 3617/2370/6646
f 2287/2372/6647 2283/2376/6647 2286/2373/6647
f 2288/2375/6648 2289/2593/6648 2283/2376/6648
f 2290/2377/6649 2284/2369/6649 3639/2371/6649
f 2291/2379/6650 2292/2385/6650 2293/2380/6650
f 2295/2382/6651 2291/2379/6651 2294/2381/6651
f 2296/2383/6652 2297/2384/6652 2291/2379/6652
f 2297/2384/6653 2298/2388/6653 2292/2385/6653
f 2294/2381/6654 2293/2380/6654 2299/2386/6654
f 2279/2368/6655 2294/2381/6655 2300/2387/6655
f 2298/2388/6656 2301/2396/6656 2302/2389/6656
f 2292/2385/6657 2302/2389/6657 2303/2390/6657
f 2293/2380/6658 2303/2390/6658 2304/2391/6658
f 2304/2391/6659 2305/2587/6659 2306/2392/6659
f 2308/2393/6660 2309/2614/6660 2310/2394/6660
f 2302/2389/6661 2307/2395/6661 2310/2394/6661
f 2301/2396/6662 2311/2398/6662 2307/2395/6662
f 2312/2397/6663 2308/2393/6663 2307/2395/6663
f 2313/2399/6664 2314/2506/6664 2315/2400/6664
f 2318/2402/6665 2319/2638/6665 2320/2403/6665
f 3748/2405/6666 3771/3394/6666 2322/2406/6666
f 2324/2408/6667 2325/2417/6667 2273/2363/6667
f 2313/2399/6668 2324/2408/6668 2326/2409/6668
f 2328/2411/6669 2324/2408/6669 2313/2399/6669
f 2329/2412/6670 2325/2417/6670 2324/2408/6670
f 2331/2413/6671 2332/2420/6671 2333/2414/6671
f 2330/2415/6672 2333/2414/6672 2267/2416/6672
f 2325/2417/6673 2330/2415/6673 2266/2356/6673
f 2329/2412/6674 2331/2413/6674 2330/2415/6674
f 2333/2414/6675 2334/3875/6675 2335/2418/6675
f 2336/2419/6676 2334/3875/6676 2333/2414/6676
f 2338/2421/6677 2336/2419/6677 2332/2420/6677
f 2331/2413/6678 2339/2423/6678 2337/2422/6678
f 2329/2412/6679 2340/2424/6679 2339/2423/6679
f 2328/2411/6680 2341/2425/6680 2340/2424/6680
f 2316/2401/6681 2342/2426/6681 2341/2425/6681
f 2342/2426/6682 2316/2401/6682 2315/2400/6682
f 2344/2428/6683 2345/2432/6683 2346/2429/6683
f 2341/2425/6684 2344/2428/6684 2347/2430/6684
f 2342/2426/6685 2348/2431/6685 2344/2428/6685
f 2348/2431/6686 2349/2624/6686 2345/2432/6686
f 2350/2433/6687 2351/2436/6687 2352/2434/6687
f 2339/2423/6688 2350/2433/6688 2353/2435/6688
f 2340/2424/6689 2347/2430/6689 2350/2433/6689
f 2347/2430/6690 2346/2429/6690 2351/2436/6690
f 2337/2422/6691 2353/2435/6691 2354/2437/6691
f 2353/2435/6692 2352/2434/6692 2355/2438/6692
f 2356/2439/6693 2277/2365/6693 2276/2440/6693
f 2356/2439/6694 2357/2441/6694 2358/2442/6694
f 2356/2439/6695 2359/2443/6695 2296/2383/6695
f 2279/2368/6696 2277/2365/6696 2356/2439/6696
f 2360/2444/6697 2361/2448/6697 2270/2359/6697
f 2267/2416/6698 2335/2418/6698 2360/2444/6698
f 2362/2445/6699 2363/2450/6699 2364/2446/6699
f 2362/2445/6700 2365/2447/6700 2361/2448/6700
f 2366/2449/6701 2362/2445/6701 2358/2442/6701
f 2366/2449/6702 2367/2453/6702 2363/2450/6702
f 2357/2441/6703 2276/2440/6703 2368/2451/6703
f 2366/2449/6704 2368/2451/6704 2369/2452/6704
f 2276/2440/6705 2275/2364/6705 2370/2454/6705
f 2368/2451/6706 2370/2454/6706 2282/2455/6706
f 2372/2456/6707 2373/2537/6707 2374/2457/6707
f 2375/2459/6708 2376/2656/6708 2377/2460/6708
f 2378/2462/6709 2379/2469/6709 2380/2463/6709
f 2382/2465/6710 2378/2462/6710 2381/2464/6710
f 2384/2467/6711 2385/2468/6711 2378/2462/6711
f 2385/2468/6712 2386/2691/6712 2379/2469/6712
f 2388/2470/6713 2389/2530/6713 2390/2471/6713
f 2387/2472/6714 2390/2471/6714 2392/2473/6714
f 2393/2475/6715 2394/2476/6715 2387/2472/6715
f 2394/2476/6716 2395/2560/6716 2388/2470/6716
f 2186/2222/6717 2401/2885/6717 2402/2477/6717
f 2403/2479/6718 2404/2481/6718 2327/2410/6718
f 2272/2361/6719 2403/2479/6719 2326/2409/6719
f 2271/2362/6720 2405/2480/6720 2403/2479/6720
f 2405/2480/6721 2406/2491/6721 2404/2481/6721
f 2404/2481/6722 2407/2492/6722 2408/2482/6722
f 2409/2483/6723 2410/2487/6723 2411/2484/6723
f 2409/2483/6724 2412/2485/6724 2271/2362/6724
f 2413/2486/6725 2409/2483/6725 2269/2360/6725
f 2413/2486/6726 2414/3876/6726 2410/2487/6726
f 2417/2488/6727 2415/3958/6727 2416/2489/6727
f 2417/2488/6728 2418/2490/6728 2406/2491/6728
f 2412/2485/6729 2417/2488/6729 2405/2480/6729
f 2411/2484/6730 2415/3958/6730 2417/2488/6730
f 2406/2491/6731 2419/2500/6731 2407/2492/6731
f 3569/1337/6732 3520/2127/6732 632/2493/6732
f 2420/2494/6733 2398/2501/6733 2397/2495/6733
f 2420/2494/6734 2421/2496/6734 2423/2497/6734
f 2424/2499/6735 2420/2494/6735 2422/2498/6735
f 2424/2499/6736 2399/3407/6736 2398/2501/6736
f 2425/2502/6737 2391/2474/6737 2392/2473/6737
f 2421/2496/6738 2425/2502/6738 2426/2503/6738
f 2397/2495/6739 2396/2504/6739 2425/2502/6739
f 2396/2504/6740 2393/2475/6740 2391/2474/6740
f 2427/2505/6741 2314/2506/6741 2408/2482/6741
f 2430/2508/6742 2427/2505/6742 2428/2507/6742
f 2343/2427/6743 2315/2400/6743 2427/2505/6743
f 2432/2510/6744 2343/2427/6744 2430/2508/6744
f 2431/2511/6745 2430/2508/6745 2429/2509/6745
f 2435/2513/6746 2431/2511/6746 2433/2512/6746
f 2436/2515/6747 2432/2510/6747 2431/2511/6747
f 2428/2507/6748 2408/2482/6748 2407/2492/6748
f 2422/2498/6749 2437/2516/6749 2407/2492/6749
f 2438/2517/6750 2437/2516/6750 2422/2498/6750
f 2429/2509/6751 2428/2507/6751 2437/2516/6751
f 2440/2518/6752 2434/2514/6752 2433/2512/6752
f 2441/2520/6753 2439/2519/6753 2433/2512/6753
f 2442/2521/6754 2443/2522/6754 2439/2519/6754
f 2443/2522/6755 2444/2524/6755 2440/2518/6755
f 2445/2523/6756 2446/2526/6756 2444/2524/6756
f 2447/2525/6757 2445/2523/6757 2443/2522/6757
f 2383/2466/6758 2381/2464/6758 2445/2523/6758
f 2381/2464/6759 2380/2463/6759 2446/2526/6759
f 2448/2527/6760 2438/2517/6760 2423/2497/6760
f 2449/2528/6761 2448/2527/6761 2426/2503/6761
f 2441/2520/6762 2448/2527/6762 2449/2528/6762
f 2441/2520/6763 2429/2509/6763 2438/2517/6763
f 2449/2528/6764 2392/2473/6764 2390/2471/6764
f 2450/2529/6765 2390/2471/6765 2389/2530/6765
f 2447/2525/6766 2450/2529/6766 2451/2531/6766
f 2442/2521/6767 2449/2528/6767 2450/2529/6767
f 2451/2531/6768 2389/2530/6768 2453/2532/6768
f 2452/2533/6769 2453/2532/6769 2455/2534/6769
f 2382/2465/6770 2452/2533/6770 2454/2535/6770
f 2383/2466/6771 2451/2531/6771 2452/2533/6771
f 2456/2536/6772 2457/2713/6772 2373/2537/6772
f 2459/2538/6773 2460/3957/6773 2461/2539/6773
f 2463/2541/6774 2464/2567/6774 2465/2542/6774
f 2462/2543/6775 2465/2542/6775 2285/2544/6775
f 2466/2545/6776 2462/2543/6776 2284/2369/6776
f 2467/2546/6777 2463/2541/6777 2462/2543/6777
f 2461/2539/6778 2460/3957/6778 3703/2547/6778
f 2468/2549/6779 2469/3937/6779 2470/2550/6779
f 2472/2552/6780 2468/2549/6780 2471/2551/6780
f 2474/2554/6781 2461/2539/6781 3701/2548/6781
f 2475/2556/6782 2476/3290/6782 2477/2557/6782
f 2458/2540/6783 2455/2534/6783 2453/2532/6783
f 2479/2559/6784 2453/2532/6784 2389/2530/6784
f 2395/2560/6785 2480/2561/6785 2479/2559/6785
f 2480/2561/6786 2459/2538/6786 2458/2540/6786
f 2481/2562/6787 2482/3309/6787 2483/2563/6787
f 2484/2564/6788 113/154/6788 2485/2565/6788
f 2471/2551/6789 2470/2550/6789 2464/2567/6789
f 2473/2553/6790 2471/2551/6790 2463/2541/6790
f 2487/2568/6791 2467/2546/6791 2466/2545/6791
f 2486/2569/6792 2466/2545/6792 2290/2377/6792
f 2490/2571/6793 2486/2569/6793 2488/2570/6793
f 2491/2573/6794 2487/2568/6794 2486/2569/6794
f 2492/2574/6795 2473/2553/6795 2467/2546/6795
f 2493/2575/6796 2492/2574/6796 2487/2568/6796
f 2494/2576/6797 2495/2577/6797 2492/2574/6797
f 2495/2577/6798 2472/2552/6798 2473/2553/6798
f 3690/2578/6799 2496/2580/6799 2474/2554/6799
f 3691/2579/6800 2497/3172/6800 2496/2580/6800
f 2498/2581/6801 2494/2576/6801 2493/2575/6801
f 2500/2583/6802 2498/2581/6802 2499/2582/6802
f 3700/2585/6803 3687/2586/6803 2498/2581/6803
f 3687/2586/6804 3691/2579/6804 2494/2576/6804
f 2306/2392/6805 2504/2588/6805 2278/2367/6805
f 2305/2587/6806 2505/2594/6806 2504/2588/6806
f 2504/2588/6807 2505/2594/6807 2507/2589/6807
f 2506/2590/6808 2507/2589/6808 2288/2375/6808
f 2274/2366/6809 2506/2590/6809 2508/2591/6809
f 2278/2367/6810 2504/2588/6810 2506/2590/6810
f 3633/2592/6811 3632/2611/6811 2489/2572/6811
f 3620/2378/6812 3633/2592/6812 2488/2570/6812
f 2507/2589/6813 2509/2595/6813 2289/2593/6813
f 2505/2594/6814 2510/2604/6814 2509/2595/6814
f 2508/2591/6815 2288/2375/6815 2287/2372/6815
f 2511/2596/6816 2287/2372/6816 2281/2374/6816
f 2370/2454/6817 2511/2596/6817 2280/2597/6817
f 2275/2364/6818 2508/2591/6818 2511/2596/6818
f 2512/2598/6819 2490/2571/6819 2489/2572/6819
f 2514/2600/6820 2512/2598/6820 2513/2599/6820
f 2517/2602/6821 2512/2598/6821 2514/2600/6821
f 2517/2602/6822 2491/2573/6822 2490/2571/6822
f 2499/2582/6823 2493/2575/6823 2491/2573/6823
f 2499/2582/6824 2517/2602/6824 2516/2603/6824
f 2510/2604/6825 2505/2594/6825 2519/2605/6825
f 2518/2606/6826 2519/2605/6826 2521/2607/6826
f 3616/2609/6827 2518/2606/6827 2520/2608/6827
f 3632/2611/6828 2510/2604/6828 2518/2606/6828
f 2522/2612/6829 2304/2391/6829 2303/2390/6829
f 2523/2613/6830 2522/2612/6830 2310/2394/6830
f 2305/2587/6831 2304/2391/6831 2522/2612/6831
f 2524/2615/6832 2522/2612/6832 2523/2613/6832
f 2519/2605/6833 2524/2615/6833 2525/2616/6833
f 2505/2594/6834 2305/2587/6834 2524/2615/6834
f 2308/2393/6835 2312/2397/6835 2527/2617/6835
f 2526/2618/6836 2527/2617/6836 2529/2619/6836
f 2531/2621/6837 2526/2618/6837 2528/2620/6837
f 2309/2614/6838 2308/2393/6838 2526/2618/6838
f 1214/1243/6839 2532/3080/6839 2151/2195/6839
f 2419/2500/6840 2406/2491/6840 2418/2490/6840
f 2533/2623/6841 2345/2432/6841 2349/2624/6841
f 2534/2625/6842 2533/2623/6842 2317/2404/6842
f 2535/2626/6843 2536/2627/6843 2533/2623/6843
f 2536/2627/6844 2346/2429/6844 2345/2432/6844
f 2537/2628/6845 2351/2436/6845 2346/2429/6845
f 2538/2629/6846 2537/2628/6846 2536/2627/6846
f 2539/2630/6847 2540/2631/6847 2537/2628/6847
f 2540/2631/6848 2352/2434/6848 2351/2436/6848
f 2312/2397/6849 2355/2438/6849 2541/2632/6849
f 2527/2617/6850 2541/2632/6850 2542/2633/6850
f 2543/2634/6851 2435/2513/6851 2434/2514/6851
f 2545/2636/6852 2543/2634/6852 2544/2635/6852
f 2319/2638/6853 2318/2402/6853 2543/2634/6853
f 2318/2402/6854 2436/2515/6854 2435/2513/6854
f 2514/2600/6855 2515/2601/6855 2548/2639/6855
f 2547/2640/6856 2548/2639/6856 2550/2641/6856
f 2552/2643/6857 2547/2640/6857 2549/2642/6857
f 2552/2643/6858 2516/2603/6858 2514/2600/6858
f 2520/2608/6859 2521/2607/6859 2554/2645/6859
f 2553/2646/6860 2554/2645/6860 2556/2647/6860
f 3590/2649/6861 2553/2646/6861 2555/2648/6861
f 3621/2610/6862 2520/2608/6862 2553/2646/6862
f 2523/2613/6863 2309/2614/6863 2531/2621/6863
f 2557/2651/6864 2531/2621/6864 2530/2622/6864
f 2525/2616/6865 2523/2613/6865 2557/2651/6865
f 2559/2653/6866 2557/2651/6866 2558/2652/6866
f 2554/2645/6867 2559/2653/6867 2560/2654/6867
f 2521/2607/6868 2525/2616/6868 2559/2653/6868
f 2561/2655/6869 2375/2459/6869 2007/2461/6869
f 2376/2656/6870 2562/3315/6870 2225/2293/6870
f 2564/2657/6871 2565/2714/6871 2566/2658/6871
f 2563/2659/6872 2566/2658/6872 338/511/6872
f 2569/2661/6873 2563/2659/6873 2567/2660/6873
f 2570/2663/6874 2564/2657/6874 2563/2659/6874
f 2572/2664/6875 2573/2672/6875 2574/2665/6875
f 2571/2666/6876 2574/2665/6876 2576/2667/6876
f 2544/2635/6877 2571/2666/6877 2575/2668/6877
f 2544/2635/6878 2434/2514/6878 2572/2664/6878
f 2578/2669/6879 2570/2663/6879 2569/2661/6879
f 2579/2671/6880 2577/2670/6880 2569/2661/6880
f 2574/2665/6881 2577/2670/6881 2579/2671/6881
f 2573/2672/6882 2578/2669/6882 2577/2670/6882
f 2581/2673/6883 2582/2681/6883 2583/2674/6883
f 2584/2676/6884 2580/2675/6884 2583/2674/6884
f 3697/2678/6885 3675/2680/6885 2580/2675/6885
f 3676/2679/6886 2581/2673/6886 2580/2675/6886
f 2582/2681/6887 2516/2603/6887 2552/2643/6887
f 2583/2674/6888 2552/2643/6888 2551/2644/6888
f 2500/2583/6889 2501/2584/6889 2589/2682/6889
f 2590/2684/6890 2588/2683/6890 2589/2682/6890
f 3693/2686/6891 3695/2687/6891 2588/2683/6891
f 3695/2687/6892 3700/2585/6892 2500/2583/6892
f 2501/2584/6893 2516/2603/6893 2591/2685/6893
f 2592/2688/6894 2593/3306/6894 2594/2689/6894
f 2386/2691/6895 2385/2468/6895 2503/2692/6895
f 2596/2694/6896 2379/2469/6896 2386/2691/6896
f 2596/2694/6897 2374/2457/6897 2373/2537/6897
f 2599/2696/6898 2596/2694/6898 2597/2695/6898
f 2599/2696/6899 2380/2463/6899 2379/2469/6899
f 2600/2698/6900 2446/2526/6900 2380/2463/6900
f 2600/2698/6901 2599/2696/6901 2598/2697/6901
f 2603/2700/6902 2600/2698/6902 2601/2699/6902
f 2603/2700/6903 2444/2524/6903 2446/2526/6903
f 2604/2702/6904 2603/2700/6904 2602/2701/6904
f 2440/2518/6905 2604/2702/6905 2605/2703/6905
f 2444/2524/6906 2603/2700/6906 2604/2702/6906
f 2606/2704/6907 2582/2681/6907 2581/2673/6907
f 2606/2704/6908 2607/2705/6908 2590/2684/6908
f 2591/2685/6909 2516/2603/6909 2582/2681/6909
f 3676/2679/6910 2587/3314/6910 2456/2536/6910
f 3689/2706/6911 2456/2536/6911 2372/2456/6911
f 2478/2558/6912 2477/2557/6912 2608/2707/6912
f 2609/2708/6913 2610/3299/6913 2611/2709/6913
f 2564/2657/6914 2570/2663/6914 2613/2711/6914
f 2612/2712/6915 2613/2711/6915 2598/2697/6915
f 2457/2713/6916 2612/2712/6916 2597/2695/6916
f 2565/2714/6917 2564/2657/6917 2612/2712/6917
f 2614/2715/6918 2613/2711/6918 2570/2663/6918
f 2615/2716/6919 2614/2715/6919 2578/2669/6919
f 2602/2701/6920 2601/2699/6920 2614/2715/6920
f 2601/2699/6921 2598/2697/6921 2613/2711/6921
f 2572/2664/6922 2434/2514/6922 2605/2703/6922
f 2616/2717/6923 2605/2703/6923 2602/2701/6923
f 2573/2672/6924 2572/2664/6924 2616/2717/6924
f 1459/880/6925 1016/548/6925 1045/541/6925
f 1265/1299/6926 1215/1887/6926 1079/1115/6926
f 1612/1950/6927 1608/1405/6927 1609/1963/6927
f 2067/1960/6928 2057/1946/6928 2069/2055/6928
f 1135/2261/6929 1109/544/6929 1136/564/6929
f 1938/1995/6930 1937/1994/6930 2618/2719/6930
f 95/387/6931 548/1429/6931 458/281/6931
f 2058/1951/6932 1607/1406/6932 1608/1405/6932
f 1454/873/6933 1469/903/6933 1445/851/6933
f 655/769/6934 2620/2758/6934 1048/1079/6934
f 722/2722/6935 1049/1078/6935 2621/2723/6935
f 1131/1176/6936 985/1023/6936 1033/1065/6936
f 562/349/6937 1481/967/6937 366/208/6937
f 1723/1546/6938 1719/1536/6938 1725/1571/6938
f 1786/2724/6939 1123/3253/6939 1122/1152/6939
f 267/159/6940 300/2000/6940 323/261/6940
f 1325/644/6941 2034/1915/6941 1654/1586/6941
f 1468/896/6942 1165/584/6942 1435/832/6942
f 658/772/6943 657/771/6943 529/2725/6943
f 8/4/6944 532/321/6944 247/339/6944
f 382/1281/6945 1557/1328/6945 1559/1330/6945
f 788/866/6946 619/745/6946 1307/2353/6946
f 940/2030/6947 930/754/6947 929/755/6947
f 911/951/6948 2622/2793/6948 2623/2727/6948
f 2621/2723/6949 2620/2758/6949 655/769/6949
f 2624/2729/6950 1857/2779/6950 2625/2730/6950
f 998/1033/6951 1846/1894/6951 27/26/6951
f 635/753/6952 638/752/6952 2626/2731/6952
f 2627/2733/6953 641/756/6953 644/758/6953
f 2628/2734/6954 2627/2733/6954 1840/1885/6954
f 1200/2736/6955 1199/1231/6955 2627/2733/6955
f 1199/1231/6956 1773/1817/6956 641/756/6956
f 1520/1358/6957 515/556/6957 49/36/6957
f 1452/874/6958 1350/704/6958 1349/668/6958
f 2630/2737/6959 2631/2841/6959 1859/1909/6959
f 644/758/6960 643/757/6960 1335/1537/6960
f 1197/1229/6961 1198/1228/6961 717/814/6961
f 2632/2738/6962 717/814/6962 719/815/6962
f 2628/2734/6963 2632/2738/6963 1166/1205/6963
f 2629/2735/6964 1197/1229/6964 2632/2738/6964
f 1762/2739/6965 2633/2823/6965 1050/2740/6965
f 1823/1884/6966 870/927/6966 873/929/6966
f 2634/2742/6967 2635/2743/6967 794/1124/6967
f 1042/1073/6968 794/1124/6968 2635/2743/6968
f 93/70/6969 94/69/6969 1901/1741/6969
f 2036/1927/6970 2038/1926/6970 1458/1976/6970
f 1527/1833/6971 332/3222/6971 1525/1325/6971
f 877/932/6972 876/931/6972 1274/1313/6972
f 134/91/6973 409/258/6973 797/430/6973
f 1328/1413/6974 893/944/6974 931/972/6974
f 607/736/6975 777/854/6975 1091/1122/6975
f 1043/1074/6976 2635/2743/6976 2637/2744/6976
f 2636/2745/6977 2637/2744/6977 2639/2746/6977
f 1275/1315/6978 2636/2745/6978 2638/2747/6978
f 1275/1315/6979 1040/1072/6979 1043/1074/6979
f 1272/1308/6980 2624/2729/6980 2626/2731/6980
f 2640/2748/6981 2626/2731/6981 638/752/6981
f 1110/1143/6982 2641/2751/6982 2640/2748/6982
f 536/2750/6983 1272/1308/6983 2640/2748/6983
f 1472/2215/6984 708/2182/6984 1474/1914/6984
f 2042/1931/6985 2030/1895/6985 1951/1794/6985
f 1058/2752/6986 1106/1135/6986 1105/2753/6986
f 2642/2754/6987 2623/2727/6987 2643/2755/6987
f 1192/1922/6988 2642/2754/6988 2644/2756/6988
f 912/2728/6989 2623/2727/6989 2642/2754/6989
f 3898/2757/6990 1657/1917/6990 3526/1490/6990
f 1049/1078/6991 1048/1079/6991 2620/2758/6991
f 616/740/6992 1829/1870/6992 1885/1929/6992
f 1331/2759/6993 1913/1972/6993 666/2278/6993
f 990/2760/6994 989/1024/6994 1198/1228/6994
f 1911/1759/6995 1912/1758/6995 321/1830/6995
f 1298/1356/6996 1282/1331/6996 1205/1332/6996
f 76/53/6997 1490/1027/6997 1504/1029/6997
f 1502/2763/6998 1500/1009/6998 421/254/6998
f 610/735/6999 609/770/6999 658/772/6999
f 1146/1188/7000 937/976/7000 659/773/7000
f 2646/2764/7001 911/951/7001 914/953/7001
f 1280/1324/7002 1239/1258/7002 1238/2765/7002
f 1453/906/7003 1454/873/7003 1452/874/7003
f 835/900/7004 942/1102/7004 1843/2769/7004
f 1271/1307/7005 1270/1980/7005 1173/2770/7005
f 1893/1732/7006 1878/1731/7006 1826/2773/7006
f 1050/2740/7007 2633/2823/7007 1937/1994/7007
f 2651/2774/7008 2652/2863/7008 814/884/7008
f 1006/1042/7009 1053/1082/7009 1281/1326/7009
f 2653/2775/7010 1084/1117/7010 2654/2776/7010
f 1001/1986/7011 1004/1610/7011 1003/1611/7011
f 585/723/7012 997/1032/7012 679/789/7012
f 2624/2729/7013 1272/1308/7013 621/1309/7013
f 555/708/7014 678/3199/7014 2028/2083/7014
f 1207/1238/7015 526/693/7015 1197/1229/7015
f 1626/1487/7016 1627/1409/7016 478/362/7016
f 426/1056/7017 389/228/7017 419/252/7017
f 1030/1225/7018 1193/1224/7018 1773/1817/7018
f 3898/2757/7019 645/1725/7019 634/1451/7019
f 534/1141/7020 1533/1125/7020 138/1126/7020
f 1125/1812/7021 1092/1123/7021 1042/1073/7021
f 333/1261/7022 228/144/7022 88/65/7022
f 569/437/7023 1570/1745/7023 561/348/7023
f 1489/1538/7024 2656/2864/7024 871/2778/7024
f 1857/2779/7025 2624/2729/7025 620/743/7025
f 1673/1477/7026 1674/1483/7026 3770/1647/7026
f 622/744/7027 861/920/7027 864/922/7027
f 619/745/7028 788/866/7028 891/941/7028
f 261/1341/7029 544/329/7029 545/331/7029
f 393/1288/7030 1555/1415/7030 1556/1263/7030
f 2658/2782/7031 2659/2784/7031 2647/2767/7031
f 1075/1105/7032 2658/2782/7032 2657/2781/7032
f 1081/2783/7033 1080/1113/7033 2658/2782/7033
f 1080/1113/7034 1139/1181/7034 2659/2784/7034
f 2644/2756/7035 2643/2755/7035 1141/1182/7035
f 2660/2785/7036 1141/1182/7036 1140/2786/7036
f 642/2787/7037 2660/2785/7037 1336/1425/7037
f 1193/1224/7038 2644/2756/7038 2660/2785/7038
f 679/789/7039 678/3199/7039 555/708/7039
f 1503/2788/7040 1501/1007/7040 1500/1009/7040
f 1318/1374/7041 1317/1373/7041 1101/1131/7041
f 2661/2790/7042 2659/2784/7042 1139/1181/7042
f 2661/2790/7043 1142/1183/7043 2663/2791/7043
f 2662/2792/7044 2647/2767/7044 2659/2784/7044
f 2662/2792/7045 2663/2791/7045 2622/2793/7045
f 2664/2794/7046 2622/2793/7046 911/951/7046
f 2648/2768/7047 2664/2794/7047 2646/2764/7047
f 2648/2768/7048 2647/2767/7048 2662/2792/7048
f 2083/1998/7049 2094/1752/7049 2093/1754/7049
f 1442/835/7050 1440/836/7050 1437/831/7050
f 519/475/7051 329/332/7051 330/1095/7051
f 1885/1929/7052 2029/2081/7052 1209/1239/7052
f 799/1716/7053 800/441/7053 805/443/7053
f 1946/2100/7054 1943/3865/7054 1952/1971/7054
f 1302/2795/7055 1301/1361/7055 1253/1272/7055
f 566/1320/7056 2005/2213/7056 224/277/7056
f 1389/2037/7057 940/2030/7057 928/2032/7057
f 683/2797/7058 682/1542/7058 681/1418/7058
f 836/2798/7059 835/900/7059 1842/1891/7059
f 2665/2799/7060 1842/1891/7060 1845/1893/7060
f 2666/2800/7061 2665/2799/7061 1303/1362/7061
f 24/27/7062 836/2798/7062 2665/2799/7062
f 831/899/7063 1072/1101/7063 2650/2772/7063
f 1845/1893/7064 1844/1892/7064 1304/1363/7064
f 2010/2801/7065 2013/2840/7065 2012/2802/7065
f 1051/1080/7066 1936/1993/7066 2667/2803/7066
f 1522/1089/7067 1521/1077/7067 1511/1054/7067
f 531/1116/7068 440/270/7068 441/2805/7068
f 1250/1271/7069 635/753/7069 2625/2730/7069
f 2669/2806/7070 2625/2730/7070 1857/2779/7070
f 783/859/7071 2669/2806/7071 1856/1905/7071
f 782/858/7072 1250/1271/7072 2669/2806/7072
f 720/818/7073 2670/3237/7073 2671/2807/7073
f 1055/1087/7074 1931/1987/7074 1930/1988/7074
f 1333/2808/7075 1067/1423/7075 1251/1270/7075
f 619/745/7076 622/744/7076 1308/1365/7076
f 652/767/7077 655/769/7077 2619/2721/7077
f 521/1058/7078 522/1148/7078 1539/1146/7078
f 1838/1883/7079 988/1026/7079 537/701/7079
f 2672/2809/7080 537/701/7080 536/2750/7080
f 1113/1145/7081 2672/2809/7081 2641/2751/7081
f 1113/1145/7082 527/697/7082 1838/1883/7082
f 1016/548/7083 1013/550/7083 1351/879/7083
f 3897/1719/7084 573/345/7084 570/347/7084
f 226/1051/7085 227/1218/7085 104/2810/7085
f 3564/2811/7086 3669/3906/7086 3827/2160/7086
f 1036/1068/7087 1037/1069/7087 1884/2082/7087
f 2674/2812/7088 1301/1361/7088 1304/1363/7088
f 2673/2813/7089 1304/1363/7089 1844/1892/7089
f 1334/1424/7090 2673/2813/7090 2675/2814/7090
f 1333/2808/7091 2674/2812/7091 2673/2813/7091
f 2676/2815/7092 702/803/7092 1039/1071/7092
f 1843/2769/7093 2676/2815/7093 2675/2814/7093
f 942/1102/7094 1074/1104/7094 2676/2815/7094
f 1074/1104/7095 699/801/7095 702/803/7095
f 752/2816/7096 1057/1085/7096 1055/1087/7096
f 1200/2736/7097 1166/1205/7097 656/1206/7097
f 1120/1150/7098 1846/1894/7098 874/930/7098
f 2677/2817/7099 874/930/7099 877/932/7099
f 1241/1262/7100 2677/2817/7100 1052/2818/7100
f 1119/1151/7101 1120/1150/7101 2677/2817/7101
f 1560/1501/7102 1513/1198/7102 151/101/7102
f 1208/2819/7103 1316/1372/7103 611/738/7103
f 215/2820/7104 735/399/7104 736/2821/7104
f 1460/881/7105 1459/880/7105 1462/1989/7105
f 1208/2819/7106 1207/1238/7106 1839/2741/7106
f 854/916/7107 856/915/7107 1282/1331/7107
f 72/50/7108 445/1129/7108 182/255/7108
f 544/329/7109 1563/1342/7109 1565/1354/7109
f 217/465/7110 200/1213/7110 456/2822/7110
f 2047/1938/7111 1404/759/7111 930/754/7111
f 1204/1235/7112 2618/2719/7112 1937/1994/7112
f 913/952/7113 777/854/7113 686/856/7113
f 840/904/7114 527/697/7114 1113/1145/7114
f 1531/1119/7115 729/1874/7115 730/435/7115
f 2678/2824/7116 778/1333/7116 1283/1334/7116
f 601/966/7117 667/777/7117 1914/1973/7117
f 1537/1149/7118 1538/1348/7118 459/284/7118
f 1819/2825/7119 1757/991/7119 3509/993/7119
f 991/1025/7120 1860/2837/7120 862/2827/7120
f 2679/2828/7121 711/809/7121 1073/1103/7121
f 2680/2829/7122 1830/1872/7122 983/1021/7122
f 779/855/7123 2680/2829/7123 2256/2339/7123
f 778/1333/7124 2678/2824/7124 2680/2829/7124
f 2678/2824/7125 2679/2828/7125 1830/1872/7125
f 180/120/7126 542/470/7126 245/1786/7126
f 1886/2340/7127 1132/1175/7127 1131/1176/7127
f 1138/2830/7128 1137/1180/7128 1274/1313/7128
f 1841/1888/7129 598/2341/7129 1140/2786/7129
f 75/2762/7130 313/1142/7130 314/1287/7130
f 193/1161/7131 423/458/7131 420/251/7131
f 2681/2831/7132 2682/3251/7132 1099/1130/7132
f 170/179/7133 1567/1437/7133 1565/1354/7133
f 349/197/7134 416/336/7134 417/247/7134
f 1121/1154/7135 1124/1153/7135 2684/2832/7135
f 547/431/7136 797/430/7136 409/258/7136
f 123/981/7137 122/980/7137 121/2834/7137
f 2643/2755/7138 2663/2791/7138 1142/1183/7138
f 1542/1179/7139 1544/1190/7139 513/313/7139
f 899/2835/7140 900/484/7140 907/525/7140
f 1210/2836/7141 677/788/7141 676/790/7141
f 791/865/7142 663/1020/7142 982/1167/7142
f 24/27/7143 27/26/7143 837/901/7143
f 893/944/7144 896/943/7144 932/1300/7144
f 1860/2837/7145 1320/1377/7145 863/921/7145
f 535/700/7146 538/702/7146 862/2827/7146
f 1569/1819/7147 1548/2355/7147 1547/2838/7147
f 181/119/7148 455/469/7148 542/470/7148
f 660/2839/7149 659/773/7149 937/976/7149
f 2013/2840/7150 567/1319/7150 568/436/7150
f 887/937/7151 890/939/7151 2631/2841/7151
f 1524/1092/7152 1508/1041/7152 361/1408/7152
f 520/1430/7153 161/214/7153 162/2842/7153
f 2653/2775/7154 855/914/7154 854/916/7154
f 1238/2765/7155 1237/1257/7155 2655/2777/7155
f 718/1948/7156 1838/1883/7156 527/697/7156
f 1492/1004/7157 1493/1075/7157 518/310/7157
f 792/1871/7158 616/740/7158 615/1156/7158
f 599/727/7159 846/908/7159 1835/2845/7159
f 290/393/7160 457/635/7160 456/2822/7160
f 312/178/7161 171/112/7161 1552/1327/7161
f 1248/2846/7162 2687/2848/7162 1179/1214/7162
f 153/105/7163 149/100/7163 177/1889/7163
f 1240/1260/7164 1181/1215/7164 1222/1248/7164
f 1257/1351/7165 1292/2860/7165 1235/1979/7165
f 1291/1350/7166 1084/1117/7166 1083/1249/7166
f 1052/2818/7167 877/932/7167 1277/1317/7167
f 743/1237/7168 742/837/7168 2618/2719/7168
f 444/2847/7169 140/94/7169 430/263/7169
f 23/23/7170 1224/1251/7170 1172/1209/7170
f 2687/2848/7171 2654/2776/7171 1180/2849/7171
f 102/76/7172 103/75/7172 409/258/7172
f 1283/1334/7173 607/736/7173 610/735/7173
f 373/2850/7174 497/3623/7174 650/372/7174
f 1180/2849/7175 2654/2776/7175 1084/1117/7175
f 855/914/7176 2653/2775/7176 2655/2777/7176
f 1173/2770/7177 1270/1980/7177 1917/2851/7177
f 2689/2852/7178 850/913/7178 853/912/7178
f 2688/2853/7179 853/912/7179 1108/1138/7179
f 2686/2844/7180 2688/2853/7180 1279/1322/7180
f 2687/2848/7181 2689/2852/7181 2688/2853/7181
f 2691/2854/7182 1302/2795/7182 1252/2796/7182
f 2690/2855/7183 1252/2796/7183 850/913/7183
f 1248/2846/7184 2690/2855/7184 2689/2852/7184
f 1248/2846/7185 1247/1267/7185 2691/2854/7185
f 2692/2856/7186 617/742/7186 24/27/7186
f 2691/2854/7187 2692/2856/7187 2666/2800/7187
f 1247/1267/7188 1258/1290/7188 2692/2856/7188
f 1258/1290/7189 1168/2858/7189 617/742/7189
f 394/1226/7190 1554/1795/7190 1555/1415/7190
f 2693/2857/7191 1260/2866/7191 1259/1292/7191
f 1072/1101/7192 1236/1256/7192 1262/1294/7192
f 1257/1351/7193 1071/1255/7193 1168/2858/7193
f 398/1539/7194 439/271/7194 1555/1415/7194
f 871/2778/7195 1784/1827/7195 1314/2859/7195
f 1178/1216/7196 1232/1254/7196 1249/1268/7196
f 1224/1251/7197 1289/1345/7197 1173/2770/7197
f 1010/1044/7198 2617/2720/7198 2618/2719/7198
f 1175/1211/7199 1174/1210/7199 1292/2860/7199
f 2654/2776/7200 2687/2848/7200 2686/2844/7200
f 2694/2861/7201 1157/1196/7201 1216/1246/7201
f 71/1955/7202 418/1028/7202 1487/988/7202
f 701/802/7203 1112/1144/7203 1111/2862/7203
f 1072/1101/7204 1261/1293/7204 2649/2771/7204
f 1085/1118/7205 2695/2868/7205 22/1250/7205
f 895/961/7206 2694/2861/7206 1264/1910/7206
f 1601/1400/7207 1606/1952/7207 1605/1954/7207
f 1259/1292/7208 1262/1294/7208 1271/1307/7208
f 21/22/7209 20/24/7209 1220/1247/7209
f 988/1026/7210 991/1025/7210 538/702/7210
f 598/2341/7211 597/726/7211 1336/1425/7211
f 1050/2740/7212 860/918/7212 818/890/7212
f 1298/1356/7213 2645/2761/7213 1761/1810/7213
f 1168/2858/7214 1167/1207/7214 618/2279/7214
f 858/917/7215 1168/2858/7215 1256/1279/7215
f 39/20/7216 242/440/7216 516/439/7216
f 2652/2863/7217 1761/1810/7217 819/888/7217
f 313/1142/7218 316/1140/7218 315/192/7218
f 2026/1923/7219 1970/2186/7219 1971/1823/7219
f 2656/2864/7220 1489/1538/7220 596/728/7220
f 814/884/7221 819/888/7221 818/890/7221
f 2696/2865/7222 2651/2774/7222 813/883/7222
f 1260/2866/7223 2696/2865/7223 2649/2771/7223
f 2693/2857/7224 2697/2867/7224 2696/2865/7224
f 2697/2867/7225 1296/1357/7225 2651/2774/7225
f 381/220/7226 355/201/7226 390/290/7226
f 3818/2121/7227 3819/1411/7227 1611/1903/7227
f 1475/935/7228 1427/824/7228 1428/2168/7228
f 1292/2860/7229 1174/1210/7229 1917/2851/7229
f 1551/1227/7230 353/202/7230 354/1346/7230
f 1526/1098/7231 1525/1325/7231 1523/1090/7231
f 1593/1387/7232 1589/1386/7232 1595/1403/7232
f 1232/1254/7233 1269/1306/7233 1246/1269/7233
f 2695/2868/7234 2693/2857/7234 1223/1344/7234
f 2698/2869/7235 1297/1355/7235 1296/1357/7235
f 2698/2869/7236 2697/2867/7236 2693/2857/7236
f 2685/2843/7237 2698/2869/7237 2695/2868/7237
f 2685/2843/7238 854/916/7238 1297/1355/7238
f 562/349/7239 1497/1778/7239 271/1003/7239
f 2652/2863/7240 2651/2774/7240 1296/1357/7240
f 1365/762/7241 1366/2126/7241 1364/2125/7241
f 1958/2101/7242 1946/2100/7242 1953/1970/7242
f 585/723/7243 588/722/7243 2210/2274/7243
f 1561/1521/7244 1560/1501/7244 1515/1965/7244
f 975/2766/7245 2648/2768/7245 1146/1188/7245
f 347/1266/7246 67/48/7246 68/49/7246
f 1038/1070/7247 1111/2862/7247 636/751/7247
f 2700/2871/7248 781/2875/7248 780/857/7248
f 2699/2872/7249 780/857/7249 1036/1068/7249
f 2701/2873/7250 2699/2872/7250 1883/1928/7250
f 851/911/7251 2700/2871/7251 2699/2872/7251
f 2674/2812/7252 1333/2808/7252 2251/2333/7252
f 2702/2874/7253 2251/2333/7253 781/2875/7253
f 1253/1272/7254 2702/2874/7254 2700/2871/7254
f 1301/1361/7255 2674/2812/7255 2702/2874/7255
f 1519/1253/7256 387/227/7256 388/229/7256
f 1273/1312/7257 1239/1258/7257 1280/1324/7257
f 2703/2876/7258 1280/1324/7258 1107/1323/7258
f 2701/2873/7259 2703/2876/7259 852/1137/7259
f 1829/1870/7260 1273/1312/7260 2703/2876/7260
f 91/2877/7261 260/150/7261 326/1321/7261
f 1784/1827/7262 871/2778/7262 2656/2864/7262
f 2683/2833/7263 2684/2832/7263 2705/2878/7263
f 604/1850/7264 1894/1733/7264 3499/2880/7264
f 1669/1049/7265 3534/1048/7265 3548/2881/7265
f 2062/1958/7266 2063/1957/7266 2060/2882/7266
f 621/1309/7267 535/700/7267 861/920/7267
f 2023/1877/7268 731/1875/7268 732/2883/7268
f 686/856/7269 779/855/7269 1263/1298/7269
f 857/919/7270 1051/1080/7270 2668/2804/7270
f 883/1843/7271 830/472/7271 882/1252/7271
f 637/2749/7272 636/751/7272 1111/2862/7272
f 2668/2804/7273 894/942/7273 893/944/7273
f 2667/2803/7274 921/960/7274 894/942/7274
f 1039/1071/7275 1038/1070/7275 1068/1096/7275
f 313/1142/7276 75/2762/7276 1504/1029/7276
f 1911/1759/7277 1972/1828/7277 305/1093/7277
f 1936/1993/7278 2706/3194/7278 1964/2035/7278
f 2707/2884/7279 2402/2477/7279 2401/2885/7279
f 2708/2887/7280 2707/2884/7280 2183/2886/7280
f 738/1807/7281 2163/2197/7281 2116/2198/7281
f 2349/2624/7282 2348/2431/7282 2432/2510/7282
f 2711/2888/7283 2712/3848/7283 2020/2078/7283
f 2400/2478/7284 2711/2888/7284 2019/2889/7284
f 2714/2890/7285 2715/3063/7285 2716/2891/7285
f 2717/2893/7286 2718/3032/7286 2719/2894/7286
f 2721/2896/7287 2722/3365/7287 2723/2897/7287
f 2726/2899/7288 2727/3028/7288 2728/2900/7288
f 2725/2901/7289 2728/2900/7289 2730/2902/7289
f 2731/2904/7290 2725/2901/7290 2729/2903/7290
f 2732/2906/7291 2726/2899/7291 2725/2901/7291
f 2734/2907/7292 2735/3007/7292 2736/2908/7292
f 2738/2910/7293 2739/3877/7293 2740/2911/7293
f 2737/2912/7294 2740/2911/7294 2741/2913/7294
f 2744/2915/7295 2745/2918/7295 2746/2916/7295
f 2745/2918/7296 2744/2915/7296 2748/2919/7296
f 2749/2921/7297 2750/2975/7297 2747/2920/7297
f 2753/2923/7298 2749/2921/7298 2751/2922/7298
f 2250/2329/7299 1380/1466/7299 2246/2325/7299
f 2754/2925/7300 1396/1471/7300 1614/1683/7300
f 3598/2927/7301 2754/2925/7301 2755/2926/7301
f 3608/2929/7302 2745/2918/7302 2747/2920/7302
f 1617/1685/7303 2756/2942/7303 2755/2926/7303
f 2242/2309/7304 2758/3104/7304 1620/1688/7304
f 2191/2249/7305 2085/2140/7305 2760/2931/7305
f 2761/2933/7306 2759/2932/7306 2760/2931/7306
f 3648/2935/7307 2759/2932/7307 2761/2933/7307
f 3623/2937/7308 2191/2249/7308 2759/2932/7308
f 3209/2938/7309 3248/3570/7309 3223/2939/7309
f 1395/1722/7310 1394/1470/7310 2236/2304/7310
f 1395/1722/7311 2235/2330/7311 1636/2331/7311
f 1616/1684/7312 1635/1703/7312 2229/2299/7312
f 1617/1685/7313 2234/2945/7313 2763/2941/7313
f 2756/2942/7314 2763/2941/7314 3628/2943/7314
f 2765/2944/7315 2763/2941/7315 2234/2945/7315
f 2766/2946/7316 2764/3347/7316 3628/2943/7316
f 3202/2948/7317 3199/2237/7317 3246/2949/7317
f 1516/1966/7318 437/266/7318 435/268/7318
f 2768/2951/7319 2769/2988/7319 3552/1458/7319
f 1495/997/7320 541/382/7320 578/342/7320
f 2135/632/7321 2136/2131/7321 28/2112/7321
f 3526/2952/7322 3540/3908/7322 2773/2953/7322
f 1690/1646/7323 1689/3952/7323 3926/2955/7323
f 2778/2957/7324 2779/2967/7324 2780/2958/7324
f 2777/2959/7325 2780/2958/7325 2781/2960/7325
f 2784/2962/7326 2778/2957/7326 2777/2959/7326
f 3555/2128/7327 3521/1682/7327 575/380/7327
f 1494/996/7328 1904/1746/7328 9/2190/7328
f 3529/1467/7329 2016/2075/7329 2015/2263/7329
f 451/320/7330 61/44/7330 505/634/7330
f 2786/2964/7331 2787/3056/7331 2788/2965/7331
f 2779/2967/7332 2786/2964/7332 2785/2966/7332
f 2789/2968/7333 2752/2924/7333 2741/2913/7333
f 2790/2969/7334 2753/2923/7334 2752/2924/7334
f 2792/2970/7335 2793/2973/7335 2794/2971/7335
f 2793/2973/7336 2795/2981/7336 2796/2974/7336
f 2796/2974/7337 2797/2980/7337 2750/2975/7337
f 2794/2971/7338 2796/2974/7338 2749/2921/7338
f 2798/2976/7339 1393/1472/7339 1396/1471/7339
f 3591/2977/7340 2798/2976/7340 2754/2925/7340
f 2798/2976/7341 2799/2979/7341 2800/2978/7341
f 3591/2977/7342 3662/3883/7342 2799/2979/7342
f 2797/2980/7343 2796/2974/7343 2795/2981/7343
f 2791/2972/7344 2794/2971/7344 2753/2923/7344
f 216/138/7345 233/629/7345 232/1743/7345
f 3804/2983/7346 2806/3903/7346 2807/2984/7346
f 3805/2986/7347 2809/2993/7347 2804/2987/7347
f 2769/2988/7348 2810/3882/7348 3557/1507/7348
f 183/211/7349 185/166/7349 184/374/7349
f 2811/2989/7350 2812/2994/7350 2775/2990/7350
f 2804/2987/7351 2811/2989/7351 2776/2991/7351
f 2809/2993/7352 2813/2995/7352 2811/2989/7352
f 2812/2994/7353 2811/2989/7353 2813/2995/7353
f 3805/2986/7354 2808/3885/7354 2816/2997/7354
f 3796/2999/7355 2818/3054/7355 2815/3000/7355
f 3798/3001/7356 3800/3951/7356 2820/3002/7356
f 3793/3004/7357 2823/3008/7357 2819/3005/7357
f 2824/3006/7358 2736/2908/7358 2735/3007/7358
f 2823/3008/7359 2825/3009/7359 2824/3006/7359
f 2825/3009/7360 2823/3008/7360 2826/3010/7360
f 3793/3004/7361 2822/3017/7361 2827/3011/7361
f 3796/2999/7362 2817/3874/7362 2826/3010/7362
f 2713/2892/7363 2716/2891/7363 2829/3013/7363
f 2828/3014/7364 2829/3013/7364 2831/3015/7364
f 2822/3017/7365 2821/3003/7365 2828/3014/7365
f 2821/3003/7366 2820/3002/7366 2713/2892/7366
f 2832/3018/7367 2827/3011/7367 2822/3017/7367
f 2833/3019/7368 2832/3018/7368 2830/3016/7368
f 2834/3020/7369 2835/3021/7369 2832/3018/7369
f 2835/3021/7370 2818/3054/7370 2827/3011/7370
f 2837/3022/7371 2838/3036/7371 2839/3023/7371
f 2836/3024/7372 2839/3023/7372 2841/3025/7372
f 2842/3027/7373 2836/3024/7373 2840/3026/7373
f 2843/3029/7374 2837/3022/7374 2836/3024/7374
f 2840/3026/7375 2841/3025/7375 2845/3030/7375
f 2718/3032/7376 2844/3031/7376 2845/3030/7376
f 2730/2902/7377 2728/2900/7377 2844/3031/7377
f 2727/3028/7378 2840/3026/7378 2844/3031/7378
f 2846/3033/7379 2845/3030/7379 2841/3025/7379
f 2829/3013/7380 2846/3033/7380 2847/3034/7380
f 2847/3034/7381 2841/3025/7381 2839/3023/7381
f 2848/3035/7382 2839/3023/7382 2838/3036/7382
f 2833/3019/7383 2848/3035/7383 2849/3037/7383
f 2831/3015/7384 2847/3034/7384 2848/3035/7384
f 2850/3038/7385 2814/2996/7385 2851/3039/7385
f 2853/3041/7386 2850/3038/7386 2852/3040/7386
f 2783/2963/7387 2777/2959/7387 2782/2961/7387
f 2785/2966/7388 2788/2965/7388 2853/3041/7388
f 2780/2958/7389 2785/2966/7389 2856/3044/7389
f 2857/3045/7390 2858/3051/7390 2855/3043/7390
f 2859/3046/7391 2857/3045/7391 2782/2961/7391
f 2861/3047/7392 2843/3029/7392 2842/3027/7392
f 2860/3048/7393 2842/3027/7393 2727/3028/7393
f 2862/3049/7394 2860/3048/7394 2726/2899/7394
f 2863/3050/7395 2861/3047/7395 2860/3048/7395
f 2861/3047/7396 2863/3050/7396 2858/3051/7396
f 2843/3029/7397 2861/3047/7397 2857/3045/7397
f 2856/3044/7398 2853/3041/7398 2854/3042/7398
f 2781/2960/7399 2856/3044/7399 2864/3052/7399
f 2837/3022/7400 2843/3029/7400 2859/3046/7400
f 2838/3036/7401 2837/3022/7401 2864/3052/7401
f 2852/3040/7402 2851/3039/7402 2834/3020/7402
f 2854/3042/7403 2852/3040/7403 2849/3037/7403
f 2865/3053/7404 2815/3000/7404 2818/3054/7404
f 2851/3039/7405 2865/3053/7405 2835/3021/7405
f 2813/2995/7406 2809/2993/7406 2815/3000/7406
f 2814/2996/7407 2813/2995/7407 2865/3053/7407
f 2866/3055/7408 2812/2994/7408 2814/2996/7408
f 2788/2965/7409 2866/3055/7409 2850/3038/7409
f 2866/3055/7410 2788/2965/7410 2787/3056/7410
f 2812/2994/7411 2866/3055/7411 2867/3057/7411
f 1892/2003/7412 1889/1739/7412 1890/1740/7412
f 2720/2895/7413 2719/2894/7413 2846/3033/7413
f 298/1407/7414 299/1006/7414 256/148/7414
f 2872/3059/7415 2714/2890/7415 2713/2892/7415
f 3794/3060/7416 3800/3951/7416 2735/3007/7416
f 2729/2903/7417 2730/2902/7417 2874/3061/7417
f 2846/3033/7418 2716/2891/7418 2715/3063/7418
f 2876/3064/7419 2877/3093/7419 2878/3065/7419
f 2733/2909/7420 2875/3066/7420 2878/3065/7420
f 3806/3067/7421 3807/3091/7421 2879/3068/7421
f 3806/3067/7422 2880/3069/7422 2872/3059/7422
f 2882/3070/7423 2883/3083/7423 2884/3071/7423
f 2881/3072/7424 2884/3071/7424 2715/3063/7424
f 2880/3069/7425 2881/3072/7425 2714/2890/7425
f 2879/3068/7426 2882/3070/7426 2881/3072/7426
f 2885/3073/7427 2886/3131/7427 2887/3074/7427
f 2888/3075/7428 2889/3085/7428 2890/3076/7428
f 2885/3073/7429 2890/3076/7429 2892/3077/7429
f 2893/3079/7430 2886/3131/7430 2885/3073/7430
f 1942/2002/7431 2151/2195/7431 2532/3080/7431
f 2895/3082/7432 2892/3077/7432 2720/2895/7432
f 2884/3071/7433 2895/3082/7433 2870/3058/7433
f 2883/3083/7434 2896/3084/7434 2895/3082/7434
f 2896/3084/7435 2891/3078/7435 2892/3077/7435
f 2889/3085/7436 2874/3061/7436 2717/2893/7436
f 2890/3076/7437 2717/2893/7437 2720/2895/7437
f 2897/3086/7438 2893/3079/7438 2891/3078/7438
f 2898/3087/7439 2897/3086/7439 2896/3084/7439
f 2899/3088/7440 2898/3087/7440 2883/3083/7440
f 2900/3089/7441 2899/3088/7441 2882/3070/7441
f 3797/3090/7442 2900/3089/7442 2879/3068/7442
f 2876/3064/7443 2902/3807/7443 2901/3092/7443
f 2901/3092/7444 2902/3807/7444 2904/3094/7444
f 1785/1825/7445 2656/2864/7445 1835/2845/7445
f 2905/3096/7446 2906/3144/7446 2899/3088/7446
f 2907/3097/7447 2908/3141/7447 2897/3086/7447
f 3797/3090/7448 2901/3092/7448 2903/3095/7448
f 632/2493/7449 576/392/7449 577/3099/7449
f 3532/1639/7450 3547/1640/7450 2867/3057/7450
f 434/265/7451 385/226/7451 550/337/7451
f 2768/2951/7452 2770/3897/7452 3640/3100/7452
f 2910/3102/7453 2911/3925/7453 1623/1690/7453
f 2241/3103/7454 2912/3109/7454 2758/3104/7454
f 3640/3100/7455 2770/3897/7455 2913/3105/7455
f 1623/1690/7456 2911/3925/7456 2757/2930/7456
f 3587/2310/7457 2242/2309/7457 2757/2930/7457
f 2229/2299/7458 1381/1464/7458 1380/1466/7458
f 2765/2944/7459 1630/2311/7459 1629/1697/7459
f 2915/3108/7460 2914/3107/7460 1629/1697/7460
f 3642/3110/7461 3641/3111/7461 2914/3107/7461
f 3641/3111/7462 3622/2947/7462 2765/2944/7462
f 2919/3112/7463 2916/3123/7463 3642/3110/7463
f 2918/3114/7464 2915/3108/7464 2912/3109/7464
f 3614/3115/7465 2918/3114/7465 2241/3103/7465
f 3618/3116/7466 2919/3112/7466 3613/3113/7466
f 3541/1663/7467 2177/2216/7467 2180/2218/7467
f 3521/1682/7468 2002/2245/7468 2188/3118/7468
f 3705/3119/7469 3573/2056/7469 714/376/7469
f 2925/3120/7470 2766/2946/7470 2917/3121/7470
f 2924/3122/7471 2917/3121/7471 2916/3123/7471
f 3610/3124/7472 2924/3122/7472 2919/3112/7472
f 3611/3125/7473 2925/3120/7473 2924/3122/7473
f 2926/3126/7474 2927/3348/7474 2766/2946/7474
f 3658/3127/7475 2926/3126/7475 2925/3120/7475
f 1715/1533/7476 1713/1529/7476 1705/1744/7476
f 785/1500/7477 497/3623/7477 498/2230/7477
f 1387/719/7478 651/371/7478 565/1310/7478
f 374/2231/7479 375/3578/7479 1899/3128/7479
f 3573/2056/7480 2203/2267/7480 2206/2269/7480
f 2929/3130/7481 2930/3135/7481 2886/3131/7481
f 2932/3132/7482 2933/3146/7482 2934/3133/7482
f 1905/1748/7483 1906/1749/7483 1908/1813/7483
f 2930/3135/7484 2935/3917/7484 2936/3136/7484
f 2938/3138/7485 2935/3917/7485 2930/3135/7485
f 1493/1075/7486 369/433/7486 517/1897/7486
f 1603/3139/7487 1585/1001/7487 1586/1389/7487
f 2939/3140/7488 2938/3138/7488 2929/3130/7488
f 2940/3142/7489 2939/3140/7489 2908/3141/7489
f 3665/3143/7490 1707/1523/7490 1600/1395/7490
f 2886/3131/7491 2930/3135/7491 2937/3137/7491
f 2906/3144/7492 2907/3097/7492 2898/3087/7492
f 2908/3141/7493 2929/3130/7493 2893/3079/7493
f 2942/3145/7494 2934/3133/7494 2933/3146/7494
f 2941/3147/7495 2933/3146/7495 2937/3137/7495
f 3501/1687/7496 2941/3147/7496 2936/3136/7496
f 3498/1686/7497 2942/3145/7497 2941/3147/7497
f 2943/3148/7498 2944/5226/7498 2710/3149/7498
f 2943/3148/7499 2873/3062/7499 2874/3061/7499
f 2945/3150/7500 2943/3148/7500 2889/3085/7500
f 2946/3151/7501 2944/5226/7501 2943/3148/7501
f 2932/3132/7502 2945/3150/7502 2888/3075/7502
f 2931/3134/7503 2946/3151/7503 2945/3150/7503
f 727/375/7504 1928/2201/7504 1929/1777/7504
f 2903/3095/7505 2904/3094/7505 2947/3152/7505
f 545/331/7506 594/355/7506 42/30/7506
f 1480/969/7507 1570/1745/7507 533/322/7507
f 2907/3097/7508 2906/3144/7508 2949/3154/7508
f 2906/3144/7509 2905/3096/7509 2950/3155/7509
f 1558/1286/7510 452/274/7510 215/2820/7510
f 3799/3098/7511 2903/3095/7511 2948/3153/7511
f 2054/2008/7512 1645/1985/7512 1644/1420/7512
f 3705/3119/7513 3684/3434/7513 2203/2267/7513
f 1828/1677/7514 1837/2119/7514 1849/986/7514
f 2953/3157/7515 2954/3301/7515 2955/3158/7515
f 2952/3159/7516 2955/3158/7516 2957/3160/7516
f 2956/3161/7517 2261/3256/7517 2258/2345/7517
f 2953/3157/7518 2952/3159/7518 2258/2345/7518
f 2454/2535/7519 2455/2534/7519 2474/2554/7519
f 3747/3162/7520 2958/3168/7520 2959/3163/7520
f 3747/3162/7521 2132/3433/7521 2131/2177/7521
f 2961/3166/7522 2962/3297/7522 2963/3167/7522
f 2958/3168/7523 2963/3167/7523 2964/3169/7523
f 222/307/7524 221/2566/7524 2485/2565/7524
f 2477/2557/7525 2226/2294/7525 2966/3171/7525
f 2631/2841/7526 2561/2655/7526 2006/2070/7526
f 2384/2467/7527 2454/2535/7527 2496/2580/7527
f 2967/3173/7528 2968/3174/7528 2959/3163/7528
f 2968/3174/7529 2967/3173/7529 2970/3175/7529
f 3759/3177/7530 2033/2098/7530 2971/3178/7530
f 3784/3179/7531 2971/3178/7531 2960/3180/7531
f 2972/3181/7532 2971/3178/7532 2033/2098/7532
f 2007/2461/7533 2377/2460/7533 2973/3182/7533
f 3560/3183/7534 3559/3947/7534 2134/2179/7534
f 1836/3184/7535 1833/1679/7535 1832/1711/7535
f 3506/1735/7536 2188/3118/7536 2090/2143/7536
f 955/1295/7537 810/515/7537 959/517/7537
f 672/3186/7538 675/1662/7538 674/3187/7538
f 633/2170/7539 710/1383/7539 713/1335/7539
f 2024/1881/7540 732/2883/7540 733/398/7540
f 2025/1882/7541 2024/1881/7541 803/1489/7541
f 425/1057/7542 1552/1327/7542 1550/1285/7542
f 2975/3188/7543 2976/3404/7543 888/1919/7543
f 1319/1375/7544 1158/1194/7544 1157/1196/7544
f 1212/1791/7545 1935/1992/7545 2977/3189/7545
f 889/938/7546 957/998/7546 2228/3190/7546
f 1978/1837/7547 1974/1834/7547 1975/1835/7547
f 1138/2830/7548 1078/1112/7548 1329/1414/7548
f 751/841/7549 665/776/7549 2979/3191/7549
f 1619/1949/7550 1613/1484/7550 1625/1485/7550
f 2252/2336/7551 2255/2335/7551 1728/3193/7551
f 1157/1196/7552 1160/1195/7552 845/907/7552
f 2706/3194/7553 1936/1993/7553 1938/1995/7553
f 2980/3195/7554 2255/2335/7554 2254/3196/7554
f 2982/3198/7555 2975/3188/7555 887/937/7555
f 802/875/7556 712/810/7556 711/809/7556
f 678/3199/7557 677/788/7557 2029/2081/7557
f 527/697/7558 840/904/7558 690/905/7558
f 1839/2741/7559 1207/1238/7559 2629/2735/7559
f 2983/3200/7560 2984/3233/7560 602/730/7560
f 2983/3200/7561 1914/1973/7561 1913/1972/7561
f 2985/3201/7562 2983/3200/7562 1331/2759/7562
f 2986/3202/7563 2984/3233/7563 2983/3200/7563
f 2987/3203/7564 2637/2744/7564 2635/2743/7564
f 2985/3201/7565 2988/3220/7565 2639/2746/7565
f 2990/3204/7566 1319/1375/7566 1318/1374/7566
f 2991/3206/7567 2992/3211/7567 2993/3207/7567
f 2995/3209/7568 2991/3206/7568 2994/3208/7568
f 1106/1135/7569 1058/2752/7569 2991/3206/7569
f 1058/2752/7570 1057/1085/7570 2992/3211/7570
f 1415/765/7571 1406/763/7571 1365/762/7571
f 1317/1373/7572 922/2351/7572 2217/2284/7572
f 1932/1990/7573 1728/3193/7573 2255/2335/7573
f 926/965/7574 2998/3216/7574 2999/3213/7574
f 3001/3214/7575 2993/3207/7575 2992/3211/7575
f 3000/3215/7576 2992/3211/7576 1057/1085/7576
f 2999/3213/7577 3000/3215/7577 2978/3192/7577
f 2998/3216/7578 3001/3214/7578 3000/3215/7578
f 3002/3217/7579 2998/3216/7579 2209/2275/7579
f 3002/3217/7580 3003/3218/7580 2996/3210/7580
f 2993/3207/7581 3001/3214/7581 3002/3217/7581
f 1103/1136/7582 1106/1135/7582 2995/3209/7582
f 3004/3219/7583 2995/3209/7583 2996/3210/7583
f 2209/2275/7584 2210/2274/7584 3004/3219/7584
f 588/722/7585 1103/1136/7585 3004/3219/7585
f 295/1840/7586 296/1187/7586 433/1347/7586
f 2638/2747/7587 2639/2746/7587 2988/3220/7587
f 3005/3221/7588 2988/3220/7588 1056/1083/7588
f 1305/1366/7589 3005/3221/7589 1930/1988/7589
f 1276/1376/7590 2638/2747/7590 3005/3221/7590
f 1987/1851/7591 1968/1822/7591 1993/1858/7591
f 2633/2823/7592 1762/2739/7592 1761/1810/7592
f 1423/797/7593 1422/793/7593 1417/783/7593
f 3561/1769/7594 3517/483/7594 739/482/7594
f 2671/2807/7595 2670/3237/7595 2704/2879/7595
f 1473/2115/7596 1872/2117/7596 2035/2161/7596
f 922/2351/7597 1317/1373/7597 2694/2861/7597
f 1401/2337/7598 1400/749/7598 1378/715/7598
f 556/1166/7599 2028/2083/7599 1884/2082/7599
f 842/1433/7600 848/1432/7600 3825/601/7600
f 1854/1902/7601 2706/3194/7601 2617/2720/7601
f 933/973/7602 1082/1114/7602 1081/2783/7602
f 1440/836/7603 1441/840/7603 1436/963/7603
f 529/2725/7604 657/771/7604 719/815/7604
f 1031/1063/7605 1025/1060/7605 1027/1061/7605
f 777/854/7606 913/952/7606 912/2728/7606
f 2645/2761/7607 1205/1332/7607 1204/1235/7607
f 441/2805/7608 438/269/7608 1538/1348/7608
f 790/1110/7609 1287/1343/7609 587/1197/7609
f 2065/1969/7610 2066/1959/7610 1610/1404/7610
f 1860/2837/7611 991/1025/7611 990/2760/7611
f 60/40/7612 106/77/7612 87/78/7612
f 1424/804/7613 1017/528/7613 1948/1932/7613
f 332/3222/7614 1527/1833/7614 1507/1038/7614
f 261/1341/7615 262/335/7615 138/1126/7615
f 187/123/7616 188/122/7616 449/273/7616
f 1719/1536/7617 1720/1535/7617 1726/1583/7617
f 1931/1987/7618 1055/1087/7618 1059/1086/7618
f 3006/3223/7619 1059/1086/7619 1105/2753/7619
f 1287/1343/7620 3006/3223/7620 1104/1134/7620
f 1286/2354/7621 1931/1987/7621 3006/3223/7621
f 3007/3224/7622 3008/3244/7622 3009/3225/7622
f 3009/3225/7623 3008/3244/7623 653/869/7623
f 618/2279/7624 999/1034/7624 26/2732/7624
f 2029/2081/7625 677/788/7625 1210/2836/7625
f 957/998/7626 601/966/7626 600/729/7626
f 1049/1078/7627 2146/2298/7627 2228/3190/7627
f 2631/2841/7628 890/939/7628 3011/3227/7628
f 890/939/7629 889/938/7629 2227/2297/7629
f 3011/3227/7630 2227/2297/7630 2145/2187/7630
f 2561/2655/7631 3011/3227/7631 3012/3228/7631
f 1026/1232/7632 656/1206/7632 609/770/7632
f 2706/3194/7633 1854/1902/7633 1961/2036/7633
f 3013/3229/7634 2965/3170/7634 2485/2565/7634
f 2148/2189/7635 2147/2188/7635 1267/1301/7635
f 3015/3231/7636 1267/1301/7636 1266/1303/7636
f 2997/3212/7637 2264/2352/7637 1101/1131/7637
f 642/2787/7638 641/756/7638 1773/1817/7638
f 186/121/7639 477/1076/7639 461/285/7639
f 1041/1155/7640 1040/1072/7640 1320/1377/7640
f 1121/1154/7641 3016/3235/7641 3017/3232/7641
f 2984/3233/7642 2986/3202/7642 2987/3203/7642
f 3018/3234/7643 2987/3203/7643 2634/2742/7643
f 1048/1079/7644 603/731/7644 3018/3234/7644
f 603/731/7645 602/730/7645 2984/3233/7645
f 2679/2828/7646 2678/2824/7646 801/876/7646
f 2062/1958/7647 2072/1978/7647 2074/1981/7647
f 2061/1956/7648 2074/1981/7648 2076/1983/7648
f 414/239/7649 303/1201/7649 1545/1200/7649
f 3016/3235/7650 1121/1154/7650 2683/2833/7650
f 3019/3236/7651 2683/2833/7651 2704/2879/7651
f 3020/3238/7652 3019/3236/7652 2670/3237/7652
f 3007/3224/7653 3016/3235/7653 3019/3236/7653
f 1871/1921/7654 1090/1121/7654 1091/1122/7654
f 3021/3239/7655 1787/1826/7655 1122/1152/7655
f 3022/3240/7656 3021/3239/7656 3017/3232/7656
f 1314/2859/7657 3021/3239/7657 3022/3240/7657
f 1784/1827/7658 1787/1826/7658 3021/3239/7658
f 1316/1372/7659 1315/1371/7659 1763/3241/7659
f 3023/3242/7660 3022/3240/7660 3010/3226/7660
f 3023/3242/7661 3009/3225/7661 795/868/7661
f 1763/3241/7662 3023/3242/7662 1092/1123/7662
f 1315/1371/7663 3022/3240/7663 3023/3242/7663
f 3016/3235/7664 3007/3224/7664 3010/3226/7664
f 752/2816/7665 751/841/7665 2978/3192/7665
f 2986/3202/7666 2639/2746/7666 2637/2744/7666
f 3024/3243/7667 654/768/7667 653/869/7667
f 3020/3238/7668 3024/3243/7668 3008/3244/7668
f 720/818/7669 723/817/7669 3024/3243/7669
f 723/817/7670 2621/2723/7670 654/768/7670
f 2681/2831/7671 1098/1132/7671 1268/1302/7671
f 2671/2807/7672 3025/3245/7672 1268/1302/7672
f 2705/2878/7673 2681/2831/7673 3025/3245/7673
f 1313/1370/7674 3026/3247/7674 3027/3246/7674
f 3026/3247/7675 3028/3265/7675 3029/3248/7675
f 3027/3246/7676 3029/3248/7676 3030/3249/7676
f 1311/1368/7677 3027/3246/7677 3031/3250/7677
f 2012/2802/7678 568/436/7678 731/1875/7678
f 917/1106/7679 2657/2781/7679 974/1012/7679
f 743/1237/7680 1206/1236/7680 856/915/7680
f 1888/1898/2626 2027/1896/2626 2030/1895/2626
f 2682/3251/7681 2705/2878/7681 2684/2832/7681
f 3032/3252/7682 2684/2832/7682 1124/1153/7682
f 1100/2789/7683 3032/3252/7683 2989/3205/7683
f 1099/1130/7684 2682/3251/7684 3032/3252/7684
f 1123/3253/7685 2990/3204/7685 2989/3205/7685
f 3033/3254/7686 1834/1879/7686 1159/1880/7686
f 2990/3204/7687 3033/3254/7687 1158/1194/7687
f 1123/3253/7688 1786/2724/7688 3033/3254/7688
f 1786/2724/7689 1785/1825/7689 1834/1879/7689
f 1054/1084/7690 1056/1083/7690 2988/3220/7690
f 2979/3191/7691 665/776/7691 664/778/7691
f 2623/2727/7692 2622/2793/7692 2663/2791/7692
f 1095/1127/7693 660/2839/7693 688/796/7693
f 3034/3255/7694 3035/3260/7694 2261/3256/7694
f 3036/3257/7695 3034/3255/7695 2956/3161/7695
f 3037/3258/7696 3038/3259/7696 3034/3255/7696
f 3038/3259/7697 3039/3267/7697 3035/3260/7697
f 3040/3261/7698 3041/3262/7698 3026/3247/7698
f 2263/2347/7699 3042/3263/7699 3041/3262/7699
f 3042/3263/7700 3039/3267/7700 3043/3264/7700
f 3041/3262/7701 3043/3264/7701 3028/3265/7701
f 3044/3266/7702 3045/3269/7702 3043/3264/7702
f 3046/3268/7703 3047/3270/7703 3045/3269/7703
f 3047/3270/7704 3048/3304/7704 3049/3271/7704
f 3043/3264/7705 3045/3269/7705 3049/3271/7705
f 3038/3259/7706 3037/3258/7706 3051/3272/7706
f 3050/3273/7707 3051/3272/7707 3053/3274/7707
f 3052/3275/7708 3046/3268/7708 3044/3266/7708
f 3039/3267/7709 3038/3259/7709 3050/3273/7709
f 3054/3276/7710 3035/3260/7710 3039/3267/7710
f 3042/3263/7711 2263/2347/7711 2262/2346/7711
f 2261/3256/7712 3035/3260/7712 3054/3276/7712
f 2216/2348/7713 2263/2347/7713 2997/3212/7713
f 2212/2349/7714 2211/2280/7714 2667/2803/7714
f 3056/3277/7715 868/925/7715 2209/2275/7715
f 934/974/7716 3057/3507/7716 1961/2036/7716
f 2013/2840/7717 3755/3310/7717 3757/2040/7717
f 3058/3279/7718 3059/3282/7718 3060/3280/7718
f 3059/3282/7719 3062/3284/7719 3063/3283/7719
f 3060/3280/7720 3063/3283/7720 2213/2281/7720
f 3061/3281/7721 3060/3280/7721 1963/2350/7721
f 3063/3283/7722 3064/3285/7722 2214/2282/7722
f 3062/3284/7723 3065/3286/7723 3064/3285/7723
f 3065/3286/7724 2257/2342/7724 2260/2344/7724
f 3064/3285/7725 2260/2344/7725 2215/2283/7725
f 3066/3287/7726 3067/3288/7726 3031/3250/7726
f 2608/2707/7727 2966/3171/7727 3067/3288/7727
f 2966/3171/7728 2562/3315/7728 3068/3289/7728
f 3031/3250/7729 3067/3288/7729 3068/3289/7729
f 2455/2534/7730 2458/2540/7730 2461/2539/7730
f 2476/3290/7731 2223/2292/7731 2226/2294/7731
f 3551/1899/7732 2090/2143/7732 2089/2145/7732
f 3526/2952/7733 2774/2954/7733 3769/3291/7733
f 433/1347/7734 354/1346/7734 355/201/7734
f 2115/2048/7735 1423/797/7735 1419/785/7735
f 3509/993/7736 2868/3920/7736 2922/3293/7736
f 3769/3291/7737 3737/3165/7737 2131/2177/7737
f 3069/3294/7738 2611/2709/7738 2167/3295/7738
f 2971/3178/7739 2972/3181/7739 2928/3296/7739
f 2961/3166/7740 2774/2954/7740 2773/2953/7740
f 3070/3298/7741 2475/2556/7741 2478/2558/7741
f 2610/3299/7742 2609/2708/7742 3071/3300/7742
f 2502/2693/7743 2371/2458/7743 2374/2457/7743
f 3072/3302/7744 2592/2688/7744 2595/2690/7744
f 2964/3169/7745 3046/3268/7745 3052/3275/7745
f 3048/3304/7746 2593/3306/7746 3074/3305/7746
f 2593/3306/7747 2592/2688/7747 3075/3307/7747
f 3075/3307/7748 3030/3249/7748 3029/3248/7748
f 3074/3305/7749 3029/3248/7749 3028/3265/7749
f 3072/3302/7750 3076/3308/7750 3075/3307/7750
f 3076/3308/7751 3072/3302/7751 2482/3309/7751
f 2481/2562/7752 2608/2707/7752 3066/3287/7752
f 3076/3308/7753 3066/3287/7753 3030/3249/7753
f 2967/3173/7754 3052/3275/7754 3053/3274/7754
f 2482/3309/7755 3072/3302/7755 3073/3303/7755
f 479/364/7756 480/363/7756 493/297/7756
f 706/1340/7757 3900/633/7757 3873/2167/7757
f 3561/1769/7758 2194/3896/7758 2221/2291/7758
f 2013/2840/7759 2010/2801/7759 3754/812/7759
f 3533/1930/7760 2032/2097/7760 2016/2075/7760
f 3562/1933/7761 3519/481/7761 2222/3311/7761
f 1171/587/7762 1154/571/7762 1155/573/7762
f 2586/3313/7763 2566/2658/7763 2565/2714/7763
f 2982/3198/7764 110/152/7764 113/154/7764
f 2562/3315/7765 2376/2656/7765 3077/3316/7765
f 2376/2656/7766 2375/2459/7766 3012/3228/7766
f 3012/3228/7767 2145/2187/7767 2148/2189/7767
f 3077/3316/7768 2148/2189/7768 3015/3231/7768
f 2963/3167/7769 3047/3270/7769 3046/3268/7769
f 3051/3272/7770 3078/3469/7770 2970/3175/7770
f 1683/1805/7771 2173/853/7771 491/424/7771
f 3850/2105/7772 2122/2060/7772 1447/848/7772
f 1986/2053/7773 2181/2221/7773 3734/3317/7773
f 3079/3319/7774 3080/3323/7774 2546/2637/7774
f 3081/3320/7775 3079/3319/7775 2575/2668/7775
f 1983/2054/7776 1986/2053/7776 3768/3318/7776
f 3082/3322/7777 2323/2407/7777 2319/2638/7777
f 3080/3323/7778 3082/3322/7778 2545/2636/7778
f 3734/3317/7779 3732/3324/7779 3082/3322/7779
f 3732/3324/7780 3748/2405/7780 2323/2407/7780
f 1309/637/7781 1471/933/7781 1888/1898/7781
f 3073/3303/7782 2595/2690/7782 2772/3325/7782
f 2760/2931/7783 3083/3328/7783 3084/3327/7783
f 2760/2931/7784 2085/2140/7784 2088/2142/7784
f 3085/3329/7785 3084/3327/7785 3086/3330/7785
f 3089/3332/7786 3085/3329/7786 3090/3333/7786
f 3089/3332/7787 2762/2934/7787 3084/3327/7787
f 3092/3335/7788 3088/3334/7788 3090/3333/7788
f 3093/3337/7789 2748/2919/7789 2744/2915/7789
f 2751/2922/7790 2747/2920/7790 2748/2919/7790
f 3093/3337/7791 2741/2913/7791 2752/2924/7791
f 2742/2914/7792 2741/2913/7792 3093/3337/7792
f 3094/3338/7793 3093/3337/7793 2743/2917/7793
f 3096/3340/7794 3097/3343/7794 3098/3341/7794
f 3099/3342/7795 3096/3340/7795 3087/3331/7795
f 3097/3343/7796 3094/3338/7796 3095/3339/7796
f 3100/3344/7797 2743/2917/7797 2746/2916/7797
f 3101/3345/7798 2927/3348/7798 3102/3346/7798
f 2764/3347/7799 2766/2946/7799 2927/3348/7799
f 2745/2918/7800 2764/3347/7800 3101/3345/7800
f 3102/3346/7801 3092/3335/7801 3091/3336/7801
f 3100/3344/7802 3091/3336/7802 3095/3339/7802
f 2869/3349/7803 2802/3408/7803 3592/3350/7803
f 3102/3346/7804 3103/3353/7804 3104/3352/7804
f 3658/3127/7805 2868/3920/7805 2869/3349/7805
f 2927/3348/7806 2926/3126/7806 3103/3353/7806
f 3098/3341/7807 3095/3339/7807 3091/3336/7807
f 3087/3331/7808 3098/3341/7808 3090/3333/7808
f 2088/2142/7809 2125/2172/7809 3105/3354/7809
f 3083/3328/7810 3105/3354/7810 3086/3330/7810
f 2483/2563/7811 3073/3303/7811 2771/3326/7811
f 2401/2885/7812 2186/2222/7812 2185/2223/7812
f 3099/3342/7813 3086/3330/7813 3105/3354/7813
f 2125/2172/7814 2207/2295/7814 3106/3356/7814
f 3108/3357/7815 2737/2912/7815 2742/2914/7815
f 3107/3358/7816 2742/2914/7816 3094/3338/7816
f 3110/3359/7817 3108/3357/7817 3107/3358/7817
f 3109/3360/7818 3107/3358/7818 3097/3343/7818
f 3111/3361/7819 3109/3360/7819 3096/3340/7819
f 3112/3362/7820 3110/3359/7820 3109/3360/7820
f 3113/3363/7821 2738/2910/7821 2737/2912/7821
f 3115/3364/7822 2723/2897/7822 2722/3365/7822
f 3117/3367/7823 3115/3364/7823 3114/3366/7823
f 3119/3369/7824 3117/3367/7824 3116/3368/7824
f 3118/3370/7825 3116/3368/7825 3120/3371/7825
f 3116/3368/7826 3114/3366/7826 3113/3363/7826
f 3122/3373/7827 3112/3362/7827 3111/3361/7827
f 3122/3373/7828 3123/3374/7828 1755/2271/7828
f 3124/3375/7829 3125/3378/7829 3126/3376/7829
f 3125/3378/7830 3118/3370/7830 3121/3372/7830
f 3128/3379/7831 3119/3369/7831 3118/3370/7831
f 3129/3380/7832 3128/3379/7832 3125/3378/7832
f 2020/2078/7833 2712/3848/7833 3128/3379/7833
f 3853/671/7834 3857/662/7834 1346/664/7834
f 1065/2174/7835 1046/538/7835 1047/537/7835
f 1814/1665/7836 3838/1653/7836 3830/1445/7836
f 2021/2079/7837 2020/2078/7837 3129/3380/7837
f 3111/3361/7838 3099/3342/7838 3106/3356/7838
f 3123/3374/7839 3106/3356/7839 2207/2295/7839
f 2377/2460/7840 2225/2293/7840 2224/3382/7840
f 3014/3230/7841 2485/2565/7841 113/154/7841
f 1756/1802/7842 2208/2272/7842 3782/3383/7842
f 3131/3385/7843 3132/3400/7843 2530/2622/7843
f 3133/3386/7844 3131/3385/7844 2528/2620/7844
f 1753/1803/7845 1756/1802/7845 3767/3384/7845
f 3134/3388/7846 3124/3375/7846 3127/3377/7846
f 2327/2410/7847 2408/2482/7847 2314/2506/7847
f 2436/2515/7848 2318/2402/7848 2317/2404/7848
f 2018/2077/7849 2021/2079/7849 3711/3390/7849
f 2534/2625/7850 3136/3393/7850 3137/3392/7850
f 2320/2403/7851 2322/2406/7851 3136/3393/7851
f 2185/2223/7852 2018/2077/7852 3712/3391/7852
f 3138/3395/7853 3139/3878/7853 2542/2633/7853
f 3134/3388/7854 3135/3389/7854 3744/3396/7854
f 3785/3398/7855 3130/3381/7855 3134/3388/7855
f 3140/3399/7856 3138/3395/7856 2539/2630/7856
f 2535/2626/7857 3137/3392/7857 3140/3399/7857
f 3711/3390/7858 2021/2079/7858 3130/3381/7858
f 2558/2652/7859 2530/2622/7859 3132/3400/7859
f 3782/3383/7860 3760/3403/7860 3141/3401/7860
f 2560/2654/7861 2558/2652/7861 3141/3401/7861
f 3760/3403/7862 3777/3422/7862 3142/3402/7862
f 958/999/7863 888/1919/7863 2976/3404/7863
f 1933/3405/7864 1932/1990/7864 2980/3195/7864
f 2399/3407/7865 2424/2499/7865 2418/2490/7865
f 2348/2431/7866 2342/2426/7866 2343/2427/7866
f 2322/2406/7867 2320/2403/7867 2319/2638/7867
f 2718/3032/7868 2717/2893/7868 2874/3061/7868
f 2709/2905/7869 2729/2903/7869 2873/3062/7869
f 2894/3081/7870 2871/3762/7870 1361/1440/7870
f 346/384/7871 289/175/7871 176/177/7871
f 1876/1724/7872 1877/1723/7872 1882/1920/7872
f 2802/3408/7873 2803/3412/7873 3607/3409/7873
f 3104/3352/7874 3144/3923/7874 3088/3334/7874
f 2974/3312/7875 2222/3311/7875 3649/2936/7875
f 3089/3332/7876 3145/3411/7876 2761/2933/7876
f 3088/3334/7877 3144/3923/7877 3145/3411/7877
f 2803/3412/7878 2974/3312/7878 3603/3410/7878
f 3870/2095/7879 3909/2181/7879 692/379/7879
f 2123/2061/7880 1419/785/7880 1418/780/7880
f 1365/762/7881 1363/687/7881 1368/688/7881
f 1581/1380/7882 1766/1597/7882 1782/1696/7882
f 3569/1337/7883 2202/2277/7883 2129/2176/7883
f 3555/2128/7884 2003/2065/7884 2002/2245/7884
f 3146/3413/7885 2585/2677/7885 2551/2644/7885
f 3751/3415/7886 3146/3413/7886 3147/3414/7886
f 3742/3417/7887 3149/3418/7887 3146/3413/7887
f 3149/3418/7888 2584/2676/7888 2585/2677/7888
f 3196/3419/7889 3198/2236/7889 3197/3420/7889
f 3604/3421/7890 2192/2248/7890 2191/2249/7890
f 3142/3402/7891 3150/3423/7891 2556/2647/7891
f 3777/3422/7892 3778/3425/7892 3150/3423/7892
f 3646/3424/7893 3152/3428/7893 2550/2641/7893
f 3150/3423/7894 3151/3426/7894 2555/2648/7894
f 3778/3425/7895 3780/3922/7895 3151/3426/7895
f 3788/3427/7896 3781/3430/7896 3152/3428/7896
f 3153/3429/7897 3147/3414/7897 2551/2644/7897
f 3152/3428/7898 3153/3429/7898 2549/2642/7898
f 3781/3430/7899 3776/3431/7899 3153/3429/7899
f 3776/3431/7900 3750/3416/7900 3147/3414/7900
f 3148/3432/7901 2767/3486/7901 2206/2269/7901
f 2183/2886/7902 2401/2885/7902 2321/3355/7902
f 2132/3433/7903 2960/3180/7903 2928/3296/7903
f 3684/3434/7904 3685/3936/7904 2204/3435/7904
f 3719/3436/7905 2198/2253/7905 2197/2255/7905
f 2594/2689/7906 2962/3297/7906 2773/2953/7906
f 2595/2690/7907 2594/2689/7907 2951/3438/7907
f 1870/1713/7908 798/1873/7908 799/1716/7908
f 3713/3439/7909 2179/2217/7909 2178/3440/7909
f 3706/3441/7910 2178/3440/7910 3736/3442/7910
f 336/510/7911 3154/3446/7911 3774/3444/7911
f 339/512/7912 3155/3935/7912 3154/3446/7912
f 3789/3447/7913 3683/3448/7913 3149/3418/7913
f 3683/3448/7914 3697/2678/7914 2584/2676/7914
f 2963/3167/7915 2962/3297/7915 3048/3304/7915
f 3722/3445/7916 3730/3455/7916 337/3449/7916
f 339/512/7917 338/511/7917 2566/2658/7917
f 3156/3450/7918 3157/3451/7918 2168/2209/7918
f 2610/3299/7919 3156/3450/7919 2167/3295/7919
f 2954/3301/7920 2953/3157/7920 3156/3450/7920
f 3157/3451/7921 3156/3450/7921 2953/3157/7921
f 3707/3452/7922 2166/2208/7922 2169/2210/7922
f 2567/2660/7923 3158/3945/7923 3159/3454/7923
f 337/3449/7924 3158/3945/7924 2567/2660/7924
f 3730/3455/7925 3069/3294/7925 2166/2208/7925
f 3764/3456/7926 2190/2247/7926 1983/2054/7926
f 2579/2671/7927 3160/3457/7927 3081/3320/7927
f 2568/2662/7928 3159/3454/7928 3160/3457/7928
f 3709/3453/7929 2169/2210/7929 2190/2247/7929
f 3065/3286/7930 3062/3284/7930 3162/3458/7930
f 3161/3459/7931 3162/3458/7931 1984/2052/7931
f 3157/3451/7932 3161/3459/7932 2189/2246/7932
f 2257/2342/7933 3065/3286/7933 3161/3459/7933
f 734/400/7934 735/399/7934 1922/3460/7934
f 3059/3282/7935 3058/3279/7935 2708/2887/7935
f 3163/3461/7936 2708/2887/7936 2182/2219/7936
f 3162/3458/7937 3163/3461/7937 1985/2224/7937
f 3062/3284/7938 3059/3282/7938 3163/3461/7938
f 3203/3462/7939 3206/3566/7939 3205/3463/7939
f 2122/2060/7940 2119/2059/7940 1448/852/7940
f 3817/886/7941 1686/1158/7941 1685/1160/7941
f 139/95/7942 140/94/7942 444/2847/7942
f 1570/1745/7943 569/437/7943 566/1320/7943
f 2957/3160/7944 3164/3467/7944 3165/3466/7944
f 2955/3158/7945 3166/3479/7945 3164/3467/7945
f 1912/1758/7946 454/275/7946 341/499/7946
f 3130/3381/7947 3129/3380/7947 3124/3375/7947
f 1548/2355/7948 322/1860/7948 319/1861/7948
f 1949/2204/7949 1950/2024/7949 1327/1729/7949
f 2969/3176/7950 2970/3175/7950 3078/3469/7950
f 3167/3470/7951 3078/3469/7951 3169/3471/7951
f 3724/3473/7952 2014/2074/7952 2017/2076/7952
f 3720/3474/7953 2017/2076/7953 2033/2098/7953
f 3168/3472/7954 3169/3471/7954 3165/3466/7954
f 3170/3475/7955 3165/3466/7955 3164/3467/7955
f 3779/3477/7956 3170/3475/7956 3171/3476/7956
f 3724/3473/7957 3168/3472/7957 3170/3475/7957
f 3171/3476/7958 3164/3467/7958 3166/3479/7958
f 3172/3480/7959 3166/3479/7959 3071/3300/7959
f 3752/3482/7960 3172/3480/7960 3173/3481/7960
f 3756/3478/7961 3171/3476/7961 3172/3480/7961
f 3169/3471/7962 3037/3258/7962 3036/3257/7962
f 2593/3306/7963 3048/3304/7963 2962/3297/7963
f 3173/3481/7964 3071/3300/7964 2609/2708/7964
f 3174/3484/7965 2609/2708/7965 2199/2710/7965
f 3783/3485/7966 3174/3484/7966 2198/2253/7966
f 3749/3483/7967 3173/3481/7967 3174/3484/7967
f 2190/2247/7968 2189/2246/7968 1984/2052/7968
f 2196/2252/7969 2195/2251/7969 2767/3486/7969
f 2119/2059/7970 2120/2085/7970 1414/766/7970
f 1464/947/7971 1463/3868/7971 1466/891/7971
f 2199/2710/7972 2611/2709/7972 3069/3294/7972
f 2457/2713/7973 2456/2536/7973 2587/3314/7973
f 2226/2294/7974 2225/2293/7974 2562/3315/7974
f 481/404/7975 478/362/7975 1627/1409/7975
f 333/1261/7976 1512/1053/7976 235/1052/7976
f 3078/3469/7977 3051/3272/7977 3037/3258/7977
f 3040/3261/7978 2264/2352/7978 2997/3212/7978
f 2219/2287/7979 1934/1991/7979 1933/3405/7979
f 2385/2468/7980 2384/2467/7980 2497/3172/7980
f 221/2566/7981 2220/2286/7981 3175/3487/7981
f 2220/2286/7982 1933/3405/7982 3143/3406/7982
f 3175/3487/7983 3143/3406/7983 2976/3404/7983
f 2484/2564/7984 3175/3487/7984 2975/3188/7984
f 2954/3301/7985 3071/3300/7985 3166/3479/7985
f 2630/2737/7986 1858/1908/7986 110/152/7986
f 1547/2838/7987 319/1861/7987 1952/1971/7987
f 2091/3489/7988 2090/2143/7988 2188/3118/7988
f 3733/3490/7989 3736/3442/7989 2178/3440/7989
f 1918/1760/7990 1919/1756/7990 1927/1773/7990
f 3563/3491/7991 112/153/7991 111/3492/7991
f 955/1295/7992 956/3185/7992 960/3494/7992
f 2037/3495/7993 3014/3230/7993 112/153/7993
f 3143/3406/7994 2980/3195/7994 2981/3197/7994
f 2218/2285/7995 2211/2280/7995 2214/2282/7995
f 672/3186/7996 3877/1202/7996 3787/1204/7996
f 2152/3496/7997 3013/3229/7997 3014/3230/7997
f 1147/586/7998 1144/578/7998 1143/1862/7998
f 2248/2328/7999 2246/2325/7999 1409/1480/7999
f 1615/1721/8000 1636/2331/8000 1635/1703/8000
f 1410/1481/8001 1409/1480/8001 2246/2325/8001
f 3241/3497/8002 3243/3534/8002 3242/3498/8002
f 1382/2307/8003 3176/3500/8003 3177/3499/8003
f 3177/3499/8004 1410/1481/8004 2247/2324/8004
f 2247/2324/8005 1383/1465/8005 3177/3499/8005
f 3176/3500/8006 2238/2306/8006 2230/2301/8006
f 1410/1481/8007 3177/3499/8007 3179/3502/8007
f 3179/3502/8008 3180/3765/8008 2243/2313/8008
f 1633/1700/8009 3181/3503/8009 2800/2978/8009
f 1621/2326/8010 1620/1688/8010 2758/3104/8010
f 1622/1689/8011 1621/2326/8011 2245/2323/8011
f 2236/2304/8012 1394/1470/8012 3181/3503/8012
f 2237/2305/8013 2236/2304/8013 3182/3504/8013
f 2250/2329/8014 1631/1698/8014 2233/2302/8014
f 2912/3109/8015 1629/1697/8015 1628/1699/8015
f 135/1847/8016 136/429/8016 1564/1353/8016
f 1567/1437/8017 419/252/8017 512/309/8017
f 1085/1118/8018 1084/1117/8018 2653/2775/8018
f 3184/3506/8019 869/926/8019 868/925/8019
f 869/926/8020 3184/3506/8020 3057/3507/8020
f 1266/1303/8021 1268/1302/8021 1098/1132/8021
f 1267/1301/8022 2147/2188/8022 722/2722/8022
f 937/976/8023 1146/1188/8023 2646/2764/8023
f 2146/2298/8024 1049/1078/8024 722/2722/8024
f 2211/2280/8025 2218/2285/8025 921/960/8025
f 1957/2870/8026 510/985/8026 507/1359/8026
f 1313/1370/8027 1312/1369/8027 2264/2352/8027
f 1496/995/8028 362/205/8028 1493/1075/8028
f 2887/3074/8029 2937/3137/8029 2933/3146/8029
f 1687/3508/8030 1688/3953/8030 1659/1576/8030
f 145/1011/8031 1499/1010/8031 1498/1223/8031
f 37/19/8032 38/21/8032 418/1028/8032
f 1935/1992/8033 1934/1991/8033 3185/3509/8033
f 104/2810/8034 89/67/8034 301/438/8034
f 2101/2018/8035 2098/2012/8035 2083/1998/8035
f 543/1800/8036 298/1407/8036 360/1040/8036
f 1934/1991/8037 2219/2287/8037 3186/3510/8037
f 234/1055/8038 1521/1077/8038 212/173/8038
f 3845/2090/8039 3821/1668/8039 1822/1666/8039
f 1976/3511/8040 1875/2146/8040 1874/1715/8040
f 223/308/8041 3186/3510/8041 2219/2287/8041
f 3655/3512/8042 3656/3605/8042 3605/3513/8042
f 2165/3515/8043 2164/2214/8043 467/410/8043
f 467/410/8044 468/287/8044 2165/3515/8044
f 773/421/8045 476/2205/8045 2165/3515/8045
f 1935/1992/8046 1212/1791/8046 1728/3193/8046
f 3240/2319/8047 3225/2288/8047 3226/2290/8047
f 3261/3516/8048 3249/5227/8048 3250/3517/8048
f 3215/2241/8049 3216/2243/8049 3244/3519/8049
f 3265/3521/8050 3221/2265/8050 3215/2241/8050
f 3267/3522/8051 3245/2332/8051 3198/2236/8051
f 3205/3463/8052 3206/3566/8052 3269/3523/8052
f 3214/3525/8053 3211/2238/8053 3265/3521/8053
f 3271/3527/8054 3213/2239/8054 3214/3525/8054
f 3251/3529/8055 3252/3568/8055 3239/3530/8055
f 3222/3531/8056 3221/2265/8056 3266/3532/8056
f 3232/2318/8057 3235/2320/8057 3234/2322/8057
f 3216/2243/8058 3242/3498/8058 3243/3534/8058
f 3196/3419/8059 3193/2232/8059 3268/3535/8059
f 3244/3519/8060 3243/3534/8060 3254/3536/8060
f 3238/2316/8061 3239/3530/8061 3247/2950/8061
f 3264/3520/8062 3244/3519/8062 3255/3524/8062
f 3253/3537/8063 3242/3498/8063 3216/2243/8063
f 3211/2238/8064 3266/3532/8064 3221/2265/8064
f 3257/3538/8065 3217/2242/8065 3218/2266/8065
f 3258/3540/8066 3222/3531/8066 3272/3533/8066
f 3274/3542/8067 3275/3548/8067 3280/3543/8067
f 3228/3545/8068 3229/3560/8068 3262/3546/8068
f 3275/3548/8069 3231/3567/8069 3281/3549/8069
f 3226/2290/8070 3227/2289/8070 3273/3544/8070
f 3236/2315/8071 3263/3547/8071 3260/3518/8071
f 3281/3549/8072 3263/3547/8072 3236/2315/8072
f 3287/1578/8073 3271/3527/8073 3192/3528/8073
f 3235/2320/8074 3226/2290/8074 3280/3543/8074
f 3234/2322/8075 3280/3543/8075 3281/3549/8075
f 3288/3551/8076 3290/3561/8076 3259/3541/8076
f 3260/3518/8077 3250/3517/8077 3276/3552/8077
f 3289/3553/8078 3212/2240/8078 3278/3554/8078
f 3210/3556/8079 3209/2938/8079 3224/2940/8079
f 3199/2237/8080 3202/2948/8080 3201/3558/8080
f 3228/3545/8081 3231/3567/8081 3230/3559/8081
f 3290/3561/8082 3288/3551/8082 3285/3562/8082
f 3282/1580/8083 3279/3571/8083 3271/3527/8083
f 3260/3518/8084 3263/3547/8084 3262/3546/8084
f 3243/3534/8085 3241/3497/8085 3268/3535/8085
f 3267/3522/8086 3268/3535/8086 3241/3497/8086
f 3194/2234/8087 3207/3575/8087 3208/3564/8087
f 3191/3565/8088 3270/3526/8088 3269/3523/8088
f 3270/3526/8089 3191/3565/8089 3192/3528/8089
f 3275/3548/8090 3274/3542/8090 3230/3559/8090
f 3264/3520/8091 3269/3523/8091 3270/3526/8091
f 3252/3568/8092 3251/3529/8092 3276/3552/8092
f 3248/3570/8093 3252/3568/8093 3291/3569/8093
f 3213/2239/8094 3271/3527/8094 3279/3571/8094
f 3272/3533/8095 3266/3532/8095 3289/3553/8095
f 3277/3572/8096 3278/3554/8096 3212/2240/8096
f 3228/3545/3042 3263/3547/3042 3281/3549/3042
f 3220/3573/8097 3225/2288/8097 3253/3537/8097
f 3219/3574/8098 3253/3537/8098 3217/2242/8098
f 3256/3539/8099 3218/2266/8099 3222/3531/8099
f 3247/2950/8100 3239/3530/8100 3252/3568/8100
f 3245/2332/8101 3267/3522/8101 3232/2318/8101
f 3266/3532/8102 3211/2238/8102 3212/2240/8102
f 3208/3564/8103 3205/3463/8103 3255/3524/8103
f 3288/3551/8104 3289/3553/8104 3284/3555/8104
f 3204/3464/8105 3205/3463/8105 3208/3564/8105
f 560/2229/8106 1899/3128/8106 3187/3576/8106
f 3209/2938/8107 3210/3556/8107 3201/3558/8107
f 3189/3550/8108 3192/3528/8108 3191/3565/8108
f 448/1848/8109 1980/1838/8109 807/450/8109
f 647/367/8110 648/366/8110 122/980/8110
f 1833/1679/8111 1848/1676/8111 1780/1747/8111
f 510/985/8112 509/984/8112 508/1360/8112
f 3210/3556/8113 1949/2204/8113 1887/3468/8113
f 1887/3468/8114 15/8/8114 3200/2235/8114
f 15/8/8115 16/2228/8115 3197/3420/8115
f 16/2228/8116 3188/2227/8116 3195/2233/8116
f 3195/2233/8117 3188/2227/8117 3187/3576/8117
f 3194/2234/8118 3187/3576/8118 1899/3128/8118
f 3207/3575/8119 1899/3128/8119 375/3578/8119
f 387/227/8120 173/116/8120 126/85/8120
f 3189/3550/8121 1791/2206/8121 1760/2207/8121
f 3577/3579/8122 763/2211/8122 757/406/8122
f 763/2211/8123 3577/3579/8123 2172/2106/8123
f 3583/3581/8124 3582/3606/8124 3580/3582/8124
f 3581/3583/8125 3580/3582/8125 3579/3584/8125
f 3594/3585/8126 3597/3642/8126 3596/3586/8126
f 3400/3588/8127 3601/3596/8127 3602/3589/8127
f 3626/3591/8128 3624/3664/8128 3625/3592/8128
f 3631/3594/8129 3635/3615/8129 3599/3595/8129
f 3636/3597/8130 3637/3608/8130 3595/3587/8130
f 3647/3598/8131 3584/3602/8131 3588/3599/8131
f 3650/3601/8132 3582/3606/8132 3584/3602/8132
f 3653/3603/8133 3579/3584/8133 3580/3582/8133
f 3653/3603/8134 2176/2212/8134 3654/1775/8134
f 1801/1633/8135 1864/950/8135 3656/3605/8135
f 3651/3604/8136 3580/3582/8136 3582/3606/8136
f 3644/3607/8137 3638/3631/8137 3595/3587/8137
f 1767/806/8138 1768/1596/8138 3659/3609/8138
f 1597/1397/8139 3663/805/8139 3661/2103/8139
f 1708/1524/8140 1707/1523/8140 3665/3143/8140
f 3671/2258/8141 3668/2257/8141 3667/3610/8141
f 3666/3611/8142 3667/3610/8142 3673/3612/8142
f 1588/1526/8143 1708/1524/8143 3664/2256/8143
f 2080/2338/8144 3671/2258/8144 3666/3611/8144
f 2082/2006/8145 3666/3611/8145 3672/3613/8145
f 3674/3614/8146 3677/3616/8146 3635/3615/8146
f 3677/3616/8147 3678/3628/8147 3636/3597/8147
f 3682/3617/8148 3647/3598/8148 3645/3600/8148
f 3692/3619/8149 3651/3604/8149 3650/3601/8149
f 3681/3618/8150 3645/3600/8150 3644/3607/8150
f 786/1499/8151 3694/3622/8151 3692/3619/8151
f 3694/3622/8152 3653/3603/8152 3651/3604/8152
f 785/1500/8153 3692/3619/8153 3686/3620/8153
f 497/3623/8154 3686/3620/8154 3682/3617/8154
f 650/372/8155 3682/3617/8155 3681/3618/8155
f 3696/3624/8156 564/370/8156 3681/3618/8156
f 3405/3625/8157 3606/3659/8157 3605/3513/8157
f 3702/3627/8158 3699/3629/8158 3678/3628/8158
f 3699/3629/8159 3698/3639/8159 3679/3630/8159
f 3645/3600/8160 3588/3599/8160 3638/3631/8160
f 1799/1635/8161 3657/3655/8161 3659/3609/8161
f 3708/3632/8162 3704/3658/8162 3458/3633/8162
f 3462/3635/8163 3710/3638/8163 3708/3632/8163
f 3714/577/8164 463/576/8164 564/370/8164
f 3615/3636/8165 3606/3659/8165 3602/3589/8165
f 3710/3638/8166 3714/577/8166 3696/3624/8166
f 3635/3615/8167 3636/3597/8167 3596/3586/8167
f 3629/3640/8168 3626/3591/8168 3627/3593/8168
f 3597/3642/8169 3600/3637/8169 3599/3595/8169
f 3630/3641/8170 3716/3647/8170 3715/3643/8170
f 3627/3593/8171 3625/3592/8171 3597/3642/8171
f 3717/3644/8172 3716/3647/8172 3723/3645/8172
f 3715/3643/8173 3663/805/8173 3660/807/8173
f 3716/3647/8174 3717/3644/8174 3725/2102/8174
f 3668/2257/8175 3665/3143/8175 3661/2103/8175
f 3668/2257/8176 3725/2102/8176 3717/3644/8176
f 3667/3610/8177 3717/3644/8177 3718/3646/8177
f 3727/3648/8178 3728/3649/8178 3673/3612/8178
f 3728/3649/8179 1576/2019/8179 3672/3613/8179
f 3726/3650/8180 3727/3648/8180 3718/3646/8180
f 1576/2019/8181 2101/2018/8181 2084/1997/8181
f 3727/3648/8182 3726/3650/8182 3731/3651/8182
f 3203/3462/8183 376/718/8183 1387/719/8183
f 3190/3577/8184 1387/719/8184 1791/2206/8184
f 3283/3557/8185 2152/2203/8185 1949/2204/8185
f 317/183/8186 240/190/8186 259/151/8186
f 2000/1868/8187 2176/2212/8187 3653/3603/8187
f 3601/3596/8188 3599/3595/8188 3600/3637/8188
f 3589/3653/8189 3588/3599/8189 3584/3602/8189
f 3577/3579/8190 758/1497/8190 756/426/8190
f 3585/3654/8191 3584/3602/8191 3582/3606/8191
f 3678/3628/8192 3679/3630/8192 3637/3608/8192
f 3204/3464/8193 375/3578/8193 376/718/8193
f 1801/1633/8194 3655/3512/8194 3657/3655/8194
f 3729/3652/8195 3735/3657/8195 3728/3649/8195
f 1575/1378/8196 3735/3657/8196 3738/3656/8196
f 3735/3657/8197 1575/1378/8197 1576/2019/8197
f 1776/1630/8198 1795/1629/8198 1796/1637/8198
f 1293/661/8199 1294/657/8199 1290/649/8199
f 1326/2200/8200 14/9/8200 1327/1729/8200
f 1294/657/8201 1245/627/8201 1234/619/8201
f 878/626/8202 1244/625/8202 1330/648/8202
f 497/3623/8203 373/2850/8203 374/2231/8203
f 122/980/8204 648/366/8204 413/240/8204
f 3699/3629/8205 3702/3627/8205 3704/3658/8205
f 3606/3659/8206 3405/3625/8206 3401/3590/8206
f 3708/3632/8207 3710/3638/8207 3698/3639/8207
f 3464/575/8208 3714/577/8208 3710/3638/8208
f 3704/3658/8209 3674/3614/8209 3443/3660/8209
f 439/271/8210 398/1539/8210 399/1352/8210
f 1512/1053/8211 1528/1099/8211 1526/1098/8211
f 1668/1475/8212 1741/1563/8212 1738/1567/8212
f 839/3661/8213 849/1431/8213 1362/2226/8213
f 1362/2226/8214 1357/677/8214 826/678/8214
f 3843/1428/8215 740/1934/8215 1896/1589/8215
f 2053/2009/8216 2054/2008/8216 2118/885/8216
f 3888/2118/8217 3887/2086/8217 2120/2085/8217
f 696/1234/8218 697/1233/8218 3816/3662/8218
f 1826/2773/8219 1878/1731/8219 639/1453/8219
f 3740/3663/8220 3739/3666/8220 3729/3652/8220
f 956/3185/8221 885/463/8221 886/485/8221
f 1980/1838/8222 806/442/8222 1922/3460/8222
f 33/18/8223 34/17/8223 105/111/8223
f 1343/659/8224 1344/660/8224 3856/666/8224
f 3907/2069/8225 2127/2068/8225 2128/2073/8225
f 1766/1597/8226 1581/1380/8226 1582/1382/8226
f 14/9/8227 1326/2200/8227 2163/2197/8227
f 595/354/8228 98/72/8228 99/1067/8228
f 3233/2321/8229 3238/2316/8229 3246/2949/8229
f 1346/664/8230 1035/534/8230 1044/535/8230
f 748/1906/8231 1888/1898/8231 1425/800/8231
f 3193/2232/8232 3208/3564/8232 3254/3536/8232
f 3190/3577/8233 3191/3565/8233 3206/3566/8233
f 3612/3514/8234 3605/3513/8234 3606/3659/8234
f 3624/3664/8235 3612/3514/8235 3615/3636/8235
f 3631/3594/8236 3415/3665/8236 3443/3660/8236
f 3679/3630/8237 3680/3621/8237 3644/3607/8237
f 3686/3620/8238 3650/3601/8238 3647/3598/8238
f 3702/3627/8239 3677/3616/8239 3674/3614/8239
f 3625/3592/8240 3615/3636/8240 3600/3637/8240
f 3601/3596/8241 3400/3588/8241 3415/3665/8241
f 3739/3666/8242 3738/3656/8242 3735/3657/8242
f 3630/3641/8243 3627/3593/8243 3594/3585/8243
f 3741/3667/8244 3723/3645/8244 3716/3647/8244
f 1284/1792/8245 1290/649/8245 1288/651/8245
f 3698/3639/8246 3696/3624/8246 3680/3621/8246
f 1778/1616/8247 1781/1615/8247 1780/1747/8247
f 1792/2099/8248 1759/3895/8248 1584/1631/8248
f 695/2132/8249 570/347/8249 571/346/8249
f 3638/3631/8250 3741/3667/8250 3594/3585/8250
f 3741/3667/8251 3638/3631/8251 3588/3599/8251
f 3247/2950/8252 3248/3570/8252 3209/2938/8252
f 3292/3668/8253 3293/3742/8253 3294/3669/8253
f 3296/3671/8254 3297/3739/8254 3298/3672/8254
f 3299/3673/8255 3298/3672/8255 3300/3674/8255
f 3302/3676/8256 3303/3684/8256 3304/3677/8256
f 3306/3679/8257 3307/3682/8257 3308/3680/8257
f 3307/3682/8258 3310/3740/8258 3311/3683/8258
f 3303/3684/8259 3302/3676/8259 3301/3675/8259
f 3312/3685/8260 3305/3678/8260 3304/3677/8260
f 3314/3687/8261 3315/3755/8261 3316/3688/8261
f 3318/3690/8262 3319/3711/8262 3320/3691/8262
f 3324/3693/8263 3318/3690/8263 3321/3692/8263
f 3326/3695/8264 3327/3723/8264 3328/3696/8264
f 3329/3698/8265 3330/5228/8265 3331/3699/8265
f 3333/3701/8266 3334/3713/8266 3335/3702/8266
f 3337/3704/8267 3338/3712/8267 3339/3705/8267
f 3333/3701/8268 3336/3703/8268 3341/3707/8268
f 3342/3708/8269 3341/3707/8269 3343/3709/8269
f 3319/3711/8270 3345/3730/8270 3344/3710/8270
f 3338/3712/8271 3335/3702/8271 3334/3713/8271
f 3346/3714/8272 3301/3675/8272 3302/3676/8272
f 3305/3678/8273 3348/3720/8273 3347/3715/8273
f 3312/3685/8274 3224/3760/8274 3223/3716/8274
f 3350/3718/8275 3337/3704/8275 3340/3706/8275
f 3312/3685/8276 3349/3717/8276 3348/3720/8276
f 3352/3721/8277 3343/3709/8277 3341/3707/8277
f 3311/3683/8278 3353/3738/8278 3354/3722/8278
f 3341/3707/8279 3336/3703/8279 3327/3723/8279
f 3359/3724/8280 3360/3727/8280 3361/3725/8280
f 3360/3727/8281 3359/3724/8281 3250/3728/8281
f 3318/3690/8282 3363/3741/8282 3345/3730/8282
f 3364/3731/8283 3363/3741/8283 3318/3690/8283
f 3314/3687/8284 3364/3731/8284 3324/3693/8284
f 3366/3733/8285 3299/3673/8285 3301/3675/8285
f 3299/3673/8286 3366/3733/8286 3367/3734/8286
f 3308/3680/8287 3354/3722/8287 3368/3735/8287
f 3369/3736/8288 3317/3689/8288 3295/3670/8288
f 3317/3689/8289 3369/3736/8289 3364/3731/8289
f 3370/3737/8290 3295/3670/8290 3317/3689/8290
f 3325/3694/8291 3371/3747/8291 3365/3732/8291
f 3352/3721/8292 3320/3691/8292 3319/3711/8292
f 3296/3671/8293 3367/3734/8293 3353/3738/8293
f 3297/3739/8294 3296/3671/8294 3311/3683/8294
f 3363/3741/8295 3368/3735/8295 3354/3722/8295
f 3345/3730/8296 3354/3722/8296 3353/3738/8296
f 3344/3710/8297 3353/3738/8297 3367/3734/8297
f 3366/3733/8298 3333/3701/8298 3342/3708/8298
f 3347/3715/8299 3339/3705/8299 3334/3713/8299
f 3339/3705/8300 3347/3715/8300 3348/3720/8300
f 3348/3720/8301 3349/3717/8301 3351/3719/8301
f 3363/3741/8302 3364/3731/8302 3369/3736/8302
f 3294/3669/8303 3309/3681/8303 3368/3735/8303
f 3293/3742/8304 3306/3679/8304 3309/3681/8304
f 3331/3699/8305 3373/3749/8305 3374/3743/8305
f 3346/3714/8306 3334/3713/8306 3333/3701/8306
f 3323/3697/8307 3322/3748/8307 3352/3721/8307
f 3356/3744/8308 3355/3745/8308 3321/3692/8308
f 3355/3745/8309 3357/3746/8309 3325/3694/8309
f 3357/3746/8310 3358/3758/8310 3371/3747/8310
f 3322/3748/8311 3356/3744/8311 3320/3691/8311
f 3361/3725/8312 3330/5228/8312 3329/3698/8312
f 3373/3749/8313 3372/3752/8313 3375/3750/8313
f 3374/3743/8314 3375/3750/8314 3376/3751/8314
f 3329/3698/8315 3332/3700/8315 3376/3751/8315
f 3327/3723/8316 3375/3750/8316 3372/3752/8316
f 3336/3703/8317 3335/3702/8317 3375/3750/8317
f 3335/3702/8318 3338/3712/8318 3376/3751/8318
f 3376/3751/8319 3338/3712/8319 3337/3704/8319
f 3337/3704/8320 3350/3718/8320 3359/3724/8320
f 3359/3724/8321 3350/3718/8321 3276/3753/8321
f 3377/3754/8322 3292/3668/8322 3295/3670/8322
f 3277/3572/8323 3316/3688/8323 3315/3755/8323
f 3371/3747/8324 3378/3757/8324 3379/3756/8324
f 3378/3757/8325 3371/3747/8325 3358/3758/8325
f 3365/3732/8326 3379/3756/8326 3315/3755/8326
f 3316/3688/8327 3277/3572/8327 3279/3571/8327
f 3282/1580/8328 3377/3754/8328 3370/3737/8328
f 3313/3686/8329 3283/3763/8329 3224/3760/8329
f 3378/3757/8330 3285/3562/8330 3284/3555/8330
f 3380/3759/8331 3286/3563/8331 3285/3562/8331
f 3379/3756/8332 3284/3555/8332 3278/3554/8332
f 3276/3753/8333 3350/3718/8333 3351/3719/8333
f 3291/3761/8334 3351/3719/8334 3349/3717/8334
f 3313/3686/8335 3304/3677/8335 2965/3170/8335
f 2965/3170/8336 3304/3677/8336 3303/3684/8336
f 222/307/8337 3303/3684/8337 3300/3674/8337
f 223/308/8338 3300/3674/8338 3298/3672/8338
f 3298/3672/8339 3297/3739/8339 3185/3509/8339
f 3297/3739/8340 3310/3740/8340 2977/3189/8340
f 3310/3740/8341 3307/3682/8341 1213/1242/8341
f 3307/3682/8342 3306/3679/8342 1214/1243/8342
f 2532/3080/8343 1214/1243/8343 3306/3679/8343
f 2894/3081/8344 2532/3080/8344 3293/3742/8344
f 2871/3762/8345 2894/3081/8345 3292/3668/8345
f 3253/3537/8346 3225/2288/8346 3240/2319/8346
f 3283/3763/8347 3313/3686/8347 3013/3229/8347
f 1997/1865/8348 1996/1866/8348 1889/1739/8348
f 1237/1257/8349 745/839/8349 744/838/8349
f 1535/1782/8350 1534/1784/8350 120/1816/8350
f 1531/1119/8351 1532/1367/8351 201/137/8351
f 1119/1151/8352 1241/1262/8352 1032/1066/8352
f 946/478/8353 948/477/8353 824/489/8353
f 163/213/8354 8/4/8354 5/6/8354
f 3589/3653/8355 3726/3650/8355 3723/3645/8355
f 1155/573/8356 1156/572/8356 1162/581/8356
f 427/280/8357 213/132/8357 327/1304/8357
f 553/1454/8358 1902/1779/8358 796/1498/8358
f 3381/3764/8359 2232/2300/8359 2231/2303/8359
f 3381/3764/8360 3178/3501/8360 2230/2301/8360
f 2237/2305/8361 3183/3505/8361 3180/3765/8361
f 3383/3766/8362 3384/3769/8362 3385/3767/8362
f 3384/3769/8363 3386/3771/8363 3387/3770/8363
f 3386/3771/8364 3388/3773/8364 3389/3772/8364
f 3388/3773/8365 3390/3799/8365 3391/3774/8365
f 3392/3775/8366 3393/3794/8366 3394/3776/8366
f 3395/3777/8367 3394/3776/8367 3396/3778/8367
f 3398/3780/8368 3399/3781/8368 3397/3779/8368
f 3400/3588/8369 3401/3590/8369 3399/3781/8369
f 3403/3782/8370 3404/3784/8370 3405/3625/8370
f 3406/3783/8371 3407/3786/8371 3404/3784/8371
f 3408/3785/8372 3409/3788/8372 3407/3786/8372
f 3410/3787/8373 3411/3790/8373 3409/3788/8373
f 3412/3789/8374 3413/3836/8374 3411/3790/8374
f 3415/3665/8375 3400/3588/8375 3398/3780/8375
f 3414/3791/8376 3398/3780/8376 3396/3778/8376
f 3416/3792/8377 3396/3778/8377 3394/3776/8377
f 3417/3793/8378 3394/3776/8378 3393/3794/8378
f 3393/3794/8379 3419/3797/8379 3420/3796/8379
f 3419/3797/8380 3390/3799/8380 3421/3798/8380
f 3390/3799/8381 3388/3773/8381 3422/3800/8381
f 3388/3773/8382 3386/3771/8382 3423/3801/8382
f 3386/3771/8383 3384/3769/8383 3424/3802/8383
f 3384/3769/8384 3383/3766/8384 3425/3803/8384
f 3425/3803/8385 3383/3766/8385 3426/3804/8385
f 2904/3094/8386 3427/3864/8386 3428/3805/8386
f 3429/3806/8387 3427/3864/8387 2904/3094/8387
f 3430/3808/8388 3429/3806/8388 2902/3807/8388
f 2875/3066/8389 3431/3840/8389 3430/3808/8389
f 3432/3809/8390 3433/3841/8390 2733/2909/8390
f 2825/3009/8391 3434/3816/8391 3435/3810/8391
f 3437/3811/8392 3438/3843/8392 3439/3812/8392
f 3441/3814/8393 3437/3811/8393 3436/3813/8393
f 2724/2898/8394 2723/2897/8394 3434/3816/8394
f 3436/3813/8395 3439/3812/8395 3115/3364/8395
f 3440/3815/8396 3436/3813/8396 3117/3367/8396
f 3443/3660/8397 3415/3665/8397 3414/3791/8397
f 3442/3817/8398 3414/3791/8398 3416/3792/8398
f 3444/3818/8399 3416/3792/8399 3417/3793/8399
f 3445/3819/8400 3417/3793/8400 3418/3795/8400
f 3446/3820/8401 3418/3795/8401 3420/3796/8401
f 3420/3796/8402 3421/3798/8402 3448/3822/8402
f 3421/3798/8403 3422/3800/8403 3449/3823/8403
f 3422/3800/8404 3423/3801/8404 3450/3824/8404
f 3423/3801/8405 3424/3802/8405 3451/3825/8405
f 3424/3802/8406 3425/3803/8406 3452/3826/8406
f 3425/3803/8407 3184/3506/8407 3056/3277/8407
f 3451/3825/8408 3452/3826/8408 2253/2334/8408
f 3450/3824/8409 3451/3825/8409 2252/2336/8409
f 3449/3823/8410 3450/3824/8410 1727/1790/8410
f 3448/3822/8411 3449/3823/8411 2150/2273/8411
f 3453/3827/8412 3447/3821/8412 3448/3822/8412
f 3454/3828/8413 3446/3820/8413 3447/3821/8413
f 3455/3829/8414 3445/3819/8414 3446/3820/8414
f 3456/3830/8415 3444/3818/8415 3445/3819/8415
f 3442/3817/8416 3444/3818/8416 3456/3830/8416
f 3443/3660/8417 3442/3817/8417 3457/3831/8417
f 3459/3832/8418 3460/3634/8418 3458/3633/8418
f 3457/3831/8419 3456/3830/8419 3455/3829/8419
f 3459/3832/8420 3455/3829/8420 3454/3828/8420
f 3462/3635/8421 3460/3634/8421 3459/3832/8421
f 3461/3833/8422 3454/3828/8422 3453/3827/8422
f 3464/575/8423 3462/3635/8423 3461/3833/8423
f 3463/3834/8424 3453/3827/8424 1941/2194/8424
f 3404/3784/8425 3399/3781/8425 3401/3590/8425
f 3407/3786/8426 3397/3779/8426 3399/3781/8426
f 3409/3788/8427 3395/3777/8427 3397/3779/8427
f 3411/3790/8428 3392/3775/8428 3395/3777/8428
f 3465/3835/8429 3466/3839/8429 3413/3836/8429
f 3467/3837/8430 3468/3844/8430 3469/3838/8430
f 3465/3835/8431 3412/3789/8431 3431/3840/8431
f 3470/3842/8432 3467/3837/8432 3466/3839/8432
f 3438/3843/8433 3470/3842/8433 3432/3809/8433
f 3467/3837/8434 3470/3842/8434 3438/3843/8434
f 3468/3844/8435 3467/3837/8435 3437/3811/8435
f 3471/3845/8436 3469/3838/8436 3468/3844/8436
f 3472/3846/8437 3468/3844/8437 3441/3814/8437
f 3473/3847/8438 3441/3814/8438 3440/3815/8438
f 2712/3848/8439 3440/3815/8439 3119/3369/8439
f 3475/3849/8440 3471/3845/8440 3472/3846/8440
f 3474/3850/8441 3472/3846/8441 3473/3847/8441
f 3476/3851/8442 3473/3847/8442 2712/3848/8442
f 3477/3852/8443 3476/3851/8443 2711/2888/8443
f 3478/3853/8444 3474/3850/8444 3476/3851/8444
f 3479/3854/8445 3475/3849/8445 3474/3850/8445
f 3392/3775/8446 3411/3790/8446 3413/3836/8446
f 3466/3839/8447 3469/3838/8447 3480/3855/8447
f 3419/3797/8448 3393/3794/8448 3392/3775/8448
f 3390/3799/8449 3419/3797/8449 3480/3855/8449
f 3469/3838/8450 3471/3845/8450 3391/3774/8450
f 3389/3772/8451 3391/3774/8451 3471/3845/8451
f 3387/3770/8452 3389/3772/8452 3475/3849/8452
f 3385/3767/8453 3387/3770/8453 3479/3854/8453
f 3482/3857/8454 3477/3852/8454 2400/2478/8454
f 3483/3858/8455 3478/3853/8455 3477/3852/8455
f 3481/3856/8456 3479/3854/8456 3478/3853/8456
f 3484/3859/8457 3482/3857/8457 2402/2477/8457
f 3058/3279/8458 3484/3859/8458 2707/2884/8458
f 3061/3281/8459 3485/3860/8459 3484/3859/8459
f 3485/3860/8460 3483/3858/8460 3482/3857/8460
f 3382/3768/8461 3385/3767/8461 3481/3856/8461
f 3486/3861/8462 3481/3856/8462 3483/3858/8462
f 3426/3804/8463 3383/3766/8463 3382/3768/8463
f 3487/3862/8464 3382/3768/8464 3486/3861/8464
f 3486/3861/8465 3485/3860/8465 3061/3281/8465
f 1961/2036/8466 3057/3507/8466 3487/3862/8466
f 3057/3507/8467 3184/3506/8467 3426/3804/8467
f 3428/3805/8468 3403/3782/8468 3402/3626/8468
f 3427/3864/8469 3406/3783/8469 3403/3782/8469
f 3429/3806/8470 3408/3785/8470 3406/3783/8470
f 3430/3808/8471 3410/3787/8471 3408/3785/8471
f 3431/3840/8472 3412/3789/8472 3410/3787/8472
f 3470/3842/8473 3465/3835/8473 3433/3841/8473
f 3434/3816/8474 3439/3812/8474 3438/3843/8474
f 2723/2897/8475 3115/3364/8475 3439/3812/8475
f 2875/3066/8476 2733/2909/8476 3433/3841/8476
f 2736/2908/8477 2824/3006/8477 3435/3810/8477
f 2947/3152/8478 3428/3805/8478 3488/3863/8478
f 3464/575/8479 3463/3834/8479 1360/2001/8479
f 1900/1742/8480 1925/1768/8480 1924/1781/8480
f 1736/1561/8481 1717/1559/8481 1718/1841/8481
f 1955/3488/8482 1952/1971/8482 1943/3865/8482
f 1671/1474/8483 1738/1567/8483 1735/1560/8483
f 1696/1506/8484 1750/1591/8484 1698/1516/8484
f 1800/1634/8485 1865/948/8485 1864/950/8485
f 2063/1957/8486 2055/1945/8486 2056/1947/8486
f 1737/1568/8487 1734/1558/8487 1717/1559/8487
f 1751/1592/8488 1735/1560/8488 1697/1562/8488
f 943/2088/8489 3885/1392/8489 3899/1394/8489
f 3656/3605/8490 3488/3863/8490 3402/3626/8490
f 1577/1531/8491 1578/1601/8491 1764/1605/8491
f 3917/1606/8492 1598/1396/8492 1599/1525/8492
f 1945/3866/8493 146/557/8493 82/61/8493
f 68/49/8494 6/5/8494 7/2726/8494
f 147/97/8495 1542/1179/8495 1543/1189/8495
f 1109/544/8496 1135/2261/8496 1133/558/8496
f 1503/2788/8497 1910/1831/8497 1907/1832/8497
f 1499/1010/8498 1501/1007/8498 1909/1814/8498
f 452/274/8499 1922/3460/8499 735/399/8499
f 1824/1670/8500 2068/2718/8500 3835/3867/8500
f 1825/1671/8501 2067/1960/8501 2068/2718/8501
f 1463/3868/8502 1462/1989/8502 1022/532/8502
f 841/686/8503 1012/521/8503 1009/522/8503
f 1568/1783/8504 1547/2838/8504 1955/3488/8504
f 1910/1831/8505 1503/2788/8505 1502/2763/8505
f 1939/3869/8506 1502/2763/8506 422/256/8506
f 309/1031/8507 280/167/8507 1940/1787/8507
f 1804/1638/8508 1851/959/8508 1866/3870/8508
f 269/163/8509 1482/971/8509 1954/1799/8509
f 2065/1969/8510 1607/1406/8510 2060/2882/8510
f 3812/3465/8511 1685/1160/8511 1758/3871/8511
f 280/167/8512 276/169/8512 552/1276/8512
f 1875/2146/8513 1873/1712/8513 1869/1714/8513
f 1739/1582/8514 1721/1557/8514 1734/1558/8514
f 1778/1616/8515 1779/1675/8515 1790/1678/8515
f 310/184/8516 1920/1755/8516 1915/1757/8516
f 1909/1814/8517 1908/1813/8517 1906/1749/8517
f 1789/1621/8518 1783/1614/8518 1778/1616/8518
f 978/509/8519 981/508/8519 980/1401/8519
f 1584/1631/8520 1759/3895/8520 1731/1549/8520
f 425/1057/8521 426/1056/8521 311/1436/8521
f 148/96/8522 1543/1189/8522 115/80/8522
f 2044/1720/8523 3897/1719/8523 3894/2017/8523
f 277/242/8524 1910/1831/8524 1939/3869/8524
f 1943/3865/8525 1946/2100/8525 1945/3866/8525
f 1461/936/8526 1462/1989/8526 1463/3868/8526
f 2253/2334/8527 3452/3826/8527 3056/3277/8527
f 2981/3197/8528 2254/3196/8528 3489/3872/8528
f 2209/2275/8529 2998/3216/8529 3489/3872/8529
f 2254/3196/8530 2253/2334/8530 3055/3278/8530
f 2998/3216/8531 926/965/8531 958/999/8531
f 2826/3010/8532 2817/3874/8532 2721/2896/8532
f 3490/3873/8533 2739/3877/8533 2721/2896/8533
f 2816/2997/8534 3491/3879/8534 3490/3873/8534
f 2334/3875/8535 2297/2384/8535 2296/2383/8535
f 2298/2388/8536 2297/2384/8536 2334/3875/8536
f 2301/2396/8537 2298/2388/8537 2336/2419/8537
f 2311/2398/8538 2301/2396/8538 2338/2421/8538
f 2312/2397/8539 2311/2398/8539 2354/2437/8539
f 2359/2443/8540 2358/2442/8540 2361/2448/8540
f 2335/2418/8541 2296/2383/8541 2359/2443/8541
f 2414/3876/8542 2413/2486/8542 2365/2447/8542
f 2413/2486/8543 2270/2359/8543 2361/2448/8543
f 2355/2438/8544 2352/2434/8544 2540/2631/8544
f 2541/2632/8545 2540/2631/8545 2539/2630/8545
f 2722/3365/8546 2721/2896/8546 2739/3877/8546
f 3114/3366/8547 2722/3365/8547 2738/2910/8547
f 3110/3359/8548 3112/3362/8548 3121/3372/8548
f 3108/3357/8549 3110/3359/8549 3120/3371/8549
f 3122/3373/8550 1754/1801/8550 3127/3377/8550
f 3112/3362/8551 3122/3373/8551 3126/3376/8551
f 3127/3377/8552 1754/1801/8552 1753/1803/8552
f 3139/3878/8553 3133/3386/8553 2529/2619/8553
f 3744/3396/8554 3775/3387/8554 3133/3386/8554
f 3490/3873/8555 2789/2968/8555 2740/2911/8555
f 3491/3879/8556 2790/2969/8556 2789/2968/8556
f 228/144/8557 229/143/8557 91/2877/8557
f 245/1786/8558 244/318/8558 243/340/8558
f 248/385/8559 7/2726/8559 247/339/8559
f 2/2/8560 297/1291/8560 296/1187/8560
f 145/1011/8561 146/557/8561 300/2000/8561
f 327/1304/8562 213/132/8562 210/134/8562
f 329/332/8563 332/3222/8563 331/1091/8563
f 239/1191/8564 241/187/8564 240/190/8564
f 373/2850/8565 376/718/8565 375/3578/8565
f 178/2199/8566 177/1889/8566 176/177/8566
f 1218/606/8567 1225/609/8567 1228/623/8567
f 3862/640/8568 1231/621/8568 1295/667/8568
f 808/445/8569 809/452/8569 824/489/8569
f 3858/923/8570 3859/863/8570 1013/550/8570
f 3813/782/8571 3810/781/8571 1411/761/8571
f 2154/2149/8572 2149/2148/8572 2159/2156/8572
f 3845/2090/8573 3835/3867/8573 1758/3871/8573
f 306/449/8574 807/450/8574 1922/3460/8574
f 2157/2150/8575 2153/2147/8575 1976/3511/8575
f 708/2182/8576 709/1338/8576 2031/1913/8576
f 1450/2169/8577 1226/615/8577 1227/617/8577
f 1672/1478/8578 1604/1398/8578 1605/1954/8578
f 1813/3880/8579 1814/1665/8579 1821/1667/8579
f 1717/1559/8580 1716/1532/8580 1715/1533/8580
f 176/177/8581 159/106/8581 402/1493/8581
f 1710/1842/8582 1705/1744/8582 3916/1512/8582
f 1712/1553/8583 1580/1555/8583 1577/1531/8583
f 1705/1744/8584 1713/1529/8584 1711/1528/8584
f 971/501/8585 978/509/8585 979/733/8585
f 822/448/8586 823/447/8586 1094/552/8586
f 2909/3881/8587 2810/3882/8587 2793/2973/8587
f 2810/3882/8588 2769/2988/8588 2795/2981/8588
f 2799/2979/8589 2910/3102/8589 2249/2327/8589
f 3662/3883/8590 3643/3101/8590 2910/3102/8590
f 2769/2988/8591 2768/2951/8591 2801/2982/8591
f 3177/3499/8592 3176/3500/8592 3178/3501/8592
f 3178/3501/8593 3381/3764/8593 3180/3765/8593
f 3181/3503/8594 1394/1470/8594 1393/1472/8594
f 3181/3503/8595 1633/1700/8595 1632/1702/8595
f 3182/3504/8596 1632/1702/8596 2244/2314/8596
f 3183/3505/8597 2244/2314/8597 2243/2313/8597
f 3492/3884/8598 2791/2972/8598 2790/2969/8598
f 2808/3885/8599 3492/3884/8599 3491/3879/8599
f 2239/3886/8600 3574/1170/8600 3572/3887/8600
f 1149/2264/8601 1150/1907/8601 3571/3889/8601
f 1150/1907/8602 2009/2072/8602 3567/3891/8602
f 2202/2277/8603 3569/1337/8603 3566/1336/8603
f 2921/3892/8604 3564/2811/8604 3565/1770/8604
f 3568/3894/8605 3560/3183/8605 2133/2178/8605
f 1777/1607/8606 1579/1599/8606 1759/3895/8606
f 1201/598/8607 1196/599/8607 1183/588/8607
f 3561/1769/8608 3554/820/8608 2195/2251/8608
f 3553/1460/8609 3576/3930/8609 2770/3897/8609
f 3927/1519/8610 3925/2956/8610 1687/3508/8610
f 1516/1966/8611 152/1441/8611 154/104/8611
f 3549/1590/8612 3562/1933/8612 2974/3312/8612
f 3550/3898/8613 3548/2881/8613 2779/2967/8613
f 2771/3326/8614 2772/3325/8614 3575/3899/8614
f 3070/3298/8615 2771/3326/8615 3546/3900/8615
f 3547/1640/8616 3544/827/8616 2775/2990/8616
f 1376/714/8617 1375/713/8617 1370/705/8617
f 2767/3486/8618 3543/819/8618 3556/3129/8618
f 2195/2251/8619 3554/820/8619 3543/819/8619
f 2775/2990/8620 3544/827/8620 3542/826/8620
f 3377/3754/8621 3282/1580/8621 3545/1579/8621
f 3804/2983/8622 3802/3932/8622 3539/3902/8622
f 2776/2991/8623 3542/826/8623 3538/1577/8623
f 2240/3888/8624 3572/3887/8624 3535/3904/8624
f 2920/3905/8625 3535/3904/8625 3669/3906/8625
f 3548/2881/8626 3534/1048/8626 2786/2964/8626
f 1805/1673/8627 1850/957/8627 1851/959/8627
f 3534/1048/8628 3532/1639/8628 2787/3056/8628
f 2951/3438/8629 2773/2953/8629 3540/3908/8629
f 2772/3325/8630 2951/3438/8630 3531/3909/8630
f 2973/3182/8631 2224/3382/8631 3530/3910/8631
f 2224/3382/8632 2223/2292/8632 3537/3912/8632
f 1957/2870/8633 1953/1970/8633 320/983/8633
f 306/449/8634 305/1093/8634 304/1199/8634
f 2770/3897/8635 3576/3930/8635 3528/1171/8635
f 2913/3105/8636 3528/1171/8636 3574/1170/8636
f 2923/3893/8637 3565/1770/8637 3527/2826/8637
f 308/185/8638 1940/1787/8638 431/262/8638
f 207/131/8639 208/130/8639 132/90/8639
f 1879/1916/8640 1876/1724/8640 1881/1936/8640
f 3733/3490/8641 3787/1204/8641 3525/1203/8641
f 2475/2556/8642 3070/3298/8642 3558/3901/8642
f 2476/3290/8643 2475/2556/8643 3524/3913/8643
f 2223/2292/8644 2476/3290/8644 3523/3914/8644
f 3522/1159/8645 3549/1590/8645 2803/3412/8645
f 2037/3915/8646 3563/2202/8646 11/2191/8646
f 1959/1999/8647 1958/2101/8647 450/272/8647
f 2003/2065/8648 3555/2128/8648 3520/2127/8648
f 9/2190/8649 10/2192/8649 334/328/8649
f 2009/2072/8650 2008/2071/8650 3518/3916/8650
f 2008/2071/8651 2973/3182/8651 3536/3911/8651
f 3877/1202/8652 672/3186/8652 673/2296/8652
f 3515/1789/8653 3550/3898/8653 2778/2957/8653
f 2935/3917/8654 3514/2120/8654 3513/1695/8654
f 111/3492/8655 1149/2264/8655 3570/3890/8655
f 3510/3918/8656 3514/2120/8656 2935/3917/8656
f 683/2797/8657 3876/1939/8657 3885/1392/8657
f 3508/1624/8658 3557/1507/8658 2810/3882/8658
f 736/2821/8659 733/398/8659 732/2883/8659
f 1795/1629/8660 1804/1638/8660 1803/1708/8660
f 3505/987/8661 3510/3918/8661 2938/3138/8661
f 3507/958/8662 3505/987/8662 2939/3140/8662
f 2950/3155/8663 3512/1173/8663 3504/3919/8663
f 2940/3142/8664 2949/3154/8664 3504/3919/8664
f 3801/3156/8665 3791/1174/8665 3512/1173/8665
f 2868/3920/8666 3509/993/8666 3502/992/8666
f 2869/3349/8667 3502/992/8667 3522/1159/8667
f 1024/614/8668 1034/605/8668 1023/593/8668
f 3500/949/8669 3503/2193/8669 2948/3153/8669
f 551/1277/8670 1939/3869/8670 442/487/8670
f 2972/3181/8671 3499/3921/8671 3568/3894/8671
f 2032/2097/8672 3533/1930/8672 3499/3921/8672
f 216/138/8673 93/70/8673 1924/1781/8673
f 203/236/8674 202/135/8674 201/137/8674
f 1828/1677/8675 1848/1676/8675 1847/1694/8675
f 1958/2101/8676 1957/2870/8676 449/273/8676
f 272/350/8677 271/1003/8677 178/2199/8677
f 2871/3762/8678 3545/1579/8678 3495/1439/8678
f 3619/3907/8679 3669/3906/8679 3564/2811/8679
f 2801/2982/8680 2768/2951/8680 3643/3101/8680
f 2005/2213/8681 3758/1776/8681 3654/1775/8681
f 960/3494/8682 886/485/8682 899/2835/8682
f 3657/3655/8683 3655/3512/8683 3612/3514/8683
f 3780/3922/8684 3788/3427/8684 3646/3424/8684
f 3151/3426/8685 3646/3424/8685 3593/2650/8685
f 2193/2250/8686 3604/3421/8686 3623/2937/8686
f 3607/3409/8687 3603/3410/8687 3145/3411/8687
f 3603/3410/8688 3649/2936/8688 2761/2933/8688
f 3592/3350/8689 3607/3409/8689 3144/3923/8689
f 2926/3126/8690 3658/3127/8690 3634/3351/8690
f 3634/3351/8691 3592/3350/8691 3104/3352/8691
f 3755/3310/8692 3754/812/8692 3746/3924/8692
f 566/1320/8693 567/1319/8693 3758/1776/8693
f 3488/3863/8694 3656/3605/8694 1864/950/8694
f 1602/1399/8695 1586/1389/8695 2079/2005/8695
f 2868/3920/8696 3658/3127/8696 3611/3125/8696
f 2922/3293/8697 3611/3125/8697 3610/3124/8697
f 2923/3893/8698 3610/3124/8698 3618/3116/8698
f 3670/3117/8699 3613/3113/8699 2918/3114/8699
f 3619/3907/8700 3670/3117/8700 3614/3115/8700
f 2921/3892/8701 3618/3116/8701 3670/3117/8701
f 2920/3905/8702 3614/3115/8702 3586/2308/8702
f 3613/3113/8703 3642/3110/8703 2915/3108/8703
f 2917/3121/8704 2766/2946/8704 3622/2947/8704
f 2916/3123/8705 2917/3121/8705 3641/3111/8705
f 2239/3886/8706 3587/2310/8706 3652/3106/8706
f 2911/3925/8707 3640/3100/8707 3652/3106/8707
f 3643/3101/8708 3640/3100/8708 2911/3925/8708
f 2797/2980/8709 2801/2982/8709 3662/3883/8709
f 2797/2980/8710 3591/2977/8710 3598/2927/8710
f 3622/2947/8711 3628/2943/8711 2763/2941/8711
f 3608/2929/8712 3628/2943/8712 2764/3347/8712
f 2194/3896/8713 3623/2937/8713 3648/2935/8713
f 2221/2291/8714 3648/2935/8714 3649/2936/8714
f 2756/2942/8715 3608/2929/8715 3609/2928/8715
f 2750/2975/8716 3598/2927/8716 3609/2928/8716
f 3669/3906/8717 3535/3904/8717 1817/2135/8717
f 3763/2780/8718 3770/1647/8718 1691/3926/8718
f 2515/2601/8719 3621/2610/8719 3590/2649/8719
f 2548/2639/8720 3590/2649/8720 3593/2650/8720
f 2513/2599/8721 2489/2572/8721 3632/2611/8721
f 2513/2599/8722 3616/2609/8722 3621/2610/8722
f 2509/2595/8723 3633/2592/8723 3620/2378/8723
f 2510/2604/8724 3632/2611/8724 3633/2592/8724
f 2289/2593/8725 3620/2378/8725 3639/2371/8725
f 2283/2376/8726 3639/2371/8726 3617/2370/8726
f 2240/3888/8727 3586/2308/8727 3587/2310/8727
f 3659/3609/8728 3657/3655/8728 3624/3664/8728
f 716/377/8729 2121/2089/8729 3887/2086/8729
f 727/375/8730 1999/1869/8730 3761/2110/8730
f 2165/3515/8731 2171/2108/8731 2170/2107/8731
f 3660/807/8732 3659/3609/8732 3626/3591/8732
f 3743/2042/8733 3581/3583/8733 3578/1774/8733
f 2175/3580/8734 2172/2106/8734 769/419/8734
f 2100/630/8735 500/304/8735 2095/2007/8735
f 3758/1776/8736 567/1319/8736 3757/2040/8736
f 640/1452/8737 3560/1736/8737 3568/3927/8737
f 1653/1644/8738 3576/3930/8738 3553/1460/8738
f 1895/2270/8739 3536/3942/8739 3530/3928/8739
f 746/1283/8740 3530/3928/8740 3537/3929/8740
f 1653/1644/8741 1810/1169/8741 3528/1171/8741
f 3762/1609/8742 1603/3139/8742 1604/1398/8742
f 2093/1754/8743 2075/1753/8743 2073/1977/8743
f 959/517/8744 996/516/8744 995/1751/8744
f 962/491/8745 899/2835/8745 919/527/8745
f 1400/749/8746 1401/2337/8746 1398/747/8746
f 1000/1750/8747 817/444/8747 1127/551/8747
f 956/3185/8748 959/517/8748 884/462/8748
f 1662/1674/8749 3548/2881/8749 3550/3898/8749
f 2034/1915/8750 3558/3941/8750 3546/3931/8750
f 3926/2955/8751 1689/3952/8751 3539/3902/8751
f 3535/3904/8752 3572/3887/8752 766/2136/8752
f 3572/3887/8753 3574/1170/8753 765/2091/8753
f 334/328/8754 3570/3939/8754 3571/3933/8754
f 1868/1766/8755 3531/1765/8755 3540/1492/8755
f 1684/3934/8756 1651/1459/8756 1652/1508/8756
f 1682/1806/8757 1683/1805/8757 775/423/8757
f 1585/1001/8758 1603/3139/8758 3762/1609/8758
f 3763/2780/8759 3762/1609/8759 1672/1478/8759
f 2173/853/8760 2174/1900/8760 490/1457/8760
f 1658/825/8761 3544/827/8761 3547/1640/8761
f 3556/3129/8762 3543/819/8762 1650/2184/8762
f 1571/813/8763 3754/812/8763 2010/2801/8763
f 1587/1388/8764 3664/2256/8764 3671/2258/8764
f 2099/2011/8765 2095/2007/8765 2077/1982/8765
f 787/1780/8766 3761/2110/8766 1999/1869/8766
f 2000/1868/8767 3694/3622/8767 786/1499/8767
f 3155/3935/8768 339/512/8768 3697/2678/8768
f 3713/3439/8769 3155/3935/8769 3683/3448/8769
f 2180/2218/8770 2179/2217/8770 3685/3936/8770
f 3496/1664/8771 2180/2218/8771 3684/3434/8771
f 1684/3934/8772 3846/1017/8772 3840/1019/8772
f 1760/2207/8773 464/1311/8773 3495/1439/8773
f 2607/2705/8774 3689/2706/8774 3693/2686/8774
f 2581/2673/8775 3676/2679/8775 3689/2706/8775
f 2371/2458/8776 2502/2693/8776 3700/2585/8776
f 2371/2458/8777 3695/2687/8777 3693/2686/8777
f 2587/3314/8778 3676/2679/8778 3675/2680/8778
f 2586/3313/8779 3675/2680/8779 3697/2678/8779
f 2497/3172/8780 3691/2579/8780 3687/2586/8780
f 2502/2693/8781 2503/2692/8781 3687/2586/8781
f 2494/2576/8782 3691/2579/8782 3690/2578/8782
f 3690/2578/8783 3688/2555/8783 2472/2552/8783
f 3688/2555/8784 3701/2548/8784 2468/2549/8784
f 3701/2548/8785 3703/2547/8785 2469/3937/8785
f 726/397/8786 3908/2028/8786 3892/2049/8786
f 581/383/8787 3567/1120/8787 3518/3938/8787
f 10/2192/8788 3511/5225/8788 3570/3939/8788
f 1837/2119/8789 3514/2120/8789 3510/3918/8789
f 741/1282/8790 3537/3929/8790 3523/3940/8790
f 1299/636/8791 3524/1208/8791 3558/3941/8791
f 1851/959/8792 3507/958/8792 3504/3919/8792
f 3527/2826/8793 3565/1770/8793 1820/1772/8793
f 580/343/8794 3518/3938/8794 3536/3942/8794
f 1758/3871/8795 1685/1160/8795 3522/1159/8795
f 1693/1016/8796 3557/1507/8796 3508/1624/8796
f 3504/3919/8797 3512/1173/8797 1867/1709/8797
f 1894/1733/8798 1826/2773/8798 3568/3927/8798
f 2126/2259/8799 1418/780/8799 3813/782/8799
f 3906/2260/8800 2126/2259/8800 3841/2114/8800
f 2113/2039/8801 3911/2043/8801 3867/2045/8801
f 2179/2217/8802 3713/3439/8802 3789/3447/8802
f 624/360/8803 3903/2050/8803 3904/2062/8803
f 2192/2248/8804 3604/3421/8804 3788/3427/8804
f 2177/2216/8805 3541/1663/8805 3787/1204/8805
f 1364/2125/8806 3824/690/8806 3833/681/8806
f 3858/923/8807 3855/910/8807 1470/3943/8807
f 3135/3389/8808 1753/1803/8808 3775/3387/8808
f 2069/2055/8809 3812/3465/8809 3835/3867/8809
f 1351/879/8810 3861/670/8810 3853/671/8810
f 2108/3944/8811 3882/1762/8811 3901/1764/8811
f 2089/2145/8812 2092/2144/8812 3736/3442/8812
f 3828/684/8813 3834/680/8813 1358/683/8813
f 2001/2064/8814 3749/3483/8814 3783/3485/8814
f 2187/2244/8815 3783/3485/8815 3719/3436/8815
f 2130/2276/8816 3756/3478/8816 3752/3482/8816
f 2004/2066/8817 3752/3482/8817 3749/3483/8817
f 2014/2074/8818 3724/3473/8818 3779/3477/8818
f 2201/2262/8819 3779/3477/8819 3756/3478/8819
f 3167/3470/8820 3720/3474/8820 3759/3177/8820
f 3168/3472/8821 3724/3473/8821 3720/3474/8821
f 3159/3454/8822 3709/3453/8822 3764/3456/8822
f 3160/3457/8823 3764/3456/8823 3765/3321/8823
f 3730/3455/8824 3707/3452/8824 3158/3945/8824
f 3158/3945/8825 3707/3452/8825 3709/3453/8825
f 2200/2254/8826 3069/3294/8826 3730/3455/8826
f 3685/3936/8827 3789/3447/8827 3742/3417/8827
f 3722/3445/8828 3774/3444/8828 2197/2255/8828
f 3790/3443/8829 3736/3442/8829 2092/2144/8829
f 3774/3444/8830 3790/3443/8830 3721/3437/8830
f 3154/3446/8831 3706/3441/8831 3790/3443/8831
f 3155/3935/8832 3713/3439/8832 3706/3441/8832
f 2091/3489/8833 3719/3436/8833 3721/3437/8833
f 2196/2252/8834 3148/3432/8834 3750/3416/8834
f 2193/2250/8835 2196/2252/8835 3776/3431/8835
f 3604/3421/8836 2193/2250/8836 3781/3430/8836
f 2086/3946/8837 2192/2248/8837 3780/3922/8837
f 2087/2141/8838 2086/3946/8838 3778/3425/8838
f 2204/3435/8839 3742/3417/8839 3751/3415/8839
f 2205/2268/8840 3751/3415/8840 3750/3416/8840
f 3909/2181/8841 3886/2165/8841 574/391/8841
f 2124/2173/8842 2087/2141/8842 3777/3422/8842
f 2208/2272/8843 2124/2173/8843 3760/3403/8843
f 3711/3390/8844 3785/3398/8844 3140/3399/8844
f 3785/3398/8845 3745/3397/8845 3138/3395/8845
f 3745/3397/8846 3744/3396/8846 3139/3878/8846
f 3771/3394/8847 3712/3391/8847 3136/3393/8847
f 3712/3391/8848 3711/3390/8848 3137/3392/8848
f 3775/3387/8849 3767/3384/8849 3131/3385/8849
f 3767/3384/8850 3782/3383/8850 3132/3400/8850
f 1813/3880/8851 3839/1650/8851 3838/1653/8851
f 1293/661/8852 3854/1793/8852 3856/666/8852
f 2184/2220/8853 2321/3355/8853 3748/2405/8853
f 2181/2221/8854 2184/2220/8854 3732/3324/8854
f 3765/3321/8855 3768/3318/8855 3079/3319/8855
f 3768/3318/8856 3734/3317/8856 3080/3323/8856
f 709/1338/8857 3873/2167/8857 3875/2129/8857
f 2774/2954/8858 2961/3166/8858 3737/3165/8858
f 3786/3292/8859 3769/3291/8859 2134/2179/8859
f 3809/413/8860 3808/412/8860 766/2136/8860
f 2968/3174/8861 3784/3179/8861 3766/3164/8861
f 2969/3176/8862 3759/3177/8862 3784/3179/8862
f 2958/3168/8863 3747/3162/8863 3737/3165/8863
f 2132/3433/8864 3747/3162/8864 3766/3164/8864
f 2321/3355/8865 2185/2223/8865 3771/3394/8865
f 3860/849/8866 3848/850/8866 1449/2113/8866
f 3905/2157/8867 3874/2153/8867 582/1461/8867
f 3886/2165/8868 3889/2164/8868 577/3099/8868
f 3847/1659/8869 3826/1658/8869 1818/1771/8869
f 705/2159/8870 3902/2084/8870 3887/2086/8870
f 3816/3662/8871 3912/2067/8871 3907/2069/8871
f 2111/2124/8872 3883/2123/8872 3911/2043/8872
f 3810/781/8873 3829/691/8873 1366/2126/8873
f 1812/1654/8874 3839/1650/8874 3822/1652/8874
f 675/1662/8875 3851/2093/8875 3852/2094/8875
f 3496/1664/8876 3705/3119/8876 3851/2093/8876
f 2110/2038/8877 3867/2045/8877 3868/2033/8877
f 2104/2026/8878 3896/2029/8878 3901/1764/8878
f 2109/2031/8879 3868/2033/8879 3899/1394/8879
f 3842/1427/8880 3831/877/8880 703/390/8880
f 1680/1844/8881 3811/1488/8881 3846/1017/8881
f 1639/1435/8882 1627/1409/8882 3819/1411/8882
f 623/361/8883 3904/2062/8883 3906/2260/8883
f 2139/2130/8884 2140/2013/8884 3866/2015/8884
f 1808/1645/8885 1640/1642/8885 3844/2092/8885
f 3820/1669/8886 3821/1668/8886 1819/2825/8886
f 3872/2087/8887 3914/631/8887 3900/633/8887
f 1646/1434/8888 3832/1443/8888 3830/1445/8888
f 3889/2164/8889 3890/2158/8889 633/2170/8889
f 2139/2130/8890 3865/2122/8890 3875/2129/8890
f 2156/2152/8891 2155/2151/8891 3871/2166/8891
f 674/3187/8892 3852/2094/8892 3913/2104/8892
f 2117/887/8893 3817/886/8893 3812/3465/8893
f 1815/1661/8894 3822/1652/8894 3847/1659/8894
f 3855/910/8895 3849/909/8895 1444/846/8895
f 697/1233/8896 3906/2260/8896 3912/2067/8896
f 866/682/8897 842/1433/8897 3836/603/8897
f 3864/2180/8898 3869/2134/8898 2136/2131/8898
f 3585/3654/8899 3731/3651/8899 3726/3650/8899
f 3583/3581/8900 3740/3663/8900 3731/3651/8900
f 3753/2041/8901 3746/3924/8901 3738/3656/8901
f 3740/3663/8902 3583/3581/8902 3581/3583/8902
f 1088/1379/8903 3738/3656/8903 3746/3924/8903
f 3739/3666/8904 3740/3663/8904 3743/2042/8904
f 2791/2972/8905 3492/3884/8905 3493/3948/8905
f 3492/3884/8906 2808/3885/8906 2807/2984/8906
f 2792/2970/8907 3493/3948/8907 3494/3949/8907
f 3493/3948/8908 2807/2984/8908 2806/3903/8908
f 3508/1624/8909 2909/3881/8909 3494/3949/8909
f 3516/3950/8910 3494/3949/8910 2806/3903/8910
f 2948/3153/8911 3503/2193/8911 3791/1174/8911
f 2105/2046/8912 3908/2028/8912 3896/2029/8912
f 3538/1577/8913 3802/3932/8913 3804/2983/8913
f 680/1417/8914 3878/1937/8914 3876/1939/8914
f 1891/2175/8915 1890/1740/8915 3910/1730/8915
f 2905/3096/8916 3799/3098/8916 3801/3156/8916
f 2900/3089/8917 3797/3090/8917 3799/3098/8917
f 2901/3092/8918 3797/3090/8918 3807/3091/8918
f 2734/2907/8919 2878/3065/8919 3806/3067/8919
f 2877/3093/8920 3807/3091/8920 3806/3067/8920
f 2820/3002/8921 3800/3951/8921 3794/3060/8921
f 2818/3054/8922 3796/2999/8922 3792/3012/8922
f 2823/3008/8923 3793/3004/8923 3792/3012/8923
f 2822/3017/8924 3793/3004/8924 3798/3001/8924
f 2819/3005/8925 2735/3007/8925 3800/3951/8925
f 2817/3874/8926 3796/2999/8926 3795/2998/8926
f 2809/2993/8927 3805/2986/8927 3795/2998/8927
f 2808/3885/8928 3805/2986/8928 3803/2985/8928
f 2805/2992/8929 3804/2983/8929 3803/2985/8929
f 1702/1513/8930 3921/1509/8930 3923/1511/8930
f 3922/1627/8931 3920/1632/8931 1797/1636/8931
f 3915/1788/8932 3916/1512/8932 1706/1514/8932
f 3918/1520/8933 3927/1519/8933 1692/1505/8933
f 1657/1917/8934 3898/2757/8934 3880/1728/8934
f 1890/1740/8935 1877/1723/8935 3895/1617/8935
f 3772/1648/8936 3770/1647/8936 1674/1483/8936
f 1689/3952/8937 1690/1646/8937 3772/1648/8937
f 3926/2955/8938 3802/3932/8938 3538/1577/8938
f 3516/3950/8939 3539/3902/8939 1689/3952/8939
f 3917/1606/8940 3923/1511/8940 1703/1510/8940
f 1598/1396/8941 3917/1606/8941 3928/1602/8941
f 3880/1728/8942 3884/1618/8942 1876/1724/8942
f 1691/3926/8943 1690/1646/8943 3925/2956/8943
f 3925/2956/8944 3926/2955/8944 1688/3953/8944
f 3934/3959/8945 3933/3965/8945 3937/3960/8945
f 3934/3959/8946 3938/3961/8946 3939/3962/8946
f 3932/3964/8947 3936/4087/8947 3937/3960/8947
f 3938/3961/8948 3942/3969/8948 3943/3966/8948
f 3937/3960/8949 3936/4087/8949 3940/3967/8949
f 3937/3960/8950 3941/3968/8950 3942/3969/8950
f 3942/3969/8951 3946/3973/8951 3947/3970/8951
f 3941/3968/8952 3940/3967/8952 3944/3971/8952
f 3942/3969/8953 3941/3968/8953 3945/3972/8953
f 3947/3970/8954 3946/3973/8954 3950/3974/8954
f 3944/3971/8955 3948/4088/8955 3949/3976/8955
f 3945/3972/8956 3949/3976/8956 3950/3974/8956
f 3950/3974/8957 3954/3980/8957 3955/3977/8957
f 3949/3976/8958 3948/4088/8958 3952/3978/8958
f 3950/3974/8959 3949/3976/8959 3953/3979/8959
f 3955/3977/8960 3954/3980/8960 3958/3981/8960
f 3953/3979/8961 3952/3978/8961 3956/3983/8961
f 3953/3979/8962 3957/3984/8962 3958/3981/8962
f 3959/3982/8963 3958/3981/8963 3962/3985/8963
f 3957/3984/8964 3956/3983/8964 3960/3987/8964
f 3958/3981/8965 3957/3984/8965 3961/3988/8965
f 3962/3985/8966 3966/3991/8966 3967/3989/8966
f 3960/3987/8967 3964/4089/8967 3965/3990/8967
f 3961/3988/8968 3965/3990/8968 3966/3991/8968
f 3966/3991/8969 3970/3995/8969 3971/3992/8969
f 3965/3990/8970 3964/4089/8970 3968/3993/8970
f 3966/3991/8971 3965/3990/8971 3969/3994/8971
f 3970/3995/8972 3974/3998/8972 3975/3996/8972
f 3968/3993/8973 3972/4090/8973 3973/3997/8973
f 3969/3994/8974 3973/3997/8974 3974/3998/8974
f 3974/3999/8975 3978/5229/8975 3979/4000/8975
f 3973/3997/8976 3972/4090/8976 3976/4002/8976
f 3974/3998/8977 3973/3997/8977 3977/4003/8977
f 3979/4000/8978 3978/5229/8978 3982/4005/8978
f 3976/4002/8979 3980/4091/8979 3981/4007/8979
f 3977/4003/8980 3981/4007/8980 3982/4008/8980
f 3982/4005/8981 3986/4013/8981 3987/4009/8981
f 3981/4007/8982 3980/4091/8982 3984/4010/8982
f 3982/4005/8983 3981/5230/8983 3985/4012/8983
f 3987/4009/3992 3986/4013/3992 3990/4014/3992
f 3984/4010/8984 3988/4092/8984 3989/4016/8984
f 3985/4012/8985 3989/5231/8985 3990/4014/8985
f 3991/4015/8986 3990/4014/8986 3994/4017/8986
f 3989/4016/8987 3988/4092/8987 3992/4019/8987
f 3990/4014/8988 3989/5231/8988 3993/4021/8988
f 3995/4018/8989 3994/4017/8989 3998/4022/8989
f 3992/4019/8990 3996/4093/8990 3997/4024/8990
f 3993/4021/8991 3997/5232/8991 3998/4022/8991
f 3998/4022/8992 4002/4029/8992 4003/4025/8992
f 3997/4024/8993 3996/4093/8993 4000/4026/8993
f 3998/4022/8994 3997/5232/8994 4001/4028/8994
f 4002/4029/8995 4006/4032/8995 4007/4030/8995
f 4000/4026/8996 4004/4094/8996 4005/4031/8996
f 4001/4028/8997 4005/5233/8997 4006/4032/8997
f 4006/4032/8998 4010/5234/8998 4011/4033/8998
f 4005/4031/8999 4004/4094/8999 4008/4034/8999
f 4006/4036/9000 4005/4031/9000 4009/4035/9000
f 4011/4038/9001 4010/5235/9001 4014/4039/9001
f 4008/4034/9002 4012/4095/9002 4013/4041/9002
f 4009/4035/9003 4013/4041/9003 4014/4042/9003
f 4014/4039/9004 4018/5236/9004 4019/4043/9004
f 4013/4041/9005 4012/4095/9005 4016/4044/9005
f 4014/4042/9006 4013/4041/9006 4017/4045/9006
f 4019/4043/9007 4018/5236/9007 4022/4047/9007
f 4016/4044/9008 4020/4096/9008 4021/4049/9008
f 4017/4045/9009 4021/4049/9009 4022/4050/9009
f 4023/4048/9010 4022/4047/9010 4026/4051/9010
f 4021/4049/9011 4020/4096/9011 4024/4053/9011
f 4022/4050/9012 4021/4049/9012 4025/4054/9012
f 4027/4052/9013 4026/4051/9013 4030/4056/9013
f 4024/4053/9014 4028/4097/9014 4029/4058/9014
f 4025/4054/9015 4029/4058/9015 4030/4059/9015
f 4031/4060/9016 4030/4059/9016 4034/4061/9016
f 4029/4058/9017 4028/4097/9017 4032/4063/9017
f 4030/4059/9018 4029/4058/9018 4033/4064/9018
f 4034/4061/9019 4038/4067/9019 4039/4065/9019
f 4032/4063/9020 4036/4098/9020 4037/4066/9020
f 4033/4064/9021 4037/4066/9021 4038/4067/9021
f 4038/4067/9022 4042/4071/9022 4043/4068/9022
f 4037/4066/9023 4036/4098/9023 4040/4069/9023
f 4038/4067/9024 4037/4066/9024 4041/4070/9024
f 4043/4068/9025 4042/4071/9025 4046/4072/9025
f 4040/4069/9026 4044/4099/9026 4045/4074/9026
f 4041/4070/9027 4045/4074/9027 4046/4072/9027
f 4046/4072/9028 4050/4078/9028 4051/4075/9028
f 4045/4074/9029 4044/4099/9029 4048/4076/9029
f 4046/4072/9030 4045/4074/9030 4049/4077/9030
f 4051/4075/9031 4050/4078/9031 4055/4079/9031
f 4048/4076/9032 4053/4084/9032 4054/4081/9032
f 4049/4077/9033 4054/4081/9033 4055/4079/9033
f 4056/4080/9034 4055/4079/9034 4059/4082/9034
f 4053/4084/9035 4057/4100/9035 4058/4085/9035
f 4055/4079/9036 4054/4081/9036 4058/4085/9036
f 4060/4083/9037 4059/4082/9037 3934/3959/9037
f 4058/4085/9038 4057/4100/9038 3932/3964/9038
f 4058/4085/9039 3933/3965/9039 3934/3959/9039
f 4069/4101/9040 4068/4118/9040 4081/4102/9040
f 4066/4104/9041 4079/4120/9041 4080/4105/9041
f 4065/4107/9042 4064/4121/9042 4077/4108/9042
f 4063/4110/9043 4062/4123/9043 4075/4111/9043
f 4071/4113/9044 4084/4127/9044 4085/4114/9044
f 4069/4101/9045 4082/4103/9045 4083/4116/9045
f 4067/4106/9046 4080/4105/9046 4081/4102/9046
f 4066/4104/9047 4065/4581/9047 4078/4119/9047
f 4063/4110/9048 4076/4112/9048 4077/4108/9048
f 4061/4122/9049 4074/4129/9049 4075/4111/9049
f 4072/4124/9050 4085/5237/9050 4086/4125/9050
f 4071/4113/9051 4070/4117/9051 4083/4116/9051
f 4076/4112/9052 4089/4138/9052 4090/4128/9052
f 4074/4129/9053 4087/4592/9053 4088/4130/9053
f 4086/4125/9054 4085/5237/9054 4098/4131/9054
f 4083/4116/9055 4096/4140/9055 4097/4133/9055
f 4082/4103/9056 4081/4102/9056 4094/4134/9056
f 4079/4120/9057 4092/4142/9057 4093/4136/9057
f 4078/4109/9058 4077/4108/9058 4090/4128/9058
f 4076/4112/9059 4075/4111/9059 4088/4130/9059
f 4085/4114/9060 4084/4127/9060 4097/4133/9060
f 4082/4103/9061 4095/4135/9061 4096/4140/9061
f 4080/4105/9062 4093/4136/9062 4094/4134/9062
f 4079/4120/9063 4078/4119/9063 4091/4141/9063
f 4089/4138/4105 4102/4157/4105 4103/4143/4105
f 4088/4130/9064 4087/4592/9064 4100/4144/9064
f 4098/4131/9065 4111/5238/9065 4112/4146/9065
f 4096/4147/9066 4109/4160/9066 4110/4148/9066
f 4095/4150/9067 4094/4161/9067 4107/4151/9067
f 4092/4153/9068 4105/4163/9068 4106/4154/9068
f 4090/4128/9069 4103/4143/9069 4104/4156/9069
f 4089/4138/9070 4088/4130/9070 4101/4145/9070
f 4097/4149/9071 4110/4148/9071 4111/4158/9071
f 4095/4150/9072 4108/4152/9072 4109/4160/9072
f 4094/4161/9073 4093/4155/9073 4106/4154/9073
f 4092/4153/9074 4091/5239/9074 4104/4162/9074
f 4103/4143/9075 4102/4157/9075 4115/4164/9075
f 4100/4144/9076 4113/5240/9076 4114/4166/9076
f 4112/4146/9077 4111/5238/9077 4124/4167/9077
f 4110/4148/9078 4109/4160/9078 4122/4169/9078
f 4107/4151/9079 4120/4175/9079 4121/4171/9079
f 4105/4163/9080 4118/4177/9080 4119/4172/9080
f 4103/4143/9081 4116/4165/9081 4117/4173/9081
f 4101/4145/9082 4114/4166/9082 4115/4164/9082
f 4110/4148/9083 4123/4170/9083 4124/4174/9083
f 4109/4160/9084 4108/4152/9084 4121/4171/9084
f 4107/4151/9085 4106/4154/9085 4119/4172/9085
f 4105/4163/9086 4104/4162/9086 4117/4176/9086
f 4115/4164/9087 4128/4189/9087 4129/4178/9087
f 4114/4166/9088 4113/5240/9088 4126/4179/9088
f 4124/4167/4131 4137/5241/4131 4138/4181/4131
f 4123/4170/9089 4122/4169/9089 4135/4182/9089
f 4120/4175/9090 4133/4191/9090 4134/4184/9090
f 4119/4172/9091 4118/4177/9091 4131/4185/9091
f 4117/4176/9092 4116/5242/9092 4129/4187/9092
f 4114/4166/9093 4127/4180/9093 4128/4189/9093
f 4124/4174/9094 4123/4170/9094 4136/4183/9094
f 4122/4169/9095 4121/4171/9095 4134/4184/9095
f 4119/4172/9096 4132/4186/9096 4133/4191/9096
f 4117/4176/9097 4130/4188/9097 4131/4185/9097
f 4129/4178/9098 4128/4189/9098 4141/4192/9098
f 4126/4179/9099 4139/4591/9099 4140/4194/9099
f 4138/4181/9100 4137/5241/9100 4150/4195/9100
f 4136/4183/9101 4135/4182/9101 4148/4197/9101
f 4133/4191/9102 4146/4204/9102 4147/4199/9102
f 4131/4185/9103 4144/4205/9103 4145/4200/9103
f 4130/4188/9104 4129/4187/9104 4142/4201/9104
f 4127/4180/9105 4140/4194/9105 4141/4192/9105
f 4137/4190/9106 4136/4183/9106 4149/4198/9106
f 4135/4182/9107 4134/4184/9107 4147/4199/9107
f 4132/4186/9108 4145/4200/9108 4146/4204/9108
f 4131/4185/9109 4130/4188/9109 4143/4202/9109
f 4142/4201/9110 4141/5243/9110 4154/4206/9110
f 4140/4194/9111 4139/4591/9111 4152/4208/9111
f 4150/4195/9112 4163/4224/9112 4164/4210/9112
f 4149/4198/9113 4148/4197/9113 4161/4211/9113
f 4146/4204/9114 4159/4218/9114 4160/4213/9114
f 4144/4205/9115 4157/4219/9115 4158/4214/9115
f 4142/4201/9116 4155/4207/9116 4156/4215/9116
f 4140/4194/9117 4153/4209/9117 4154/4216/9117
f 4149/4198/9118 4162/4212/9118 4163/4217/9118
f 4148/4197/9119 4147/4199/9119 4160/4213/9119
f 4146/4204/9120 4145/4200/9120 4158/4214/9120
f 4144/4205/9121 4143/4202/9121 4156/4215/9121
f 4155/4207/9122 4154/4206/9122 4167/4220/9122
f 4153/4209/9123 4152/4208/9123 4165/4222/9123
f 4163/4224/9124 4176/4233/9124 4177/4225/9124
f 4161/4211/9125 4174/4234/9125 4175/4226/9125
f 4159/4218/9126 4172/4235/9126 4173/4227/9126
f 4158/4214/9127 4157/4219/9127 4170/4228/9127
f 4155/4207/9128 4168/4221/9128 4169/4230/9128
f 4153/4209/9129 4166/4223/9129 4167/4231/9129
f 4163/4224/9130 4162/5244/9130 4175/4232/9130
f 4161/4211/9131 4160/4213/9131 4173/4227/9131
f 4159/4218/9132 4158/4214/9132 4171/4229/9132
f 4156/4215/9133 4169/4230/9133 4170/4228/9133
f 4167/4220/9134 4180/5245/9134 4181/4236/9134
f 4165/4222/9135 4178/4590/9135 4179/4237/9135
f 4176/4233/9136 4189/4248/9136 4190/4238/9136
f 4175/4226/9137 4174/4234/9137 4187/4239/9137
f 4173/4227/9138 4172/4235/9138 4185/4241/9138
f 4170/4228/9139 4183/4249/9139 4184/4243/9139
f 4169/4230/9140 4168/4221/9140 4181/4236/9140
f 4167/4245/9141 4166/5246/9141 4179/4246/9141
f 4175/4232/9142 4188/5247/9142 4189/4248/9142
f 4173/4227/9143 4186/4242/9143 4187/4239/9143
f 4171/4229/9144 4184/4243/9144 4185/4241/9144
f 4170/4228/9145 4169/4230/9145 4182/4244/9145
f 4180/4247/9146 4193/4262/9146 4194/4250/9146
f 4178/4252/9147 4191/4589/9147 4192/4253/9147
f 4190/4238/9148 4189/4248/9148 4202/4254/9148
f 4187/4239/9149 4200/4264/9149 4201/4256/9149
f 4186/4242/9150 4185/4241/9150 4198/4257/9150
f 4183/4249/9151 4196/4266/9151 4197/4259/9151
f 4182/4260/9152 4181/4251/9152 4194/4250/9152
f 4180/4247/9153 4179/4246/9153 4192/4253/9153
f 4189/4248/9154 4188/5247/9154 4201/4263/9154
f 4186/4242/9155 4199/4258/9155 4200/4264/9155
f 4184/4243/9156 4197/4259/9156 4198/4257/9156
f 4183/4249/9157 4182/4244/9157 4195/4265/9157
f 4193/4262/9158 4206/4277/9158 4207/4267/9158
f 4192/4253/9159 4191/4589/9159 4204/4268/9159
f 4202/4254/9160 4215/4278/9160 4216/4270/9160
f 4200/4271/9161 4213/4287/9161 4214/4272/9161
f 4199/4258/9162 4198/4257/9162 4211/4273/9162
f 4196/4266/9163 4209/5248/9163 4210/4275/9163
f 4194/4250/9164 4207/4267/9164 4208/4276/9164
f 4193/4262/9165 4192/4253/9165 4205/4269/9165
f 4201/4263/9166 4214/4272/9166 4215/4278/9166
f 4199/4258/9167 4212/4274/9167 4213/4279/9167
f 4198/4257/9168 4197/4259/9168 4210/4275/9168
f 4196/4280/9169 4195/4261/9169 4208/4276/9169
f 4207/4267/9170 4206/4277/9170 4219/4282/9170
f 4204/4268/9171 4217/5249/9171 4218/4284/9171
f 4216/4270/9172 4215/4278/9172 4228/4285/9172
f 4213/4287/9173 4226/4295/9173 4227/4288/9173
f 4211/4289/9174 4224/5250/9174 4225/4290/9174
f 4209/4281/9175 4222/4298/9175 4223/4292/9175
f 4207/4267/9176 4220/4283/9176 4221/4294/9176
f 4205/4269/9177 4218/4284/9177 4219/4282/9177
f 4214/4272/9178 4227/4288/9178 4228/4285/9178
f 4213/4287/9179 4212/4291/9179 4225/4290/9179
f 4211/4273/9180 4210/4275/9180 4223/4296/9180
f 4209/4281/9181 4208/4276/9181 4221/4294/9181
f 4219/4282/9182 4232/4309/9182 4233/4299/9182
f 4218/4284/9183 4217/5249/9183 4230/4300/9183
f 4228/4285/9184 4241/4310/9184 4242/4302/9184
f 4226/4295/9185 4239/4311/9185 4240/4303/9185
f 4225/4290/9186 4224/5250/9186 4237/4304/9186
f 4223/4292/9187 4222/4298/9187 4235/4306/9187
f 4221/4294/9188 4220/4283/9188 4233/4299/9188
f 4218/4284/9189 4231/4301/9189 4232/4309/9189
f 4228/4285/9190 4227/4288/9190 4240/4303/9190
f 4226/4295/9191 4225/4290/9191 4238/4305/9191
f 4223/4292/9192 4236/4307/9192 4237/4312/9192
f 4221/4294/9193 4234/4308/9193 4235/4306/9193
f 4233/4299/9194 4232/4309/9194 4245/4314/9194
f 4230/4300/9195 4243/4588/9195 4244/4316/9195
f 4242/4302/9196 4241/4310/9196 4254/4317/9196
f 4240/4303/4240 4239/4311/4240 4252/4319/4240
f 4237/4304/9197 4250/4333/9197 4251/4321/9197
f 4235/4306/9198 4248/4325/9198 4249/4322/9198
f 4234/4308/9199 4233/4299/9199 4246/4315/9199
f 4231/4301/9200 4244/4316/9200 4245/4314/9200
f 4241/4310/9201 4240/4303/9201 4253/4320/9201
f 4239/4311/9202 4238/4305/9202 4251/4321/9202
f 4236/4307/9203 4249/4322/9203 4250/4324/9203
f 4235/4306/9204 4234/4308/9204 4247/4323/9204
f 4246/4315/9205 4245/4314/9205 4258/4326/9205
f 4244/4316/9206 4243/4588/9206 4256/4328/9206
f 4254/4317/9207 4267/4337/9207 4268/4330/9207
f 4253/4320/9208 4252/4319/9208 4265/4331/9208
f 4250/4333/9209 4263/4339/9209 4264/4334/9209
f 4248/4325/9210 4261/4340/9210 4262/4335/9210
f 4246/4315/4255 4259/4327/4255 4260/4336/4255
f 4244/4316/9211 4257/4329/9211 4258/4326/9211
f 4253/4320/9212 4266/4332/9212 4267/4337/9212
f 4252/4319/9213 4251/4321/9213 4264/4334/9213
f 4250/4333/9214 4249/5251/9214 4262/4338/9214
f 4248/4325/9215 4247/4323/9215 4260/4336/9215
f 4259/4327/9216 4258/4326/9216 4271/4341/9216
f 4257/4329/9217 4256/4328/9217 4269/4343/9217
f 4267/4337/9218 4280/4351/9218 4281/4345/9218
f 4265/4331/9219 4278/4352/9219 4279/4346/9219
f 4263/4339/4265 4276/4354/4265 4277/4347/4265
f 4262/4335/9220 4261/4340/9220 4274/4348/9220
f 4259/4327/9221 4272/4342/9221 4273/4350/9221
f 4257/4329/9222 4270/4344/9222 4271/4341/9222
f 4266/4332/9223 4279/4346/9223 4280/4351/9223
f 4265/4331/9224 4264/4334/9224 4277/4347/9224
f 4263/4339/9225 4262/4338/9225 4275/4353/9225
f 4260/4336/9226 4273/4350/9226 4274/4348/9226
f 4271/4341/9227 4284/4365/9227 4285/4355/9227
f 4269/4343/9228 4282/4368/9228 4283/4356/9228
f 4281/4345/9229 4280/4351/9229 4293/4357/9229
f 4279/4346/9230 4278/4352/9230 4291/4359/9230
f 4277/4347/9231 4276/4354/9231 4289/4361/9231
f 4274/4348/9232 4287/4366/9232 4288/4363/9232
f 4273/4350/9233 4272/4342/9233 4285/4355/9233
f 4271/4341/9234 4270/4344/9234 4283/4356/9234
f 4280/4351/9235 4279/4346/9235 4292/4360/9235
f 4277/4347/9236 4290/4362/9236 4291/4359/9236
f 4275/4353/9237 4288/4379/9237 4289/4361/9237
f 4274/4348/9238 4273/4350/9238 4286/4364/9238
f 4284/4365/9239 4297/4377/9239 4298/4367/9239
f 4282/4368/9240 4295/4587/9240 4296/4369/9240
f 4294/4358/9241 4293/4357/9241 4306/4370/9241
f 4291/4359/9242 4304/4378/9242 4305/4372/9242
f 4290/4362/9243 4289/4361/9243 4302/4373/9243
f 4287/4366/9244 4300/4380/9244 4301/4375/9244
f 4286/4364/9245 4285/4355/9245 4298/4367/9245
f 4284/4365/9246 4283/4356/9246 4296/4369/9246
f 4293/4357/9247 4292/4360/9247 4305/4372/9247
f 4290/4362/9248 4303/4374/9248 4304/4378/9248
f 4288/4379/9249 4301/5252/9249 4302/4373/9249
f 4287/4366/4296 4286/4364/4296 4299/4376/4296
f 4297/4381/9250 4310/4400/9250 4311/4382/9250
f 4296/4369/9251 4295/4587/9251 4308/4384/9251
f 4306/4370/9252 4319/4396/9252 4320/4386/9252
f 4304/4378/9253 4317/4397/9253 4318/4387/9253
f 4303/4374/9254 4302/4373/9254 4315/4388/9254
f 4300/4390/9255 4313/4399/9255 4314/4391/9255
f 4298/4383/9256 4311/4382/9256 4312/4393/9256
f 4297/4377/9257 4296/4369/9257 4309/4385/9257
f 4305/4372/9258 4318/4387/9258 4319/4396/9258
f 4304/4378/9259 4303/4374/9259 4316/4389/9259
f 4302/4373/9260 4301/5252/9260 4314/4398/9260
f 4300/4390/9261 4299/4394/9261 4312/4393/9261
f 4310/4400/9262 4323/4413/9262 4324/4401/9262
f 4308/4402/9263 4321/5253/9263 4322/4403/9263
f 4320/4386/9264 4319/4396/9264 4332/4405/9264
f 4318/4387/9265 4317/4397/9265 4330/4407/9265
f 4316/4389/9266 4315/4388/9266 4328/4409/9266
f 4313/4399/9267 4326/4415/9267 4327/4411/9267
f 4311/4382/9268 4324/4401/9268 4325/4412/9268
f 4310/4400/9269 4309/4404/9269 4322/4403/9269
f 4318/4387/9270 4331/4408/9270 4332/4405/9270
f 4316/4389/9271 4329/4410/9271 4330/4407/9271
f 4315/4388/9272 4314/4398/9272 4327/4414/9272
f 4312/4393/9273 4325/4412/9273 4326/4415/9273
f 4323/4413/9274 4336/4426/9274 4337/4416/9274
f 4322/4403/9275 4321/5253/9275 4334/4417/9275
f 4332/4405/9276 4345/4427/9276 4346/4419/9276
f 4330/4407/9277 4343/4428/9277 4344/4420/9277
f 4329/4410/9278 4328/4409/9278 4341/4421/9278
f 4327/4411/9279 4326/4415/9279 4339/4423/9279
f 4325/4412/9280 4324/4401/9280 4337/4416/9280
f 4322/4403/4328 4335/4418/4328 4336/4426/4328
f 4332/4405/9281 4331/4408/9281 4344/4420/9281
f 4330/4407/9282 4329/4410/9282 4342/4422/9282
f 4327/4414/9283 4340/5254/9283 4341/4421/9283
f 4325/4412/9284 4338/4425/9284 4339/4423/9284
f 4337/4416/9285 4336/4426/9285 4350/4429/9285
f 4334/4417/9286 4348/4586/9286 4349/4431/9286
f 4346/4419/9287 4345/4427/9287 4359/4432/9287
f 4344/4420/9288 4343/4428/9288 4357/4434/9288
f 4341/4421/9289 4355/4449/9289 4356/4436/9289
f 4340/4424/9290 4339/4423/9290 4353/4437/9290
f 4338/4425/9291 4337/4416/9291 4351/4430/9291
f 4335/4418/9292 4349/4431/9292 4350/4429/9292
f 4345/4427/9293 4344/4420/9293 4358/4435/9293
f 4343/4428/9294 4342/4422/9294 4356/4436/9294
f 4340/4424/9295 4354/4438/9295 4355/4440/9295
f 4338/4425/9296 4352/4439/9296 4353/4437/9296
f 4351/4430/9297 4350/4429/9297 4363/4442/9297
f 4349/4431/9298 4348/4586/9298 4361/4444/9298
f 4359/4432/9299 4372/4454/9299 4373/4446/9299
f 4358/4435/9300 4357/4434/9300 4370/4447/9300
f 4355/4449/9301 4368/4463/9301 4369/4450/9301
f 4354/4438/9302 4353/4437/9302 4366/4451/9302
f 4351/4430/9303 4364/4443/9303 4365/4453/9303
f 4349/4431/9304 4362/4445/9304 4363/4442/9304
f 4358/4435/9305 4371/4448/9305 4372/4454/9305
f 4357/4434/9306 4356/4436/9306 4369/4450/9306
f 4355/4440/9307 4354/4438/9307 4367/4452/9307
f 4352/4439/9308 4365/4453/9308 4366/4451/9308
f 4364/4443/9309 4363/4442/9309 4376/4456/9309
f 4362/4445/9310 4361/4444/9310 4374/4458/9310
f 4373/4446/9311 4372/4454/9311 4385/4460/9311
f 4370/4447/9312 4383/4468/9312 4384/4462/9312
f 4368/4463/9313 4381/5255/9313 4382/4464/9313
f 4367/4452/9314 4366/4451/9314 4379/4465/9314
f 4364/4443/9315 4377/4457/9315 4378/4467/9315
f 4362/4445/9316 4375/4459/9316 4376/4456/9316
f 4372/4454/9317 4371/4448/9317 4384/4462/9317
f 4370/4447/9318 4369/4450/9318 4382/4464/9318
f 4368/4455/9319 4367/4452/9319 4380/4466/9319
f 4365/4453/9320 4378/4467/9320 4379/4465/9320
f 4376/4456/9321 4389/4479/9321 4390/4470/9321
f 4374/4458/9322 4387/4484/9322 4388/4471/9322
f 4385/4460/9323 4398/4480/9323 4399/4472/9323
f 4384/4462/9324 4383/4468/9324 4396/4473/9324
f 4382/4464/9325 4381/5255/9325 4394/4475/9325
f 4379/4465/9326 4392/4482/9326 4393/4477/9326
f 4378/4467/9327 4377/4457/9327 4390/4470/9327
f 4376/4456/9328 4375/4459/9328 4388/4471/9328
f 4384/4462/9329 4397/4474/9329 4398/4480/9329
f 4382/4464/9330 4395/4476/9330 4396/4473/9330
f 4380/4466/9331 4393/4477/9331 4394/4481/9331
f 4379/4465/9332 4378/4467/9332 4391/4478/9332
f 4389/4479/9333 4402/4495/9333 4403/4483/9333
f 4387/4484/9334 4400/5256/9334 4401/4485/9334
f 4399/4472/9335 4398/4480/9335 4411/4486/9335
f 4396/4473/9336 4409/5257/9336 4410/4488/9336
f 4395/4489/9337 4394/4499/9337 4407/4490/9337
f 4393/4477/9338 4392/4482/9338 4405/4492/9338
f 4391/4478/9339 4390/4470/9339 4403/4483/9339
f 4389/4479/9340 4388/4471/9340 4401/4485/9340
f 4398/4480/9341 4397/4474/9341 4410/4488/9341
f 4395/4489/9342 4408/4491/9342 4409/4496/9342
f 4393/4498/9343 4406/4509/9343 4407/4490/9343
f 4391/4478/9344 4404/4494/9344 4405/4492/9344
f 4402/4495/9345 4415/4514/9345 4416/4500/9345
f 4401/4501/9346 4400/4583/9346 4413/4502/9346
f 4411/4486/9347 4424/4515/9347 4425/4504/9347
f 4409/4496/9348 4422/4516/9348 4423/4505/9348
f 4408/4491/9349 4407/4490/9349 4420/4507/9349
f 4406/4509/9350 4405/4518/9350 4418/4510/9350
f 4403/4483/9351 4416/4500/9351 4417/4512/9351
f 4402/4495/9352 4401/4485/9352 4414/4513/9352
f 4410/4488/9353 4423/4534/9353 4424/4515/9353
f 4408/4491/9354 4421/4508/9354 4422/4516/9354
f 4407/4490/9355 4406/4509/9355 4419/4511/9355
f 4404/4517/9356 4417/4532/9356 4418/4510/9356
f 4416/4519/9357 4415/4533/9357 4428/4520/9357
f 4413/4502/9358 4426/4537/9358 4427/4522/9358
f 4425/4504/9359 4424/4515/9359 4437/4523/9359
f 4423/4505/4408 4422/4516/4408 4435/4525/4408
f 4421/4508/9360 4420/4507/9360 4433/4527/9360
f 4418/4510/9361 4431/4535/9361 4432/4529/9361
f 4416/4530/9362 4429/5258/9362 4430/4531/9362
f 4415/4533/9363 4414/4503/9363 4427/4522/9363
f 4423/4534/9364 4436/5259/9364 4437/4523/9364
f 4421/4508/9365 4434/4528/9365 4435/4525/9365
f 4420/4507/9366 4419/4511/9366 4432/4529/9366
f 4418/4510/9367 4417/4532/9367 4430/4531/9367
f 4428/4520/9368 4441/4547/9368 4442/4536/9368
f 4426/4537/9369 4439/4553/9369 4440/4538/9369
f 4437/4523/9370 4450/5260/9370 4451/4539/9370
f 4435/4525/9371 4448/4550/9371 4449/4540/9371
f 4434/4528/9372 4433/4527/9372 4446/4541/9372
f 4432/4529/9373 4431/4535/9373 4444/4543/9373
f 4430/4531/9374 4429/5258/9374 4442/4545/9374
f 4427/4522/9375 4440/4538/9375 4441/4547/9375
f 4437/4548/9376 4436/4526/9376 4449/4540/9376
f 4435/4525/9377 4434/4528/9377 4447/4542/9377
f 4432/4529/4427 4445/4544/4427 4446/4541/4427
f 4430/4531/9378 4443/4546/9378 4444/4543/9378
f 4442/4536/9379 4441/4547/9379 4454/4551/9379
f 4439/4553/9380 4452/4582/9380 4453/4554/9380
f 4451/4539/9381 4450/5260/9381 4463/4555/9381
f 4449/4540/9382 4448/4550/9382 4461/4557/9382
f 4446/4541/9383 4459/4564/9383 4460/4559/9383
f 4444/4543/9384 4457/4565/9384 4458/4560/9384
f 4443/4546/9385 4442/4545/9385 4455/4561/9385
f 4440/4538/9386 4453/4554/9386 4454/4551/9386
f 4450/4549/9387 4449/4540/9387 4462/4558/9387
f 4447/4542/9388 4460/4559/9388 4461/4557/9388
f 4445/4544/9389 4458/4560/9389 4459/4564/9389
f 4444/4543/9390 4443/4546/9390 4456/4562/9390
f 4455/4552/9391 4454/4551/9391 4467/4566/9391
f 4453/4554/9392 4452/4582/9392 4465/4568/9392
f 4463/4555/9393 4476/5261/9393 4477/4570/9393
f 4462/4558/9394 4461/4557/9394 4474/4571/9394
f 4459/4564/9395 4472/4577/9395 4473/4573/9395
f 4457/4565/9396 4470/4578/9396 4471/4574/9396
f 4455/4561/9397 4468/4580/9397 4469/4575/9397
f 4453/4554/9398 4466/4569/9398 4467/4566/9398
f 4462/4558/9399 4475/4572/9399 4476/4576/9399
f 4461/4557/9400 4460/4559/9400 4473/4573/9400
f 4459/4564/9401 4458/4560/9401 4471/4574/9401
f 4457/4565/9402 4456/4562/9402 4469/4575/9402
f 4468/4567/9403 4467/4566/9403 4063/4110/9403
f 4466/4569/9404 4465/4568/9404 4061/4122/9404
f 4477/4570/9405 4476/5261/9405 4072/4124/9405
f 4474/4571/9406 4070/4117/9406 4071/4113/9406
f 4472/4577/9407 4068/4118/9407 4069/4101/9407
f 4471/4574/9408 4470/4578/9408 4066/4104/9408
f 4468/4580/9409 4064/5262/9409 4065/4581/9409
f 4466/4569/9410 4062/4123/9410 4063/4110/9410
f 4476/4576/9411 4475/4572/9411 4071/4113/9411
f 4474/4571/9412 4473/4573/9412 4069/4101/9412
f 4472/4577/9413 4471/4574/9413 4067/4106/9413
f 4469/4575/9414 4065/4581/9414 4066/4104/9414
f 3935/3963/9415 4061/4122/9415 4465/4568/9415
f 4465/4568/9416 4452/4582/9416 4056/4080/9416
f 4452/4582/9417 4439/4553/9417 4051/4075/9417
f 4439/4553/9418 4426/4537/9418 4047/4073/9418
f 4047/4073/9419 4426/4537/9419 4413/4502/9419
f 4043/4068/9420 4413/4502/9420 4400/4583/9420
f 4039/4065/9421 4400/4583/9421 4387/4584/9421
f 4387/4484/9422 4374/4458/9422 4031/4057/9422
f 4031/4057/9423 4374/4458/9423 4361/4444/9423
f 4361/4444/9424 4348/4586/9424 4023/4048/9424
f 4348/4586/9425 4334/4417/9425 4019/4043/9425
f 4334/4417/9426 4321/5253/9426 4015/4040/9426
f 4015/4040/9427 4321/5253/9427 4308/4402/9427
f 4011/4033/9428 4308/4384/9428 4295/4587/9428
f 4007/4030/9429 4295/4587/9429 4282/4368/9429
f 4282/4368/9430 4269/4343/9430 3999/4023/9430
f 3999/4023/9431 4269/4343/9431 4256/4328/9431
f 4256/4328/9432 4243/4588/9432 3991/4015/9432
f 4243/4588/9433 4230/4300/9433 3987/4009/9433
f 4230/4300/9434 4217/5249/9434 3983/4006/9434
f 3983/4006/9435 4217/5249/9435 4204/4268/9435
f 3979/4000/9436 4204/4268/9436 4191/4589/9436
f 3975/3996/9437 4191/5263/9437 4178/4590/9437
f 4178/4590/9438 4165/4222/9438 3967/3989/9438
f 3967/3989/9439 4165/4222/9439 4152/4208/9439
f 4152/4208/9440 4139/4591/9440 3959/3982/9440
f 4139/4591/4523 4126/4179/4523 3955/3977/4523
f 4126/4179/9441 4113/5240/9441 3951/3975/9441
f 3951/3975/9442 4113/5240/9442 4100/4144/9442
f 3947/3970/9443 4100/4144/9443 4087/4592/9443
f 3943/3966/9444 4087/4592/9444 4074/4129/9444
f 4074/4129/9445 4061/4122/9445 3935/3963/9445
f 4480/4593/9446 4479/4598/9446 4483/4594/9446
f 4480/4593/9447 4484/4595/9447 4485/4596/9447
f 4479/4598/9448 4478/4719/9448 4482/4599/9448
f 4484/4595/9449 4488/4602/9449 4489/4600/9449
f 4482/4599/4533 4486/4721/4533 4487/4601/4533
f 4483/4594/9450 4487/4601/9450 4488/4602/9450
f 4488/4602/9451 4492/4606/9451 4493/4603/9451
f 4487/4601/9452 4486/4721/9452 4490/4604/9452
f 4488/4602/9453 4487/4601/9453 4491/4605/9453
f 4493/4603/9454 4492/4606/9454 4496/4607/9454
f 4490/4604/9455 4494/4722/9455 4495/4609/9455
f 4491/4605/4540 4495/4609/4540 4496/4607/4540
f 4496/4607/9456 4500/4613/9456 4501/4610/9456
f 4495/4609/9457 4494/4722/9457 4498/4611/9457
f 4496/4607/9458 4495/4609/9458 4499/4612/9458
f 4501/4610/9459 4500/4613/9459 4504/4614/9459
f 4498/4611/9460 4502/4723/9460 4503/4616/9460
f 4499/4612/9461 4503/4616/9461 4504/4614/9461
f 4505/4615/9462 4504/4614/9462 4508/4617/9462
f 4503/4616/9463 4502/4723/9463 4506/4619/9463
f 4504/4614/9464 4503/4616/9464 4507/4620/9464
f 4509/4618/9465 4508/4617/9465 4512/4621/9465
f 4506/4619/9466 4510/4724/9466 4511/4623/9466
f 4507/4620/9467 4511/4623/9467 4512/4621/9467
f 4513/4622/9468 4512/4621/9468 4516/4624/9468
f 4511/4623/9469 4510/4724/9469 4514/4626/9469
f 4512/4621/9470 4511/4623/9470 4515/4627/9470
f 4516/4624/9471 4520/4630/9471 4521/4628/9471
f 4514/4626/9472 4518/4634/9472 4519/4629/9472
f 4515/4627/9473 4519/4629/9473 4520/4630/9473
f 4520/4631/4559 4524/5264/4559 4525/4632/4559
f 4518/4634/9474 4522/4639/9474 4523/4635/9474
f 4520/4630/4561 4519/4629/4561 4523/4635/4561
f 4525/4632/9475 4524/5264/9475 4528/4637/9475
f 4522/4639/9476 4526/4725/9476 4527/4640/9476
f 4523/4635/9477 4527/4640/9477 4528/4641/9477
f 4528/4637/9478 4532/4646/9478 4533/4642/9478
f 4527/4640/9479 4526/4725/9479 4530/4643/9479
f 4528/4637/9480 4527/5265/9480 4531/4645/9480
f 4533/4642/9481 4532/4646/9481 4536/4647/9481
f 4530/4643/9482 4534/4652/9482 4535/4649/9482
f 4531/4645/9483 4535/5266/9483 4536/4647/9483
f 4537/4648/9484 4536/4647/9484 4540/4650/9484
f 4534/4652/9485 4538/4726/9485 4539/4653/9485
f 4536/4647/9486 4535/5266/9486 4539/4654/9486
f 4541/4651/9487 4540/4650/9487 4544/4655/9487
f 4539/4653/9488 4538/4726/9488 4542/4657/9488
f 4539/4654/9489 4543/5267/9489 4544/4655/9489
f 4544/4655/9490 4548/4662/9490 4549/4659/9490
f 4542/4657/9491 4546/4727/9491 4547/4660/9491
f 4544/4655/9492 4543/5267/9492 4547/4661/9492
f 4548/4662/9493 4552/4666/9493 4553/4663/9493
f 4547/4660/9494 4546/4727/9494 4550/4664/9494
f 4547/4661/9495 4551/5268/9495 4552/4666/9495
f 4552/4666/9496 4556/5269/9496 4557/4667/9496
f 4551/4665/9497 4550/4664/9497 4554/4668/9497
f 4552/4670/9498 4551/4665/9498 4555/4669/9498
f 4557/4672/9499 4556/5270/9499 4560/4673/9499
f 4554/4668/9500 4558/4728/9500 4559/4675/9500
f 4555/4669/9501 4559/4675/9501 4560/4676/9501
f 4560/4673/9502 4564/5271/9502 4565/4677/9502
f 4559/4675/9503 4558/4728/9503 4562/4678/9503
f 4560/4676/9504 4559/4675/9504 4563/4679/9504
f 4565/4677/9505 4564/5271/9505 4568/4681/9505
f 4562/4678/9506 4566/4729/9506 4567/4683/9506
f 4563/4679/9507 4567/4683/9507 4568/4684/9507
f 4569/4682/9508 4568/4681/9508 4572/4685/9508
f 4567/4683/9509 4566/4729/9509 4570/4687/9509
f 4568/4684/9510 4567/4683/9510 4571/4688/9510
f 4572/4685/9511 4576/5272/9511 4577/4690/9511
f 4570/4687/9512 4574/4730/9512 4575/4691/9512
f 4571/4688/9513 4575/4691/9513 4576/4692/9513
f 4576/4692/9514 4580/4697/9514 4581/4693/9514
f 4575/4691/9515 4574/4730/9515 4578/4695/9515
f 4576/4692/9516 4575/4691/9516 4579/4696/9516
f 4580/4697/9517 4584/4700/9517 4585/4698/9517
f 4578/4695/9518 4582/4731/9518 4583/4699/9518
f 4579/4696/9519 4583/4699/9519 4584/4700/9519
f 4584/4700/9520 4588/4704/9520 4589/4701/9520
f 4583/4699/9521 4582/4731/9521 4586/4702/9521
f 4584/4700/9522 4583/4699/9522 4587/4703/9522
f 4589/4701/9523 4588/4704/9523 4592/4705/9523
f 4586/4702/9524 4590/4732/9524 4591/4707/9524
f 4587/4703/9525 4591/4707/9525 4592/4705/9525
f 4592/4705/9526 4596/4711/9526 4597/4708/9526
f 4591/4707/9527 4590/4732/9527 4594/4709/9527
f 4592/4705/9528 4591/4707/9528 4595/4710/9528
f 4597/4708/9529 4596/4711/9529 4601/4712/9529
f 4594/4709/9530 4599/4733/9530 4600/4714/9530
f 4595/4710/9531 4600/4714/9531 4601/4712/9531
f 4602/4713/9532 4601/4712/9532 4605/4715/9532
f 4600/4714/9533 4599/4733/9533 4603/4717/9533
f 4601/4712/9534 4600/4714/9534 4604/4718/9534
f 4606/4716/9535 4605/4715/9535 4480/4593/9535
f 4603/4717/9536 4478/4719/9536 4479/4598/9536
f 4604/4718/9537 4479/4598/9537 4480/4593/9537
f 4615/4734/9538 4614/4751/9538 4627/4735/9538
f 4612/4737/9539 4625/4753/9539 4626/4738/9539
f 4611/4740/9540 4610/4754/9540 4623/4741/9540
f 4609/4743/9541 4608/4756/9541 4621/4744/9541
f 4618/4746/9542 4617/4760/9542 4630/4747/9542
f 4615/4734/9543 4628/4736/9543 4629/4749/9543
f 4613/4739/9544 4626/4738/9544 4627/4735/9544
f 4612/4737/9545 4611/5212/9545 4624/4752/9545
f 4609/4743/9546 4622/4745/9546 4623/4741/9546
f 4607/4755/9547 4620/4762/9547 4621/4744/9547
f 4619/4757/9548 4618/5273/9548 4631/4758/9548
f 4617/4760/9549 4616/4750/9549 4629/4749/9549
f 4622/4745/9550 4635/4772/9550 4636/4761/9550
f 4620/4762/9551 4633/5224/9551 4634/4763/9551
f 4632/4759/9552 4631/4758/9552 4644/4764/9552
f 4629/4749/4672 4642/4774/4672 4643/4766/4672
f 4628/4736/9553 4627/4735/9553 4640/4767/9553
f 4626/4738/9554 4625/4753/9554 4638/4769/9554
f 4624/4742/9555 4623/4741/9555 4636/4761/9555
f 4622/4745/9556 4621/4744/9556 4634/4763/9556
f 4631/4748/9557 4630/4747/9557 4643/4766/9557
f 4628/4736/9558 4641/4768/9558 4642/4774/9558
f 4626/4738/9559 4639/4770/9559 4640/4767/9559
f 4624/4752/9560 4637/5274/9560 4638/4769/9560
f 4635/4772/9561 4648/4789/9561 4649/4775/9561
f 4634/4763/9562 4633/5224/9562 4646/4776/9562
f 4644/4764/9563 4657/5275/9563 4658/4778/9563
f 4642/4779/9564 4655/4792/9564 4656/4780/9564
f 4641/4782/9565 4640/4793/9565 4653/4783/9565
f 4639/4785/9566 4638/4795/9566 4651/4786/9566
f 4636/4761/9567 4649/4775/9567 4650/4788/9567
f 4635/4772/9568 4634/4763/9568 4647/4777/9568
f 4643/4781/4689 4656/4780/4689 4657/4790/4689
f 4642/4779/9569 4641/4782/9569 4654/4784/9569
f 4640/4793/9570 4639/4785/9570 4652/4787/9570
f 4637/4794/9571 4650/5276/9571 4651/4786/9571
f 4648/4789/9572 4661/4805/9572 4662/4796/9572
f 4646/4776/9573 4659/5277/9573 4660/4797/9573
f 4658/4778/9574 4657/5275/9574 4670/4798/9574
f 4656/4780/9575 4655/4792/9575 4668/4800/9575
f 4653/4783/9576 4666/4807/9576 4667/4802/9576
f 4651/4786/9577 4664/4809/9577 4665/4803/9577
f 4649/4775/9578 4662/4796/9578 4663/4804/9578
f 4648/4789/9579 4647/4777/9579 4660/4797/9579
f 4656/4780/9580 4669/4801/9580 4670/4806/9580
f 4654/4784/9581 4667/4802/9581 4668/4800/9581
f 4653/4783/4703 4652/4787/4703 4665/4803/4703
f 4651/4786/9582 4650/5276/9582 4663/4808/9582
f 4661/4805/9583 4674/4821/9583 4675/4810/9583
f 4660/4797/9584 4659/5277/9584 4672/4811/9584
f 4670/4798/9585 4683/5278/9585 4684/4813/9585
f 4668/4800/9586 4681/4823/9586 4682/4814/9586
f 4667/4802/9090 4666/4807/9090 4679/4815/9090
f 4665/4803/9587 4664/4809/9587 4677/4817/9587
f 4663/4808/9588 4662/5279/9588 4675/4819/9588
f 4661/4805/9589 4660/4797/9589 4673/4812/9589
f 4670/4806/9590 4669/4801/9590 4682/4814/9590
f 4667/4802/9591 4680/4816/9591 4681/4823/9591
f 4665/4803/9592 4678/4818/9592 4679/4815/9592
f 4663/4808/9593 4676/4820/9593 4677/4817/9593
f 4675/4810/9594 4674/4821/9594 4687/4824/9594
f 4672/4811/9595 4685/5223/9595 4686/4826/9595
f 4684/4813/9596 4683/5278/9596 4696/4827/9596
f 4682/4814/9597 4681/4823/9597 4694/4829/9597
f 4679/4815/9598 4692/4837/9598 4693/4831/9598
f 4678/4818/9599 4677/4817/9599 4690/4832/9599
f 4676/4820/9600 4675/4819/9600 4688/4834/9600
f 4673/4812/9601 4686/4826/9601 4687/4824/9601
f 4683/4822/9602 4682/4814/9602 4695/4830/9602
f 4681/4823/9603 4680/4816/9603 4693/4831/9603
f 4678/4818/9604 4691/4833/9604 4692/4837/9604
f 4676/4820/9605 4689/4835/9605 4690/4832/9605
f 4688/4834/9606 4687/5280/9606 4700/4838/9606
f 4686/4826/9607 4685/5223/9607 4698/4840/9607
f 4696/4827/9608 4709/4864/9608 4710/4842/9608
f 4695/4830/9609 4694/4829/9609 4707/4843/9609
f 4692/4837/9610 4705/4851/9610 4706/4845/9610
f 4691/4833/9611 4690/4832/9611 4703/4846/9611
f 4688/4834/9612 4701/4839/9612 4702/4848/9612
f 4686/4826/9613 4699/4841/9613 4700/4849/9613
f 4695/4830/9614 4708/4844/9614 4709/4850/9614
f 4694/4829/9615 4693/4831/9615 4706/4845/9615
f 4692/4837/9616 4691/4833/9616 4704/4847/9616
f 4689/4835/9617 4702/4848/9617 4703/4846/9617
f 4701/4839/9618 4700/4838/9618 4713/4852/9618
f 4699/4841/9619 4698/4840/9619 4711/4854/9619
f 4710/4842/9620 4709/4864/9620 4722/4856/9620
f 4707/4843/9621 4720/4866/9621 4721/4858/9621
f 4705/4851/9622 4718/4867/9622 4719/4859/9622
f 4704/4847/9623 4703/4846/9623 4716/4860/9623
f 4701/4839/9624 4714/4853/9624 4715/4862/9624
f 4699/4841/9625 4712/4855/9625 4713/4863/9625
f 4709/4864/9626 4708/5281/9626 4721/4865/9626
f 4707/4843/9627 4706/4845/9627 4719/4859/9627
f 4705/4851/9628 4704/4847/9628 4717/4861/9628
f 4702/4848/9629 4715/4862/9629 4716/4860/9629
f 4713/4852/9630 4726/5282/9630 4727/4868/9630
f 4711/4854/9631 4724/5222/9631 4725/4869/9631
f 4723/4857/9632 4722/4856/9632 4735/4870/9632
f 4721/4858/9633 4720/4866/9633 4733/4872/9633
f 4719/4859/9138 4718/4867/9138 4731/4874/9138
f 4716/4860/9634 4729/4881/9634 4730/4876/9634
f 4715/4862/9635 4714/4853/9635 4727/4868/9635
f 4713/4878/9636 4712/5283/9636 4725/4879/9636
f 4721/4865/9637 4734/5284/9637 4735/4870/9637
f 4719/4859/4186 4732/4875/4186 4733/4872/4186
f 4717/4861/9638 4730/4876/9638 4731/4874/9638
f 4716/4860/9639 4715/4862/9639 4728/4877/9639
f 4726/4880/9640 4739/4895/9640 4740/4882/9640
f 4724/4884/9641 4737/5221/9641 4738/4885/9641
f 4736/4871/9642 4735/4870/9642 4748/4886/9642
f 4733/4872/9643 4746/4897/9643 4747/4888/9643
f 4732/4875/9644 4731/4874/9644 4744/4889/9644
f 4730/4876/9645 4729/4881/9645 4742/4891/9645
f 4728/4893/9646 4727/4883/9646 4740/4882/9646
f 4726/4880/9647 4725/4879/9647 4738/4885/9647
f 4735/4870/9648 4734/5284/9648 4747/4896/9648
f 4732/4875/9649 4745/4890/9649 4746/4897/9649
f 4730/4876/9650 4743/4892/9650 4744/4889/9650
f 4728/4877/4774 4741/5285/4774 4742/4891/4774
f 4739/4895/9651 4752/4909/9651 4753/4898/9651
f 4738/4885/4776 4737/5221/4776 4750/4899/4776
f 4748/4886/9652 4761/4910/9652 4762/4901/9652
f 4746/4902/9653 4759/4919/9653 4760/4903/9653
f 4745/4890/9654 4744/4889/9654 4757/4904/9654
f 4743/4892/9655 4742/4891/9655 4755/4906/9655
f 4740/4882/9656 4753/4898/9656 4754/4908/9656
f 4739/4895/9657 4738/4885/9657 4751/4900/9657
f 4747/4896/9658 4760/4903/9658 4761/4910/9658
f 4745/4890/9167 4758/4905/9167 4759/4911/9167
f 4744/4889/9659 4743/4892/9659 4756/4907/9659
f 4741/4894/9660 4754/4908/9660 4755/4912/9660
f 4753/4898/9661 4752/4909/9661 4765/4914/9661
f 4750/4899/9662 4763/5286/9662 4764/4916/9662
f 4762/4901/9663 4761/4910/9663 4774/4917/9663
f 4759/4919/9664 4772/4927/9664 4773/4920/9664
f 4758/4921/9665 4757/5287/9665 4770/4922/9665
f 4755/4912/9666 4768/4930/9666 4769/4924/9666
f 4753/4898/9667 4766/4915/9667 4767/4926/9667
f 4752/4909/9668 4751/4900/9668 4764/4916/9668
f 4760/4903/9669 4773/4920/9669 4774/4917/9669
f 4758/4921/9670 4771/4923/9670 4772/4927/9670
f 4757/4904/9671 4756/4907/9671 4769/4928/9671
f 4755/4912/9672 4754/4908/9672 4767/4926/9672
f 4765/4914/9673 4778/4941/9673 4779/4931/9673
f 4764/4916/9674 4763/5286/9674 4776/4932/9674
f 4774/4917/9675 4787/4942/9675 4788/4934/9675
f 4772/4927/9676 4785/4943/9676 4786/4935/9676
f 4771/4923/9677 4770/4922/9677 4783/4936/9677
f 4769/4924/9678 4768/4930/9678 4781/4938/9678
f 4767/4926/9679 4766/4915/9679 4779/4931/9679
f 4765/4914/9680 4764/4916/9680 4777/4933/9680
f 4774/4917/9681 4773/4920/9681 4786/4935/9681
f 4771/4923/9682 4784/4937/9682 4785/4943/9682
f 4769/4924/9683 4782/4939/9683 4783/4944/9683
f 4767/4926/9684 4780/4940/9684 4781/4938/9684
f 4779/4931/9685 4778/4941/9685 4791/4946/9685
f 4776/4932/9686 4789/5220/9686 4790/4948/9686
f 4788/4934/9687 4787/4942/9687 4800/4949/9687
f 4786/4935/9688 4785/4943/9688 4798/4951/9688
f 4783/4936/9689 4796/4965/9689 4797/4953/9689
f 4782/4939/9690 4781/4938/9690 4794/4954/9690
f 4780/4940/9691 4779/4931/9691 4792/4947/9691
f 4777/4933/9692 4790/4948/9692 4791/4946/9692
f 4787/4942/9693 4786/4935/9693 4799/4952/9693
f 4785/4943/9694 4784/4937/9694 4797/4953/9694
f 4782/4939/9695 4795/4955/9695 4796/4957/9695
f 4780/4940/9696 4793/4956/9696 4794/4954/9696
f 4792/4947/9697 4791/4946/9697 4804/4958/9697
f 4790/4948/9698 4789/5220/9698 4802/4960/9698
f 4800/4949/4824 4813/4970/4824 4814/4962/4824
f 4799/4952/9699 4798/4951/9699 4811/4963/9699
f 4796/4965/9700 4809/4972/9700 4810/4966/9700
f 4795/4955/9701 4794/4954/9701 4807/4967/9701
f 4792/4947/9702 4805/4959/9702 4806/4969/9702
f 4790/4948/9703 4803/4961/9703 4804/4958/9703
f 4799/4952/9704 4812/4964/9704 4813/4970/9704
f 4798/4951/9705 4797/4953/9705 4810/4966/9705
f 4796/4965/9706 4795/5288/9706 4808/4971/9706
f 4793/4956/9707 4806/4969/9707 4807/4967/9707
f 4805/4959/9708 4804/4958/9708 4817/4973/9708
f 4803/4961/9709 4802/4960/9709 4815/4975/9709
f 4814/4962/9710 4813/4970/9710 4826/4977/9710
f 4811/4963/9711 4824/4984/9711 4825/4979/9711
f 4809/4972/9712 4822/4986/9712 4823/4980/9712
f 4808/4968/9713 4807/4967/9713 4820/4981/9713
f 4805/4959/9714 4818/4974/9714 4819/4983/9714
f 4803/4961/9715 4816/4976/9715 4817/4973/9715
f 4813/4970/9716 4812/4964/9716 4825/4979/9716
f 4811/4963/9717 4810/4966/9717 4823/4980/9717
f 4809/4972/9718 4808/4971/9718 4821/4985/9718
f 4806/4969/9719 4819/4983/9719 4820/4981/9719
f 4817/4973/9720 4830/4996/9720 4831/4987/9720
f 4815/4975/9721 4828/5000/9721 4829/4988/9721
f 4826/4977/9722 4839/4997/9722 4840/4989/9722
f 4825/4979/9723 4824/4984/9723 4837/4990/9723
f 4823/4980/9724 4822/4986/9724 4835/4992/9724
f 4820/4981/9725 4833/4998/9725 4834/4994/9725
f 4819/4983/9726 4818/4974/9726 4831/4987/9726
f 4817/4973/9727 4816/4976/9727 4829/4988/9727
f 4825/4979/9728 4838/4991/9728 4839/4997/9728
f 4823/4980/9729 4836/4993/9729 4837/4990/9729
f 4821/4985/9730 4834/5012/9730 4835/4992/9730
f 4820/4981/9731 4819/4983/9731 4832/4995/9731
f 4830/4996/9732 4843/5010/9732 4844/4999/9732
f 4828/5000/4859 4841/5219/4859 4842/5001/4859
f 4840/4989/9733 4839/4997/9733 4852/5002/9733
f 4837/4990/9734 4850/5011/9734 4851/5004/9734
f 4836/4993/9735 4835/4992/9735 4848/5005/9735
f 4834/4994/9736 4833/4998/9736 4846/5007/9736
f 4832/4995/9737 4831/4987/9737 4844/4999/9737
f 4830/4996/9738 4829/4988/9738 4842/5001/9738
f 4839/4997/9739 4838/4991/9739 4851/5004/9739
f 4836/4993/9740 4849/5006/9740 4850/5011/9740
f 4834/5012/9249 4847/5289/9249 4848/5005/9249
f 4832/4995/9741 4845/5009/9741 4846/5007/9741
f 4843/5013/9742 4856/5045/9742 4857/5014/9742
f 4842/5001/9743 4841/5219/9743 4854/5016/9743
f 4852/5002/9744 4865/5028/9744 4866/5018/9744
f 4850/5011/9745 4863/5029/9745 4864/5019/9745
f 4849/5006/9746 4848/5005/9746 4861/5020/9746
f 4847/5022/9747 4846/5031/9747 4859/5023/9747
f 4844/5015/9748 4857/5014/9748 4858/5025/9748
f 4843/5010/9749 4842/5001/9749 4855/5017/9749
f 4851/5004/9258 4864/5019/9258 4865/5028/9258
f 4849/5006/9750 4862/5021/9750 4863/5029/9750
f 4848/5005/4307 4847/5289/4307 4860/5030/4307
f 4845/5026/9751 4858/5025/9751 4859/5023/9751
f 4857/5014/4882 4856/5045/4882 4869/5032/4882
f 4855/5034/9752 4854/5218/9752 4867/5035/9752
f 4866/5018/9753 4865/5028/9753 4878/5037/9753
f 4864/5019/9754 4863/5029/9754 4876/5039/9754
f 4862/5021/9755 4861/5020/9755 4874/5041/9755
f 4859/5023/9756 4872/5047/9756 4873/5043/9756
f 4857/5014/9757 4870/5033/9757 4871/5044/9757
f 4856/5045/9758 4855/5034/9758 4868/5036/9758
f 4864/5019/9759 4877/5040/9759 4878/5037/9759
f 4862/5021/9760 4875/5042/9760 4876/5039/9760
f 4861/5020/9761 4860/5030/9761 4873/5046/9761
f 4859/5023/9762 4858/5025/9762 4871/5044/9762
f 4869/5032/9763 4882/5058/9763 4883/5048/9763
f 4868/5036/9764 4867/5035/9764 4880/5049/9764
f 4878/5037/9765 4891/5059/9765 4892/5051/9765
f 4877/5040/9766 4876/5039/9766 4889/5052/9766
f 4874/5041/9767 4887/5060/9767 4888/5054/9767
f 4873/5043/9768 4872/5047/9768 4885/5055/9768
f 4871/5044/9769 4870/5033/9769 4883/5048/9769
f 4868/5036/9770 4881/5050/9770 4882/5058/9770
f 4878/5037/9771 4877/5040/9771 4890/5053/9771
f 4876/5039/4903 4875/5042/4903 4888/5054/4903
f 4873/5046/9772 4886/5290/9772 4887/5060/9772
f 4871/5044/9773 4884/5057/9773 4885/5055/9773
f 4883/5048/9774 4882/5058/9774 4896/5061/9774
f 4880/5049/9775 4894/5217/9775 4895/5063/9775
f 4892/5051/9776 4891/5059/9776 4905/5064/9776
f 4890/5053/9777 4889/5052/9777 4903/5066/9777
f 4887/5060/9778 4901/5081/9778 4902/5068/9778
f 4885/5055/9779 4899/5073/9779 4900/5069/9779
f 4884/5057/9780 4883/5048/9780 4897/5062/9780
f 4881/5050/9781 4895/5063/9781 4896/5061/9781
f 4891/5059/9782 4890/5053/9782 4904/5067/9782
f 4889/5052/9783 4888/5054/9783 4902/5068/9783
f 4886/5056/9784 4900/5069/9784 4901/5071/9784
f 4885/5055/9785 4884/5057/9785 4898/5070/9785
f 4897/5062/9786 4896/5061/9786 4909/5074/9786
f 4895/5063/9787 4894/5217/9787 4907/5076/9787
f 4905/5064/9788 4918/5085/9788 4919/5078/9788
f 4904/5067/9789 4903/5066/9789 4916/5079/9789
f 4901/5081/4921 4914/5095/4921 4915/5082/4921
f 4899/5073/9790 4912/5087/9790 4913/5083/9790
f 4897/5062/9791 4910/5075/9791 4911/5084/9791
f 4895/5063/9792 4908/5077/9792 4909/5074/9792
f 4904/5067/9793 4917/5080/9793 4918/5085/9793
f 4903/5066/9794 4902/5068/9794 4915/5082/9794
f 4901/5071/9795 4900/5069/9795 4913/5083/9795
f 4899/5073/9796 4898/5070/9796 4911/5084/9796
f 4910/5075/9797 4909/5074/9797 4922/5088/9797
f 4908/5077/9798 4907/5076/9798 4920/5090/9798
f 4919/5078/9799 4918/5085/9799 4931/5092/9799
f 4916/5079/9800 4929/5100/9800 4930/5094/9800
f 4914/5095/9801 4927/5291/9801 4928/5096/9801
f 4913/5083/9802 4912/5087/9802 4925/5097/9802
f 4910/5075/4935 4923/5089/4935 4924/5099/4935
f 4908/5077/9803 4921/5091/9803 4922/5088/9803
f 4918/5085/9804 4917/5080/9804 4930/5094/9804
f 4916/5079/9805 4915/5082/9805 4928/5096/9805
f 4914/5086/9806 4913/5083/9806 4926/5098/9806
f 4911/5084/9807 4924/5099/9807 4925/5097/9807
f 4922/5088/9808 4935/5111/9808 4936/5102/9808
f 4920/5090/9809 4933/5116/9809 4934/5103/9809
f 4931/5092/9810 4944/5112/9810 4945/5104/9810
f 4930/5094/9811 4929/5100/9811 4942/5105/9811
f 4928/5096/9812 4927/5291/9812 4940/5107/9812
f 4925/5097/9813 4938/5114/9813 4939/5109/9813
f 4924/5099/9814 4923/5089/9814 4936/5102/9814
f 4922/5088/9815 4921/5091/9815 4934/5103/9815
f 4930/5094/9816 4943/5106/9816 4944/5112/9816
f 4928/5096/9817 4941/5108/9817 4942/5105/9817
f 4926/5098/9818 4939/5109/9818 4940/5113/9818
f 4925/5097/9819 4924/5099/9819 4937/5110/9819
f 4935/5111/9820 4948/5126/9820 4949/5115/9820
f 4933/5116/9821 4946/5292/9821 4947/5117/9821
f 4945/5104/9822 4944/5112/9822 4957/5118/9822
f 4942/5105/9823 4955/5293/9823 4956/5120/9823
f 4941/5121/9824 4940/5130/9824 4953/5122/9824
f 4938/5114/9825 4951/5131/9825 4952/5124/9825
f 4937/5110/9826 4936/5102/9826 4949/5115/9826
f 4935/5111/9827 4934/5103/9827 4947/5117/9827
f 4944/5112/9828 4943/5106/9828 4956/5120/9828
f 4941/5121/9829 4954/5123/9829 4955/5127/9829
f 4939/5129/9830 4952/5143/9830 4953/5122/9830
f 4938/5114/9831 4937/5110/9831 4950/5125/9831
f 4948/5126/9832 4961/5146/9832 4962/5132/9832
f 4947/5133/9833 4946/5214/9833 4959/5134/9833
f 4957/5118/9834 4970/5147/9834 4971/5136/9834
f 4955/5127/9835 4968/5148/9835 4969/5137/9835
f 4954/5123/9836 4953/5122/9836 4966/5139/9836
f 4951/5141/9837 4964/5150/9837 4965/5142/9837
f 4949/5115/9838 4962/5132/9838 4963/5144/9838
f 4948/5126/9839 4947/5117/9839 4960/5145/9839
f 4956/5120/9840 4969/5163/9840 4970/5147/9840
f 4954/5123/4974 4967/5140/4974 4968/5148/4974
f 4953/5122/9841 4952/5143/9841 4965/5142/9841
f 4951/5141/9842 4950/5294/9842 4963/5149/9842
f 4962/5151/9843 4961/5162/9843 4974/5152/9843
f 4959/5134/9844 4972/5295/9844 4973/5154/9844
f 4971/5136/9845 4970/5147/9845 4983/5155/9845
f 4968/5148/9846 4981/5164/9846 4982/5157/9846
f 4966/5139/9847 4979/5165/9847 4980/5158/9847
f 4964/5150/4410 4977/5166/4410 4978/5159/4410
f 4962/5160/9848 4975/5296/9848 4976/5161/9848
f 4960/5135/9849 4973/5154/9849 4974/5152/9849
f 4969/5163/9850 4982/5297/9850 4983/5155/9850
f 4967/5140/9851 4980/5158/9851 4981/5164/9851
f 4966/5139/9852 4965/5142/9852 4978/5159/9852
f 4964/5150/9853 4963/5149/9853 4976/5161/9853
f 4975/5153/9854 4974/5152/9854 4987/5167/9854
f 4973/5154/9855 4972/5295/9855 4985/5169/9855
f 4983/5155/9856 4996/5298/9856 4997/5171/9856
f 4981/5164/4420 4994/5180/4420 4995/5172/4420
f 4979/5165/9857 4992/5181/9857 4993/5173/9857
f 4978/5159/9858 4977/5166/9858 4990/5174/9858
f 4976/5161/9859 4975/5296/9859 4988/5176/9859
f 4973/5154/9860 4986/5170/9860 4987/5167/9860
f 4983/5178/9861 4982/5157/9861 4995/5172/9861
f 4981/5164/9862 4980/5158/9862 4993/5173/9862
f 4978/5159/9863 4991/5175/9863 4992/5181/9863
f 4976/5161/9864 4989/5177/9864 4990/5174/9864
f 4988/5168/9865 4987/5167/9865 5000/5182/9865
f 4985/5169/9866 4998/5213/9866 4999/5184/9866
f 4997/5171/4431 4996/5298/4431 5009/5185/4431
f 4995/5172/9867 4994/5180/9867 5007/5187/9867
f 4992/5181/9868 5005/5195/9868 5006/5189/9868
f 4991/5175/9869 4990/5174/9869 5003/5190/9869
f 4989/5177/9870 4988/5176/9870 5001/5192/9870
f 4986/5170/9871 4999/5184/9871 5000/5182/9871
f 4996/5179/9872 4995/5172/9872 5008/5188/9872
f 4994/5180/9873 4993/5173/9873 5006/5189/9873
f 4991/5175/9874 5004/5191/9874 5005/5195/9874
f 4989/5177/9875 5002/5193/9875 5003/5190/9875
f 5001/5183/9876 5000/5182/9876 5013/5196/9876
f 4999/5184/9877 4998/5213/9877 5011/5198/9877
f 5009/5185/9878 5022/5210/9878 5023/5200/9878
f 5008/5188/9879 5007/5187/9879 5020/5201/9879
f 5005/5195/9880 5018/5208/9880 5019/5203/9880
f 5004/5191/9881 5003/5190/9881 5016/5204/9881
f 5001/5192/9882 5014/5211/9882 5015/5206/9882
f 4999/5184/9883 5012/5199/9883 5013/5196/9883
f 5008/5188/9884 5021/5202/9884 5022/5207/9884
f 5007/5187/9885 5006/5189/9885 5019/5203/9885
f 5005/5195/9886 5004/5191/9886 5017/5205/9886
f 5002/5193/9887 5015/5206/9887 5016/5204/9887
f 5014/5197/9888 5013/5196/9888 4609/4743/9888
f 5012/5199/9889 5011/5198/9889 4607/4755/9889
f 5022/5210/9890 4618/5273/9890 4619/4757/9890
f 5020/5201/9891 4616/4750/9891 4617/4760/9891
f 5018/5208/5058 4614/4751/5058 4615/4734/5058
f 5017/5205/9892 5016/5204/9892 4612/4737/9892
f 5014/5211/9893 4610/5299/9893 4611/5212/9893
f 5012/5199/9894 4608/4756/9894 4609/4743/9894
f 5021/5202/9895 4617/4760/9895 4618/4746/9895
f 5020/5201/9896 5019/5203/9896 4615/4734/9896
f 5018/5208/9897 5017/5205/9897 4613/4739/9897
f 5015/5206/9898 4611/5212/9898 4612/4737/9898
f 4481/4597/9899 4607/4755/9899 5011/5198/9899
f 5011/5198/9900 4998/5213/9900 4602/4713/9900
f 4998/5213/9901 4985/5169/9901 4597/4708/9901
f 4985/5169/9902 4972/5295/9902 4593/4706/9902
f 4593/4706/9903 4972/5295/9903 4959/5134/9903
f 4589/4701/9904 4959/5134/9904 4946/5214/9904
f 4585/4698/9905 4946/5214/9905 4933/5215/9905
f 4933/5116/9906 4920/5090/9906 4577/4690/9906
f 4577/4690/9907 4920/5090/9907 4907/5076/9907
f 4907/5076/9908 4894/5217/9908 4569/4682/9908
f 4894/5217/9909 4880/5049/9909 4565/4677/9909
f 4880/5049/9910 4867/5035/9910 4561/4674/9910
f 4561/4674/9911 4867/5035/9911 4854/5218/9911
f 4557/4667/9912 4854/5016/9912 4841/5219/9912
f 4553/4663/9913 4841/5219/9913 4828/5000/9913
f 4828/5000/9914 4815/4975/9914 4545/4656/9914
f 4545/4656/9915 4815/4975/9915 4802/4960/9915
f 4802/4960/9916 4789/5220/9916 4537/4648/9916
f 4789/5220/9917 4776/4932/9917 4533/4642/9917
f 4776/4932/9918 4763/5286/9918 4529/4638/9918
f 4529/4638/9919 4763/5286/9919 4750/4899/9919
f 4525/4632/9920 4750/4899/9920 4737/5221/9920
f 4521/4628/9921 4737/5300/9921 4724/5222/9921
f 4724/5222/9922 4711/4854/9922 4513/4622/9922
f 4513/4622/9923 4711/4854/9923 4698/4840/9923
f 4698/4840/9924 4685/5223/9924 4505/4615/9924
f 4685/5223/9925 4672/4811/9925 4501/4610/9925
f 4672/4811/5094 4659/5277/5094 4497/4608/5094
f 4497/4608/9926 4659/5277/9926 4646/4776/9926
f 4493/4603/9927 4646/4776/9927 4633/5224/9927
f 4489/4600/9928 4633/5224/9928 4620/4762/9928
f 4620/4762/9929 4607/4755/9929 4481/4597/9929
f 5024/5301/9930 5055/5302/9930 5054/5303/9930
f 5024/5301/9930 5025/5304/9930 5055/5302/9930
f 5025/5304/9931 5056/5305/9931 5055/5302/9931
f 5025/5304/9931 5026/5306/9931 5056/5305/9931
f 5026/5306/9932 5057/5307/9932 5056/5305/9932
f 5026/5306/9932 5027/5308/9932 5057/5307/9932
f 5027/5308/9933 5058/5309/9933 5057/5307/9933
f 5027/5308/9933 5028/5310/9933 5058/5309/9933
f 5028/5310/9934 5059/5311/9934 5058/5309/9934
f 5028/5310/9934 5029/5312/9934 5059/5311/9934
f 5029/5312/9935 5060/5313/9935 5059/5311/9935
f 5029/5312/9935 5030/5314/9935 5060/5313/9935
f 5030/5314/9936 5061/5315/9936 5060/5313/9936
f 5030/5314/9936 5031/5316/9936 5061/5315/9936
f 5031/5316/9937 5032/5317/9937 5061/5315/9937
f 5032/5317/9937 5062/5318/9937 5061/5315/9937
f 5032/5317/9938 5033/5319/9938 5062/5318/9938
f 5033/5319/9938 5063/5320/9938 5062/5318/9938
f 5033/5319/9939 5034/5321/9939 5063/5320/9939
f 5034/5321/9939 5064/5322/9939 5063/5320/9939
f 5034/5321/9940 5035/5323/9940 5064/5322/9940
f 5035/5323/9940 5065/5324/9940 5064/5322/9940
f 5035/5323/9941 5036/5325/9941 5065/5324/9941
f 5036/5325/9941 5066/5326/9941 5065/5324/9941
f 5036/5325/9942 5037/5327/9942 5066/5326/9942
f 5037/5327/9942 5067/5328/9942 5066/5326/9942
f 5037/5327/9943 5038/5329/9943 5067/5328/9943
f 5038/5329/9943 5068/5330/9943 5067/5328/9943
f 5084/5331/9944 5099/5332/9944 5100/5333/9944
f 5084/5331/9944 5100/5333/9944 5085/5334/9944
f 5085/5334/9945 5100/5333/9945 5101/5335/9945
f 5085/5334/9945 5101/5335/9945 5086/5336/9945
f 5086/5336/9946 5101/5335/9946 5102/5337/9946
f 5086/5336/9946 5102/5337/9946 5087/5338/9946
f 5087/5338/9947 5102/5337/9947 5103/5339/9947
f 5087/5338/9947 5103/5339/9947 5088/5340/9947
f 5088/5340/9948 5103/5339/9948 5104/5341/9948
f 5088/5340/9948 5104/5341/9948 5089/5342/9948
f 5089/5342/9949 5104/5341/9949 5105/5343/9949
f 5089/5342/9949 5105/5343/9949 5090/5344/9949
f 5090/5344/9950 5105/5343/9950 5106/5345/9950
f 5090/5344/9950 5106/5345/9950 5091/5346/9950
f 5091/5346/9951 5106/5345/9951 5092/5347/9951
f 5092/5347/9951 5106/5345/9951 5107/5348/9951
f 5092/5347/9952 5107/5348/9952 5093/5349/9952
f 5093/5349/9952 5107/5348/9952 5108/5350/9952
f 5093/5349/9953 5108/5350/9953 5094/5351/9953
f 5094/5351/9953 5108/5350/9953 5109/5352/9953
f 5094/5351/9954 5109/5352/9954 5095/5353/9954
f 5095/5353/9954 5109/5352/9954 5110/5354/9954
f 5095/5353/9955 5110/5354/9955 5096/5355/9955
f 5096/5355/9955 5110/5354/9955 5111/5356/9955
f 5096/5355/9956 5111/5356/9956 5097/5357/9956
f 5097/5357/9956 5111/5356/9956 5112/5358/9956
f 5097/5357/9957 5112/5358/9957 5098/5359/9957
f 5098/5359/9957 5112/5358/9957 5113/5360/9957
f 5099/5332/9958 5054/5303/9958 5100/5333/9958
f 5100/5333/9958 5054/5303/9958 5055/5302/9958
f 5100/5333/9958 5055/5302/9958 5101/5335/9958
f 5101/5335/9958 5055/5302/9958 5056/5305/9958
f 5101/5335/9958 5056/5305/9958 5102/5337/9958
f 5102/5337/9958 5056/5305/9958 5057/5307/9958
f 5102/5337/9958 5057/5307/9958 5103/5339/9958
f 5103/5339/9958 5057/5307/9958 5058/5309/9958
f 5103/5339/9958 5058/5309/9958 5104/5341/9958
f 5104/5341/9958 5058/5309/9958 5059/5311/9958
f 5104/5341/9958 5059/5311/9958 5105/5343/9958
f 5105/5343/9958 5059/5311/9958 5060/5313/9958
f 5105/5343/9958 5060/5313/9958 5106/5345/9958
f 5106/5345/9958 5060/5313/9958 5061/5315/9958
f 5106/5345/9958 5061/5315/9958 5062/5318/9958
f 5106/5345/9958 5062/5318/9958 5107/5348/9958
f 5107/5348/9958 5062/5318/9958 5063/5320/9958
f 5107/5348/9958 5063/5320/9958 5108/5350/9958
f 5108/5350/9958 5063/5320/9958 5064/5322/9958
f 5108/5350/9958 5064/5322/9958 5109/5352/9958
f 5109/5352/9958 5064/5322/9958 5065/5324/9958
f 5109/5352/9958 5065/5324/9958 5110/5354/9958
f 5110/5354/9958 5065/5324/9958 5066/5326/9958
f 5110/5354/9958 5066/5326/9958 5111/5356/9958
f 5111/5356/9958 5066/5326/9958 5067/5328/9958
f 5111/5356/9958 5067/5328/9958 5112/5358/9958
f 5112/5358/9958 5067/5328/9958 5068/5330/9958
f 5112/5358/9958 5068/5330/9958 5113/5360/9958
f 5069/5361/9930 5070/5362/9930 5039/5363/9930
f 5070/5362/9930 5040/5364/9930 5039/5363/9930
f 5070/5362/9931 5071/5365/9931 5040/5364/9931
f 5071/5365/9931 5041/5366/9931 5040/5364/9931
f 5071/5365/9932 5072/5367/9932 5041/5366/9932
f 5072/5367/9932 5042/5368/9932 5041/5366/9932
f 5072/5367/9933 5073/5369/9933 5042/5368/9933
f 5073/5369/9933 5043/5370/9933 5042/5368/9933
f 5073/5369/9934 5074/5371/9934 5043/5370/9934
f 5074/5371/9934 5044/5372/9934 5043/5370/9934
f 5074/5371/9935 5075/5373/9935 5044/5372/9935
f 5075/5373/9935 5045/5374/9935 5044/5372/9935
f 5075/5373/9936 5076/5375/9936 5045/5374/9936
f 5076/5375/9936 5046/5376/9936 5045/5374/9936
f 5076/5375/9937 5047/5377/9937 5046/5376/9937
f 5076/5375/9937 5077/5378/9937 5047/5377/9937
f 5077/5378/9938 5048/5379/9938 5047/5377/9938
f 5077/5378/9938 5078/5380/9938 5048/5379/9938
f 5078/5380/9939 5049/5381/9939 5048/5379/9939
f 5078/5380/9939 5079/5382/9939 5049/5381/9939
f 5079/5382/9940 5050/5383/9940 5049/5381/9940
f 5079/5382/9940 5080/5384/9940 5050/5383/9940
f 5080/5384/9941 5051/5385/9941 5050/5383/9941
f 5080/5384/9941 5081/5386/9941 5051/5385/9941
f 5081/5386/9942 5052/5387/9942 5051/5385/9942
f 5081/5386/9942 5082/5388/9942 5052/5387/9942
f 5082/5388/9943 5053/5389/9943 5052/5387/9943
f 5082/5388/9943 5083/5390/9943 5053/5389/9943
f 5114/5391/9944 5130/5392/9944 5129/5393/9944
f 5114/5391/9944 5115/5394/9944 5130/5392/9944
f 5115/5394/9945 5131/5395/9945 5130/5392/9945
f 5115/5394/9945 5116/5396/9945 5131/5395/9945
f 5116/5396/9946 5132/5397/9946 5131/5395/9946
f 5116/5396/9946 5117/5398/9946 5132/5397/9946
f 5117/5398/9947 5133/5399/9947 5132/5397/9947
f 5117/5398/9947 5118/5400/9947 5133/5399/9947
f 5118/5400/9948 5134/5401/9948 5133/5399/9948
f 5118/5400/9948 5119/5402/9948 5134/5401/9948
f 5119/5402/9949 5135/5403/9949 5134/5401/9949
f 5119/5402/9949 5120/5404/9949 5135/5403/9949
f 5120/5404/9950 5136/5405/9950 5135/5403/9950
f 5120/5404/9950 5121/5406/9950 5136/5405/9950
f 5121/5406/9951 5122/5407/9951 5136/5405/9951
f 5122/5407/9951 5137/5408/9951 5136/5405/9951
f 5122/5407/9952 5123/5409/9952 5137/5408/9952
f 5123/5409/9952 5138/5410/9952 5137/5408/9952
f 5123/5409/9953 5124/5411/9953 5138/5410/9953
f 5124/5411/9953 5139/5412/9953 5138/5410/9953
f 5124/5411/9954 5125/5413/9954 5139/5412/9954
f 5125/5413/9954 5140/5414/9954 5139/5412/9954
f 5125/5413/9955 5126/5415/9955 5140/5414/9955
f 5126/5415/9955 5141/5416/9955 5140/5414/9955
f 5126/5415/9956 5127/5417/9956 5141/5416/9956
f 5127/5417/9956 5142/5418/9956 5141/5416/9956
f 5127/5417/9957 5128/5419/9957 5142/5418/9957
f 5128/5419/9957 5143/5420/9957 5142/5418/9957
f 5129/5393/9959 5130/5392/9959 5069/5361/9959
f 5130/5392/9959 5070/5362/9959 5069/5361/9959
f 5130/5392/9959 5131/5395/9959 5070/5362/9959
f 5131/5395/9959 5071/5365/9959 5070/5362/9959
f 5131/5395/9959 5132/5397/9959 5071/5365/9959
f 5132/5397/9959 5072/5367/9959 5071/5365/9959
f 5132/5397/9959 5133/5399/9959 5072/5367/9959
f 5133/5399/9959 5073/5369/9959 5072/5367/9959
f 5133/5399/9959 5134/5401/9959 5073/5369/9959
f 5134/5401/9959 5074/5371/9959 5073/5369/9959
f 5134/5401/9959 5135/5403/9959 5074/5371/9959
f 5135/5403/9959 5075/5373/9959 5074/5371/9959
f 5135/5403/9959 5136/5405/9959 5075/5373/9959
f 5136/5405/9959 5076/5375/9959 5075/5373/9959
f 5136/5405/9959 5077/5378/9959 5076/5375/9959
f 5136/5405/9959 5137/5408/9959 5077/5378/9959
f 5137/5408/9959 5078/5380/9959 5077/5378/9959
f 5137/5408/9959 5138/5410/9959 5078/5380/9959
f 5138/5410/9959 5079/5382/9959 5078/5380/9959
f 5138/5410/9959 5139/5412/9959 5079/5382/9959
f 5139/5412/9959 5080/5384/9959 5079/5382/9959
f 5139/5412/9959 5140/5414/9959 5080/5384/9959
f 5140/5414/9959 5081/5386/9959 5080/5384/9959
f 5140/5414/9959 5141/5416/9959 5081/5386/9959
f 5141/5416/9959 5082/5388/9959 5081/5386/9959
f 5141/5416/9959 5142/5418/9959 5082/5388/9959
f 5142/5418/9959 5083/5390/9959 5082/5388/9959
f 5142/5418/9959 5143/5420/9959 5083/5390/9959
